Avibase.ID,Species1_BirdLife,Species2_eBird,Species3_BirdTree
AVIBASE-B3F5E5E2,Abeillia abeillei,Abeillia abeillei,Abeillia abeillei
AVIBASE-684016CB,Abroscopus albogularis,Abroscopus albogularis,Abroscopus albogularis
AVIBASE-0FD03AFF,Abroscopus schisticeps,Abroscopus schisticeps,Abroscopus schisticeps
AVIBASE-A8F5D21F,Abroscopus superciliaris,Abroscopus superciliaris,Abroscopus superciliaris
AVIBASE-50A42775,Aburria aburri,Aburria aburri,Aburria aburri
AVIBASE-BFB1C22E,Acanthagenys rufogularis,Acanthagenys rufogularis,Acanthagenys rufogularis
AVIBASE-5CCF7540,Acanthidops bairdi,Acanthidops bairdi,Acanthidops bairdii
AVIBASE-0B397CB0,Acanthis flammea,NA,Carduelis flammea
AVIBASE-0B397CB0,Acanthis flammea,NA,Carduelis hornemanni
AVIBASE-A2BB98A9,Acanthis flammea,Acanthis flammea,Carduelis flammea
AVIBASE-0B397CB0,Acanthis flammea,Acanthis hornemanni,Carduelis hornemanni
AVIBASE-0B397CB0,Acanthis flammea,Acanthis cabaret,Carduelis flammea
AVIBASE-7D5E37D9,Acanthisitta chloris,Acanthisitta chloris,Acanthisitta chloris
AVIBASE-4413633D,Acanthiza apicalis,Acanthiza apicalis,Acanthiza apicalis
AVIBASE-B1B0E343,Acanthiza chrysorrhoa,Acanthiza chrysorrhoa,Acanthiza chrysorrhoa
AVIBASE-BCF9128E,Acanthiza cinerea,Acanthiza cinerea,Gerygone cinerea
AVIBASE-14B92847,Acanthiza ewingii,Acanthiza ewingii,Acanthiza ewingii
AVIBASE-6601168A,Acanthiza inornata,Acanthiza inornata,Acanthiza inornata
AVIBASE-D6ACB361,Acanthiza iredalei,Acanthiza iredalei,Acanthiza iredalei
AVIBASE-E60E9E28,Acanthiza katherina,Acanthiza katherina,Acanthiza katherina
AVIBASE-D0A0845A,Acanthiza lineata,Acanthiza lineata,Acanthiza lineata
AVIBASE-87E8A565,Acanthiza murina,Acanthiza murina,Acanthiza murina
AVIBASE-D6D77AFA,Acanthiza nana,Acanthiza nana,Acanthiza nana
AVIBASE-8F6C8E9E,Acanthiza pusilla,Acanthiza pusilla,Acanthiza pusilla
AVIBASE-7B1144C8,Acanthiza reguloides,Acanthiza reguloides,Acanthiza reguloides
AVIBASE-4D64891A,Acanthiza robustirostris,Acanthiza robustirostris,Acanthiza robustirostris
AVIBASE-27F7E242,Acanthiza uropygialis,Acanthiza uropygialis,Acanthiza uropygialis
AVIBASE-9295CC66,Acanthoptila nipalensis,Turdoides nipalensis,Turdoides nipalensis
AVIBASE-C5ACCD75,Acanthorhynchus superciliosus,Acanthorhynchus superciliosus,Acanthorhynchus superciliosus
AVIBASE-A542D690,Acanthorhynchus tenuirostris,Acanthorhynchus tenuirostris,Acanthorhynchus tenuirostris
AVIBASE-69825DA0,Acanthornis magna,Acanthornis magna,Acanthornis magna
AVIBASE-BBB59880,Accipiter albogularis,Accipiter albogularis,Accipiter albogularis
AVIBASE-1A0ECB6E,Accipiter badius,Accipiter badius,Accipiter badius
AVIBASE-ADBE44E1,Accipiter bicolor,Accipiter bicolor,Accipiter bicolor
AVIBASE-ADBE44E1,Accipiter bicolor,Accipiter bicolor,Accipiter chilensis
AVIBASE-68BF920B,Accipiter brachyurus,Accipiter brachyurus,Accipiter brachyurus
AVIBASE-8492E4B7,Accipiter brevipes,Accipiter brevipes,Accipiter brevipes
AVIBASE-6B64C150,Accipiter butleri,Accipiter butleri,Accipiter butleri
AVIBASE-9D80E72A,Accipiter castanilius,Accipiter castanilius,Accipiter castanilius
AVIBASE-21957C95,Accipiter cirrocephalus,Accipiter cirrocephalus,Accipiter cirrocephalus
AVIBASE-32760AD5,Accipiter collaris,Accipiter collaris,Accipiter collaris
AVIBASE-EB98812F,Accipiter cooperii,Accipiter cooperii,Accipiter cooperii
AVIBASE-950C5048,Accipiter erythrauchen,Accipiter erythrauchen,Accipiter erythrauchen
AVIBASE-AFD19C47,Accipiter erythropus,Accipiter erythropus,Accipiter erythropus
AVIBASE-8257AE54,Accipiter fasciatus,Accipiter fasciatus,Accipiter fasciatus
AVIBASE-0307D245,Accipiter francesiae,Accipiter francesiae,Accipiter francesiae
AVIBASE-420850D6,Accipiter gentilis,Accipiter gentilis,Accipiter gentilis
AVIBASE-4C2DBB2A,Accipiter griseiceps,Accipiter griseiceps,Accipiter griseiceps
AVIBASE-797C9090,Accipiter gularis,Accipiter gularis,Accipiter gularis
AVIBASE-0EDF5A1C,Accipiter gundlachi,Accipiter gundlachi,Accipiter gundlachi
AVIBASE-18B4CE02,Accipiter haplochrous,Accipiter haplochrous,Accipiter haplochrous
AVIBASE-9288286D,Accipiter henicogrammus,Accipiter henicogrammus,Accipiter henicogrammus
AVIBASE-05701150,Accipiter henstii,Accipiter henstii,Accipiter henstii
AVIBASE-004AD91D,Accipiter hiogaster,Accipiter hiogaster,Accipiter novaehollandiae
AVIBASE-466CC533,Accipiter imitator,Accipiter imitator,Accipiter imitator
AVIBASE-EA787A01,Accipiter luteoschistaceus,Accipiter luteoschistaceus,Accipiter luteoschistaceus
AVIBASE-5D673E3E,Accipiter madagascariensis,Accipiter madagascariensis,Accipiter madagascariensis
AVIBASE-1F0322E5,Accipiter melanochlamys,Accipiter melanochlamys,Accipiter melanochlamys
AVIBASE-819AB823,Accipiter melanoleucus,Accipiter melanoleucus,Accipiter melanoleucus
AVIBASE-87B94C0E,Accipiter meyerianus,Accipiter meyerianus,Accipiter meyerianus
AVIBASE-CE1CF6FD,Accipiter minullus,Accipiter minullus,Accipiter minullus
AVIBASE-7F1573CA,Accipiter nanus,Accipiter nanus,Accipiter nanus
AVIBASE-DB376A66,Accipiter nisus,Accipiter nisus,Accipiter nisus
AVIBASE-CFB9E213,Accipiter novaehollandiae,Accipiter novaehollandiae,Accipiter novaehollandiae
AVIBASE-BAE91683,Accipiter ovampensis,Accipiter ovampensis,Accipiter ovampensis
AVIBASE-435FF493,Accipiter poliocephalus,Accipiter poliocephalus,Accipiter poliocephalus
AVIBASE-707547BB,Accipiter poliogaster,Accipiter poliogaster,Accipiter poliogaster
AVIBASE-B202721E,Accipiter princeps,Accipiter princeps,Accipiter princeps
AVIBASE-C638D858,Accipiter rhodogaster,Accipiter rhodogaster,Accipiter rhodogaster
AVIBASE-5B6F04D7,Accipiter rufitorques,Accipiter rufitorques,Accipiter rufitorques
AVIBASE-EC0E680F,Accipiter rufiventris,Accipiter rufiventris,Accipiter rufiventris
AVIBASE-D188E45C,Accipiter soloensis,Accipiter soloensis,Accipiter soloensis
AVIBASE-3B024163,Accipiter striatus,Accipiter striatus,Accipiter ventralis
AVIBASE-3B024163,Accipiter striatus,Accipiter striatus,Accipiter chionogaster
AVIBASE-3B024163,Accipiter striatus,Accipiter striatus,Accipiter striatus
AVIBASE-3B024163,Accipiter striatus,Accipiter striatus,Accipiter erythronemius
AVIBASE-F23F7695,Accipiter superciliosus,Accipiter superciliosus,Accipiter superciliosus
AVIBASE-CB0C5D93,Accipiter sylvestris,Accipiter hiogaster,Accipiter novaehollandiae
AVIBASE-CD18635A,Accipiter tachiro,Accipiter tachiro,Accipiter tachiro
AVIBASE-8AFD72B2,Accipiter toussenelii,Accipiter toussenelii,Accipiter toussenelii
AVIBASE-0BED8100,Accipiter trinotatus,Accipiter trinotatus,Accipiter trinotatus
AVIBASE-0D4EE0EB,Accipiter trivirgatus,Accipiter trivirgatus,Accipiter trivirgatus
AVIBASE-AB823002,Accipiter virgatus,Accipiter virgatus,Accipiter virgatus
AVIBASE-01391B1A,Aceros nipalensis,Aceros nipalensis,Aceros nipalensis
AVIBASE-35C5E4AF,Achaetops pycnopygius,Achaetops pycnopygius,Achaetops pycnopygius
AVIBASE-EABE979B,Acridotheres albocinctus,Acridotheres albocinctus,Acridotheres albocinctus
AVIBASE-A0FB9485,Acridotheres burmannicus,Acridotheres burmannicus,Sturnus burmannicus
AVIBASE-5FE2771C,Acridotheres cinereus,Acridotheres cinereus,Acridotheres cinereus
AVIBASE-65BCBB64,Acridotheres cristatellus,Acridotheres cristatellus,Acridotheres cristatellus
AVIBASE-8724C64A,Acridotheres fuscus,Acridotheres fuscus,Acridotheres fuscus
AVIBASE-F8CFF92C,Acridotheres ginginianus,Acridotheres ginginianus,Acridotheres ginginianus
AVIBASE-B483CC1C,Acridotheres grandis,Acridotheres grandis,Acridotheres grandis
AVIBASE-D70B61EE,Acridotheres javanicus,Acridotheres javanicus,Acridotheres grandis
AVIBASE-DDF650D1,Acridotheres leucocephalus,Acridotheres burmannicus,Sturnus burmannicus
AVIBASE-462CDF14,Acridotheres melanopterus,Acridotheres melanopterus,Sturnus melanopterus
AVIBASE-8FEC2A63,Acridotheres tertius,Acridotheres melanopterus,Sturnus burmannicus
AVIBASE-2CE58BE1,Acridotheres tricolor,Acridotheres melanopterus,Sturnus burmannicus
AVIBASE-F23A2F38,Acridotheres tristis,Acridotheres tristis,Acridotheres tristis
AVIBASE-36D71C61,Acritillas indica,Iole indica,Iole indica
AVIBASE-E4FC9402,Acrobatornis fonsecai,Acrobatornis fonsecai,Acrobatornis fonsecai
AVIBASE-55572D3B,Acrocephalus aequinoctialis,Acrocephalus aequinoctialis,Acrocephalus aequinoctialis
AVIBASE-781FE53F,Acrocephalus agricola,Acrocephalus agricola,Acrocephalus agricola
AVIBASE-B283E332,Acrocephalus arundinaceus,Acrocephalus arundinaceus,Acrocephalus arundinaceus
AVIBASE-32D8BFB9,Acrocephalus atyphus,Acrocephalus atyphus,Acrocephalus atyphus
AVIBASE-9597E0CA,Acrocephalus australis,Acrocephalus australis,Acrocephalus australis
AVIBASE-52440FBD,Acrocephalus australis,NA ,Acrocephalus australis
AVIBASE-1DB9A114,Acrocephalus bistrigiceps,Acrocephalus bistrigiceps,Acrocephalus bistrigiceps
AVIBASE-AAABFBE8,Acrocephalus brevipennis,Acrocephalus brevipennis,Acrocephalus brevipennis
AVIBASE-EC5497E6,Acrocephalus caffer,Acrocephalus caffer,Acrocephalus caffer
AVIBASE-F084CA99,Acrocephalus concinens,Acrocephalus concinens,Acrocephalus concinens
AVIBASE-B22EAFC8,Acrocephalus dumetorum,Acrocephalus dumetorum,Acrocephalus dumetorum
AVIBASE-C3F75059,Acrocephalus familiaris,Acrocephalus familiaris,Acrocephalus familiaris
AVIBASE-4AA7817D,Acrocephalus gracilirostris,Acrocephalus gracilirostris,Acrocephalus gracilirostris
AVIBASE-0D42A253,Acrocephalus griseldis,Acrocephalus griseldis,Acrocephalus griseldis
AVIBASE-121E8914,Acrocephalus hiwae,Acrocephalus hiwae,Acrocephalus luscinius
AVIBASE-87639F7A,Acrocephalus kerearako,Acrocephalus kerearako,Acrocephalus kerearako
AVIBASE-C3251DE9,Acrocephalus longirostris,Acrocephalus longirostris,Acrocephalus caffer
AVIBASE-EC92E596,Acrocephalus luscinius,Acrocephalus luscinius,Acrocephalus luscinius
AVIBASE-E1559C49,Acrocephalus melanopogon,Acrocephalus melanopogon,Acrocephalus melanopogon
AVIBASE-1F6656EC,Acrocephalus mendanae,Acrocephalus mendanae,Acrocephalus mendanae
AVIBASE-6ED7C46F,Acrocephalus newtoni,Acrocephalus newtoni,Acrocephalus newtoni
AVIBASE-9A6953ED,Acrocephalus orientalis,Acrocephalus orientalis,Acrocephalus arundinaceus
AVIBASE-6A9ED1BF,Acrocephalus orinus,Acrocephalus orinus,Acrocephalus orinus
AVIBASE-C15141A6,Acrocephalus paludicola,Acrocephalus paludicola,Acrocephalus paludicola
AVIBASE-B675E006,Acrocephalus palustris,Acrocephalus palustris,Acrocephalus palustris
AVIBASE-1EFA97FA,Acrocephalus percernis,Acrocephalus percernis,Acrocephalus mendanae
AVIBASE-50256AE7,Acrocephalus rehsei,Acrocephalus rehsei,Acrocephalus rehsei
AVIBASE-212D4791,Acrocephalus rimitarae,Acrocephalus rimitarae,Acrocephalus rimatarae
AVIBASE-DDF77AB5,Acrocephalus rodericanus,Acrocephalus rodericanus,Acrocephalus rodericanus
AVIBASE-C8857CC8,Acrocephalus rufescens,Acrocephalus rufescens,Acrocephalus rufescens
AVIBASE-FED5AED5,Acrocephalus schoenobaenus,Acrocephalus schoenobaenus,Acrocephalus schoenobaenus
AVIBASE-464D1419,Acrocephalus scirpaceus,Acrocephalus scirpaceus,Acrocephalus scirpaceus
AVIBASE-34E27C2A,Acrocephalus scirpaceus,Acrocephalus baeticatus,Acrocephalus baeticatus
AVIBASE-E0E4DFB8,Acrocephalus sechellensis,Acrocephalus sechellensis,Acrocephalus sechellensis
AVIBASE-D96A9FC9,Acrocephalus sorghophilus,Acrocephalus sorghophilus,Acrocephalus sorghophilus
AVIBASE-D793DF5A,Acrocephalus stentoreus,Acrocephalus stentoreus,Acrocephalus stentoreus
AVIBASE-8CF71142,Acrocephalus syrinx,Acrocephalus syrinx,Acrocephalus syrinx
AVIBASE-48FBC371,Acrocephalus taiti,Acrocephalus taiti,Acrocephalus taiti
AVIBASE-A5134675,Acrocephalus tangorum,Acrocephalus tangorum,Acrocephalus tangorum
AVIBASE-162AE792,Acrocephalus vaughani,Acrocephalus vaughani,Acrocephalus vaughani
AVIBASE-6B6D07C9,Acropternis orthonyx,Acropternis orthonyx,Acropternis orthonyx
AVIBASE-F7A3FA35,Acryllium vulturinum,Acryllium vulturinum,Acryllium vulturinum
AVIBASE-97D9D953,Actenoides bougainvillei,Actenoides bougainvillei,Actenoides bougainvillei
AVIBASE-4C744DC4,Actenoides capucinus,Actenoides monachus,Actenoides monachus
AVIBASE-4A150CE8,Actenoides concretus,Actenoides concretus,Actenoides concretus
AVIBASE-53C44102,Actenoides excelsus,Actenoides bougainvillei,Actenoides bougainvillei
AVIBASE-171AA689,Actenoides hombroni,Actenoides hombroni,Actenoides hombroni
AVIBASE-0FDF970A,Actenoides lindsayi,Actenoides lindsayi,Actenoides lindsayi
AVIBASE-26AD22E0,Actenoides monachus,Actenoides monachus,Actenoides monachus
AVIBASE-C0B45D6E,Actenoides princeps,Actenoides princeps,Actenoides princeps
AVIBASE-558D8C00,Actenoides regalis,Actenoides princeps,Actenoides princeps
AVIBASE-34B1C50C,Actinodura egertoni,Actinodura egertoni,Actinodura egertoni
AVIBASE-2CCD5892,Actinodura radcliffei,Actinodura ramsayi,Actinodura ramsayi
AVIBASE-FEA407F5,Actinodura ramsayi,Actinodura ramsayi,Actinodura ramsayi
AVIBASE-E5AD68C4,Actinodura sodangorum,Actinodura sodangorum,Actinodura sodangorum
AVIBASE-8548B07E,Actitis hypoleucos,Actitis hypoleucos,Actitis hypoleucos
AVIBASE-0D88C072,Actitis macularius,Actitis macularius,Actitis macularius
AVIBASE-D16D486D,Actophilornis africanus,Actophilornis africanus,Actophilornis africanus
AVIBASE-640D2B03,Actophilornis albinucha,Actophilornis albinucha,Actophilornis albinucha
AVIBASE-0A1A1F0F,Adelomyia melanogenys,Adelomyia melanogenys,Adelomyia melanogenys
AVIBASE-D05FFEF7,Aechmophorus clarkii,Aechmophorus clarkii,Aechmophorus clarkii
AVIBASE-C6E1197B,Aechmophorus occidentalis,Aechmophorus occidentalis,Aechmophorus occidentalis
AVIBASE-7ED19F0D,Aegithalos annamensis,Aegithalos concinnus,Aegithalos concinnus
AVIBASE-B70389E9,Aegithalos bonvaloti,Aegithalos iouschistos,Aegithalos iouschistos
AVIBASE-C47ACB41,Aegithalos bonvaloti,Aegithalos iouschistos,Aegithalos iouschistos
AVIBASE-547163C2,Aegithalos caudatus,Aegithalos caudatus,Aegithalos caudatus
AVIBASE-A75E9867,Aegithalos concinnus,Aegithalos concinnus,Aegithalos concinnus
AVIBASE-2DAF0C85,Aegithalos fuliginosus,Aegithalos fuliginosus,Aegithalos fuliginosus
AVIBASE-67134AC3,Aegithalos glaucogularis,Aegithalos glaucogularis,Aegithalos caudatus
AVIBASE-D456F669,Aegithalos iouschistos,Aegithalos iouschistos,Aegithalos iouschistos
AVIBASE-3A1C959D,Aegithalos iredalei,Aegithalos concinnus,Aegithalos concinnus
AVIBASE-AC5C8F67,Aegithalos leucogenys,Aegithalos leucogenys,Aegithalos leucogenys
AVIBASE-E6E37DE5,Aegithalos niveogularis,Aegithalos niveogularis,Aegithalos niveogularis
AVIBASE-D00A485D,Aegithina lafresnayei,Aegithina lafresnayei,Aegithina lafresnayei
AVIBASE-C3E4EF0E,Aegithina nigrolutea,Aegithina nigrolutea,Aegithina nigrolutea
AVIBASE-EEC311EA,Aegithina tiphia,Aegithina tiphia,Aegithina tiphia
AVIBASE-418B6BE2,Aegithina viridissima,Aegithina viridissima,Aegithina viridissima
AVIBASE-26BA25EF,Aegolius acadicus,Aegolius acadicus,Aegolius acadicus
AVIBASE-8AB4EAF6,Aegolius funereus,Aegolius funereus,Aegolius funereus
AVIBASE-10C68CA3,Aegolius harrisii,Aegolius harrisii,Aegolius harrisii
AVIBASE-6439759F,Aegolius ridgwayi,Aegolius ridgwayi,Aegolius ridgwayi
AVIBASE-A2A0B21A,Aegotheles affinis,Aegotheles affinis,Aegotheles bennettii
AVIBASE-D714A1F1,Aegotheles affinis,NA ,Aegotheles bennettii
AVIBASE-482087E5,Aegotheles albertisi,Aegotheles albertisi,Aegotheles albertisi
AVIBASE-6974CD34,Aegotheles archboldi,Aegotheles archboldi,Aegotheles archboldi
AVIBASE-32292757,Aegotheles bennettii,Aegotheles bennettii,Aegotheles bennettii
AVIBASE-83BA78F5,Aegotheles crinifrons,Aegotheles crinifrons,Aegotheles crinifrons
AVIBASE-175A7534,Aegotheles cristatus,Aegotheles cristatus,Aegotheles cristatus
AVIBASE-76F38417,Aegotheles insignis,Aegotheles insignis,Aegotheles insignis
AVIBASE-7D6D30A3,Aegotheles savesi,Aegotheles savesi,Aegotheles savesi
AVIBASE-EBD55D2E,Aegotheles tatei,Aegotheles tatei,Aegotheles tatei
AVIBASE-27853C12,Aegotheles wallacii,Aegotheles wallacii,Aegotheles wallacii
AVIBASE-158BDC90,Aegypius monachus,Aegypius monachus,Aegypius monachus
AVIBASE-06637487,Aepypodius arfakianus,Aepypodius arfakianus,Aepypodius arfakianus
AVIBASE-638C9A70,Aepypodius bruijnii,Aepypodius bruijnii,Aepypodius bruijnii
AVIBASE-F8E58F0F,Aerodramus bartschi,Aerodramus bartschi,Collocalia bartschi
AVIBASE-2F1D27B4,Aerodramus brevirostris,Aerodramus brevirostris,Collocalia rogersi
AVIBASE-2F1D27B4,Aerodramus brevirostris,Aerodramus brevirostris,Collocalia brevirostris
AVIBASE-C983661F,Aerodramus elaphrus,Aerodramus elaphrus,Collocalia elaphra
AVIBASE-C831C041,Aerodramus francicus,Aerodramus francicus,Collocalia francica
AVIBASE-842DAA43,Aerodramus fuciphagus,Aerodramus germani,Collocalia germani
AVIBASE-F9EE54D9,Aerodramus fuciphagus,Aerodramus fuciphagus,Collocalia fuciphaga
AVIBASE-942DE41C,Aerodramus hirundinaceus,Aerodramus hirundinaceus,Collocalia hirundinacea
AVIBASE-9CC0E11C,Aerodramus infuscatus,Aerodramus infuscatus,Collocalia infuscata
AVIBASE-C5170049,Aerodramus infuscatus,Aerodramus ceramensis,Collocalia infuscata
AVIBASE-FEC866D0,Aerodramus inquietus,Aerodramus inquietus,Collocalia inquieta
AVIBASE-C5561B75,Aerodramus leucophaeus,Aerodramus leucophaeus,Collocalia ocista
AVIBASE-C5561B75,Aerodramus leucophaeus,Aerodramus leucophaeus,Collocalia leucophaea
AVIBASE-76179577,Aerodramus maximus,Aerodramus maximus,Collocalia maxima
AVIBASE-E1E2B0EB,Aerodramus mearnsi,Aerodramus mearnsi,Collocalia mearnsi
AVIBASE-31CA6790,Aerodramus nuditarsus,Aerodramus nuditarsus,Collocalia nuditarsus
AVIBASE-49FEFB24,Aerodramus orientalis,Aerodramus orientalis,Collocalia orientalis
AVIBASE-10591B00,Aerodramus papuensis,Aerodramus papuensis,Collocalia papuensis
AVIBASE-FF57D121,Aerodramus pelewensis,Aerodramus pelewensis,Collocalia pelewensis
AVIBASE-8630DD29,Aerodramus salangana,Aerodramus salangana,Collocalia salangana
AVIBASE-C6C43CDC,Aerodramus sawtelli,Aerodramus sawtelli,Collocalia sawtelli
AVIBASE-E1989B1D,Aerodramus spodiopygius,Aerodramus spodiopygius,Collocalia spodiopygia
AVIBASE-CB433EED,Aerodramus terraereginae,Aerodramus terraereginae,Collocalia terraereginae
AVIBASE-F14B0031,Aerodramus unicolor,Aerodramus unicolor,Collocalia unicolor
AVIBASE-6F1B12CA,Aerodramus vanikorensis,Aerodramus amelis,Collocalia amelis
AVIBASE-6F1B12CA,Aerodramus vanikorensis,Aerodramus amelis,Collocalia vanikorensis
AVIBASE-6F1B12CA,Aerodramus vanikorensis,Aerodramus amelis,Collocalia palawanensis
AVIBASE-4ADF31A6,Aerodramus vanikorensis,Aerodramus vanikorensis,Collocalia vanikorensis
AVIBASE-F3417B87,Aerodramus vulcanorum,Aerodramus vulcanorum,Collocalia vulcanorum
AVIBASE-239F660C,Aerodramus whiteheadi,Aerodramus whiteheadi,Collocalia whiteheadi
AVIBASE-B9CF96D5,Aeronautes andecolus,Aeronautes andecolus,Aeronautes andecolus
AVIBASE-A3093269,Aeronautes montivagus,Aeronautes montivagus,Aeronautes montivagus
AVIBASE-B401C2DD,Aeronautes saxatalis,Aeronautes saxatalis,Aeronautes saxatalis
AVIBASE-3DC4EBB8,Aethia cristatella,Aethia cristatella,Aethia cristatella
AVIBASE-2B46719D,Aethia psittacula,Aethia psittacula,Aethia psittacula
AVIBASE-044509DA,Aethia pusilla,Aethia pusilla,Aethia pusilla
AVIBASE-E3893615,Aethia pygmaea,Aethia pygmaea,Aethia pygmaea
AVIBASE-6E012370,Aethopyga bella,Aethopyga bella,Aethopyga bella
AVIBASE-14CD28B5,Aethopyga boltoni,Aethopyga boltoni,Aethopyga boltoni
AVIBASE-7B909DE5,Aethopyga christinae,Aethopyga christinae,Aethopyga christinae
AVIBASE-E7057C1D,Aethopyga duyvenbodei,Aethopyga duyvenbodei,Aethopyga duyvenbodei
AVIBASE-792ED873,Aethopyga eximia,Aethopyga eximia,Aethopyga eximia
AVIBASE-3D2D7373,Aethopyga flagrans,Aethopyga flagrans,Aethopyga flagrans
AVIBASE-6A4A67F7,Aethopyga gouldiae,Aethopyga gouldiae,Aethopyga gouldiae
AVIBASE-94135968,Arremon axillaris,Arremon taciturnus,Arremon taciturnus
AVIBASE-3C217384,Aethopyga guimarasensis,Aethopyga guimarasensis,Aethopyga flagrans
AVIBASE-FCD9D132,Aethopyga ignicauda,Aethopyga ignicauda,Aethopyga ignicauda
AVIBASE-FAD022B6,Aethopyga latouchii,Aethopyga christinae,Aethopyga christinae
AVIBASE-5D34F362,Aethopyga linaraborae,Aethopyga linaraborae,Aethopyga linaraborae
AVIBASE-A4D54F5C,Aethopyga magnifica,Aethopyga magnifica,Aethopyga siparaja
AVIBASE-90026E92,Aethopyga mystacalis,Aethopyga mystacalis,Aethopyga mystacalis
AVIBASE-02BA43E4,Aethopyga nipalensis,Aethopyga nipalensis,Aethopyga nipalensis
AVIBASE-C5403451,Aethopyga primigenia,Aethopyga primigenia,Aethopyga primigenia
AVIBASE-ECDC0D64,Aethopyga pulcherrima,Aethopyga pulcherrima,Aethopyga pulcherrima
AVIBASE-E1067234,Aethopyga saturata,Aethopyga saturata,Aethopyga saturata
AVIBASE-D477F7AD,Aethopyga shelleyi,Aethopyga shelleyi,Aethopyga shelleyi
AVIBASE-EC22F3AA,Aethopyga siparaja,Aethopyga siparaja,Aethopyga siparaja
AVIBASE-F89D732E,Aethopyga temminckii,Aethopyga temminckii,Aethopyga mystacalis
AVIBASE-88A56D18,Aethopyga vigorsii,Aethopyga vigorsii,Aethopyga siparaja
AVIBASE-E9125492,Afropavo congensis,Afropavo congensis,Afropavo congensis
AVIBASE-C84BD649,Afrotis afra,Eupodotis afra,Eupodotis afra
AVIBASE-A6720AF5,Afrotis afraoides,Eupodotis afraoides,Eupodotis afraoides
AVIBASE-86095930,Agamia agami,Agamia agami,Agamia agami
AVIBASE-D4686ACD,Agapornis canus,Agapornis canus,Agapornis canus
AVIBASE-E1EE00F7,Agapornis fischeri,Agapornis fischeri,Agapornis fischeri
AVIBASE-3EBFC893,Agapornis lilianae,Agapornis lilianae,Agapornis lilianae
AVIBASE-DAB4D2A2,Agapornis nigrigenis,Agapornis nigrigenis,Agapornis nigrigenis
AVIBASE-4396F4F1,Agapornis personatus,Agapornis personatus,Agapornis personatus
AVIBASE-1E2EC99C,Agapornis pullarius,Agapornis pullarius,Agapornis pullarius
AVIBASE-31C03CB8,Agapornis roseicollis,Agapornis roseicollis,Agapornis roseicollis
AVIBASE-D44EE47D,Agapornis swindernianus,Agapornis swindernianus,Agapornis swindernianus
AVIBASE-39DAF131,Agapornis taranta,Agapornis taranta,Agapornis taranta
AVIBASE-F888C888,Agelaioides badius,Agelaioides badius,Agelaioides badius
AVIBASE-C907BF92,Agelaioides fringillarius,Agelaioides fringillarius,Agelaioides badius
AVIBASE-06132304,Agelaius assimilis,Agelaius assimilis,Agelaius assimilis
AVIBASE-0A232F2A,Agelaius humeralis,Agelaius humeralis,Agelaius humeralis
AVIBASE-C86D078E,Agelaius phoeniceus,Agelaius phoeniceus,Agelaius phoeniceus
AVIBASE-80285D5C,Agelaius tricolor,Agelaius tricolor,Agelaius tricolor
AVIBASE-A349723D,Agelaius xanthomus,Agelaius xanthomus,Agelaius xanthomus
AVIBASE-E0EE1B89,Agelastes meleagrides,Agelastes meleagrides,Agelastes meleagrides
AVIBASE-38193321,Agelastes niger,Agelastes niger,Agelastes niger
AVIBASE-B5792FEE,Agelasticus cyanopus,Agelasticus cyanopus,Agelasticus cyanopus
AVIBASE-11755EFA,Agelasticus thilius,Agelasticus thilius,Agelasticus thilius
AVIBASE-9A0C6612,Agelasticus xanthophthalmus,Agelasticus xanthophthalmus,Agelasticus xanthophthalmus
AVIBASE-F1B1E02E,Aglaeactis aliciae,Aglaeactis aliciae,Aglaeactis aliciae
AVIBASE-0386C00C,Aglaeactis castelnaudii,Aglaeactis castelnaudii,Aglaeactis castelnaudii
AVIBASE-58759895,Aglaeactis cupripennis,Aglaeactis cupripennis,Aglaeactis cupripennis
AVIBASE-5370CAE1,Aglaeactis pamela,Aglaeactis pamela,Aglaeactis pamela
AVIBASE-0EDAC7F1,Aglaiocercus berlepschi,Aglaiocercus berlepschi,Aglaiocercus berlepschi
AVIBASE-C1C10CEC,Aglaiocercus coelestis,Aglaiocercus coelestis,Aglaiocercus coelestis
AVIBASE-F9C6A653,Aglaiocercus kingii,Aglaiocercus kingii,Aglaiocercus kingi
AVIBASE-A8EC7456,Agraphospiza rubescens,Agraphospiza rubescens,Carpodacus rubescens
AVIBASE-6E8F3B30,Agricola infuscatus,Agricola infuscatus,Bradornis infuscatus
AVIBASE-FA03A965,Agricola pallidus,Agricola pallidus,Bradornis pallidus
AVIBASE-D918C06D,Agriornis albicauda,Agriornis albicauda,Agriornis albicauda
AVIBASE-EBADB6D6,Agriornis lividus,Agriornis lividus,Agriornis lividus
AVIBASE-64FD388A,Agriornis micropterus,Agriornis micropterus,Agriornis micropterus
AVIBASE-78427CA9,Agriornis montanus,Agriornis montanus,Agriornis montanus
AVIBASE-869B1D21,Agriornis murinus,Agriornis murinus,Agriornis murinus
AVIBASE-FDA38B76,Agropsar philippensis,Agropsar philippensis,Sturnus philippensis
AVIBASE-2FC5C397,Agropsar sturninus,Agropsar sturninus,Sturnus sturninus
AVIBASE-69B4F44B,Ailuroedus buccoides,Ailuroedus buccoides,Ailuroedus buccoides
AVIBASE-C62489F3,Ailuroedus buccoides,Ailuroedus buccoides,Ailuroedus buccoides
AVIBASE-D24C5470,Ailuroedus crassirostris,Ailuroedus crassirostris,Ailuroedus crassirostris
AVIBASE-750BD451,Ailuroedus melanotis,Ailuroedus melanotis,Ailuroedus melanotis
AVIBASE-9302CA3D,Ailuroedus melanotis,NA ,Ailuroedus melanotis
AVIBASE-D787A400,Aimophila notosticta,Aimophila notosticta,Aimophila notosticta
AVIBASE-B1BE75EB,Aimophila rufescens,Aimophila rufescens,Aimophila rufescens
AVIBASE-7784B060,Aimophila ruficeps,Aimophila ruficeps,Aimophila ruficeps
AVIBASE-E1714A09,Aix galericulata,Aix galericulata,Aix galericulata
AVIBASE-27B2749A,Aix sponsa,Aix sponsa,Aix sponsa
AVIBASE-1CE684D6,Akletos goeldii,Akletos goeldii,Myrmeciza goeldii
AVIBASE-B1392808,Akletos melanoceps,Akletos melanoceps,Myrmeciza melanoceps
AVIBASE-3E4513D9,Alaemon alaudipes,Alaemon alaudipes,Alaemon alaudipes
AVIBASE-8A913C34,Alaemon hamertoni,Alaemon hamertoni,Alaemon hamertoni
AVIBASE-ED2AC04E,Alauda arvensis,Alauda arvensis,Alauda arvensis
AVIBASE-ED2AC04E,Alauda arvensis,Alauda arvensis,Alauda japonica
AVIBASE-E988F1D5,Alauda gulgula,Alauda gulgula,Alauda gulgula
AVIBASE-400B3679,Alauda leucoptera,Alauda leucoptera,Melanocorypha leucoptera
AVIBASE-359C16F5,Alauda razae,Alauda razae,Alauda razae
AVIBASE-862C271E,Alaudala raytal,Alaudala raytal,Calandrella raytal
AVIBASE-FE1FE185,Alaudala rufescens,Alaudala rufescens,Calandrella rufescens
AVIBASE-399A4A3E,Alaudala rufescens,Alaudala cheleensis,Calandrella cheleensis
AVIBASE-61CECCA7,Alaudala somalica,Alaudala somalica,Calandrella somalica
AVIBASE-64F4DD81,Alca torda,Alca torda,Alca torda
AVIBASE-9505E03D,Alcedo atthis,Alcedo atthis,Alcedo atthis
AVIBASE-8999E4A9,Alcedo coerulescens,Alcedo coerulescens,Alcedo coerulescens
AVIBASE-64A8A820,Alcedo euryzona,Alcedo euryzona,Alcedo euryzona
AVIBASE-56A1C8E5,Alcedo hercules,Alcedo hercules,Alcedo hercules
AVIBASE-39629250,Alcedo meninting,Alcedo meninting,Alcedo meninting
AVIBASE-9C5F80D9,Alcedo peninsulae,Alcedo euryzona,Alcedo euryzona
AVIBASE-A376DE65,Alcedo quadribrachys,Alcedo quadribrachys,Alcedo quadribrachys
AVIBASE-F9F5CAB0,Alcedo semitorquata,Alcedo semitorquata,Alcedo semitorquata
AVIBASE-2EAEE9C9,Alcippe brunneicauda,Alcippe brunneicauda,Alcippe brunneicauda
AVIBASE-F2E3ABD3,Alcippe grotei,Alcippe grotei,Alcippe grotei
AVIBASE-F8788273,Alcippe morrisonia,Alcippe morrisonia,Alcippe morrisonia
AVIBASE-735DD267,Alcippe nipalensis,Alcippe nipalensis,Alcippe nipalensis
AVIBASE-493A2E85,Alcippe peracensis,Alcippe peracensis,Alcippe peracensis
AVIBASE-E4C78D6C,Alcippe poioicephala,Alcippe poioicephala,Alcippe poioicephala
AVIBASE-C2737F2A,Alcippe pyrrhoptera,Alcippe pyrrhoptera,Alcippe pyrrhoptera
AVIBASE-AF1E4A9B,Alcurus striatus,Pycnonotus striatus,Pycnonotus striatus
AVIBASE-1F4DF785,Aleadryas rufinucha,Aleadryas rufinucha,Aleadryas rufinucha
AVIBASE-D44B2846,Alectoris barbara,Alectoris barbara,Alectoris barbara
AVIBASE-87CBEBF7,Alectoris chukar,Alectoris chukar,Alectoris chukar
AVIBASE-44437074,Alectoris graeca,Alectoris graeca,Alectoris graeca
AVIBASE-CFA35E8A,Alectoris magna,Alectoris magna,Alectoris magna
AVIBASE-083811EB,Alectoris melanocephala,Alectoris melanocephala,Alectoris melanocephala
AVIBASE-123F3941,Alectoris philbyi,Alectoris philbyi,Alectoris philbyi
AVIBASE-F71E0BE6,Alectoris rufa,Alectoris rufa,Alectoris rufa
AVIBASE-F87511B3,Alectroenas madagascariensis,Alectroenas madagascariensis,Alectroenas madagascariensis
AVIBASE-576B77A3,Alectroenas pulcherrimus,Alectroenas pulcherrimus,Alectroenas pulcherrima
AVIBASE-E396A643,Alectroenas sganzini,Alectroenas sganzini,Alectroenas sganzini
AVIBASE-C93300CA,Alectrurus risora,Alectrurus risora,Alectrurus risora
AVIBASE-E78E6487,Alectrurus tricolor,Alectrurus tricolor,Alectrurus tricolor
AVIBASE-6BD20F58,Alectura lathami,Alectura lathami,Alectura lathami
AVIBASE-DA4D7386,Alethe castanea,Alethe castanea,Alethe diademata
AVIBASE-ECD2AB67,Alethe diademata,Alethe diademata,Alethe diademata
AVIBASE-69F1E2FC,Alexandrinus eques,Psittacula eques,Psittacula eques
AVIBASE-6B1CFC3C,Alexandrinus krameri,Psittacula krameri,Psittacula krameri
AVIBASE-032F4AC2,Alipiopsitta xanthops,Alipiopsitta xanthops,Alipiopsitta xanthops
AVIBASE-893EB5E1,Alisterus amboinensis,Alisterus amboinensis,Alisterus amboinensis
AVIBASE-E2674F04,Alisterus chloropterus,Alisterus chloropterus,Alisterus chloropterus
AVIBASE-29DB0309,Alisterus scapularis,Alisterus scapularis,Alisterus scapularis
AVIBASE-B0932D89,Alle alle,Alle alle,Alle alle
AVIBASE-C146593B,Allenia fusca,Allenia fusca,Margarops fuscus
AVIBASE-51D9E97E,Alopecoenas beccarii,Alopecoenas beccarii,Gallicolumba beccarii
AVIBASE-40866A35,Alopecoenas canifrons,Alopecoenas canifrons,Gallicolumba canifrons
AVIBASE-DD2985FA,Alopecoenas erythropterus,Alopecoenas erythropterus,Gallicolumba erythroptera
AVIBASE-CD21DBC9,Alopecoenas hoedtii,Alopecoenas hoedtii,Gallicolumba hoedtii
AVIBASE-424F7705,Alopecoenas jobiensis,Alopecoenas jobiensis,Gallicolumba jobiensis
AVIBASE-A8329D59,Alopecoenas johannae,Alopecoenas beccarii,Gallicolumba beccarii
AVIBASE-2E50E5DA,Alopecoenas kubaryi,Alopecoenas kubaryi,Gallicolumba kubaryi
AVIBASE-AA66FD08,Alopecoenas rubescens,Alopecoenas rubescens,Gallicolumba rubescens
AVIBASE-C7C949AE,Alopecoenas sanctaecrucis,Alopecoenas sanctaecrucis,Gallicolumba sanctaecrucis
AVIBASE-39CA325C,Alopecoenas stairi,Alopecoenas stairi,Gallicolumba stairi
AVIBASE-41AF6D10,Alopecoenas xanthonurus,Alopecoenas xanthonurus,Gallicolumba xanthonura
AVIBASE-AE002A11,Alophoixus bres,Alophoixus bres,Alophoixus bres
AVIBASE-31754E31,Alophoixus flaveolus,Alophoixus flaveolus,Alophoixus flaveolus
AVIBASE-50D0244D,Alophoixus frater,Alophoixus frater,Alophoixus bres
AVIBASE-D02FCDDF,Alophoixus griseiceps,Alophoixus pallidus,Alophoixus pallidus
AVIBASE-2BC35886,Alophoixus ochraceus,Alophoixus ochraceus,Alophoixus ochraceus
AVIBASE-20A0A35C,Alophoixus pallidus,Alophoixus pallidus,Alophoixus pallidus
AVIBASE-3499C2A5,Alophoixus phaeocephalus,Alophoixus phaeocephalus,Alophoixus phaeocephalus
AVIBASE-8668C778,Alophoixus ruficrissus,Alophoixus ruficrissus,Alophoixus ochraceus
AVIBASE-CA0141A1,Alophoixus tephrogenys,Alophoixus tephrogenys,Alophoixus bres
AVIBASE-355CAC4F,Alopochelidon fucata,Alopochelidon fucata,Alopochelidon fucata
AVIBASE-DA2F24E3,Alopochen aegyptiaca,Alopochen aegyptiaca,Alopochen aegyptiaca
AVIBASE-13BE59E4,Amadina erythrocephala,Amadina erythrocephala,Amadina erythrocephala
AVIBASE-CDDA63E0,Amadina fasciata,Amadina fasciata,Amadina fasciata
AVIBASE-F6555990,Amalocichla incerta,Amalocichla incerta,Amalocichla incerta
AVIBASE-90FA38FF,Amalocichla sclateriana,Amalocichla sclateriana,Amalocichla sclateriana
AVIBASE-F30FC757,Amandava amandava,Amandava amandava,Amandava amandava
AVIBASE-7423EBDD,Amandava formosa,Amandava formosa,Amandava formosa
AVIBASE-ECC40D44,Amandava subflava,Amandava subflava,Amandava subflava
AVIBASE-47CB67FD,Amaurocichla bocagii,Motacilla bocagii,Amaurocichla bocagei
AVIBASE-C25C4DCB,Amaurolimnas concolor,Amaurolimnas concolor,Amaurolimnas concolor
AVIBASE-498A4369,Amaurornis cinerea,Poliolimnas cinereus,Porzana cinerea
AVIBASE-535DB169,Amaurornis isabellina,Amaurornis isabellina,Amaurornis isabellina
AVIBASE-A5928AAE,Amaurornis magnirostris,Amaurornis magnirostris,Amaurornis magnirostris
AVIBASE-13967506,Amaurornis marginalis,Amaurornis marginalis,Aenigmatolimnas marginalis
AVIBASE-8CB46BDE,Amaurornis moluccana,Amaurornis moluccana,Amaurornis moluccana
AVIBASE-907D1FEC,Amaurornis olivacea,Amaurornis olivacea,Amaurornis olivacea
AVIBASE-F53518E3,Amaurornis phoenicurus,Amaurornis phoenicurus,Amaurornis phoenicurus
AVIBASE-87CC9A17,Amaurospiza moesta,Amaurospiza moesta,Amaurospiza moesta
AVIBASE-9551017F,Amaurospiza moesta,Amaurospiza concolor,Amaurospiza concolor
AVIBASE-6A6CD2CA,Amaurospiza moesta,Amaurospiza concolor,Amaurospiza concolor
AVIBASE-CFD25837,Amaurospiza moesta,Amaurospiza concolor,Amaurospiza concolor
AVIBASE-3F4E1FD9,Amaurospiza relicta,Amaurospiza concolor,Amaurospiza concolor
AVIBASE-CDB37FB8,Amazilia alfaroana,Saucerottia cyanifrons,Amazilia cyanifrons
AVIBASE-98B261C6,Amazilia amabilis,Polyerata amabilis,Amazilia amabilis
AVIBASE-62AFA922,Amazilia amazilia,Amazilis amazilia,Amazilia amazilia
AVIBASE-DC2C4D3F,Amazilia bartletti,Chionomesa lactea,Amazilia lactea
AVIBASE-EDCAC4EA,Amazilia beryllina,Saucerottia beryllina,Amazilia beryllina
AVIBASE-837E6B04,Amazilia boucardi,Amazilia boucardi,Amazilia boucardi
AVIBASE-90782929,Amazilia brevirostris,Chrysuronia brevirostris,Amazilia brevirostris
AVIBASE-D6040531,Amazilia candida,Chlorestes candida,Amazilia candida
AVIBASE-73879DB0,Amazilia castaneiventris,Saucerottia castaneiventris,Amazilia castaneiventris
AVIBASE-18C03F5D,Amazilia chionogaster,Elliotomyia chionogaster,Amazilia chionogaster
AVIBASE-B507381B,Amazilia chrysura,Hylocharis chrysura,Hylocharis chrysura
AVIBASE-D3D0C21B,Amazilia coeruleogularis,Chrysuronia coeruleogularis,Lepidopyga coeruleogularis
AVIBASE-B6547FA5,Amazilia cupreicauda,Saucerottia viridigaster,Amazilia viridigaster
AVIBASE-E9468157,Amazilia cyanifrons,Saucerottia cyanifrons,Amazilia cyanifrons
AVIBASE-822E745E,Amazilia cyanocephala,Saucerottia cyanocephala,Amazilia cyanocephala
AVIBASE-33C0BBAE,Amazilia cyanura,Saucerottia cyanura,Amazilia cyanura
AVIBASE-8564ACE3,Amazilia cyanus,Chlorestes cyanus,Hylocharis cyanus
AVIBASE-F3516A3B,Amazilia decora,Polyerata decora,Amazilia decora
AVIBASE-A5F5E555,Amazilia edward,Saucerottia edward,Amazilia edward
AVIBASE-1939B2C8,Amazilia eliciae,Chlorestes eliciae,Hylocharis eliciae
AVIBASE-A04DA8F1,Amazilia fimbriata,Chionomesa fimbriata,Amazilia fimbriata
AVIBASE-3FFAFC07,Amazilia franciae,Uranomitra franciae,Amazilia franciae
AVIBASE-2BE9465C,Amazilia goudoti,Chrysuronia goudoti,Lepidopyga goudoti
AVIBASE-D4920C92,Amazilia grayi,Chrysuronia grayi,Hylocharis grayi
AVIBASE-8BF8D468,Amazilia humboldtii,Chrysuronia humboldtii,Hylocharis humboldtii
AVIBASE-F730C44E,Amazilia julie,Chlorestes julie,Damophila julie
AVIBASE-F22D0759,Amazilia lactea,Chionomesa lactea,Amazilia lactea
AVIBASE-FB0419E0,Amazilia leucogaster,Chrysuronia leucogaster,Amazilia leucogaster
AVIBASE-7AADCEC0,Amazilia lilliae,Chrysuronia lilliae,Lepidopyga lilliae
AVIBASE-B1DACE3B,Amazilia luciae,Amazilia luciae,Amazilia luciae
AVIBASE-1E1E7878,Amazilia oenone,Chrysuronia oenone,Chrysuronia oenone
AVIBASE-2F2D76A4,Amazilia rosenbergi,Polyerata rosenbergi,Amazilia rosenbergi
AVIBASE-26A37098,Amazilia rutila,Amazilia rutila,Amazilia rutila
AVIBASE-584DC7EF,Amazilia sapphirina,Hylocharis sapphirina,Hylocharis sapphirina
AVIBASE-D51213D3,Amazilia saucerottei,Saucerottia saucerottei,Amazilia saucerrottei
AVIBASE-0595E528,Amazilia saucerottei,Saucerottia hoffmanni,Amazilia saucerrottei
AVIBASE-8FBB6521,Amazilia tobaci,Saucerottia tobaci,Amazilia tobaci
AVIBASE-7739D5A5,Amazilia tzacatl,Amazilia tzacatl,Amazilia tzacatl
AVIBASE-9CAB5D95,Amazilia versicolor,Chrysuronia versicolor,Amazilia versicolor
AVIBASE-824C89C3,Amazilia violiceps,Leucolia violiceps,Amazilia violiceps
AVIBASE-8F6E114E,Amazilia viridicauda,Elliotomyia viridicauda,Amazilia viridicauda
AVIBASE-16219C14,Amazilia viridifrons,Leucolia viridifrons,Amazilia viridifrons
AVIBASE-2E35624C,Amazilia viridigaster,Saucerottia viridigaster,Amazilia viridigaster
AVIBASE-2D27A0AA,Amazilia wagneri,Leucolia viridifrons,Amazilia viridifrons
AVIBASE-76D9954B,Amazilia yucatanensis,Amazilia yucatanensis,Amazilia yucatanensis
AVIBASE-4B268FD2,Amazona aestiva,Amazona aestiva,Amazona aestiva
AVIBASE-EE676594,Amazona agilis,Amazona agilis,Amazona agilis
AVIBASE-DD669F07,Amazona albifrons,Amazona albifrons,Amazona albifrons
AVIBASE-0F2066D5,Amazona amazonica,Amazona amazonica,Amazona amazonica
AVIBASE-D1E2E2F9,Amazona arausiaca,Amazona arausiaca,Amazona arausiaca
AVIBASE-74D1AE14,Amazona auropalliata,Amazona auropalliata,Amazona auropalliata
AVIBASE-56EC9CA9,Amazona autumnalis,Amazona autumnalis,Amazona autumnalis
AVIBASE-F2DFC4C1,Amazona autumnalis,Amazona autumnalis,Amazona autumnalis
AVIBASE-CA4C6B17,Amazona barbadensis,Amazona barbadensis,Amazona barbadensis
AVIBASE-CB22967B,Amazona bodini,Amazona festiva,Amazona festiva
AVIBASE-5A7AF4AE,Amazona brasiliensis,Amazona brasiliensis,Amazona brasiliensis
AVIBASE-03EC041F,Amazona collaria,Amazona collaria,Amazona collaria
AVIBASE-7539A5FF,Amazona diadema,Amazona autumnalis,Amazona autumnalis
AVIBASE-7B534E0C,Amazona dufresniana,Amazona dufresniana,Amazona dufresniana
AVIBASE-77721E6B,Amazona farinosa,Amazona farinosa,Amazona farinosa
AVIBASE-76A116AB,Amazona festiva,Amazona festiva,Amazona festiva
AVIBASE-66C32CC9,Amazona finschi,Amazona finschi,Amazona finschi
AVIBASE-D0D63FF1,Amazona guatemalae,Amazona farinosa,Amazona farinosa
AVIBASE-62AFC876,Amazona guildingii,Amazona guildingii,Amazona guildingii
AVIBASE-B78B2F83,Amazona imperialis,Amazona imperialis,Amazona imperialis
AVIBASE-7F4458FE,Amazona kawalli,Amazona kawalli,Amazona kawalli
AVIBASE-8B2843E8,Amazona leucocephala,Amazona leucocephala,Amazona leucocephala
AVIBASE-1F11D1B1,Amazona lilacina,Amazona autumnalis,Amazona autumnalis
AVIBASE-CED01CA4,Amazona mercenarius,Amazona mercenarius,Amazona mercenaria
AVIBASE-45BCA1AA,Amazona ochrocephala,Amazona ochrocephala,Amazona ochrocephala
AVIBASE-F9D03943,Amazona oratrix,Amazona oratrix,Amazona oratrix
AVIBASE-EFA0861B,Amazona pretrei,Amazona pretrei,Amazona pretrei
AVIBASE-8FC55431,Amazona rhodocorytha,Amazona rhodocorytha,Amazona rhodocorytha
AVIBASE-D50220E9,Amazona tucumana,Amazona tucumana,Amazona tucumana
AVIBASE-766B3C30,Amazona ventralis,Amazona ventralis,Amazona ventralis
AVIBASE-2156EB72,Amazona versicolor,Amazona versicolor,Amazona versicolor
AVIBASE-0FF89B76,Amazona vinacea,Amazona vinacea,Amazona vinacea
AVIBASE-B1595124,Amazona viridigenalis,Amazona viridigenalis,Amazona viridigenalis
AVIBASE-E4507DF6,Amazona vittata,Amazona vittata,Amazona vittata
AVIBASE-E0993B27,Amazona xantholora,Amazona xantholora,Amazona xantholora
AVIBASE-DDFC6B2B,Amazonetta brasiliensis,Amazonetta brasiliensis,Amazonetta brasiliensis
AVIBASE-8DAADD7F,Amblycercus holosericeus,Amblycercus holosericeus,Amblycercus holosericeus
AVIBASE-E3562196,Amblyornis flavifrons,Amblyornis flavifrons,Amblyornis flavifrons
AVIBASE-EFFD142D,Amblyornis inornata,Amblyornis inornata,Amblyornis inornata
AVIBASE-989FE32C,Amblyornis macgregoriae,Amblyornis macgregoriae,Amblyornis macgregoriae
AVIBASE-F6FFF57D,Amblyornis subalaris,Amblyornis subalaris,Amblyornis subalaris
AVIBASE-C7708C70,Amblyospiza albifrons,Amblyospiza albifrons,Amblyospiza albifrons
AVIBASE-50F297CC,Amblyramphus holosericeus,Amblyramphus holosericeus,Amblyramphus holosericeus
AVIBASE-02E3ACBD,Ammodramus aurifrons,Ammodramus aurifrons,Ammodramus aurifrons
AVIBASE-7C74D0E3,Ammodramus humeralis,Ammodramus humeralis,Ammodramus humeralis
AVIBASE-5BFFE091,Ammodramus savannarum,Ammodramus savannarum,Ammodramus savannarum
AVIBASE-20A0844D,Ammomanes cinctura,Ammomanes cinctura,Ammomanes cinctura
AVIBASE-A977348D,Ammomanes deserti,Ammomanes deserti,Ammomanes deserti
AVIBASE-0E1F8A50,Ammomanes phoenicura,Ammomanes phoenicura,Ammomanes phoenicura
AVIBASE-9E0E6D4E,Ammomanopsis grayi,Ammomanopsis grayi,Ammomanes grayi
AVIBASE-6688FCFD,Ammonastes pelzelni,Ammonastes pelzelni,Myrmeciza pelzelni
AVIBASE-439AFD40,Ammoperdix griseogularis,Ammoperdix griseogularis,Ammoperdix griseogularis
AVIBASE-CD83E49E,Ammoperdix heyi,Ammoperdix heyi,Ammoperdix heyi
AVIBASE-79C9C8C4,Ammospiza caudacuta,Ammospiza caudacuta,Ammodramus caudacutus
AVIBASE-B656B15D,Ammospiza leconteii,Ammospiza leconteii,Ammodramus leconteii
AVIBASE-0F81304F,Ammospiza maritima,Ammospiza maritima,Ammodramus maritimus
AVIBASE-727D994F,Ammospiza nelsoni,Ammospiza nelsoni,Ammodramus nelsoni
AVIBASE-79264228,Ampeliceps coronatus,Ampeliceps coronatus,Ampeliceps coronatus
AVIBASE-4D9E317C,Ampelioides tschudii,Ampelioides tschudii,Ampelioides tschudii
AVIBASE-C5B2624D,Ampelion rubrocristatus,Ampelion rubrocristatus,Ampelion rubrocristatus
AVIBASE-2ED22C83,Ampelion rufaxilla,Ampelion rufaxilla,Ampelion rufaxilla
AVIBASE-F705E3F2,Ampelornis griseiceps,Ampelornis griseiceps,Myrmeciza griseiceps
AVIBASE-875A131F,Amphilais seebohmi,Bradypterus seebohmi,Amphilais seebohmi
AVIBASE-A0F29F1E,Amphispiza bilineata,Amphispiza bilineata,Amphispiza bilineata
AVIBASE-8C954D4E,Amphispiza quinquestriata,Amphispizopsis quinquestriata,Aimophila quinquestriata
AVIBASE-B6493526,Amytornis ballarae,Amytornis ballarae,Amytornis ballarae
AVIBASE-DF425A48,Amytornis barbatus,Amytornis barbatus,Amytornis barbatus
AVIBASE-715A8FDD,Amytornis dorotheae,Amytornis dorotheae,Amytornis dorotheae
AVIBASE-DEF58D26,Amytornis goyderi,Amytornis goyderi,Amytornis goyderi
AVIBASE-7187B6CF,Amytornis housei,Amytornis housei,Amytornis housei
AVIBASE-63D1DCD1,Amytornis merrotsyi,Amytornis merrotsyi,Amytornis merrotsyi
AVIBASE-C2A97FCD,Amytornis modestus,Amytornis modestus,Amytornis textilis
AVIBASE-0E798C7D,Amytornis purnelli,Amytornis purnelli,Amytornis purnelli
AVIBASE-A860A9AA,Amytornis striatus,Amytornis striatus,Amytornis striatus
AVIBASE-7157DFC1,Amytornis textilis,Amytornis textilis,Amytornis textilis
AVIBASE-51CF00C2,Amytornis woodwardi,Amytornis woodwardi,Amytornis woodwardi
AVIBASE-F31BDBD7,Anabacerthia amaurotis,Anabacerthia amaurotis,Anabacerthia amaurotis
AVIBASE-5A7FA9E2,Anabacerthia lichtensteini,Anabacerthia lichtensteini,Philydor lichtensteini
AVIBASE-861926AE,Anabacerthia ruficaudata,Anabacerthia ruficaudata,Philydor ruficaudatum
AVIBASE-A499C7BE,Anabacerthia striaticollis,Anabacerthia striaticollis,Anabacerthia striaticollis
AVIBASE-C9861D7F,Anabacerthia variegaticeps,Anabacerthia variegaticeps,Anabacerthia variegaticeps
AVIBASE-4834AB04,Anabathmis hartlaubii,Anabathmis hartlaubii,Nectarinia hartlaubii
AVIBASE-BFA9B759,Anabathmis newtonii,Anabathmis newtonii,Nectarinia newtonii
AVIBASE-9B953393,Anabathmis reichenbachii,Anabathmis reichenbachii,Nectarinia reichenbachii
AVIBASE-B76C2D94,Anabazenops dorsalis,Anabazenops dorsalis,Anabazenops dorsalis
AVIBASE-902B9EEB,Anabazenops fuscus,Anabazenops fuscus,Anabazenops fuscus
AVIBASE-6B005E46,Anairetes alpinus,Anairetes alpinus,Anairetes alpinus
AVIBASE-DD908FC1,Anairetes fernandezianus,Anairetes fernandezianus,Anairetes fernandezianus
AVIBASE-7C1ABA06,Anairetes flavirostris,Anairetes flavirostris,Anairetes flavirostris
AVIBASE-3F9E2867,Anairetes nigrocristatus,Anairetes nigrocristatus,Anairetes nigrocristatus
AVIBASE-2B0C9AD5,Anairetes parulus,Anairetes parulus,Anairetes parulus
AVIBASE-887106AC,Anairetes reguloides,Anairetes reguloides,Anairetes reguloides
AVIBASE-ECE36984,Anaplectes jubaensis,Anaplectes rubriceps,Anaplectes rubriceps
AVIBASE-4B8D1BAD,Anaplectes leuconotos,Anaplectes rubriceps,Anaplectes rubriceps
AVIBASE-6F711277,Anaplectes rubriceps,Anaplectes rubriceps,Anaplectes rubriceps
AVIBASE-719334FB,Anarhynchus frontalis,Anarhynchus frontalis,Anarhynchus frontalis
AVIBASE-56CCA717,Anas acuta,Anas acuta,Anas acuta
AVIBASE-EDB1BDAA,Anas albogularis,Anas albogularis,Anas gibberifrons
AVIBASE-0642F0F9,Anas andium,Anas andium,Anas andium
AVIBASE-92C1E596,Anas aucklandica,Anas aucklandica,Anas aucklandica
AVIBASE-D2F97D13,Anas bahamensis,Anas bahamensis,Anas bahamensis
AVIBASE-7CBD0D73,Anas bernieri,Anas bernieri,Anas bernieri
AVIBASE-25DA0F41,Anas capensis,Anas capensis,Anas capensis
AVIBASE-BC6C3CCE,Anas carolinensis,Anas crecca,Anas crecca
AVIBASE-DBF66606,Anas castanea,Anas castanea,Anas castanea
AVIBASE-DF842C45,Anas chlorotis,Anas chlorotis,Anas chlorotis
AVIBASE-BC6C3CCE,Anas crecca,Anas crecca,Anas crecca
AVIBASE-8899CF64,Anas eatoni,Anas eatoni,Anas eatoni
AVIBASE-8F6876AC,Anas erythrorhyncha,Anas erythrorhyncha,Anas erythrorhyncha
AVIBASE-D4263C69,Anas flavirostris,Anas flavirostris,Anas flavirostris
AVIBASE-697B933E,Anas fulvigula,Anas fulvigula,Anas fulvigula
AVIBASE-B940CCD5,Anas georgica,Anas georgica,Anas georgica
AVIBASE-EC92E98D,Anas gibberifrons,Anas gibberifrons,Anas gibberifrons
AVIBASE-9CBAFD8F,Anas gracilis,Anas gracilis,Anas gracilis
AVIBASE-3F444E5A,Anas laysanensis,Anas laysanensis,Anas laysanensis
AVIBASE-9AA3E5C2,Anas luzonica,Anas luzonica,Anas luzonica
AVIBASE-9BA03AF9,Anas melleri,Anas melleri,Anas melleri
AVIBASE-E804C52B,Anas nesiotis,Anas nesiotis,Anas nesiotis
AVIBASE-85625D75,Anas platyrhynchos,Anas platyrhynchos,Anas platyrhynchos
AVIBASE-759C5EB8,Anas poecilorhyncha,Anas poecilorhyncha,Anas poecilorhyncha
AVIBASE-C732CB10,Anas rubripes,Anas rubripes,Anas rubripes
AVIBASE-1EAFAD9F,Anas sparsa,Anas sparsa,Anas sparsa
AVIBASE-07479AD9,Anas superciliosa,Anas superciliosa,Anas superciliosa
AVIBASE-7F64AD87,Anas undulata,Anas undulata,Anas undulata
AVIBASE-250EA983,Anas wyvilliana,Anas wyvilliana,Anas wyvilliana
AVIBASE-E21470F9,Anas zonorhyncha,Anas zonorhyncha,Anas poecilorhyncha
AVIBASE-0F14ECE4,Anastomus lamelligerus,Anastomus lamelligerus,Anastomus lamelligerus
AVIBASE-0DF27D63,Anastomus oscitans,Anastomus oscitans,Anastomus oscitans
AVIBASE-21CFD0C9,Ancistrops strigilatus,Ancistrops strigilatus,Ancistrops strigilatus
AVIBASE-D5746888,Andigena cucullata,Andigena cucullata,Andigena cucullata
AVIBASE-B02554D8,Andigena hypoglauca,Andigena hypoglauca,Andigena hypoglauca
AVIBASE-2EF3405B,Andigena laminirostris,Andigena laminirostris,Andigena laminirostris
AVIBASE-64516AE0,Andigena nigrirostris,Andigena nigrirostris,Andigena nigrirostris
AVIBASE-E82816C6,Androdon aequatorialis,Androdon aequatorialis,Androdon aequatorialis
AVIBASE-79A45DAF,Andropadus importunus,Andropadus importunus,Andropadus importunus
AVIBASE-BF6F8B8D,Androphobus viridis,Androphobus viridis,Androphobus viridis
AVIBASE-71BA40DC,Anhima cornuta,Anhima cornuta,Anhima cornuta
AVIBASE-FBDAE86A,Anhinga anhinga,Anhinga anhinga,Anhinga anhinga
AVIBASE-CA0C901A,Anhinga melanogaster,Anhinga melanogaster,Anhinga melanogaster
AVIBASE-C57D9973,Anhinga novaehollandiae,Anhinga novaehollandiae,Anhinga novaehollandiae
AVIBASE-5C7936A7,Anhinga rufa,Anhinga rufa,Anhinga rufa
AVIBASE-D64C0A60,Anisognathus flavinucha,Anisognathus somptuosus,Anisognathus somptuosus
AVIBASE-87EA6535,Anisognathus igniventris,Anisognathus igniventris,Anisognathus igniventris
AVIBASE-11BC1FFE,Anisognathus lacrymosus,Anisognathus lacrymosus,Anisognathus lacrymosus
AVIBASE-AF66D888,Anisognathus lunulatus,Anisognathus igniventris,Anisognathus igniventris
AVIBASE-6F7590D1,Anisognathus melanogenys,Anisognathus melanogenys,Anisognathus melanogenys
AVIBASE-C42E650C,Anisognathus notabilis,Anisognathus notabilis,Anisognathus notabilis
AVIBASE-8BF26DF5,Anisognathus somptuosus,Anisognathus somptuosus,Anisognathus somptuosus
AVIBASE-6DCCF66C,Anodorhynchus glaucus,Anodorhynchus glaucus,NA
AVIBASE-3B7073D1,Anodorhynchus hyacinthinus,Anodorhynchus hyacinthinus,Anodorhynchus hyacinthinus
AVIBASE-FF910F60,Anodorhynchus leari,Anodorhynchus leari,Anodorhynchus leari
AVIBASE-C97A5C39,Anomalospiza imberbis,Anomalospiza imberbis,Anomalospiza imberbis
AVIBASE-0475490E,Anopetia gounellei,Anopetia gounellei,Anopetia gounellei
AVIBASE-71A029B9,Anorrhinus austeni,Anorrhinus austeni,Anorrhinus austeni
AVIBASE-1FD5EBCD,Anorrhinus galeritus,Anorrhinus galeritus,Anorrhinus galeritus
AVIBASE-8454CE68,Anorrhinus tickelli,Anorrhinus tickelli,Anorrhinus tickelli
AVIBASE-26DE68F8,Anous albivittus,Anous albivitta,Procelsterna albivitta
AVIBASE-D021AB6A,Anous ceruleus,Anous ceruleus,Procelsterna cerulea
AVIBASE-C67DCF31,Anous minutus,Anous minutus,Anous minutus
AVIBASE-A070171E,Anous stolidus,Anous stolidus,Anous stolidus
AVIBASE-03F9EB15,Anous tenuirostris,Anous tenuirostris,Anous tenuirostris
AVIBASE-466E9077,Anser albifrons,Anser albifrons,Anser albifrons
AVIBASE-4AED44E8,Anser anser,Anser anser,Anser anser
AVIBASE-AFA7EE74,Anser brachyrhynchus,Anser brachyrhynchus,Anser brachyrhynchus
AVIBASE-D3A260BC,Anser caerulescens,Anser caerulescens,Chen caerulescens
AVIBASE-1E6F0F8D,Anser canagicus,Anser canagicus,Chen canagica
AVIBASE-946E4517,Anser cygnoid,Anser cygnoides,Anser cygnoides
AVIBASE-184D2329,Anser erythropus,Anser erythropus,Anser erythropus
AVIBASE-2FEEA78C,Anser fabalis,NA,Anser fabalis
AVIBASE-2FEEA78C,Anser fabalis,Anser fabalis,Anser fabalis
AVIBASE-B7159EF0,Anser indicus,Anser indicus,Anser indicus
AVIBASE-7A24F57F,Anser rossii,Anser rossii,Chen rossii
AVIBASE-89D5434B,Anseranas semipalmata,Anseranas semipalmata,Anseranas semipalmata
AVIBASE-03E8C346,Anthipes monileger,Anthipes monileger,Ficedula monileger
AVIBASE-EBEB71F0,Anthipes solitaris,Anthipes solitaris,Ficedula solitaris
AVIBASE-02B06535,Anthobaphes violacea,Anthobaphes violacea,Nectarinia violacea
AVIBASE-C072BD0D,Anthocephala berlepschi,Anthocephala berlepschi,Anthocephala floriceps
AVIBASE-5DC3CCCD,Anthocephala floriceps,Anthocephala floriceps,Anthocephala floriceps
AVIBASE-F8C0016A,Anthochaera carunculata,Anthochaera carunculata,Anthochaera carunculata
AVIBASE-04A7ABB7,Anthochaera chrysoptera,Anthochaera chrysoptera,Anthochaera chrysoptera
AVIBASE-629C5612,Anthochaera lunulata,Anthochaera lunulata,Anthochaera lunulata
AVIBASE-3A72B910,Anthochaera paradoxa,Anthochaera paradoxa,Anthochaera paradoxa
AVIBASE-1C525B4A,Anthochaera phrygia,Anthochaera phrygia,Xanthomyza phrygia
AVIBASE-73A0AA07,Anthornis melanura,Anthornis melanura,Anthornis melanura
AVIBASE-F44BD4BE,Anthoscopus caroli,Anthoscopus caroli,Anthoscopus caroli
AVIBASE-515353F2,Anthoscopus flavifrons,Anthoscopus flavifrons,Anthoscopus flavifrons
AVIBASE-E6239363,Anthoscopus minutus,Anthoscopus minutus,Anthoscopus minutus
AVIBASE-6F967270,Anthoscopus musculus,Anthoscopus musculus,Anthoscopus musculus
AVIBASE-1ED6D9B4,Anthoscopus parvulus,Anthoscopus parvulus,Anthoscopus parvulus
AVIBASE-5A636137,Anthoscopus punctifrons,Anthoscopus punctifrons,Anthoscopus punctifrons
AVIBASE-6E9DA935,Anthoscopus sylviella,Anthoscopus caroli,Anthoscopus caroli
AVIBASE-082CFEA6,Anthracoceros albirostris,Anthracoceros albirostris,Anthracoceros albirostris
AVIBASE-079BC769,Anthracoceros coronatus,Anthracoceros coronatus,Anthracoceros coronatus
AVIBASE-6DC62BCF,Anthracoceros malayanus,Anthracoceros malayanus,Anthracoceros malayanus
AVIBASE-87269308,Anthracoceros marchei,Anthracoceros marchei,Anthracoceros marchei
AVIBASE-C2775FA0,Anthracoceros montani,Anthracoceros montani,Anthracoceros montani
AVIBASE-3C70A96A,Anthracothorax aurulentus,Anthracothorax dominicus,Anthracothorax dominicus
AVIBASE-C8DB5DBF,Anthracothorax dominicus,Anthracothorax dominicus,Anthracothorax dominicus
AVIBASE-99EDC044,Anthracothorax mango,Anthracothorax mango,Anthracothorax mango
AVIBASE-36FEAD7A,Anthracothorax nigricollis,Anthracothorax nigricollis,Anthracothorax nigricollis
AVIBASE-3625DE61,Anthracothorax prevostii,Anthracothorax prevostii,Anthracothorax prevostii
AVIBASE-24DDBD0D,Anthracothorax veraguensis,Anthracothorax veraguensis,Anthracothorax veraguensis
AVIBASE-781FA842,Anthracothorax viridigula,Anthracothorax viridigula,Anthracothorax viridigula
AVIBASE-03680018,Anthracothorax viridis,Anthracothorax viridis,Anthracothorax viridis
AVIBASE-1DA9FFC9,Anthreptes anchietae,Anthreptes anchietae,Anthreptes anchietae
AVIBASE-74D67BDB,Anthreptes aurantius,Anthreptes aurantius,Anthreptes aurantium
AVIBASE-C13861D6,Anthreptes gabonicus,Anthreptes gabonicus,Anthreptes gabonicus
AVIBASE-C8FA38F5,Anthreptes griseigularis,Anthreptes griseigularis,Anthreptes malacensis
AVIBASE-857DCDD5,Anthreptes longuemarei,Anthreptes longuemarei,Anthreptes longuemarei
AVIBASE-7F96C52A,Anthreptes malacensis,Anthreptes malacensis,Anthreptes malacensis
AVIBASE-56C6CBA8,Anthreptes neglectus,Anthreptes neglectus,Anthreptes neglectus
AVIBASE-2D0C83B2,Anthreptes orientalis,Anthreptes orientalis,Anthreptes orientalis
AVIBASE-3429B283,Anthreptes rectirostris,Anthreptes rectirostris,Anthreptes rectirostris
AVIBASE-67F06823,Anthreptes reichenowi,Anthreptes reichenowi,Anthreptes reichenowi
AVIBASE-63A37EE4,Anthreptes rhodolaemus,Anthreptes rhodolaemus,Anthreptes rhodolaemus
AVIBASE-8C506F22,Anthreptes rubritorques,Anthreptes rubritorques,Anthreptes rubritorques
AVIBASE-1B29AD28,Anthreptes seimundi,Anthreptes seimundi,Nectarinia seimundi
AVIBASE-2FFB2DBC,Anthreptes simplex,Anthreptes simplex,Anthreptes simplex
AVIBASE-35A2CCDF,Anthreptes tephrolaemus,Anthreptes rectirostris,Anthreptes rectirostris
AVIBASE-361AC269,Anthropoides paradiseus,Anthropoides paradiseus,Grus paradisea
AVIBASE-64DDD14D,Anthropoides virgo,Anthropoides virgo,Grus virgo
AVIBASE-AAA4D21C,Anthus antarcticus,Anthus antarcticus,Anthus antarcticus
AVIBASE-B17CFF22,Anthus berthelotii,Anthus berthelotii,Anthus berthelotii
AVIBASE-5FC6B003,Anthus bogotensis,Anthus bogotensis,Anthus bogotensis
AVIBASE-E6629C69,Anthus brachyurus,Anthus brachyurus,Anthus brachyurus
AVIBASE-4C7B3D81,Anthus caffer,Anthus caffer,Anthus caffer
AVIBASE-250CDA58,Anthus campestris,Anthus campestris,Anthus campestris
AVIBASE-319D044A,Anthus cervinus,Anthus cervinus,Anthus cervinus
AVIBASE-4E83271D,Anthus chacoensis,Anthus chacoensis,Anthus chacoensis
AVIBASE-0D7CC717,Anthus cinnamomeus,Anthus cinnamomeus,Anthus richardi
AVIBASE-0E627EF1,Anthus correndera,Anthus correndera,Anthus correndera
AVIBASE-56CB3F84,Anthus crenatus,Anthus crenatus,Anthus crenatus
AVIBASE-8DAF3F7F,Anthus furcatus,Anthus furcatus,Anthus furcatus
AVIBASE-9F65782F,Anthus godlewskii,Anthus godlewskii,Anthus godlewskii
AVIBASE-9DC4CC54,Anthus gustavi,Anthus gustavi,Anthus gustavi
AVIBASE-183DFD8A,Anthus gutturalis,Anthus gutturalis,Anthus gutturalis
AVIBASE-D46D5344,Anthus hellmayri,Anthus hellmayri,Anthus hellmayri
AVIBASE-25F7AF65,Anthus hodgsoni,Anthus hodgsoni,Anthus hodgsoni
AVIBASE-B855F1E4,Anthus hoeschi,Anthus hoeschi,Anthus hoeschi
AVIBASE-ECC3F122,Anthus leucophrys,Anthus leucophrys,Anthus leucophrys
AVIBASE-C69E0E28,Anthus lineiventris,Anthus lineiventris,Anthus lineiventris
AVIBASE-5CAA1EA8,Anthus lutescens,Anthus lutescens,Anthus lutescens
AVIBASE-D8A51184,Anthus melindae,Anthus melindae,Anthus melindae
AVIBASE-28F81C1C,Anthus nattereri,Anthus nattereri,Anthus nattereri
AVIBASE-9E5537A4,Anthus nilghiriensis,Anthus nilghiriensis,Anthus nilghiriensis
AVIBASE-7BF0555A,Anthus novaeseelandiae,Anthus novaeseelandiae,Anthus novaeseelandiae
AVIBASE-C21A0347,Anthus nyassae,Anthus nyassae,Anthus similis
AVIBASE-1DD0949C,Anthus pallidiventris,Anthus pallidiventris,Anthus pallidiventris
AVIBASE-3FAE5E4B,Anthus peruvianus,Anthus peruvianus,Anthus lutescens
AVIBASE-E1CBB1C2,Anthus petrosus,Anthus petrosus,Anthus petrosus
AVIBASE-14873249,Anthus pratensis,Anthus pratensis,Anthus pratensis
AVIBASE-41ECD10E,Anthus richardi,Anthus richardi,Anthus richardi
AVIBASE-6137BE25,Anthus roseatus,Anthus roseatus,Anthus roseatus
AVIBASE-8F268682,Anthus rubescens,Anthus rubescens,Anthus rubescens
AVIBASE-57A0C80B,Anthus rufulus,Anthus rufulus,Anthus rufulus
AVIBASE-ECFF22D2,Anthus similis,Anthus similis,Anthus similis
AVIBASE-19489268,Anthus sokokensis,Anthus sokokensis,Anthus sokokensis
AVIBASE-0A3FA185,Anthus spinoletta,Anthus spinoletta,Anthus spinoletta
AVIBASE-BF380B5D,Anthus spragueii,Anthus spragueii,Anthus spragueii
AVIBASE-E097F2EC,Anthus sylvanus,Anthus sylvanus,Anthus sylvanus
AVIBASE-365F5E97,Anthus trivialis,Anthus trivialis,Anthus trivialis
AVIBASE-3BC778CE,Anthus vaalensis,Anthus vaalensis,Anthus vaalensis
AVIBASE-8D891DB7,Antigone antigone,Antigone antigone,Grus antigone
AVIBASE-E196D6F9,Antigone canadensis,Antigone canadensis,Grus canadensis
AVIBASE-A4480D02,Antigone rubicunda,Antigone rubicunda,Grus rubicunda
AVIBASE-1125F89D,Antigone vipio,Antigone vipio,Grus vipio
AVIBASE-2AC6282B,Antilophia bokermanni,Antilophia bokermanni,Antilophia bokermanni
AVIBASE-51BCAA08,Antilophia galeata,Antilophia galeata,Antilophia galeata
AVIBASE-CED2468C,Antrostomus arizonae,Antrostomus arizonae,Caprimulgus vociferus
AVIBASE-0D4BB435,Antrostomus badius,Antrostomus badius,Caprimulgus badius
AVIBASE-8D3E8871,Antrostomus carolinensis,Antrostomus carolinensis,Caprimulgus carolinensis
AVIBASE-A89EA38B,Antrostomus cubanensis,Antrostomus cubanensis,Caprimulgus cubanensis
AVIBASE-592DBE50,Antrostomus ekmani,Antrostomus cubanensis,Caprimulgus ekmani
AVIBASE-56DB04E7,Antrostomus noctitherus,Antrostomus noctitherus,Caprimulgus noctitherus
AVIBASE-C0F335B7,Antrostomus ridgwayi,Antrostomus ridgwayi,Caprimulgus ridgwayi
AVIBASE-F331D204,Antrostomus rufus,Antrostomus rufus,Caprimulgus rufus
AVIBASE-100B2E32,Antrostomus salvini,Antrostomus salvini,Caprimulgus salvini
AVIBASE-67D59645,Antrostomus saturatus,Antrostomus saturatus,Caprimulgus saturatus
AVIBASE-2FEC9A38,Antrostomus sericocaudatus,Antrostomus sericocaudatus,Caprimulgus sericocaudatus
AVIBASE-1A09655B,Antrostomus vociferus,Antrostomus vociferus,Caprimulgus vociferus
AVIBASE-41E8146F,Anumara forbesi,Anumara forbesi,Curaeus forbesi
AVIBASE-B09DB060,Anumbius annumbi,Anumbius annumbi,Anumbius annumbi
AVIBASE-6A668E88,Anurophasis monorthonyx,Synoicus monorthonyx,Anurophasis monorthonyx
AVIBASE-E3007B8C,Apalharpactes mackloti,Harpactes mackloti,Apalharpactes mackloti
AVIBASE-BE6ABD55,Apalharpactes reinwardtii,Harpactes reinwardtii,Apalharpactes reinwardtii
AVIBASE-D6C2BFD2,Apalis alticola,Apalis alticola,Apalis alticola
AVIBASE-D20B632B,Apalis argentea,Apalis argentea,Apalis argentea
AVIBASE-C3B16DBB,Apalis bamendae,Apalis bamendae,Apalis bamendae
AVIBASE-1B4DA358,Apalis binotata,Apalis binotata,Apalis binotata
AVIBASE-6687AA29,Apalis chapini,Apalis chapini,Apalis chapini
AVIBASE-184BA213,Apalis chariessa,Apalis chariessa,Apalis chariessa
AVIBASE-F3D1150D,Apalis chirindensis,Apalis chirindensis,Apalis chirindensis
AVIBASE-7A8A8FCF,Apalis cinerea,Apalis cinerea,Apalis cinerea
AVIBASE-EADB2314,Apalis flavida,Apalis flavida,Apalis flavida
AVIBASE-0190A968,Apalis flavigularis,Apalis flavigularis,Apalis flavigularis
AVIBASE-8C13DA6F,Apalis flavocincta,Apalis flavida,Apalis flavida
AVIBASE-D5549C6D,Apalis fuscigularis,Apalis fuscigularis,Apalis fuscigularis
AVIBASE-3D6CB174,Apalis goslingi,Apalis goslingi,Apalis goslingi
AVIBASE-1ABAB622,Apalis jacksoni,Apalis jacksoni,Apalis jacksoni
AVIBASE-3454B218,Apalis kaboboensis,Apalis kaboboensis,Apalis porphyrolaema
AVIBASE-D029B521,Apalis karamojae,Apalis karamojae,Apalis karamojae
AVIBASE-A3869D21,Apalis lynesi,Apalis lynesi,Apalis lynesi
AVIBASE-4FE76868,Apalis melanocephala,Apalis melanocephala,Apalis melanocephala
AVIBASE-DA2072A7,Apalis nigriceps,Apalis nigriceps,Apalis nigriceps
AVIBASE-0ABADB0F,Apalis personata,Apalis personata,Apalis personata
AVIBASE-E8F03B18,Apalis porphyrolaema,Apalis porphyrolaema,Apalis porphyrolaema
AVIBASE-32947D9C,Apalis ruddi,Apalis ruddi,Apalis ruddi
AVIBASE-75E0430B,Apalis rufogularis,Apalis rufogularis,Apalis rufogularis
AVIBASE-770308E9,Apalis sharpii,Apalis sharpii,Apalis sharpii
AVIBASE-B285E2B0,Apalis thoracica,Apalis thoracica,Apalis thoracica
AVIBASE-9FCF19F5,Apaloderma aequatoriale,Apaloderma aequatoriale,Apaloderma aequatoriale
AVIBASE-7FED5700,Apaloderma narina,Apaloderma narina,Apaloderma narina
AVIBASE-2F2CB724,Apaloderma vittatum,Apaloderma vittatum,Apaloderma vittatum
AVIBASE-DF8ECC87,Apalopteron familiare,Apalopteron familiare,Apalopteron familiare
AVIBASE-3AC7C776,Aphanotriccus audax,Aphanotriccus audax,Aphanotriccus audax
AVIBASE-0203FCD8,Aphanotriccus capitalis,Aphanotriccus capitalis,Aphanotriccus capitalis
AVIBASE-881147F1,Aphantochroa cirrochloris,Eupetomena cirrochloris,Aphantochroa cirrochloris
AVIBASE-AAEA810D,Aphelocephala leucopsis,Aphelocephala leucopsis,Aphelocephala leucopsis
AVIBASE-F755440B,Aphelocephala nigricincta,Aphelocephala nigricincta,Aphelocephala nigricincta
AVIBASE-49305FE9,Aphelocephala pectoralis,Aphelocephala pectoralis,Aphelocephala pectoralis
AVIBASE-151C2B3F,Aphelocoma californica,Aphelocoma californica,Aphelocoma californica
AVIBASE-EC9E9745,Aphelocoma californica,Aphelocoma woodhouseii,Aphelocoma californica
AVIBASE-0B136C63,Aphelocoma californica,Aphelocoma insularis,Aphelocoma insularis
AVIBASE-0B0B18C4,Aphelocoma californica,NA ,Aphelocoma californica
AVIBASE-0B0B18C4,Aphelocoma californica,NA ,Aphelocoma insularis
AVIBASE-0B0B18C4,Aphelocoma californica,Aphelocoma insularis,Aphelocoma insularis
AVIBASE-0B0B18C4,Aphelocoma californica,Aphelocoma californica,Aphelocoma californica
AVIBASE-D78D24B9,Aphelocoma coerulescens,Aphelocoma coerulescens,Aphelocoma coerulescens
AVIBASE-8A6D655E,Aphelocoma ultramarina,Aphelocoma ultramarina,Aphelocoma ultramarina
AVIBASE-9E9E1171,Aphelocoma unicolor,Aphelocoma unicolor,Aphelocoma unicolor
AVIBASE-56B8CE7A,Aphelocoma wollweberi,Aphelocoma wollweberi,Aphelocoma ultramarina
AVIBASE-A11DC805,Aphrastura masafucrae,Aphrastura masafuerae,Aphrastura masafuerae
AVIBASE-42F16BDC,Aphrastura spinicauda,Aphrastura spinicauda,Aphrastura spinicauda
AVIBASE-62797BD3,Aphrodroma brevirostris,Aphrodroma brevirostris,Lugensa brevirostris
AVIBASE-28D7FBB7,Aplonis atrifusca,Aplonis atrifusca,Aplonis atrifusca
AVIBASE-14EA1B2B,Aplonis brunneicapillus,Aplonis brunneicapillus,Aplonis brunneicapillus
AVIBASE-EBFD2E7C,Aplonis cantoroides,Aplonis cantoroides,Aplonis cantoroides
AVIBASE-51BBE050,Aplonis cinerascens,Aplonis cinerascens,Aplonis cinerascens
AVIBASE-5A358E52,Aplonis circumscripta,Aplonis metallica,Aplonis metallica
AVIBASE-C193474D,Aplonis crassa,Aplonis crassa,Aplonis crassa
AVIBASE-468C94DE,Aplonis dichroa,Aplonis dichroa,Aplonis dichroa
AVIBASE-1DAF4FBC,Aplonis feadensis,Aplonis feadensis,Aplonis feadensis
AVIBASE-87C70101,Aplonis grandis,Aplonis grandis,Aplonis grandis
AVIBASE-D88E91F8,Aplonis insularis,Aplonis insularis,Aplonis insularis
AVIBASE-714CC7E7,Aplonis magna,Aplonis magna,Aplonis magna
AVIBASE-5A358E52,Aplonis metallica,Aplonis metallica,Aplonis metallica
AVIBASE-E0A3FD2C,Aplonis minor,Aplonis minor,Aplonis minor
AVIBASE-E989867D,Aplonis mysolensis,Aplonis mysolensis,Aplonis mysolensis
AVIBASE-EAC36FC4,Aplonis mystacea,Aplonis mystacea,Aplonis mystacea
AVIBASE-49AC7F69,Aplonis opaca,Aplonis opaca,Aplonis opaca
AVIBASE-2A15DF76,Aplonis panayensis,Aplonis panayensis,Aplonis panayensis
AVIBASE-17B8763A,Aplonis pelzelni,Aplonis pelzelni,Aplonis pelzelni
AVIBASE-0A6E49EB,Aplonis santovestris,Aplonis santovestris,Aplonis santovestris
AVIBASE-F5AFC816,Aplonis striata,Aplonis striata,Aplonis striata
AVIBASE-90B5B8B0,Aplonis tabuensis,Aplonis tabuensis,Aplonis tabuensis
AVIBASE-041F72CD,Aplonis zelandica,Aplonis zelandica,Aplonis zelandica
AVIBASE-EE40DDB6,Aplopelia larvata,Columba larvata,Aplopelia larvata
AVIBASE-78E30C13,Aprositornis disjuncta,Aprositornis disjuncta,Myrmeciza disjuncta
AVIBASE-BB1F4BB8,Aprosmictus erythropterus,Aprosmictus erythropterus,Aprosmictus erythropterus
AVIBASE-97DE42F3,Aprosmictus jonquillaceus,Aprosmictus jonquillaceus,Aprosmictus jonquillaceus
AVIBASE-58848B71,Aptenodytes forsteri,Aptenodytes forsteri,Aptenodytes forsteri
AVIBASE-827A77C7,Aptenodytes patagonicus,Aptenodytes patagonicus,Aptenodytes patagonicus
AVIBASE-6BA55EF0,Apteryx australis,Apteryx australis,Apteryx australis
AVIBASE-0D8B9E40,Apteryx haastii,Apteryx haastii,Apteryx haastii
AVIBASE-DB55CB8C,Apteryx mantelli,Apteryx mantelli,Apteryx mantelli
AVIBASE-187706CF,Apteryx owenii,Apteryx owenii,Apteryx owenii
AVIBASE-D433BDAB,Apteryx rowi,Apteryx rowi,Apteryx australis
AVIBASE-2FAB9911,Apus acuticauda,Apus acuticauda,Apus acuticauda
AVIBASE-D209A90C,Apus affinis,Apus affinis,Apus affinis
AVIBASE-1C0A5AD9,Apus alexandri,Apus alexandri,Apus alexandri
AVIBASE-4E6EF3F9,Apus apus,Apus apus,Apus apus
AVIBASE-20022FF9,Apus balstoni,Apus balstoni,Apus balstoni
AVIBASE-5086F50B,Apus barbatus,Apus barbatus,Apus barbatus
AVIBASE-16A54020,Apus batesi,Apus batesi,Apus batesi
AVIBASE-45D3FD5A,Apus berliozi,Apus berliozi,Apus berliozi
AVIBASE-11507BB3,Apus bradfieldi,Apus bradfieldi,Apus bradfieldi
AVIBASE-FA9F6019,Apus caffer,Apus caffer,Apus caffer
AVIBASE-FF79A533,Apus horus,Apus horus,Apus toulsoni
AVIBASE-FF79A533,Apus horus,Apus horus,Apus horus
AVIBASE-2103011F,Apus niansae,Apus niansae,Apus niansae
AVIBASE-2A241F0C,Apus nipalensis,Apus nipalensis,Apus nipalensis
AVIBASE-862C22A8,Apus pacificus,Apus pacificus,Apus pacificus
AVIBASE-68E950E5,Apus pacificus,Apus pacificus,Apus pacificus
AVIBASE-332BC664,Apus pallidus,Apus pallidus,Apus pallidus
AVIBASE-8B5BD4F2,Apus sladeniae,Apus barbatus,Apus sladeniae
AVIBASE-59A5A24E,Apus unicolor,Apus unicolor,Apus unicolor
AVIBASE-69742EE4,Aquila adalberti,Aquila adalberti,Aquila adalberti
AVIBASE-51FD3E3C,Aquila africana,Aquila africana,Aquila africanus
AVIBASE-5E574D70,Aquila audax,Aquila audax,Aquila audax
AVIBASE-5F8E7CA8,Aquila chrysaetos,Aquila chrysaetos,Aquila chrysaetos
AVIBASE-05F11441,Aquila fasciata,Aquila fasciata,Aquila fasciatus
AVIBASE-22A50A54,Aquila gurneyi,Aquila gurneyi,Aquila gurneyi
AVIBASE-469DCF57,Aquila heliaca,Aquila heliaca,Aquila heliaca
AVIBASE-A635F565,Aquila nipalensis,Aquila nipalensis,Aquila nipalensis
AVIBASE-F6D547B2,Aquila rapax,Aquila rapax,Aquila rapax
AVIBASE-9A418C45,Aquila spilogaster,Aquila spilogaster,Hieraaetus spilogaster
AVIBASE-14F13C32,Aquila verreauxii,Aquila verreauxii,Aquila verreauxii
AVIBASE-8C233878,Ara ambiguus,Ara ambiguus,Ara ambiguus
AVIBASE-18AEC353,Ara ararauna,Ara ararauna,Ara ararauna
AVIBASE-5DBFB188,Ara chloropterus,Ara chloropterus,Ara chloropterus
AVIBASE-EFF095BD,Ara glaucogularis,Ara glaucogularis,Ara glaucogularis
AVIBASE-5B015EDA,Ara macao,Ara macao,Ara macao
AVIBASE-50C9E950,Ara militaris,Ara militaris,Ara militaris
AVIBASE-929DECF1,Ara rubrogenys,Ara rubrogenys,Ara rubrogenys
AVIBASE-25BE1729,Ara severus,Ara severus,Ara severus
AVIBASE-A9FD4193,Arachnothera affinis,Arachnothera affinis,Arachnothera affinis
AVIBASE-3918E69D,Arachnothera affinis,Arachnothera everetti,Arachnothera everetti
AVIBASE-3918E69D,Arachnothera affinis,Arachnothera everetti,Arachnothera affinis
AVIBASE-87554DD5,Arachnothera chrysogenys,Arachnothera chrysogenys,Arachnothera chrysogenys
AVIBASE-9CBAAD85,Arachnothera clarae,Arachnothera clarae,Arachnothera clarae
AVIBASE-5C74D7EC,Arachnothera crassirostris,Arachnothera crassirostris,Arachnothera crassirostris
AVIBASE-E1281FE3,Arachnothera dilutior,Arachnothera dilutior,Arachnothera longirostra
AVIBASE-3933216D,Arachnothera flammifera,Arachnothera flammifera,Arachnothera longirostra
AVIBASE-D33E142C,Arachnothera flavigaster,Arachnothera flavigaster,Arachnothera flavigaster
AVIBASE-F316501A,Arachnothera juliae,Arachnothera juliae,Arachnothera juliae
AVIBASE-B4EF3CAD,Arachnothera longirostra,Arachnothera longirostra,Arachnothera longirostra
AVIBASE-3E2ED011,Arachnothera magna,Arachnothera magna,Arachnothera magna
AVIBASE-3BC09B12,Arachnothera modesta,Arachnothera modesta,Arachnothera affinis
AVIBASE-1C7C664E,Arachnothera robusta,Arachnothera robusta,Arachnothera robusta
AVIBASE-29D34534,Aramides albiventris,Aramides albiventris,Aramides cajanea
AVIBASE-4EAFBF4C,Aramides axillaris,Aramides axillaris,Aramides axillaris
AVIBASE-A52752EF,Aramides cajaneus,Aramides cajaneus,Aramides cajanea
AVIBASE-807F142A,Aramides calopterus,Aramides calopterus,Aramides calopterus
AVIBASE-23A0F1AC,Aramides mangle,Aramides mangle,Aramides mangle
AVIBASE-AEB80F9B,Aramides saracura,Aramides saracura,Aramides saracura
AVIBASE-56FEE337,Aramides wolfi,Aramides wolfi,Aramides wolfi
AVIBASE-2C9F186F,Aramides ypecaha,Aramides ypecaha,Aramides ypecaha
AVIBASE-80EC4AB6,Aramidopsis plateni,Aramidopsis plateni,Aramidopsis plateni
AVIBASE-5D864313,Aramus guarauna,Aramus guarauna,Aramus guarauna
AVIBASE-58CCB269,Aratinga auricapillus,Aratinga auricapillus,Aratinga auricapillus
AVIBASE-29F9CF96,Aratinga jandaya,Aratinga jandaya,Aratinga jandaya
AVIBASE-735E9E38,Aratinga maculata,Aratinga maculata,Aratinga solstitialis
AVIBASE-8B85CB2C,Aratinga nenday,Aratinga nenday,Nandayus nenday
AVIBASE-4D5DF222,Aratinga solstitialis,Aratinga solstitialis,Aratinga solstitialis
AVIBASE-02C13BB0,Aratinga weddellii,Aratinga weddellii,Aratinga weddellii
AVIBASE-629D76CA,Arborophila ardens,Arborophila ardens,Arborophila ardens
AVIBASE-65723342,Arborophila atrogularis,Arborophila atrogularis,Arborophila atrogularis
AVIBASE-B05BB149,Arborophila brunneopectus,Arborophila brunneopectus,Arborophila brunneopectus
AVIBASE-A60EA370,Arborophila cambodiana,Arborophila cambodiana,Arborophila cambodiana
AVIBASE-D24B3E57,Arborophila campbelli,Arborophila campbelli,Arborophila campbelli
AVIBASE-E9C99FD7,Arborophila charltonii,Tropicoperdix charltonii,Arborophila charltonii
AVIBASE-139AE3CD,Arborophila chloropus,Tropicoperdix chloropus,Arborophila chloropus
AVIBASE-CBDF02F0,Arborophila crudigularis,Arborophila crudigularis,Arborophila crudigularis
AVIBASE-C033F5EF,Arborophila davidi,Arborophila davidi,Arborophila davidi
AVIBASE-B4C3A84F,Arborophila gingica,Arborophila gingica,Arborophila gingica
AVIBASE-5DE04CDE,Arborophila graydoni,Tropicoperdix charltonii,Arborophila charltonii
AVIBASE-69E98505,Arborophila hyperythra,Arborophila hyperythra,Arborophila hyperythra
AVIBASE-D0F51293,Arborophila javanica,Arborophila javanica,Arborophila javanica
AVIBASE-768C2230,Arborophila mandellii,Arborophila mandellii,Arborophila mandellii
AVIBASE-DAF52CD6,Arborophila orientalis,Arborophila orientalis,Arborophila orientalis
AVIBASE-D196AECF,Arborophila rolli,Arborophila rolli,Arborophila rolli
AVIBASE-D8FA684D,Arborophila rubrirostris,Arborophila rubrirostris,Arborophila rubrirostris
AVIBASE-53A3FEBE,Arborophila rufipectus,Arborophila rufipectus,Arborophila rufipectus
AVIBASE-5CEEFC64,Arborophila rufogularis,Arborophila rufogularis,Arborophila rufogularis
AVIBASE-0AB49545,Arborophila sumatrana,Arborophila sumatrana,Arborophila sumatrana
AVIBASE-C14B276F,Arborophila tonkinensis,Tropicoperdix chloropus,Arborophila charltonii
AVIBASE-E74469BF,Arborophila torqueola,Arborophila torqueola,Arborophila torqueola
AVIBASE-D2E8BF1B,Arcanator orostruthus,Arcanator orostruthus,Modulatrix orostruthus
AVIBASE-C190903B,Archboldia papuensis,Archboldia papuensis,Archboldia papuensis
AVIBASE-4BB4F257,Archilochus alexandri,Archilochus alexandri,Archilochus alexandri
AVIBASE-DEC3D8D0,Archilochus colubris,Archilochus colubris,Archilochus colubris
AVIBASE-49D9148A,Ardea alba,Ardea alba,Casmerodius albus
AVIBASE-C3ABF863,Ardea brachyrhyncha,Ardea intermedia,Mesophoyx intermedia
AVIBASE-6429024D,Ardea cinerea,Ardea cinerea,Ardea cinerea
AVIBASE-B49AB613,Ardea cocoi,Ardea cocoi,Ardea cocoi
AVIBASE-C7888A15,Ardea goliath,Ardea goliath,Ardea goliath
AVIBASE-93694BB5,Ardea herodias,Ardea herodias,Ardea herodias
AVIBASE-A8EE526F,Ardea humbloti,Ardea humbloti,Ardea humbloti
AVIBASE-1E1181E6,Ardea insignis,Ardea insignis,Ardea insignis
AVIBASE-30785911,Ardea intermedia,Ardea intermedia,Mesophoyx intermedia
AVIBASE-25A648FE,Ardea melanocephala,Ardea melanocephala,Ardea melanocephala
AVIBASE-93694BB5,Ardea occidentalis,Ardea herodias,Ardea herodias
AVIBASE-69F7C030,Ardea pacifica,Ardea pacifica,Ardea pacifica
AVIBASE-97558974,Ardea plumifera,Ardea intermedia,Mesophoyx intermedia
AVIBASE-3395DCF1,Ardea purpurea,Ardea purpurea,Ardea purpurea
AVIBASE-9B073071,Ardea sumatrana,Ardea sumatrana,Ardea sumatrana
AVIBASE-83F9C058,Ardenna bulleri,Ardenna bulleri,Puffinus bulleri
AVIBASE-08F22F84,Ardenna carneipes,Ardenna carneipes,Puffinus carneipes
AVIBASE-9A77D2B0,Ardenna creatopus,Ardenna creatopus,Puffinus creatopus
AVIBASE-8B879DFA,Ardenna gravis,Ardenna gravis,Puffinus gravis
AVIBASE-1725B07D,Ardenna grisea,Ardenna grisea,Puffinus griseus
AVIBASE-E94A7272,Ardenna pacifica,Ardenna pacifica,Puffinus pacificus
AVIBASE-60825BF6,Ardenna tenuirostris,Ardenna tenuirostris,Puffinus tenuirostris
AVIBASE-56292AA8,Ardeola bacchus,Ardeola bacchus,Ardeola bacchus
AVIBASE-E5E0B92F,Ardeola grayii,Ardeola grayii,Ardeola grayii
AVIBASE-EA2C460A,Ardeola idae,Ardeola idae,Ardeola idae
AVIBASE-CE73EBD7,Ardeola ralloides,Ardeola ralloides,Ardeola ralloides
AVIBASE-AEB2DA9B,Ardeola rufiventris,Ardeola rufiventris,Ardeola rufiventris
AVIBASE-CC13DEBE,Ardeola speciosa,Ardeola speciosa,Ardeola speciosa
AVIBASE-6A394479,Ardeotis arabs,Ardeotis arabs,Ardeotis arabs
AVIBASE-5D1DFB96,Ardeotis australis,Ardeotis australis,Ardeotis australis
AVIBASE-4FC41CA0,Ardeotis kori,Ardeotis kori,Ardeotis kori
AVIBASE-2799567A,Ardeotis nigriceps,Ardeotis nigriceps,Ardeotis nigriceps
AVIBASE-DC3050A9,Arenaria interpres,Arenaria interpres,Arenaria interpres
AVIBASE-0413ED30,Arenaria melanocephala,Arenaria melanocephala,Arenaria melanocephala
AVIBASE-F9F6A725,Argusianus argus,Argusianus argus,Argusianus argus
AVIBASE-FE13475E,Argya altirostris,Argya altirostris,Turdoides altirostris
AVIBASE-987C8F6E,Argya aylmeri,Argya aylmeri,Turdoides aylmeri
AVIBASE-18B418AB,Argya caudata,Argya huttoni,Turdoides caudata
AVIBASE-310AEDC8,Argya caudata,Argya caudata,Turdoides caudata
AVIBASE-308AADDB,Argya earlei,Argya earlei,Turdoides earlei
AVIBASE-3EFD8DF0,Argya fulva,Argya fulva,Turdoides fulva
AVIBASE-8EB286E5,Argya malcolmi,Argya malcolmi,Turdoides malcolmi
AVIBASE-861DA135,Argya rubiginosa,Argya rubiginosa,Turdoides rubiginosa
AVIBASE-E99FE2FE,Argya squamiceps,Argya squamiceps,Turdoides squamiceps
AVIBASE-51AADA00,Argya subrufa,Argya subrufa,Turdoides subrufa
AVIBASE-B421F18C,Arizelocichla chlorigula,Arizelocichla chlorigula,Andropadus nigriceps
AVIBASE-1F66AE1E,Arizelocichla fusciceps,Arizelocichla fusciceps,Andropadus nigriceps
AVIBASE-6FC57210,Arizelocichla masukuensis,Arizelocichla masukuensis,Andropadus masukuensis
AVIBASE-8479F56E,Arizelocichla milanjensis,Arizelocichla milanjensis,Andropadus milanjensis
AVIBASE-0802ADF1,Arizelocichla montana,Arizelocichla montana,Andropadus montanus
AVIBASE-8EDD570A,Arizelocichla neumanni,Arizelocichla neumanni,Andropadus nigriceps
AVIBASE-54A902B5,Arizelocichla nigriceps,Arizelocichla nigriceps,Andropadus nigriceps
AVIBASE-4996833A,Arizelocichla striifacies,Arizelocichla milanjensis,Andropadus milanjensis
AVIBASE-DA399CC6,Arizelocichla tephrolaema,Arizelocichla tephrolaema,Andropadus tephrolaemus
AVIBASE-589AC53A,Arremon abeillei,Arremon abeillei,Arremon abeillei
AVIBASE-296CB63F,Arremon assimilis,Arremon assimilis,Arremon torquatus
AVIBASE-3772DEC8,Arremon atricapillus,Arremon atricapillus,Arremon torquatus
AVIBASE-DDB56D82,Arremon aurantiirostris,Arremon aurantiirostris,Arremon aurantiirostris
AVIBASE-61060774,Arremon basilicus,Arremon basilicus,Arremon torquatus
AVIBASE-5A24AF5E,Arremon brunneinucha,Arremon brunneinucha,Arremon brunneinucha
AVIBASE-095A3BA2,Arremon castaneiceps,Arremon castaneiceps,Arremon castaneiceps
AVIBASE-F17D47AB,Arremon costaricensis,Arremon costaricensis,Arremon torquatus
AVIBASE-214F5851,Arremon crassirostris,Arremon crassirostris,Arremon crassirostris
AVIBASE-F609C135,Arremon dorbignii,Arremon dorbignii,Arremon flavirostris
AVIBASE-98FDE7F4,Arremon flavirostris,Arremon flavirostris,Arremon flavirostris
AVIBASE-16D083E9,Arremon franciscanus,Arremon franciscanus,Arremon franciscanus
AVIBASE-32C316F9,Arremon nigriceps,Arremon abeillei,Arremon abeillei
AVIBASE-41B3966D,Arremon perijanus,Arremon perijanus,Arremon torquatus
AVIBASE-F6DD4273,Arremon phaeopleurus,Arremon phaeopleurus,Arremon torquatus
AVIBASE-FB16BA4E,Arremon phygas,Arremon phygas,Arremon torquatus
AVIBASE-A149DC0A,Arremon schlegeli,Arremon schlegeli,Arremon schlegeli
AVIBASE-401DC20C,Arremon semitorquatus,Arremon semitorquatus,Arremon semitorquatus
AVIBASE-A5A38A04,Arremon taciturnus,Arremon taciturnus,Arremon taciturnus
AVIBASE-C6494962,Arremon torquatus,Arremon torquatus,Arremon torquatus
AVIBASE-86466110,Arremon virenticeps,Arremon virenticeps,Arremon virenticeps
AVIBASE-8FDDD147,Arremonops chloronotus,Arremonops chloronotus,Arremonops chloronotus
AVIBASE-BF9F34F5,Arremonops conirostris,Arremonops conirostris,Arremonops conirostris
AVIBASE-EF18C1EC,Arremonops rufivirgatus,Arremonops rufivirgatus,Arremonops rufivirgatus
AVIBASE-53B7F671,Arremonops tocuyensis,Arremonops tocuyensis,Arremonops tocuyensis
AVIBASE-F25F2B9A,Arses insularis,Arses insularis,Arses insularis
AVIBASE-1AE95762,Arses kaupi,Arses kaupi,Arses kaupi
AVIBASE-C468414C,Arses lorealis,Arses lorealis,Arses telescophthalmus
AVIBASE-8FCA9FAC,Arses telescopthalmus,Arses telescopthalmus,Arses telescophthalmus
AVIBASE-C141B912,Artamella viridis,Artamella viridis,Artamella viridis
AVIBASE-DD4B0562,Artamus cinereus,Artamus cinereus,Artamus cinereus
AVIBASE-0DA479A1,Artamus cyanopterus,Artamus cyanopterus,Artamus cyanopterus
AVIBASE-D10DF10F,Artamus fuscus,Artamus fuscus,Artamus fuscus
AVIBASE-30822099,Artamus insignis,Artamus insignis,Artamus insignis
AVIBASE-05793C3E,Artamus leucoryn,Artamus leucorynchus,Artamus leucorynchus
AVIBASE-776CBB16,Artamus maximus,Artamus maximus,Artamus maximus
AVIBASE-F12E7F7F,Artamus mentalis,Artamus mentalis,Artamus mentalis
AVIBASE-CEB500D2,Artamus minor,Artamus minor,Artamus minor
AVIBASE-7ADFC30E,Artamus monachus,Artamus monachus,Artamus monachus
AVIBASE-92A5A04D,Artamus personatus,Artamus personatus,Artamus personatus
AVIBASE-FC26F2A3,Artamus superciliosus,Artamus superciliosus,Artamus superciliosus
AVIBASE-87878948,Artemisiospiza belli,Artemisiospiza belli,Amphispiza belli
AVIBASE-55572EBE,Artemisiospiza nevadensis,Artemisiospiza nevadensis,Amphispiza belli
AVIBASE-5C5C1A5E,Artisornis metopias,Artisornis metopias,Artisornis metopias
AVIBASE-0B0BBE24,Artisornis moreaui,Artisornis moreaui,Artisornis moreaui
AVIBASE-49EF5910,Artisornis sousae,Artisornis moreaui,Artisornis moreaui
AVIBASE-213C212A,Arundinax aedon,Arundinax aedon,Acrocephalus aedon
AVIBASE-9C4B6D6D,Arundinicola leucocephala,Arundinicola leucocephala,Arundinicola leucocephala
AVIBASE-FDB6503B,Asarcornis scutulata,Asarcornis scutulata,Cairina scutulata
AVIBASE-F2091EB7,Asemospiza fuliginosa,Asemospiza fuliginosa,Tiaris fuliginosus
AVIBASE-E83C7E46,Asemospiza obscura,Asemospiza obscura,Tiaris obscurus
AVIBASE-A35FBC5E,Ashbyia lovensis,Ashbyia lovensis,Ashbyia lovensis
AVIBASE-250123FB,Asio abyssinicus,Asio abyssinicus,Asio abyssinicus
AVIBASE-83E21A84,Asio capensis,Asio capensis,Asio capensis
AVIBASE-849E5AD2,Asio clamator,Asio clamator,Pseudoscops clamator
AVIBASE-8F123A11,Asio flammeus,Asio flammeus,Asio flammeus
AVIBASE-D3DBC5EE,Asio madagascariensis,Asio madagascariensis,Asio madagascariensis
AVIBASE-FC4D40D2,Asio otus,Asio otus,Asio otus
AVIBASE-C1EAF183,Asio stygius,Asio stygius,Asio stygius
AVIBASE-720774A8,Aspatha gularis,Aspatha gularis,Aspatha gularis
AVIBASE-0C97A2B4,Asthenes anthoides,Asthenes anthoides,Asthenes anthoides
AVIBASE-2E0A1312,Asthenes arequipae,Asthenes dorbignyi,Asthenes arequipae
AVIBASE-E67415D7,Asthenes ayacuchensis,Asthenes ayacuchensis,Schizoeaca vilcabambae
AVIBASE-EC1EC2F3,Asthenes baeri,Asthenes baeri,Asthenes baeri
AVIBASE-54444A9B,Asthenes berlepschi,Asthenes berlepschi,Asthenes berlepschi
AVIBASE-9F89BDB8,Asthenes coryi,Asthenes coryi,Schizoeaca coryi
AVIBASE-95A33B5D,Asthenes dorbignyi,Asthenes dorbignyi,Asthenes dorbignyi
AVIBASE-18C02E15,Asthenes flammulata,Asthenes flammulata,Asthenes flammulata
AVIBASE-92EDD5BE,Asthenes fuliginosa,Asthenes fuliginosa,Schizoeaca fuliginosa
AVIBASE-A2B9B8CE,Asthenes griseomurina,Asthenes griseomurina,Schizoeaca griseomurina
AVIBASE-B1A9C628,Asthenes harterti,Asthenes harterti,Schizoeaca harterti
AVIBASE-B87C0D49,Asthenes helleri,Asthenes helleri,Schizoeaca helleri
AVIBASE-03B93C7F,Asthenes heterura,Asthenes heterura,Asthenes heterura
AVIBASE-2AA4C9F4,Asthenes huancavelicae,Asthenes dorbignyi,Asthenes huancavelicae
AVIBASE-858D5EB2,Asthenes hudsoni,Asthenes hudsoni,Asthenes hudsoni
AVIBASE-BD30D5C7,Asthenes humilis,Asthenes humilis,Asthenes humilis
AVIBASE-E554EF3F,Asthenes luizae,Asthenes luizae,Asthenes luizae
AVIBASE-826918E3,Asthenes maculicauda,Asthenes maculicauda,Asthenes maculicauda
AVIBASE-FE737644,Asthenes modesta,Asthenes modesta,Asthenes modesta
AVIBASE-BF71CB3E,Asthenes moreirae,Asthenes moreirae,Oreophylax moreirae
AVIBASE-D1C92128,Asthenes ottonis,Asthenes ottonis,Asthenes ottonis
AVIBASE-48C5FC42,Asthenes palpebralis,Asthenes palpebralis,Schizoeaca palpebralis
AVIBASE-2EC35E39,Asthenes perijana,Asthenes perijana,Schizoeaca perijana
AVIBASE-60EFDF36,Asthenes pudibunda,Asthenes pudibunda,Asthenes pudibunda
AVIBASE-500D06A4,Asthenes pyrrholeuca,Asthenes pyrrholeuca,Asthenes pyrrholeuca
AVIBASE-123469C1,Asthenes urubambensis,Asthenes urubambensis,Asthenes urubambensis
AVIBASE-8B7B4EB0,Asthenes usheri,Asthenes dorbignyi,Asthenes dorbignyi
AVIBASE-4700E3C0,Asthenes vilcabambae,Asthenes vilcabambae,Schizoeaca vilcabambae
AVIBASE-9957DCA6,Asthenes virgata,Asthenes virgata,Asthenes virgata
AVIBASE-4026E460,Asthenes wyatti,Asthenes sclateri,Asthenes sclateri
AVIBASE-210B36A8,Asthenes wyatti,Asthenes wyatti,Asthenes wyatti
AVIBASE-8F49F932,Astrapia mayeri,Astrapia mayeri,Astrapia mayeri
AVIBASE-58CC9EE3,Astrapia nigra,Astrapia nigra,Astrapia nigra
AVIBASE-2B6125A5,Astrapia rothschildi,Astrapia rothschildi,Astrapia rothschildi
AVIBASE-AAC25028,Astrapia splendidissima,Astrapia splendidissima,Astrapia splendidissima
AVIBASE-81167821,Astrapia stephaniae,Astrapia stephaniae,Astrapia stephaniae
AVIBASE-CD3601B0,Atalotriccus pilaris,Atalotriccus pilaris,Atalotriccus pilaris
AVIBASE-9D600C9B,Atelornis crossleyi,Atelornis crossleyi,Atelornis crossleyi
AVIBASE-D5C06D94,Atelornis pittoides,Atelornis pittoides,Atelornis pittoides
AVIBASE-DD89F95C,Athene blewitti,Athene blewitti,Heteroglaux blewitti
AVIBASE-DDE6A352,Athene brama,Athene brama,Athene brama
AVIBASE-B9EE9676,Athene cunicularia,Athene cunicularia,Athene cunicularia
AVIBASE-9A7B268C,Athene noctua,Athene noctua,Athene noctua
AVIBASE-8874AA69,Athene superciliaris,Athene superciliaris,Ninox superciliaris
AVIBASE-3C8E84A6,Atimastillas flavicollis,Atimastillas flavicollis,Chlorocichla flavicollis
AVIBASE-89C51401,Atimastillas flavigula,Atimastillas flavicollis,Chlorocichla flavicollis
AVIBASE-DC3A82AB,Atlapetes albiceps,Atlapetes albiceps,Atlapetes albiceps
AVIBASE-BED7D8CC,Atlapetes albinucha,Atlapetes albinucha,Atlapetes albinucha
AVIBASE-054753E8,Atlapetes albofrenatus,Atlapetes albofrenatus,Atlapetes albofrenatus
AVIBASE-EFE3658B,Atlapetes blancae,Atlapetes blancae,Atlapetes schistaceus
AVIBASE-9169054E,Atlapetes canigenis,Atlapetes canigenis,Atlapetes canigenis
AVIBASE-CB530B1A,Atlapetes citrinellus,Atlapetes citrinellus,Atlapetes citrinellus
AVIBASE-14D41E23,Atlapetes crassus,Atlapetes tricolor,Atlapetes tricolor
AVIBASE-19C9112F,Atlapetes flaviceps,Atlapetes flaviceps,Atlapetes flaviceps
AVIBASE-13357BFE,Atlapetes forbesi,Atlapetes forbesi,Atlapetes forbesi
AVIBASE-280F5CC1,Atlapetes fulviceps,Atlapetes fulviceps,Atlapetes fulviceps
AVIBASE-313A1403,Atlapetes fuscoolivaceus,Atlapetes fuscoolivaceus,Atlapetes fuscoolivaceus
AVIBASE-9FE395E9,Atlapetes latinuchus,Atlapetes latinuchus,Atlapetes latinuchus
AVIBASE-1DCF89A9,Atlapetes leucopis,Atlapetes leucopis,Atlapetes leucopis
AVIBASE-2FA609DC,Atlapetes leucopterus,Atlapetes leucopterus,Atlapetes leucopterus
AVIBASE-71DAB8C3,Atlapetes melanocephalus,Atlapetes melanocephalus,Atlapetes melanocephalus
AVIBASE-F0263CAC,Atlapetes melanolaemus,Atlapetes melanolaemus,Atlapetes melanolaemus
AVIBASE-43F4F789,Atlapetes melanopsis,Atlapetes melanopsis,Atlapetes melanopsis
AVIBASE-FF7D80E0,Atlapetes meridae,Atlapetes albofrenatus,Atlapetes albofrenatus
AVIBASE-B6DD68BC,Atlapetes nationi,Atlapetes nationi,Atlapetes nationi
AVIBASE-FB4C2D40,Atlapetes nigrifrons,Atlapetes latinuchus,Atlapetes latinuchus
AVIBASE-E350CC20,Atlapetes pallidiceps,Atlapetes pallidiceps,Atlapetes pallidiceps
AVIBASE-B4E51F83,Atlapetes pallidinucha,Atlapetes pallidinucha,Atlapetes pallidinucha
AVIBASE-DDDB0C05,Atlapetes paynteri,Atlapetes leucopterus,Atlapetes leucopterus
AVIBASE-2AFDFA77,Atlapetes personatus,Atlapetes personatus,Atlapetes personatus
AVIBASE-FB47A4AE,Atlapetes pileatus,Atlapetes pileatus,Atlapetes pileatus
AVIBASE-B36F4464,Atlapetes rufigenis,Atlapetes rufigenis,Atlapetes rufigenis
AVIBASE-C9C868E0,Atlapetes rufinucha,Atlapetes rufinucha,Atlapetes rufinucha
AVIBASE-7A6A8753,Atlapetes schistaceus,Atlapetes schistaceus,Atlapetes schistaceus
AVIBASE-2E52D2F3,Atlapetes seebohmi,Atlapetes seebohmi,Atlapetes seebohmi
AVIBASE-22518A82,Atlapetes semirufus,Atlapetes semirufus,Atlapetes semirufus
AVIBASE-B0DF25DD,Atlapetes taczanowskii,Atlapetes schistaceus,Atlapetes schistaceus
AVIBASE-B8F9BCA6,Atlapetes terborghi,Atlapetes terborghi,Atlapetes terborghi
AVIBASE-7FE52D63,Atlapetes tricolor,Atlapetes tricolor,Atlapetes tricolor
AVIBASE-D3A5B317,Atrichornis clamosus,Atrichornis clamosus,Atrichornis clamosus
AVIBASE-EA9FC4C7,Atrichornis rufescens,Atrichornis rufescens,Atrichornis rufescens
AVIBASE-91BD7FA4,Atronanus fuliginosus,Atronanus fuliginosus,Hirundo fuliginosa
AVIBASE-7C72CD00,Attagis gayi,Attagis gayi,Attagis gayi
AVIBASE-1D9989DE,Attagis malouinus,Attagis malouinus,Attagis malouinus
AVIBASE-A5C2B7FB,Atthis ellioti,Selasphorus ellioti,Atthis ellioti
AVIBASE-FDB8FCFF,Atthis heloisa,Selasphorus heloisa,Atthis heloisa
AVIBASE-DA652FA1,Atticora fasciata,Atticora fasciata,Atticora fasciata
AVIBASE-11D863E7,Atticora pileata,Atticora pileata,Notiochelidon pileata
AVIBASE-40A08189,Atticora tibialis,Atticora tibialis,Neochelidon tibialis
AVIBASE-8DA83B89,Attila bolivianus,Attila bolivianus,Attila bolivianus
AVIBASE-A6AB77CA,Attila cinnamomeus,Attila cinnamomeus,Attila cinnamomeus
AVIBASE-DE322436,Attila citriniventris,Attila citriniventris,Attila citriniventris
AVIBASE-B747569D,Attila phoenicurus,Attila phoenicurus,Attila phoenicurus
AVIBASE-727CE8E0,Attila rufus,Attila rufus,Attila rufus
AVIBASE-BA09A296,Attila spadiceus,Attila spadiceus,Attila spadiceus
AVIBASE-2896E1DB,Attila torridus,Attila torridus,Attila torridus
AVIBASE-DFFC8C88,Augastes lumachella,Augastes lumachella,Augastes lumachella
AVIBASE-443B3BC2,Augastes scutatus,Augastes scutatus,Augastes scutatus
AVIBASE-8E12984D,Aulacorhynchus albivitta,Aulacorhynchus albivitta,Aulacorhynchus prasinus
AVIBASE-C57FFB20,Aulacorhynchus atrogularis,Aulacorhynchus albivitta,Aulacorhynchus prasinus
AVIBASE-CA6C6887,Aulacorhynchus caeruleogularis,Aulacorhynchus prasinus,Aulacorhynchus prasinus
AVIBASE-20DB2669,Aulacorhynchus caeruleogularis,Aulacorhynchus prasinus,Aulacorhynchus prasinus
AVIBASE-48DA6E65,Aulacorhynchus calorhynchus,Aulacorhynchus sulcatus,Aulacorhynchus prasinus
AVIBASE-697EA51C,Aulacorhynchus coeruleicinctis,Aulacorhynchus coeruleicinctis,Aulacorhynchus coeruleicinctis
AVIBASE-4BC70F00,Aulacorhynchus cyanolaemus,Aulacorhynchus albivitta,Aulacorhynchus prasinus
AVIBASE-D47AF774,Aulacorhynchus derbianus,Aulacorhynchus derbianus,Aulacorhynchus derbianus
AVIBASE-23DB8356,Aulacorhynchus haematopygus,Aulacorhynchus haematopygus,Aulacorhynchus haematopygus
AVIBASE-0224509A,Aulacorhynchus huallagae,Aulacorhynchus huallagae,Aulacorhynchus huallagae
AVIBASE-B35771C7,Aulacorhynchus prasinus,Aulacorhynchus prasinus,Aulacorhynchus prasinus
AVIBASE-96711EDE,Aulacorhynchus sulcatus,Aulacorhynchus sulcatus,Aulacorhynchus sulcatus
AVIBASE-8A785F55,Aulacorhynchus wagleri,Aulacorhynchus prasinus,Aulacorhynchus prasinus
AVIBASE-7E9EAE09,Aulacorhynchus whitelianus,Aulacorhynchus whitelianus,Aulacorhynchus derbianus
AVIBASE-A5EFA84D,Auriparus flaviceps,Auriparus flaviceps,Auriparus flaviceps
AVIBASE-70B85047,Automolus infuscatus,Automolus infuscatus,Automolus infuscatus
AVIBASE-04790B6B,Automolus lammi,Automolus lammi,Automolus leucophthalmus
AVIBASE-BD05FA71,Automolus leucophthalmus,Automolus leucophthalmus,Automolus leucophthalmus
AVIBASE-A1CCBC5B,Automolus melanopezus,Automolus melanopezus,Automolus melanopezus
AVIBASE-CC56B1E8,Automolus ochrolaemus,Automolus ochrolaemus,Automolus ochrolaemus
AVIBASE-3083EA83,Automolus ochrolaemus,Automolus exsertus,Automolus ochrolaemus
AVIBASE-C1DCEE2E,Automolus ochrolaemus,NA,Automolus ochrolaemus
AVIBASE-B5A44D0A,Automolus paraensis,Automolus paraensis,Automolus infuscatus
AVIBASE-BB4AD3F2,Automolus rufipileatus,Automolus rufipileatus,Automolus rufipileatus
AVIBASE-E9BB1550,Automolus subulatus,Automolus subulatus,Hyloctistes subulatus
AVIBASE-BD6ADDF5,Automolus virgatus,Automolus subulatus,Hyloctistes virgatus
AVIBASE-648936C0,Aviceda cuculoides,Aviceda cuculoides,Aviceda cuculoides
AVIBASE-0C89F1D6,Aviceda jerdoni,Aviceda jerdoni,Aviceda jerdoni
AVIBASE-139A5705,Aviceda leuphotes,Aviceda leuphotes,Aviceda leuphotes
AVIBASE-C8E60C39,Aviceda madagascariensis,Aviceda madagascariensis,Aviceda madagascariensis
AVIBASE-010AC994,Aviceda subcristata,Aviceda subcristata,Aviceda subcristata
AVIBASE-6B46AD2F,Avocettula recurvirostris,Avocettula recurvirostris,Avocettula recurvirostris
AVIBASE-50566E50,Aythya affinis,Aythya affinis,Aythya affinis
AVIBASE-3072CC16,Aythya americana,Aythya americana,Aythya americana
AVIBASE-ABEF107C,Aythya australis,Aythya australis,Aythya australis
AVIBASE-750FE708,Aythya baeri,Aythya baeri,Aythya baeri
AVIBASE-0783A7EA,Aythya collaris,Aythya collaris,Aythya collaris
AVIBASE-A96692E0,Aythya ferina,Aythya ferina,Aythya ferina
AVIBASE-67CEA1C1,Aythya fuligula,Aythya fuligula,Aythya fuligula
AVIBASE-691757FF,Aythya innotata,Aythya innotata,Aythya innotata
AVIBASE-25C94A8F,Aythya marila,Aythya marila,Aythya marila
AVIBASE-3C157679,Aythya novaeseelandiae,Aythya novaeseelandiae,Aythya novaeseelandiae
AVIBASE-7CF91527,Aythya nyroca,Aythya nyroca,Aythya nyroca
AVIBASE-1929E1E1,Aythya valisineria,Aythya valisineria,Aythya valisineria
AVIBASE-66698D9B,Baeolophus atricristatus,Baeolophus atricristatus,Baeolophus atricristatus
AVIBASE-B488AB70,Baeolophus bicolor,Baeolophus bicolor,Baeolophus bicolor
AVIBASE-715D4DDE,Baeolophus inornatus,Baeolophus inornatus,Baeolophus inornatus
AVIBASE-E366AB90,Baeolophus ridgwayi,Baeolophus ridgwayi,Baeolophus ridgwayi
AVIBASE-4CB87DBB,Baeolophus wollweberi,Baeolophus wollweberi,Baeolophus wollweberi
AVIBASE-C6833BA9,Baeopogon clamans,Baeopogon clamans,Baeopogon clamans
AVIBASE-E6A0D208,Baeopogon indicator,Baeopogon indicator,Baeopogon indicator
AVIBASE-47C7FDFD,Balaeniceps rex,Balaeniceps rex,Balaeniceps rex
AVIBASE-31413BFF,Balearica pavonina,Balearica pavonina,Balearica pavonina
AVIBASE-D10CAC5D,Balearica regulorum,Balearica regulorum,Balearica regulorum
AVIBASE-A070B7F4,Bambusicola fytchii,Bambusicola fytchii,Bambusicola fytchii
AVIBASE-FAA56C5A,Bambusicola sonorivox,Bambusicola sonorivox,Bambusicola thoracicus
AVIBASE-59ECAD9D,Bambusicola thoracicus,Bambusicola thoracicus,Bambusicola thoracicus
AVIBASE-B005C25F,Bangsia arcaei,Bangsia arcaei,Bangsia arcaei
AVIBASE-E6653E57,Bangsia aureocincta,Bangsia aureocincta,Bangsia aureocincta
AVIBASE-5C7EE0EE,Bangsia edwardsi,Bangsia edwardsi,Bangsia edwardsi
AVIBASE-0D919D11,Bangsia flavovirens,Bangsia flavovirens,Chlorospingus flavovirens
AVIBASE-44CDF1D4,Bangsia melanochlamys,Bangsia melanochlamys,Bangsia melanochlamys
AVIBASE-26D354A0,Bangsia rothschildi,Bangsia rothschildi,Bangsia rothschildi
AVIBASE-0F0DAFFA,Barnardius zonarius,Barnardius zonarius,Barnardius zonarius
AVIBASE-BF1DA86E,Bartramia longicauda,Bartramia longicauda,Bartramia longicauda
AVIBASE-435AB47D,Baryphthengus martii,Baryphthengus martii,Baryphthengus martii
AVIBASE-C2966A66,Baryphthengus ruficapillus,Baryphthengus ruficapillus,Baryphthengus ruficapillus
AVIBASE-8C439FC1,Basileuterus auricapilla,Basileuterus culicivorus,Basileuterus culicivorus
AVIBASE-BFB6CAFA,Basileuterus belli,Basileuterus belli,Basileuterus belli
AVIBASE-6E69E37F,Basileuterus cabanisi,Basileuterus culicivorus,Basileuterus culicivorus
AVIBASE-0F621CEC,Basileuterus culicivorus,Basileuterus culicivorus,Basileuterus culicivorus
AVIBASE-2B235A4C,Basileuterus griseiceps,Basileuterus griseiceps,Basileuterus griseiceps
AVIBASE-71782EE1,Basileuterus hypoleucus,Basileuterus culicivorus,Basileuterus hypoleucus
AVIBASE-F0D7DABD,Basileuterus ignotus,Basileuterus ignotus,Basileuterus ignotus
AVIBASE-C35381D0,Basileuterus lachrymosus,Basileuterus lachrymosus,Euthlypis lachrymosa
AVIBASE-D2459CC0,Basileuterus melanogenys,Basileuterus melanogenys,Basileuterus melanogenys
AVIBASE-AC24B6B5,Basileuterus rufifrons,Basileuterus rufifrons,Basileuterus rufifrons
AVIBASE-F50F4ACE,Basileuterus rufifrons,Basileuterus delattrii,Basileuterus rufifrons
AVIBASE-2B2A04D0,Basileuterus trifasciatus,Basileuterus trifasciatus,Basileuterus trifasciatus
AVIBASE-72362014,Basileuterus tristriatus,Basileuterus tristriatus,Basileuterus tristriatus
AVIBASE-1741B8A7,Basileuterus tristriatus,Basileuterus melanotis,Basileuterus tristriatus
AVIBASE-D49E0B95,Basilinna leucotis,Basilinna leucotis,Hylocharis leucotis
AVIBASE-2A5C6788,Basilinna xantusii,Basilinna xantusii,Hylocharis xantusii
AVIBASE-B3AE961E,Basilornis celebensis,Basilornis celebensis,Basilornis celebensis
AVIBASE-49A7572C,Basilornis corythaix,Basilornis corythaix,Basilornis corythaix
AVIBASE-6DE7C210,Basilornis galeatus,Basilornis galeatus,Basilornis galeatus
AVIBASE-4EADEBB3,Batara cinerea,Batara cinerea,Batara cinerea
AVIBASE-8EDC9B24,Bathmocercus cerviniventris,Bathmocercus cerviniventris,Bathmocercus cerviniventris
AVIBASE-438D0DFF,Bathmocercus rufus,Bathmocercus rufus,Bathmocercus rufus
AVIBASE-DA2B7379,Batis capensis,Batis capensis,Batis capensis
AVIBASE-ADB0C99F,Batis crypta,Batis crypta,Batis crypta
AVIBASE-F2A919A8,Batis dimorpha,Batis capensis,Batis capensis
AVIBASE-B8BAD214,Batis diops,Batis diops,Batis diops
AVIBASE-DF7C8FC5,Batis erlangeri,Batis erlangeri,Batis minor
AVIBASE-B9669030,Batis fratrum,Batis fratrum,Batis fratrum
AVIBASE-45C905C5,Batis ituriensis,Batis ituriensis,Batis ituriensis
AVIBASE-5D9428D8,Batis margaritae,Batis margaritae,Batis margaritae
AVIBASE-43F4D13C,Batis minima,Batis minima,Batis minima
AVIBASE-90D0D245,Batis minor,Batis minor,Batis minor
AVIBASE-F254EE2D,Batis minulla,Batis minulla,Batis minulla
AVIBASE-CDC8A3E6,Batis mixta,Batis mixta,Batis mixta
AVIBASE-C5C38D98,Batis molitor,Batis molitor,Batis molitor
AVIBASE-8662B6A1,Batis occulta,Batis occulta,Batis occulta
AVIBASE-A6DFFC15,Batis orientalis,Batis orientalis,Batis orientalis
AVIBASE-5C9DDB02,Batis perkeo,Batis perkeo,Batis perkeo
AVIBASE-0718A157,Batis poensis,Batis poensis,Batis poensis
AVIBASE-982B2C3A,Batis pririt,Batis pririt,Batis pririt
AVIBASE-90A3BA20,Batis reichenowi,Batis mixta,Batis mixta
AVIBASE-66B40819,Batis senegalensis,Batis senegalensis,Batis senegalensis
AVIBASE-5A58B69A,Batis soror,Batis soror,Batis soror
AVIBASE-9E4E307A,Batrachostomus auritus,Batrachostomus auritus,Batrachostomus auritus
AVIBASE-D3AF2371,Batrachostomus cornutus,Batrachostomus cornutus,Batrachostomus cornutus
AVIBASE-F595D563,Batrachostomus harterti,Batrachostomus harterti,Batrachostomus harterti
AVIBASE-5CB94E3D,Batrachostomus hodgsoni,Batrachostomus hodgsoni,Batrachostomus hodgsoni
AVIBASE-E91D453A,Batrachostomus javensis,Batrachostomus affinis,Batrachostomus javensis
AVIBASE-E91D453A,Batrachostomus javensis,Batrachostomus affinis,Batrachostomus affinis
AVIBASE-E882E75A,Batrachostomus mixtus,Batrachostomus mixtus,Batrachostomus mixtus
AVIBASE-8739173E,Batrachostomus moniliger,Batrachostomus moniliger,Batrachostomus moniliger
AVIBASE-5825E595,Batrachostomus poliolophus,Batrachostomus poliolophus,Batrachostomus poliolophus
AVIBASE-360A309E,Batrachostomus septimus,Batrachostomus septimus,Batrachostomus septimus
AVIBASE-E325D317,Batrachostomus stellatus,Batrachostomus stellatus,Batrachostomus stellatus
AVIBASE-39960EAB,Belocercus longicaudus,Psittacula longicauda,Psittacula longicauda
AVIBASE-89BFB892,Berenicornis comatus,Berenicornis comatus,Aceros comatus
AVIBASE-EFEDF665,Berlepschia rikeri,Berlepschia rikeri,Berlepschia rikeri
AVIBASE-51FA9111,Bernieria madagascariensis,Bernieria madagascariensis,Bernieria madagascariensis
AVIBASE-F1A4B955,Bias musicus,Bias musicus,Bias musicus
AVIBASE-091D9EB1,Biatas nigropectus,Biatas nigropectus,Biatas nigropectus
AVIBASE-623B61C4,Biziura lobata,Biziura lobata,Biziura lobata
AVIBASE-D4B9EE90,Bleda canicapillus,Bleda canicapillus,Bleda canicapillus
AVIBASE-68043A88,Bleda eximius,Bleda eximius,Bleda eximius
AVIBASE-4F97BFE1,Bleda notatus,Bleda notatus,Bleda notatus
AVIBASE-5A94FEAE,Bleda syndactylus,Bleda syndactylus,Bleda syndactylus
AVIBASE-1D9175EA,Bleda ugandae,Bleda notatus,Bleda notatus
AVIBASE-1A1E0E53,Blythipicus pyrrhotis,Blythipicus pyrrhotis,Blythipicus pyrrhotis
AVIBASE-9D8AAF5D,Blythipicus rubiginosus,Blythipicus rubiginosus,Blythipicus rubiginosus
AVIBASE-7DCA1C1E,Bocagia minuta,Tchagra minutus,Tchagra minutus
AVIBASE-8DA07483,Boissonneaua flavescens,Boissonneaua flavescens,Boissonneaua flavescens
AVIBASE-1A8C5D44,Boissonneaua jardini,Boissonneaua jardini,Boissonneaua jardini
AVIBASE-AF91A813,Boissonneaua matthewsii,Boissonneaua matthewsii,Boissonneaua matthewsii
AVIBASE-E56BBA80,Bolbopsittacus lunulatus,Bolbopsittacus lunulatus,Bolbopsittacus lunulatus
AVIBASE-2706D697,Bolborhynchus ferrugineifrons,Bolborhynchus ferrugineifrons,Bolborhynchus ferrugineifrons
AVIBASE-0AD53589,Bolborhynchus lineola,Bolborhynchus lineola,Bolborhynchus lineola
AVIBASE-145BB516,Bolborhynchus orbygnesius,Bolborhynchus orbygnesius,Bolborhynchus orbygnesius
AVIBASE-565AF493,Bolemoreus frenatus,Bolemoreus frenatus,Lichenostomus frenatus
AVIBASE-A2F32028,Bolemoreus hindwoodi,Bolemoreus hindwoodi,Lichenostomus hindwoodi
AVIBASE-9437D635,Bombycilla cedrorum,Bombycilla cedrorum,Bombycilla cedrorum
AVIBASE-AEF821EC,Bombycilla garrulus,Bombycilla garrulus,Bombycilla garrulus
AVIBASE-F13AA87F,Bombycilla japonica,Bombycilla japonica,Bombycilla japonica
AVIBASE-B8CA2EEB,Bonasa bonasia,Tetrastes bonasia,Bonasa bonasia
AVIBASE-05BEE346,Bonasa sewerzowi,Tetrastes sewerzowi,Bonasa sewerzowi
AVIBASE-6D2B5CDA,Bonasa umbellus,Bonasa umbellus,Bonasa umbellus
AVIBASE-8B771A3B,Bostrychia bocagei,Bostrychia bocagei,Bostrychia bocagei
AVIBASE-AC5B7A01,Bostrychia carunculata,Bostrychia carunculata,Bostrychia carunculata
AVIBASE-CAFBA217,Bostrychia hagedash,Bostrychia hagedash,Bostrychia hagedash
AVIBASE-23ACB56E,Bostrychia olivacea,Bostrychia olivacea,Bostrychia olivacea
AVIBASE-44E9A521,Bostrychia rara,Bostrychia rara,Bostrychia rara
AVIBASE-13E9F9B4,Botaurus lentiginosus,Botaurus lentiginosus,Botaurus lentiginosus
AVIBASE-A3E4F16C,Botaurus pinnatus,Botaurus pinnatus,Botaurus pinnatus
AVIBASE-F18D7DF7,Botaurus poiciloptilus,Botaurus poiciloptilus,Botaurus poiciloptilus
AVIBASE-0F42F11A,Botaurus stellaris,Botaurus stellaris,Botaurus stellaris
AVIBASE-D76AC221,Brachycope anomala,Brachycope anomala,Brachycope anomala
AVIBASE-D4AF382C,Brachygalba albogularis,Brachygalba albogularis,Brachygalba albogularis
AVIBASE-F3E3C721,Brachygalba goeringi,Brachygalba goeringi,Brachygalba goeringi
AVIBASE-8B22F11F,Brachygalba lugubris,Brachygalba lugubris,Brachygalba lugubris
AVIBASE-26E37EC3,Brachygalba salmoni,Brachygalba salmoni,Brachygalba salmoni
AVIBASE-C72EC8C8,Brachypodius atriceps,Brachypodius melanocephalos,Pycnonotus atriceps
AVIBASE-78E73320,Brachypodius fuscoflavescens,Brachypodius fuscoflavescens,Pycnonotus atriceps
AVIBASE-D370538F,Brachypodius priocephalus,Brachypodius priocephalus,Pycnonotus priocephalus
AVIBASE-E86394DA,Brachypteracias leptosomus,Brachypteracias leptosomus,Brachypteracias leptosomus
AVIBASE-0C0078A7,Brachypteryx cruralis,Brachypteryx cruralis,Brachypteryx montana
AVIBASE-1599A511,Brachypteryx erythrogyna,Brachypteryx montana,Brachypteryx montana
AVIBASE-3353BA88,Brachypteryx floris,Brachypteryx montana,Brachypteryx montana
AVIBASE-66A4C6BB,Brachypteryx goodfellowi,Brachypteryx goodfellowi,Brachypteryx montana
AVIBASE-E1BA4929,Brachypteryx hyperythra,Brachypteryx hyperythra,Brachypteryx hyperythra
AVIBASE-26ACC9A5,Brachypteryx leucophris,Brachypteryx leucophris,Brachypteryx leucophrys
AVIBASE-98AF741E,Brachypteryx montana,Brachypteryx montana,Brachypteryx montana
AVIBASE-BCB949A5,Brachypteryx poliogyna,Brachypteryx montana,Brachypteryx montana
AVIBASE-EED638F3,Brachypteryx saturata,Brachypteryx montana,Brachypteryx montana
AVIBASE-DF676564,Brachypteryx sinensis,Brachypteryx sinensis,Brachypteryx montana
AVIBASE-7AD855E2,Brachyramphus brevirostris,Brachyramphus brevirostris,Brachyramphus brevirostris
AVIBASE-31557374,Brachyramphus marmoratus,Brachyramphus marmoratus,Brachyramphus marmoratus
AVIBASE-0518820F,Brachyramphus perdix,Brachyramphus perdix,Brachyramphus perdix
AVIBASE-D5629ECA,Bradornis boehmi,Bradornis boehmi,Muscicapa boehmi
AVIBASE-F21A8321,Bradornis comitatus,Bradornis comitatus,Muscicapa comitata
AVIBASE-AD9EBAC2,Bradornis fuliginosus,Bradornis fuliginosus,Muscicapa infuscata
AVIBASE-561780A5,Bradornis mariquensis,Bradornis mariquensis,Bradornis mariquensis
AVIBASE-E281D783,Bradornis microrhynchus,Bradornis microrhynchus,Bradornis microrhynchus
AVIBASE-79993B33,Bradornis ussheri,Bradornis ussheri,Muscicapa ussheri
AVIBASE-A630DB2C,Bradypterus alfredi,Locustella alfredi,Bradypterus alfredi
AVIBASE-ED9EE880,Bradypterus baboecala,Bradypterus baboecala,Bradypterus baboecala
AVIBASE-AD3FBCA9,Bradypterus bangwaensis,Bradypterus bangwaensis,Bradypterus bangwaensis
AVIBASE-6A8A9135,Bradypterus barratti,Bradypterus barratti,Bradypterus barratti
AVIBASE-D9721DB9,Bradypterus brunneus,Bradypterus brunneus,Dromaeocercus brunneus
AVIBASE-8CA1A851,Bradypterus carpalis,Bradypterus carpalis,Bradypterus carpalis
AVIBASE-ED9EE880,Bradypterus centralis,Bradypterus baboecala,Bradypterus baboecala
AVIBASE-523913AE,Bradypterus cinnamomeus,Bradypterus cinnamomeus,Bradypterus cinnamomeus
AVIBASE-4761DFE7,Bradypterus grandis,Bradypterus grandis,Bradypterus grandis
AVIBASE-1DC48058,Bradypterus graueri,Bradypterus graueri,Bradypterus graueri
AVIBASE-8160D091,Bradypterus lopezi,Bradypterus lopezi,Bradypterus lopezi
AVIBASE-D4F0437E,Bradypterus sylvaticus,Bradypterus sylvaticus,Bradypterus sylvaticus
AVIBASE-3E04020B,Branta bernicla,Branta bernicla,Branta bernicla
AVIBASE-B59E1863,Branta canadensis,Branta canadensis,Branta canadensis
AVIBASE-60214D49,Branta hutchinsii,Branta hutchinsii,Branta hutchinsii
AVIBASE-3163ED86,Branta leucopsis,Branta leucopsis,Branta leucopsis
AVIBASE-0D280B3F,Branta ruficollis,Branta ruficollis,Branta ruficollis
AVIBASE-EDB18078,Branta sandvicensis,Branta sandvicensis,Branta sandvicensis
AVIBASE-1FEC3F95,Brotogeris chiriri,Brotogeris chiriri,Brotogeris chiriri
AVIBASE-ECE896E2,Brotogeris chrysoptera,Brotogeris chrysoptera,Brotogeris chrysoptera
AVIBASE-14FCAD62,Brotogeris cyanoptera,Brotogeris cyanoptera,Brotogeris cyanoptera
AVIBASE-C360AA2F,Brotogeris jugularis,Brotogeris jugularis,Brotogeris jugularis
AVIBASE-E8B22F41,Brotogeris pyrrhoptera,Brotogeris pyrrhoptera,Brotogeris pyrrhoptera
AVIBASE-0223FDB1,Brotogeris sanctithomae,Brotogeris sanctithomae,Brotogeris sanctithomae
AVIBASE-09ABF606,Brotogeris tirica,Brotogeris tirica,Brotogeris tirica
AVIBASE-B42BCB40,Brotogeris versicolurus,Brotogeris versicolurus,Brotogeris versicolurus
AVIBASE-864D4A4F,Bubalornis albirostris,Bubalornis albirostris,Bubalornis albirostris
AVIBASE-9EB53638,Bubalornis niger,Bubalornis niger,Bubalornis niger
AVIBASE-A2234987,Bubo africanus,Bubo milesi,Bubo africanus
AVIBASE-9FD4D3D9,Bubo ascalaphus,Bubo ascalaphus,Bubo ascalaphus
AVIBASE-C4D3F66E,Bubo bengalensis,Bubo bengalensis,Bubo bengalensis
AVIBASE-2B0C5E60,Bubo blakistoni,Ketupa blakistoni,Ketupa blakistoni
AVIBASE-5516AEB3,Bubo bubo,Bubo bubo,Bubo bubo
AVIBASE-3CD0F535,Bubo capensis,Bubo capensis,Bubo capensis
AVIBASE-0018A99B,Bubo cinerascens,Bubo cinerascens,Bubo cinerascens
AVIBASE-15789B6D,Bubo coromandus,Bubo coromandus,Bubo coromandus
AVIBASE-EBD3129B,Bubo lacteus,Bubo lacteus,Bubo lacteus
AVIBASE-B55D5658,Bubo leucostictus,Bubo leucostictus,Bubo leucostictus
AVIBASE-15F7CE4C,Bubo magellanicus,Bubo virginianus,Bubo magellanicus
AVIBASE-F5EBAA64,Bubo nipalensis,Bubo nipalensis,Bubo nipalensis
AVIBASE-70EBBE58,Bubo philippensis,Bubo philippensis,Bubo philippensis
AVIBASE-76F168BB,Bubo poensis,Bubo poensis,Bubo poensis
AVIBASE-2EB9470D,Bubo poensis,Bubo vosseleri,Bubo vosseleri
AVIBASE-5B23B360,Bubo scandiacus,Bubo scandiacus,Bubo scandiaca
AVIBASE-AFF21113,Bubo shelleyi,Bubo shelleyi,Bubo shelleyi
AVIBASE-D84BD94B,Bubo sumatranus,Bubo sumatranus,Bubo sumatranus
AVIBASE-FC366114,Bubo virginianus,Bubo virginianus,Bubo virginianus
AVIBASE-6CCDAC53,Bubulcus ibis,Bubulcus ibis,Bubulcus ibis
AVIBASE-8049F707,Bucanetes githagineus,Bucanetes githagineus,Bucanetes githagineus
AVIBASE-B8FE90AC,Bucanetes mongolicus,Bucanetes mongolicus,Eremopsaltria mongolicus
AVIBASE-56790B57,Buccanodon dowsetti,Buccanodon duchaillui,Buccanodon duchaillui
AVIBASE-56790B57,Buccanodon duchaillui,Buccanodon duchaillui,Buccanodon duchaillui
AVIBASE-6D419BE7,Bucco capensis,Bucco capensis,Bucco capensis
AVIBASE-FB738385,Bucephala albeola,Bucephala albeola,Bucephala albeola
AVIBASE-68EA281A,Bucephala clangula,Bucephala clangula,Bucephala clangula
AVIBASE-9456DEDF,Bucephala islandica,Bucephala islandica,Bucephala islandica
AVIBASE-A9D587B9,Buceros bicornis,Buceros bicornis,Buceros bicornis
AVIBASE-C09BECA9,Buceros hydrocorax,Buceros hydrocorax,Buceros hydrocorax
AVIBASE-45336347,Buceros mindanensis,Buceros hydrocorax,Buceros hydrocorax
AVIBASE-0D3D9303,Buceros rhinoceros,Buceros rhinoceros,Buceros rhinoceros
AVIBASE-948ED65C,Bucorvus abyssinicus,Bucorvus abyssinicus,Bucorvus abyssinicus
AVIBASE-4192DE77,Bucorvus leadbeateri,Bucorvus leadbeateri,Bucorvus cafer
AVIBASE-9C16D3E4,Buettikoferella bivittata,Cincloramphus bivittatus,Buettikoferella bivittata
AVIBASE-38963CAC,Bugeranus carunculatus,Bugeranus carunculatus,Grus carunculatus
AVIBASE-058773E4,Bulweria bulwerii,Bulweria bulwerii,Bulweria bulwerii
AVIBASE-F501ED18,Bulweria fallax,Bulweria fallax,Bulweria fallax
AVIBASE-5D970425,Buphagus africanus,Buphagus africanus,Buphagus africanus
AVIBASE-7471E71D,Buphagus erythrorynchus,Buphagus erythrorynchus,Buphagus erythrorhynchus
AVIBASE-984EC0A0,Burhinus bistriatus,Burhinus bistriatus,Burhinus bistriatus
AVIBASE-862F6F04,Burhinus capensis,Burhinus capensis,Burhinus capensis
AVIBASE-C61A821B,Burhinus grallarius,Burhinus grallarius,Burhinus grallarius
AVIBASE-89404B93,Burhinus indicus,Burhinus indicus,Burhinus oedicnemus
AVIBASE-C7DB323E,Burhinus oedicnemus,Burhinus oedicnemus,Burhinus oedicnemus
AVIBASE-85DF723B,Burhinus senegalensis,Burhinus senegalensis,Burhinus senegalensis
AVIBASE-B3DA97E9,Burhinus superciliaris,Burhinus superciliaris,Burhinus superciliaris
AVIBASE-96CCAFEE,Burhinus vermiculatus,Burhinus vermiculatus,Burhinus vermiculatus
AVIBASE-37148B74,Busarellus nigricollis,Busarellus nigricollis,Busarellus nigricollis
AVIBASE-2E1D79FE,Butastur indicus,Butastur indicus,Butastur indicus
AVIBASE-DAB52BF2,Butastur liventer,Butastur liventer,Butastur liventer
AVIBASE-45A1D850,Butastur rufipennis,Butastur rufipennis,Butastur rufipennis
AVIBASE-868CD246,Butastur teesa,Butastur teesa,Butastur teesa
AVIBASE-B7DB09E8,Buteo albigula,Buteo albigula,Buteo albigula
AVIBASE-597D7DD6,Buteo albonotatus,Buteo albonotatus,Buteo albonotatus
AVIBASE-D41EDD2E,Buteo augur,Buteo augur,Buteo augur
AVIBASE-D41EDD2E,Buteo augur,Buteo augur,Buteo archeri
AVIBASE-D41EDD2E,Buteo augur,Buteo archeri,Buteo archeri
AVIBASE-DE8B3F6B,Buteo augur,Buteo archeri,Buteo archeri
AVIBASE-A16C3B99,Buteo auguralis,Buteo auguralis,Buteo auguralis
AVIBASE-5CA7B50A,Buteo brachypterus,Buteo brachypterus,Buteo brachypterus
AVIBASE-81463CC0,Buteo brachyurus,Buteo brachyurus,Buteo brachyurus
AVIBASE-3C6D4915,Buteo buteo,Buteo buteo,Buteo buteo
AVIBASE-E91E7830,Buteo buteo,NA,Buteo buteo
AVIBASE-4D9F58B4,Buteo galapagoensis,Buteo galapagoensis,Buteo galapagoensis
AVIBASE-92FFE8FF,Buteo hemilasius,Buteo hemilasius,Buteo hemilasius
AVIBASE-536A5157,Buteo jamaicensis,Buteo jamaicensis,Buteo jamaicensis
AVIBASE-3895BE56,Buteo japonicus,Buteo japonicus,Buteo buteo
AVIBASE-90B13ACF,Buteo lagopus,Buteo lagopus,Buteo lagopus
AVIBASE-EA4D6C0B,Buteo lineatus,Buteo lineatus,Buteo lineatus
AVIBASE-4ECE179D,Buteo nitidus,Buteo nitidus,Buteo nitidus
AVIBASE-5BFEFD9A,Buteo oreophilus,Buteo oreophilus,Buteo oreophilus
AVIBASE-943AA4FB,Buteo plagiatus,Buteo plagiatus,Buteo nitidus
AVIBASE-79F3C681,Buteo platypterus,Buteo platypterus,Buteo platypterus
AVIBASE-1029A4CA,Buteo refectus,Buteo refectus,Buteo buteo
AVIBASE-BA9191BC,Buteo regalis,Buteo regalis,Buteo regalis
AVIBASE-AE294FD9,Buteo ridgwayi,Buteo ridgwayi,Buteo ridgwayi
AVIBASE-CC65921F,Buteo rufinus,Buteo rufinus,Buteo rufinus
AVIBASE-22031845,Buteo rufofuscus,Buteo rufofuscus,Buteo rufofuscus
AVIBASE-9081D32C,Buteo socotraensis,Buteo socotraensis,Buteo buteo
AVIBASE-7B3AB998,Buteo solitarius,Buteo solitarius,Buteo solitarius
AVIBASE-DE473F42,Buteo swainsoni,Buteo swainsoni,Buteo swainsoni
AVIBASE-C2AD2E83,Buteo trizonatus,Buteo trizonatus,Buteo oreophilus
AVIBASE-40692C15,Buteo ventralis,Buteo ventralis,Buteo ventralis
AVIBASE-478C48D0,Buteogallus aequinoctialis,Buteogallus aequinoctialis,Buteogallus aequinoctialis
AVIBASE-97FDBB06,Buteogallus anthracinus,Buteogallus anthracinus,Buteogallus anthracinus
AVIBASE-ABDAC20A,Buteogallus coronatus,Buteogallus coronatus,Harpyhaliaetus coronatus
AVIBASE-048545EA,Buteogallus gundlachii,Buteogallus gundlachii,Buteogallus gundlachii
AVIBASE-2EA48BBF,Buteogallus lacernulatus,Buteogallus lacernulatus,Leucopternis lacernulatus
AVIBASE-BAA762A5,Buteogallus meridionalis,Buteogallus meridionalis,Buteogallus meridionalis
AVIBASE-B2A7EC84,Buteogallus schistaceus,Buteogallus schistaceus,Leucopternis schistaceus
AVIBASE-5C9AF2BE,Buteogallus solitarius,Buteogallus solitarius,Harpyhaliaetus solitarius
AVIBASE-EE908632,Buteogallus urubitinga,Buteogallus urubitinga,Buteogallus urubitinga
AVIBASE-B2725161,Buthraupis montana,Buthraupis montana,Buthraupis montana
AVIBASE-9973F7CE,Butorides striata,Butorides virescens,Butorides virescens
AVIBASE-9973F7CE,Butorides striata,Butorides striata,Butorides striata
AVIBASE-2F7DCF91,Bycanistes albotibialis,Bycanistes albotibialis,Bycanistes albotibialis
AVIBASE-5350D0E8,Bycanistes brevis,Bycanistes brevis,Bycanistes brevis
AVIBASE-3A4D2B44,Bycanistes bucinator,Bycanistes bucinator,Bycanistes bucinator
AVIBASE-F03111B9,Bycanistes cylindricus,Bycanistes cylindricus,Bycanistes cylindricus
AVIBASE-EB23C9C9,Bycanistes fistulator,Bycanistes fistulator,Bycanistes fistulator
AVIBASE-BC28FF7B,Bycanistes sharpii,Bycanistes fistulator,Bycanistes fistulator
AVIBASE-02428AC1,Bycanistes subcylindricus,Bycanistes subcylindricus,Bycanistes subcylindricus
AVIBASE-AF71785D,Cacatua alba,Cacatua alba,Cacatua alba
AVIBASE-D238FDA1,Cacatua ducorpsii,Cacatua ducorpsii,Cacatua ducorpsii
AVIBASE-3F907C52,Cacatua galerita,Cacatua galerita,Cacatua galerita
AVIBASE-67EE6F84,Cacatua goffiniana,Cacatua goffiniana,Cacatua goffiniana
AVIBASE-E1E59398,Cacatua haematuropygia,Cacatua haematuropygia,Cacatua haematuropygia
AVIBASE-E39FD99C,Cacatua leadbeateri,Lophochroa leadbeateri,Cacatua leadbeateri
AVIBASE-0B5492FA,Cacatua moluccensis,Cacatua moluccensis,Cacatua moluccensis
AVIBASE-54B51CFD,Cacatua ophthalmica,Cacatua ophthalmica,Cacatua ophthalmica
AVIBASE-1E85ABE4,Cacatua pastinator,Cacatua pastinator,Cacatua pastinator
AVIBASE-5F5EBCF5,Cacatua sanguinea,Cacatua sanguinea,Cacatua sanguinea
AVIBASE-0992CA28,Cacatua sulphurea,Cacatua sulphurea,Cacatua sulphurea
AVIBASE-F2A2FB6A,Cacatua tenuirostris,Cacatua tenuirostris,Cacatua tenuirostris
AVIBASE-5EFA0D83,Cacicus cela,Cacicus cela,Cacicus cela
AVIBASE-B92BF113,Cacicus chrysonotus,Cacicus chrysonotus,Cacicus chrysonotus
AVIBASE-F2510641,Cacicus chrysopterus,Cacicus chrysopterus,Cacicus chrysopterus
AVIBASE-B78F7C73,Cacicus flavicrissus,Cacicus cela,Cacicus cela
AVIBASE-020E6199,Cacicus haemorrhous,Cacicus haemorrhous,Cacicus haemorrhous
AVIBASE-7354E7B8,Cacicus koepckeae,Cacicus koepckeae,Cacicus koepckeae
AVIBASE-E3289E7B,Cacicus latirostris,Cacicus latirostris,Ocyalus latirostris
AVIBASE-D90BA172,Cacicus leucoramphus,Cacicus chrysonotus,Cacicus leucoramphus
AVIBASE-3D0A4048,Cacicus microrhynchus,Cacicus uropygialis,Cacicus microrhynchus
AVIBASE-408714DF,Cacicus oseryi,Cacicus oseryi,Clypicterus oseryi
AVIBASE-43C2C997,Cacicus pacificus,Cacicus uropygialis,Cacicus uropygialis
AVIBASE-91B94FDB,Cacicus sclateri,Cacicus sclateri,Cacicus sclateri
AVIBASE-FF72F24A,Cacicus solitarius,Cacicus solitarius,Cacicus solitarius
AVIBASE-BD9FCAA1,Cacicus uropygialis,Cacicus uropygialis,Cacicus uropygialis
AVIBASE-3523C73F,Cacomantis aeruginosus,Cacomantis aeruginosus,Cacomantis heinrichi
AVIBASE-26360764,Cacomantis castaneiventris,Cacomantis castaneiventris,Cacomantis castaneiventris
AVIBASE-D86848D4,Cacomantis flabelliformis,Cacomantis flabelliformis,Cacomantis flabelliformis
AVIBASE-54089C78,Cacomantis merulinus,Cacomantis merulinus,Cacomantis merulinus
AVIBASE-84D36C76,Cacomantis passerinus,Cacomantis passerinus,Cacomantis passerinus
AVIBASE-9E932BD4,Cacomantis sonneratii,Cacomantis sonneratii,Cacomantis sonneratii
AVIBASE-05824D50,Cacomantis variolosus,Cacomantis variolosus,Cacomantis sepulcralis
AVIBASE-05824D50,Cacomantis variolosus,Cacomantis variolosus,Cacomantis variolosus
AVIBASE-8DE14046,Cairina moschata,Cairina moschata,Cairina moschata
AVIBASE-92A779D7,Calamanthus campestris,Calamanthus campestris,Calamanthus campestris
AVIBASE-6F9A44BC,Calamanthus cautus,Hylacola cauta,Hylacola cauta
AVIBASE-4F4CA5E6,Calamanthus fuliginosus,Calamanthus fuliginosus,Calamanthus fuliginosus
AVIBASE-550BF21D,Calamanthus montanellus,Calamanthus montanellus,Calamanthus campestris
AVIBASE-61C34487,Calamanthus pyrrhopygius,Hylacola pyrrhopygia,Hylacola pyrrhopygia
AVIBASE-A3265EBB,Calamonastes fasciolatus,Calamonastes fasciolatus,Camaroptera fasciolata
AVIBASE-0195CFDD,Calamonastes simplex,Calamonastes simplex,Camaroptera simplex
AVIBASE-13F7A4F9,Calamonastes stierlingi,Calamonastes stierlingi,Camaroptera undosa
AVIBASE-1E7CADC2,Calamonastes undosus,Calamonastes undosus,Camaroptera undosa
AVIBASE-D092ED10,Calamonastides bensoni,Calamonastides gracilirostris,Chloropeta gracilirostris
AVIBASE-CB79F02F,Calamonastides gracilirostris,Calamonastides gracilirostris,Chloropeta gracilirostris
AVIBASE-938C5572,Calamospiza melanocorys,Calamospiza melanocorys,Calamospiza melanocorys
AVIBASE-B50B0E47,Calandrella acutirostris,Calandrella acutirostris,Calandrella acutirostris
AVIBASE-7F3B3206,Calandrella blanfordi,Calandrella blanfordi,Calandrella cinerea
AVIBASE-4091A51E,Calandrella brachydactyla,Calandrella brachydactyla,Calandrella brachydactyla
AVIBASE-FCDA4F09,Calandrella cinerea,Calandrella cinerea,Calandrella cinerea
AVIBASE-B9808769,Calandrella dukhunensis,Calandrella dukhunensis,Calandrella brachydactyla
AVIBASE-16EB660F,Calandrella eremica,Calandrella eremica,Calandrella cinerea
AVIBASE-3534E4CE,Calcarius lapponicus,Calcarius lapponicus,Calcarius lapponicus
AVIBASE-B64C1B1D,Calcarius ornatus,Calcarius ornatus,Calcarius ornatus
AVIBASE-D307C9A0,Calcarius pictus,Calcarius pictus,Calcarius pictus
AVIBASE-B14CE06F,Calendulauda africanoides,Calendulauda africanoides,Mirafra africanoides
AVIBASE-DD338581,Calendulauda albescens,Calendulauda albescens,Certhilauda albescens
AVIBASE-CF870445,Calendulauda alopex,Calendulauda alopex,Mirafra alopex
AVIBASE-E591A2D7,Calendulauda burra,Calendulauda burra,Certhilauda burra
AVIBASE-D5272A4C,Calendulauda erythrochlamys,Calendulauda barlowi,Certhilauda barlowi
AVIBASE-214FC464,Calendulauda erythrochlamys,Calendulauda erythrochlamys,Certhilauda erythrochlamys
AVIBASE-DDDC78BE,Calendulauda erythrochlamys,NA ,Certhilauda erythrochlamys
AVIBASE-99F447AD,Calendulauda poecilosterna,Calendulauda poecilosterna,Mirafra poecilosterna
AVIBASE-DC38D1DA,Calendulauda sabota,Calendulauda sabota,Mirafra sabota
AVIBASE-3C12AA44,Calherodius leuconotus,Gorsachius leuconotus,Gorsachius leuconotus
AVIBASE-1C857735,Calicalicus madagascariensis,Calicalicus madagascariensis,Calicalicus madagascariensis
AVIBASE-0CAB08FA,Calicalicus rufocarpalis,Calicalicus rufocarpalis,Calicalicus rufocarpalis
AVIBASE-A0A67A81,Calidris acuminata,Calidris acuminata,Calidris acuminata
AVIBASE-06B9BD24,Calidris alba,Calidris alba,Calidris alba
AVIBASE-15369E8E,Calidris alpina,Calidris alpina,Calidris alpina
AVIBASE-1F1AD154,Calidris bairdii,Calidris bairdii,Calidris bairdii
AVIBASE-B5CE8FAD,Calidris canutus,Calidris canutus,Calidris canutus
AVIBASE-0A14882F,Calidris falcinellus,Calidris falcinellus,Limicola falcinellus
AVIBASE-143A681C,Calidris ferruginea,Calidris ferruginea,Calidris ferruginea
AVIBASE-153BA306,Calidris fuscicollis,Calidris fuscicollis,Calidris fuscicollis
AVIBASE-ECDE73F2,Calidris himantopus,Calidris himantopus,Calidris himantopus
AVIBASE-0A0B8431,Calidris maritima,Calidris maritima,Calidris maritima
AVIBASE-01060BFD,Calidris mauri,Calidris mauri,Calidris mauri
AVIBASE-ACC99F35,Calidris melanotos,Calidris melanotos,Calidris melanotos
AVIBASE-9936FF4A,Calidris minuta,Calidris minuta,Calidris minuta
AVIBASE-A47B0BD4,Calidris minutilla,Calidris minutilla,Calidris minutilla
AVIBASE-C5971E25,Calidris ptilocnemis,Calidris ptilocnemis,Calidris ptilocnemis
AVIBASE-2DABF98F,Calidris pugnax,Calidris pugnax,Philomachus pugnax
AVIBASE-F35821AA,Calidris pusilla,Calidris pusilla,Calidris pusilla
AVIBASE-3FC8CA50,Calidris pygmaea,Calidris pygmaea,Eurynorhynchus pygmeus
AVIBASE-BBDF2F1B,Calidris ruficollis,Calidris ruficollis,Calidris ruficollis
AVIBASE-7D629288,Calidris subminuta,Calidris subminuta,Calidris subminuta
AVIBASE-3A3C62BC,Calidris subruficollis,Calidris subruficollis,Tryngites subruficollis
AVIBASE-5ACF7FB3,Calidris temminckii,Calidris temminckii,Calidris temminckii
AVIBASE-09C51FA9,Calidris tenuirostris,Calidris tenuirostris,Calidris tenuirostris
AVIBASE-11CF8C9A,Calidris virgata,Calidris virgata,Aphriza virgata
AVIBASE-22208B0E,Caliechthrus leucolophus,Cacomantis leucolophus,Caliechthrus leucolophus
AVIBASE-C6170551,Caligavis chrysops,Caligavis chrysops,Lichenostomus chrysops
AVIBASE-0A127E98,Caligavis obscura,Caligavis obscura,Lichenostomus obscurus
AVIBASE-E2D03884,Caligavis subfrenata,Caligavis subfrenata,Lichenostomus subfrenatus
AVIBASE-0134A6D7,Callacanthis burtoni,Callacanthis burtoni,Callacanthis burtoni
AVIBASE-E35FC5B7,Callaeas cinereus,Callaeas cinereus,Callaeas cinereus
AVIBASE-ED48C659,Callaeas wilsoni,Callaeas wilsoni,Callaeas cinereus
AVIBASE-786B0F98,Calliope calliope,Calliope calliope,Luscinia calliope
AVIBASE-497B8CEE,Calliope obscura,Calliope obscura,Luscinia obscura
AVIBASE-AD2D6B14,Calliope pectardens,Calliope pectardens,Luscinia pectardens
AVIBASE-95418926,Calliope pectoralis,Calliope pectoralis,Luscinia pectoralis
AVIBASE-157C8A98,Calliope tschebaiewi,Calliope tschebaiewi,Luscinia pectoralis
AVIBASE-F93AC929,Callipepla californica,Callipepla californica,Callipepla californica
AVIBASE-71FBF8D4,Callipepla douglasii,Callipepla douglasii,Callipepla douglasii
AVIBASE-C1ED9F86,Callipepla gambelii,Callipepla gambelii,Callipepla gambelii
AVIBASE-C46EEE59,Callipepla squamata,Callipepla squamata,Callipepla squamata
AVIBASE-0431F843,Calliphlox amethystina,Calliphlox amethystina,Calliphlox amethystina
AVIBASE-B1AABA96,Calliphlox bryantae,Philodice bryantae,Calliphlox bryantae
AVIBASE-A6345E7E,Calliphlox mitchellii,Philodice mitchellii,Calliphlox mitchellii
AVIBASE-49394DD2,Callocephalon fimbriatum,Callocephalon fimbriatum,Callocephalon fimbriatum
AVIBASE-45C1096F,Callonetta leucophrys,Callonetta leucophrys,Callonetta leucophrys
AVIBASE-92F622EE,Calochaetes coccineus,Calochaetes coccineus,Calochaetes coccineus
AVIBASE-0FFC77EF,Caloenas nicobarica,Caloenas nicobarica,Caloenas nicobarica
AVIBASE-710BB4E6,Calonectris borealis,Calonectris diomedea,Calonectris diomedea
AVIBASE-CA4D268D,Calonectris diomedea,Calonectris diomedea,Calonectris diomedea
AVIBASE-D6AB20A5,Calonectris edwardsii,Calonectris edwardsii,Calonectris edwardsii
AVIBASE-13B165A3,Calonectris leucomelas,Calonectris leucomelas,Calonectris leucomelas
AVIBASE-E0593077,Caloperdix oculeus,Caloperdix oculeus,Caloperdix oculeus
AVIBASE-F1D6E36C,Caloramphus fuliginosus,Caloramphus fuliginosus,Calorhamphus fuliginosus
AVIBASE-0E20A7CF,Caloramphus hayii,Caloramphus hayii,Calorhamphus fuliginosus
AVIBASE-AB658C2D,Calothorax lucifer,Calothorax lucifer,Calothorax lucifer
AVIBASE-B569CB1E,Calothorax pulcher,Calothorax pulcher,Calothorax pulcher
AVIBASE-42393721,Calypte anna,Calypte anna,Calypte anna
AVIBASE-145F1116,Calypte costae,Calypte costae,Calypte costae
AVIBASE-3B3C39F1,Calyptocichla serinus,Calyptocichla serinus,Calyptocichla serina
AVIBASE-0C4DC9DD,Calyptomena hosii,Calyptomena hosii,Calyptomena hosii
AVIBASE-0E127F06,Calyptomena viridis,Calyptomena viridis,Calyptomena viridis
AVIBASE-406E9C46,Calyptomena whiteheadi,Calyptomena whiteheadi,Calyptomena whiteheadi
AVIBASE-FD0EC029,Calyptophilus frugivorus,Calyptophilus frugivorus,Calyptophilus frugivorus
AVIBASE-2C4E4A3C,Calyptophilus tertius,Calyptophilus tertius,Calyptophilus tertius
AVIBASE-122372C7,Calyptorhynchus banksii,Calyptorhynchus banksii,Calyptorhynchus banksii
AVIBASE-D090A8A4,Calyptorhynchus lathami,Calyptorhynchus lathami,Calyptorhynchus lathami
AVIBASE-9AD71DF9,Calyptura cristata,Calyptura cristata,Calyptura cristata
AVIBASE-DC456636,Camaroptera brachyura,Camaroptera brachyura,Camaroptera brachyura
AVIBASE-F58AF0FB,Camaroptera chloronota,Camaroptera chloronota,Camaroptera chloronota
AVIBASE-B38ABEF9,Camaroptera harterti,Camaroptera harterti,Camaroptera brachyura
AVIBASE-63220C79,Camaroptera superciliaris,Camaroptera superciliaris,Camaroptera superciliaris
AVIBASE-BBBFDD5B,Camaroptera toroensis,Camaroptera chloronota,Camaroptera chloronota
AVIBASE-F9031A09,Campephaga flava,Campephaga flava,Campephaga flava
AVIBASE-95A02709,Campephaga petiti,Campephaga petiti,Campephaga petiti
AVIBASE-439F76D1,Campephaga phoenicea,Campephaga phoenicea,Campephaga phoenicea
AVIBASE-37D0D696,Campephaga quiscalina,Campephaga quiscalina,Campephaga quiscalina
AVIBASE-D0DF9B45,Campephilus gayaquilensis,Campephilus gayaquilensis,Campephilus gayaquilensis
AVIBASE-A208D32B,Campephilus guatemalensis,Campephilus guatemalensis,Campephilus guatemalensis
AVIBASE-C38B9F80,Campephilus haematogaster,Campephilus haematogaster,Campephilus haematogaster
AVIBASE-4D0B7931,Campephilus imperialis,Campephilus imperialis,Campephilus imperialis
AVIBASE-53C302B5,Campephilus leucopogon,Campephilus leucopogon,Campephilus leucopogon
AVIBASE-1E4B6E75,Campephilus magellanicus,Campephilus magellanicus,Campephilus magellanicus
AVIBASE-E34138C6,Campephilus melanoleucos,Campephilus melanoleucos,Campephilus melanoleucos
AVIBASE-7AD8B036,Campephilus pollens,Campephilus pollens,Campephilus pollens
AVIBASE-86E7578A,Campephilus principalis,Campephilus principalis,Campephilus principalis
AVIBASE-0C14127E,Campephilus robustus,Campephilus robustus,Campephilus robustus
AVIBASE-D7602D52,Campephilus rubricollis,Campephilus rubricollis,Campephilus rubricollis
AVIBASE-DA98191C,Campephilus splendens,Campephilus haematogaster,Campephilus haematogaster
AVIBASE-CD2F7C98,Campethera abingoni,Campethera abingoni,Campethera abingoni
AVIBASE-FD3EA943,Campethera bennettii,Campethera bennettii,Campethera bennettii
AVIBASE-F234B7E3,Campethera cailliautii,Campethera cailliautii,Campethera cailliautii
AVIBASE-01C9752D,Campethera caroli,Campethera caroli,Campethera caroli
AVIBASE-AE1533FC,Campethera maculosa,Campethera maculosa,Campethera maculosa
AVIBASE-BA63C545,Campethera mombassica,Campethera mombassica,Campethera mombassica
AVIBASE-02E56D98,Campethera nivosa,Campethera nivosa,Campethera nivosa
AVIBASE-63BE6621,Campethera notata,Campethera notata,Campethera notata
AVIBASE-70170649,Campethera nubica,Campethera nubica,Campethera nubica
AVIBASE-390F1E35,Campethera punctuligera,Campethera punctuligera,Campethera punctuligera
AVIBASE-C5585051,Campethera scriptoricauda,Campethera scriptoricauda,Campethera scriptoricauda
AVIBASE-D0A5FADB,Campethera taeniolaema,Campethera tullbergi,Campethera tullbergi
AVIBASE-D2718676,Campethera tullbergi,Campethera tullbergi,Campethera tullbergi
AVIBASE-916C5AED,Campicoloides bifasciatus,Campicoloides bifasciatus,Oenanthe bifasciata
AVIBASE-10828E53,Campochaera sloetii,Campochaera sloetii,Campochaera sloetii
AVIBASE-FD5DACEE,Camptostoma imberbe,Camptostoma imberbe,Camptostoma imberbe
AVIBASE-FE36D76B,Camptostoma obsoletum,Camptostoma obsoletum,Camptostoma obsoletum
AVIBASE-C8198FA8,Campylopterus curvipennis,Pampa excellens,Campylopterus excellens
AVIBASE-46924770,Campylopterus curvipennis,Pampa curvipennis,Campylopterus curvipennis
AVIBASE-A5502452,Campylopterus curvipennis,NA ,Campylopterus curvipennis
AVIBASE-058A126E,Campylopterus cuvierii,Phaeochroa cuvierii,Phaeochroa cuvierii
AVIBASE-786A881C,Campylopterus duidae,Campylopterus duidae,Campylopterus duidae
AVIBASE-31CE3D30,Campylopterus ensipennis,Campylopterus ensipennis,Campylopterus ensipennis
AVIBASE-D6C1978F,Campylopterus falcatus,Campylopterus falcatus,Campylopterus falcatus
AVIBASE-66CE8345,Campylopterus hemileucurus,Campylopterus hemileucurus,Campylopterus hemileucurus
AVIBASE-FA507528,Campylopterus hyperythrus,Campylopterus hyperythrus,Campylopterus hyperythrus
AVIBASE-6EF5884B,Campylopterus largipennis,Campylopterus largipennis,Campylopterus largipennis
AVIBASE-1BA07F2C,Campylopterus phainopeplus,Campylopterus phainopeplus,Campylopterus phainopeplus
AVIBASE-BA9F2935,Campylopterus rufus,Pampa rufa,Campylopterus rufus
AVIBASE-A99D6174,Campylopterus villaviscensio,Campylopterus villaviscensio,Campylopterus villaviscensio
AVIBASE-3BDB5DE7,Campylorhamphus falcularius,Campylorhamphus falcularius,Campylorhamphus falcularius
AVIBASE-A3156CA9,Campylorhamphus multostriatus,Campylorhamphus procurvoides,Campylorhamphus procurvoides
AVIBASE-524423CF,Campylorhamphus probatus,Campylorhamphus procurvoides,Campylorhamphus procurvoides
AVIBASE-524423CF,Campylorhamphus procurvoides,Campylorhamphus procurvoides,Campylorhamphus procurvoides
AVIBASE-D285B68F,Campylorhamphus pusillus,Campylorhamphus pusillus,Campylorhamphus pusillus
AVIBASE-D5961A8E,Campylorhamphus trochilirostris,Campylorhamphus trochilirostris,Campylorhamphus trochilirostris
AVIBASE-40A94346,Campylorhynchus albobrunneus,Campylorhynchus albobrunneus,Campylorhynchus albobrunneus
AVIBASE-891F222F,Campylorhynchus brunneicapillus,Campylorhynchus brunneicapillus,Campylorhynchus brunneicapillus
AVIBASE-99A2DDD7,Campylorhynchus capistratus,Campylorhynchus rufinucha,Campylorhynchus rufinucha
AVIBASE-ECCBDBAF,Campylorhynchus chiapensis,Campylorhynchus chiapensis,Campylorhynchus chiapensis
AVIBASE-07DBD2B4,Campylorhynchus fasciatus,Campylorhynchus fasciatus,Campylorhynchus fasciatus
AVIBASE-EBFB7E8D,Campylorhynchus griseus,Campylorhynchus griseus,Campylorhynchus griseus
AVIBASE-B77A0E9A,Campylorhynchus gularis,Campylorhynchus gularis,Campylorhynchus gularis
AVIBASE-E664FCBD,Campylorhynchus humilis,Campylorhynchus rufinucha,Campylorhynchus rufinucha
AVIBASE-D2879DA9,Campylorhynchus jocosus,Campylorhynchus jocosus,Campylorhynchus jocosus
AVIBASE-5AEBD293,Campylorhynchus megalopterus,Campylorhynchus megalopterus,Campylorhynchus megalopterus
AVIBASE-5987A3C3,Campylorhynchus nuchalis,Campylorhynchus nuchalis,Campylorhynchus nuchalis
AVIBASE-5C021745,Campylorhynchus rufinucha,Campylorhynchus rufinucha,Campylorhynchus rufinucha
AVIBASE-49145364,Campylorhynchus turdinus,Campylorhynchus turdinus,Campylorhynchus turdinus
AVIBASE-CD80E82E,Campylorhynchus yucatanicus,Campylorhynchus yucatanicus,Campylorhynchus yucatanicus
AVIBASE-DA03B16F,Campylorhynchus zonatus,Campylorhynchus zonatus,Campylorhynchus zonatus
AVIBASE-AF31F966,Canirallus oculeus,Canirallus oculeus,Canirallus oculeus
AVIBASE-F04B5608,Cantorchilus griseus,Cantorchilus griseus,Thryothorus griseus
AVIBASE-9CC8A7D9,Cantorchilus guarayanus,Cantorchilus guarayanus,Thryothorus guarayanus
AVIBASE-6CD673F3,Cantorchilus leucopogon,Cantorchilus leucopogon,Thryothorus leucopogon
AVIBASE-DF6E7F1C,Cantorchilus leucotis,Cantorchilus leucotis,Thryothorus leucotis
AVIBASE-8966445C,Cantorchilus longirostris,Cantorchilus longirostris,Thryothorus longirostris
AVIBASE-49CAF311,Cantorchilus modestus,Cantorchilus modestus,Thryothorus modestus
AVIBASE-49CAF311,Cantorchilus modestus,Cantorchilus elutus,Thryothorus modestus
AVIBASE-8F45CD3F,Cantorchilus nigricapillus,Cantorchilus nigricapillus,Thryothorus nigricapillus
AVIBASE-085440D8,Cantorchilus semibadius,Cantorchilus semibadius,Thryothorus semibadius
AVIBASE-18C1675B,Cantorchilus superciliaris,Cantorchilus superciliaris,Thryothorus superciliaris
AVIBASE-535B0642,Cantorchilus thoracicus,Cantorchilus thoracicus,Thryothorus thoracicus
AVIBASE-5993D0AB,Cantorchilus zeledoni,Cantorchilus zeledoni,Thryothorus modestus
AVIBASE-6F0D3DCD,Capito auratus,Capito auratus,Capito auratus
AVIBASE-0E2B41D8,Capito aurovirens,Capito aurovirens,Capito aurovirens
AVIBASE-61A82845,Capito brunneipectus,Capito brunneipectus,Capito brunneipectus
AVIBASE-26159E52,Capito dayi,Capito dayi,Capito dayi
AVIBASE-080577D1,Capito fitzpatricki,Capito wallacei,Capito wallacei
AVIBASE-9DA6DE60,Capito hypoleucus,Capito hypoleucus,Capito hypoleucus
AVIBASE-CE90F9E3,Capito maculicoronatus,Capito maculicoronatus,Capito maculicoronatus
AVIBASE-59156D53,Capito niger,Capito niger,Capito niger
AVIBASE-D05AA6D7,Capito quinticolor,Capito quinticolor,Capito quinticolor
AVIBASE-5A6490E2,Capito squamatus,Capito squamatus,Capito squamatus
AVIBASE-6C140C83,Capito wallacei,Capito wallacei,Capito wallacei
AVIBASE-2F7F0244,Caprimulgus aegyptius,Caprimulgus aegyptius,Caprimulgus aegyptius
AVIBASE-014F2462,Caprimulgus affinis,Caprimulgus affinis,Caprimulgus affinis
AVIBASE-74E9F29B,Caprimulgus andamanicus,Caprimulgus andamanicus,Caprimulgus macrurus
AVIBASE-65D4C83B,Caprimulgus asiaticus,Caprimulgus asiaticus,Caprimulgus asiaticus
AVIBASE-FAFED39C,Caprimulgus atripennis,Caprimulgus atripennis,Caprimulgus atripennis
AVIBASE-CCA7AB2D,Caprimulgus batesi,Caprimulgus batesi,Caprimulgus batesi
AVIBASE-4C81CF34,Caprimulgus celebensis,Caprimulgus celebensis,Caprimulgus celebensis
AVIBASE-D6485237,Caprimulgus centralasicus,Caprimulgus europaeus,Caprimulgus centralasicus
AVIBASE-54494BCE,Caprimulgus clarus,Caprimulgus clarus,Caprimulgus clarus
AVIBASE-A20EA34D,Caprimulgus climacurus,Caprimulgus climacurus,Caprimulgus climacurus
AVIBASE-CD7EFBB3,Caprimulgus concretus,Caprimulgus concretus,Caprimulgus concretus
AVIBASE-D1D9B619,Caprimulgus donaldsoni,Caprimulgus donaldsoni,Caprimulgus donaldsoni
AVIBASE-D6485237,Caprimulgus europaeus,Caprimulgus europaeus,Caprimulgus europaeus
AVIBASE-589694DD,Caprimulgus eximius,Caprimulgus eximius,Caprimulgus eximius
AVIBASE-4FD242D0,Caprimulgus fossii,Caprimulgus fossii,Caprimulgus fossii
AVIBASE-E93A0F33,Caprimulgus fraenatus,Caprimulgus fraenatus,Caprimulgus fraenatus
AVIBASE-5FF16559,Caprimulgus indicus,Caprimulgus indicus,Caprimulgus indicus
AVIBASE-7C3959D6,Caprimulgus inornatus,Caprimulgus inornatus,Caprimulgus inornatus
AVIBASE-7A2734EB,Caprimulgus jotaka,Caprimulgus jotaka,Caprimulgus indicus
AVIBASE-D36F4D98,Caprimulgus longipennis,Caprimulgus longipennis,Macrodipteryx longipennis
AVIBASE-04DDADF0,Caprimulgus macrurus,Caprimulgus macrurus,Caprimulgus macrurus
AVIBASE-0F8EB10D,Caprimulgus madagascariensis,Caprimulgus madagascariensis,Caprimulgus madagascariensis
AVIBASE-C727BD31,Caprimulgus mahrattensis,Caprimulgus mahrattensis,Caprimulgus mahrattensis
AVIBASE-9D246A37,Caprimulgus manillensis,Caprimulgus manillensis,Caprimulgus manillensis
AVIBASE-9ECE1498,Caprimulgus meesi,Caprimulgus meesi,Caprimulgus meesi
AVIBASE-52E6406E,Caprimulgus natalensis,Caprimulgus natalensis,Caprimulgus natalensis
AVIBASE-626D56E4,Caprimulgus nubicus,Caprimulgus nubicus,Caprimulgus nubicus
AVIBASE-62ED1974,Caprimulgus pectoralis,Caprimulgus pectoralis,Caprimulgus pectoralis
AVIBASE-AB8E1D95,Caprimulgus pectoralis,Caprimulgus nigriscapularis,Caprimulgus nigriscapularis
AVIBASE-625076EF,Caprimulgus phalaena,Caprimulgus phalaena,Caprimulgus indicus
AVIBASE-FF9908ED,Caprimulgus poliocephalus,Caprimulgus poliocephalus,Caprimulgus poliocephalus
AVIBASE-CEEE7367,Caprimulgus poliocephalus,Caprimulgus ruwenzorii,Caprimulgus ruwenzorii
AVIBASE-4B58353A,Caprimulgus prigoginei,Caprimulgus prigoginei,Caprimulgus prigoginei
AVIBASE-C5E09D25,Caprimulgus pulchellus,Caprimulgus pulchellus,Caprimulgus pulchellus
AVIBASE-6CC3D04B,Caprimulgus ruficollis,Caprimulgus ruficollis,Caprimulgus ruficollis
AVIBASE-05E2FB2A,Caprimulgus rufigena,Caprimulgus rufigena,Caprimulgus rufigena
AVIBASE-4535D9AB,Caprimulgus solala,Caprimulgus solala,Caprimulgus solala
AVIBASE-CE884D49,Caprimulgus stellatus,Caprimulgus stellatus,Caprimulgus stellatus
AVIBASE-E3C780D6,Caprimulgus tristigma,Caprimulgus tristigma,Caprimulgus tristigma
AVIBASE-A526534E,Caprimulgus vexillarius,Caprimulgus vexillarius,Macrodipteryx vexillarius
AVIBASE-C4D2BEC1,Capsiempis flaveola,Capsiempis flaveola,Capsiempis flaveola
AVIBASE-ABF6C3C4,Caracara cheriway,Caracara plancus,Caracara cheriway
AVIBASE-7C22C3D3,Caracara plancus,Caracara plancus,Caracara plancus
AVIBASE-F2D675AF,Cardellina canadensis,Cardellina canadensis,Wilsonia canadensis
AVIBASE-1F09CCCC,Cardellina pusilla,Cardellina pusilla,Wilsonia pusilla
AVIBASE-EA8F2DDC,Cardellina rubra,Cardellina rubra,Ergaticus ruber
AVIBASE-B18D3F08,Cardellina rubrifrons,Cardellina rubrifrons,Cardellina rubrifrons
AVIBASE-5AA39FDF,Cardellina versicolor,Cardellina versicolor,Ergaticus versicolor
AVIBASE-4E74AE22,Cardinalis cardinalis,Cardinalis cardinalis,Cardinalis cardinalis
AVIBASE-5FAF3F1B,Cardinalis phoeniceus,Cardinalis phoeniceus,Cardinalis phoeniceus
AVIBASE-DE21A6BE,Cardinalis sinuatus,Cardinalis sinuatus,Cardinalis sinuatus
AVIBASE-9BDBCD7F,Carduelis caniceps,Carduelis carduelis,Carduelis carduelis
AVIBASE-59353A05,Carduelis carduelis,Carduelis carduelis,Carduelis carduelis
AVIBASE-039E0011,Carduelis citrinella,Carduelis citrinella,Carduelis citrinella
AVIBASE-E2BF60CF,Carduelis corsicana,Carduelis corsicana,Carduelis corsicana
AVIBASE-5817C5F7,Cariama cristata,Cariama cristata,Cariama cristata
AVIBASE-E96B0BA9,Caridonax fulgidus,Caridonax fulgidus,Caridonax fulgidus
AVIBASE-24128162,Carpococcyx radiceus,Carpococcyx radiceus,Carpococcyx radiatus
AVIBASE-15594C17,Carpococcyx renauldi,Carpococcyx renauldi,Carpococcyx renauldi
AVIBASE-64A8C1C5,Carpococcyx viridis,Carpococcyx viridis,Carpococcyx viridis
AVIBASE-F048220F,Carpodacus dubius,Carpodacus dubius,Carpodacus thura
AVIBASE-9C8F0B66,Carpodacus edwardsii,Carpodacus edwardsii,Carpodacus edwardsii
AVIBASE-3A713345,Carpodacus erythrinus,Carpodacus erythrinus,Carpodacus erythrinus
AVIBASE-9EFFB614,Carpodacus formosanus,Carpodacus formosanus,Carpodacus vinaceus
AVIBASE-60DE3563,Carpodacus pulcherrimus,Carpodacus pulcherrimus,Carpodacus pulcherrimus
AVIBASE-261F5C16,Carpodacus puniceus,Carpodacus puniceus,Carpodacus puniceus
AVIBASE-6670D2A6,Carpodacus rhodochlamys,Carpodacus rhodochlamys,Carpodacus rhodochlamys
AVIBASE-2FF259E0,Carpodacus rhodochlamys,Carpodacus grandis,Carpodacus rhodochlamys
AVIBASE-57C123A2,Carpodacus roborowskii,Carpodacus roborowskii,Carpodacus roborowskii
AVIBASE-0D592D10,Carpodacus rodochroa,Carpodacus rodochroa,Carpodacus rodochroa
AVIBASE-013420E1,Carpodacus rodopeplus,Carpodacus rodopeplus,Carpodacus rodopeplus
AVIBASE-68DF5AB7,Carpodacus roseus,Carpodacus roseus,Carpodacus roseus
AVIBASE-7621E1A6,Carpodacus rubicilla,Carpodacus rubicilla,Carpodacus rubicilla
AVIBASE-D3FBD80B,Carpodacus rubicilloides,Carpodacus rubicilloides,Carpodacus rubicilloides
AVIBASE-463680BF,Carpodacus sibiricus,Carpodacus sibiricus,Uragus sibiricus
AVIBASE-4C9486AE,Carpodacus sillemi,Carpodacus sillemi,Leucosticte sillemi
AVIBASE-1884ACC6,Carpodacus sipahi,Carpodacus sipahi,Haematospiza sipahi
AVIBASE-2AA95030,Carpodacus stoliczkae,Carpodacus stoliczkae,Carpodacus synoicus
AVIBASE-48F59E1E,Carpodacus subhimachalus,Carpodacus subhimachalus,Pinicola subhimachala
AVIBASE-8F36D663,Carpodacus synoicus,Carpodacus synoicus,Carpodacus synoicus
AVIBASE-8B4F255E,Carpodacus thura,Carpodacus thura,Carpodacus thura
AVIBASE-46CD933C,Carpodacus trifasciatus,Carpodacus trifasciatus,Carpodacus trifasciatus
AVIBASE-83525783,Carpodacus verreauxii,Carpodacus verreauxii,Carpodacus rodopeplus
AVIBASE-86EBCA5D,Carpodacus vinaceus,Carpodacus vinaceus,Carpodacus vinaceus
AVIBASE-1A121D37,Carpodacus waltoni,Carpodacus waltoni,Carpodacus eos
AVIBASE-1498FEE2,Carpodectes antoniae,Carpodectes antoniae,Carpodectes antoniae
AVIBASE-4A9F7370,Carpodectes hopkei,Carpodectes hopkei,Carpodectes hopkei
AVIBASE-353F2DD3,Carpodectes nitidus,Carpodectes nitidus,Carpodectes nitidus
AVIBASE-CCD58E2A,Carpornis cucullata,Carpornis cucullata,Carpornis cucullata
AVIBASE-BDB6EEE0,Carpornis melanocephala,Carpornis melanocephala,Carpornis melanocephala
AVIBASE-B1A5B22C,Carpospiza brachydactyla,Carpospiza brachydactyla,Petronia brachydactyla
AVIBASE-640B813A,Carterornis castus,Carterornis castus,Monarcha castus
AVIBASE-6778547A,Carterornis chrysomela,Carterornis chrysomela,Monarcha chrysomela
AVIBASE-D8AF3430,Carterornis leucotis,Carterornis leucotis,Monarcha leucotis
AVIBASE-1EE395CD,Carterornis pileatus,Carterornis pileatus,Monarcha pileatus
AVIBASE-0239BBFC,Caryothraustes canadensis,Caryothraustes canadensis,Caryothraustes canadensis
AVIBASE-CCDEDA82,Caryothraustes celaeno,Rhodothraupis celaeno,Rhodothraupis celaeno
AVIBASE-34DC985D,Caryothraustes erythromelas,Periporphyrus erythromelas,Periporphyrus erythromelas
AVIBASE-148C2DD2,Caryothraustes poliogaster,Caryothraustes poliogaster,Caryothraustes poliogaster
AVIBASE-4E1780CD,Casiornis fuscus,Casiornis fuscus,Casiornis fuscus
AVIBASE-B172A418,Casiornis rufus,Casiornis rufus,Casiornis rufus
AVIBASE-B966FC72,Cassiculus melanicterus,Cassiculus melanicterus,Cacicus melanicterus
AVIBASE-3FC64995,Castanozoster thoracicus,Castanozoster thoracicus,Poospiza thoracica
AVIBASE-7751E0D1,Casuarius bennetti,Casuarius bennetti,Casuarius bennetti
AVIBASE-8B9D93D8,Casuarius casuarius,Casuarius casuarius,Casuarius casuarius
AVIBASE-32E7303B,Casuarius unappendiculatus,Casuarius unappendiculatus,Casuarius unappendiculatus
AVIBASE-D8AD3D11,Catamblyrhynchus diadema,Catamblyrhynchus diadema,Catamblyrhynchus diadema
AVIBASE-19B4343A,Catamenia analis,Catamenia analis,Catamenia analis
AVIBASE-2143C9BF,Catamenia homochroa,Catamenia homochroa,Catamenia homochroa
AVIBASE-830AC9D2,Catamenia inornata,Catamenia inornata,Catamenia inornata
AVIBASE-6813F422,Cataponera turdoides,Cataponera turdoides,Cataponera turdoides
AVIBASE-4D5D2BC3,Catharacta antarctica,Stercorarius antarcticus,Catharacta lonnbergi
AVIBASE-4D5D2BC3,Catharacta antarctica,Stercorarius antarcticus,Catharacta antarctica
AVIBASE-22214CD3,Catharacta chilensis,Stercorarius chilensis,Catharacta chilensis
AVIBASE-7D1A9D5C,Catharacta maccormicki,Stercorarius maccormicki,Catharacta maccormicki
AVIBASE-BB041C6E,Catharacta skua,Stercorarius skua,Catharacta skua
AVIBASE-95AC2035,Catharopeza bishopi,Catharopeza bishopi,Catharopeza bishopi
AVIBASE-36B3872D,Cathartes aura,Cathartes aura,Cathartes aura
AVIBASE-4807686B,Cathartes burrovianus,Cathartes burrovianus,Cathartes burrovianus
AVIBASE-2432C7DD,Cathartes melambrotus,Cathartes melambrotus,Cathartes melambrotus
AVIBASE-7FC3681F,Catharus aurantiirostris,Catharus aurantiirostris,Catharus aurantiirostris
AVIBASE-5E1BED9D,Catharus bicknelli,Catharus bicknelli,Catharus bicknelli
AVIBASE-17697D12,Catharus dryas,Catharus dryas,Catharus dryas
AVIBASE-AE3380AF,Catharus frantzii,Catharus frantzii,Catharus frantzii
AVIBASE-345A1B6E,Catharus fuscater,Catharus fuscater,Catharus fuscater
AVIBASE-0B8F4EE6,Catharus fuscescens,Catharus fuscescens,Catharus fuscescens
AVIBASE-CB874866,Catharus gracilirostris,Catharus gracilirostris,Catharus gracilirostris
AVIBASE-B01E8BD4,Catharus guttatus,Catharus guttatus,Catharus guttatus
AVIBASE-3CC53D26,Catharus maculatus,Catharus maculatus,Catharus dryas
AVIBASE-259F7A06,Catharus mexicanus,Catharus mexicanus,Catharus mexicanus
AVIBASE-B904BB22,Catharus minimus,Catharus minimus,Catharus minimus
AVIBASE-EFA53F7D,Catharus occidentalis,Catharus occidentalis,Catharus occidentalis
AVIBASE-B066CD21,Catharus swainsoni,Catharus ustulatus,Catharus ustulatus
AVIBASE-AC269ED8,Catharus ustulatus,Catharus ustulatus,Catharus ustulatus
AVIBASE-EAD14427,Catherpes mexicanus,Catherpes mexicanus,Catherpes mexicanus
AVIBASE-BCF98F51,Catreus wallichii,Catreus wallichii,Catreus wallichi
AVIBASE-C7B05F46,Ceblepyris caesius,Coracina caesia,Coracina caesia
AVIBASE-F7C76528,Ceblepyris cinereus,Coracina cinerea,Coracina cinerea
AVIBASE-13D917BC,Ceblepyris cucullatus,Coracina cucullata,Coracina cinerea
AVIBASE-A6C2DC31,Ceblepyris graueri,Coracina graueri,Coracina graueri
AVIBASE-6E682612,Ceblepyris pectoralis,Coracina pectoralis,Coracina pectoralis
AVIBASE-5ACC908D,Cecropis abyssinica,Cecropis abyssinica,Hirundo abyssinica
AVIBASE-3160A924,Cecropis cucullata,Cecropis cucullata,Hirundo cucullata
AVIBASE-F72A871F,Cecropis daurica,Cecropis daurica,Hirundo daurica
AVIBASE-03EB8886,Cecropis daurica,Cecropis striolata,Hirundo striolata
AVIBASE-7F7470DA,Cecropis hyperythra,Cecropis hyperythra,Hirundo daurica
AVIBASE-958F4A5E,Cecropis semirufa,Cecropis semirufa,Hirundo semirufa
AVIBASE-9185D29D,Cecropis senegalensis,Cecropis senegalensis,Hirundo senegalensis
AVIBASE-84B08BC5,Celebesica abbotti,Celebesia abbotti,Coracina abbotti
AVIBASE-D354005F,Celeus castaneus,Celeus castaneus,Celeus castaneus
AVIBASE-9DD65284,Celeus elegans,Celeus elegans,Celeus elegans
AVIBASE-CF5A6539,Celeus flavescens,Celeus flavescens,Celeus flavescens
AVIBASE-2186DAF5,Celeus flavus,Celeus flavus,Celeus flavus
AVIBASE-469C98FC,Celeus galeatus,Celeus galeatus,Dryocopus galeatus
AVIBASE-9556A2DB,Celeus loricatus,Celeus loricatus,Celeus loricatus
AVIBASE-5C444ECB,Celeus lugubris,Celeus lugubris,Celeus lugubris
AVIBASE-0C9C4584,Celeus obrieni,Celeus obrieni,Celeus obrieni
AVIBASE-797B6985,Celeus occidentalis,Celeus torquatus,Celeus torquatus
AVIBASE-DF220B1F,Celeus ochraceus,Celeus ochraceus,Celeus flavescens
AVIBASE-BC618F4B,Celeus spectabilis,Celeus spectabilis,Celeus spectabilis
AVIBASE-AF487428,Celeus tinnunculus,Celeus torquatus,Celeus torquatus
AVIBASE-D6E6272D,Celeus torquatus,Celeus torquatus,Celeus torquatus
AVIBASE-856BCFA2,Celeus undatus,Celeus undatus,Celeus grammicus
AVIBASE-856BCFA2,Celeus undatus,Celeus undatus,Celeus undatus
AVIBASE-7071D403,Centrocercus minimus,Centrocercus minimus,Centrocercus minimus
AVIBASE-B7E467E2,Centrocercus urophasianus,Centrocercus urophasianus,Centrocercus urophasianus
AVIBASE-FB6D6920,Centropus andamanensis,Centropus andamanensis,Centropus andamanensis
AVIBASE-120AEEC0,Centropus anselli,Centropus anselli,Centropus anselli
AVIBASE-AFAACBF6,Centropus ateralbus,Centropus ateralbus,Centropus ateralbus
AVIBASE-FD7D022A,Centropus bengalensis,Centropus bengalensis,Centropus bengalensis
AVIBASE-D4162FE4,Centropus bernsteini,Centropus bernsteini,Centropus bernsteini
AVIBASE-A3CDA02C,Centropus celebensis,Centropus celebensis,Centropus celebensis
AVIBASE-2FC6E4CC,Centropus chalybeus,Centropus chalybeus,Centropus chalybeus
AVIBASE-F1F1A913,Centropus chlororhynchos,Centropus chlororhynchos,Centropus chlororhynchus
AVIBASE-DD7B1DD7,Centropus cupreicaudus,Centropus cupreicaudus,Centropus cupreicaudus
AVIBASE-27F3C2C3,Centropus goliath,Centropus goliath,Centropus goliath
AVIBASE-DB09507D,Centropus grillii,Centropus grillii,Centropus grillii
AVIBASE-A0CB9C06,Centropus leucogaster,Centropus leucogaster,Centropus leucogaster
AVIBASE-E0882F01,Centropus melanops,Centropus melanops,Centropus melanops
AVIBASE-741223A5,Centropus menbeki,Centropus menbeki,Centropus menbeki
AVIBASE-DA9831A2,Centropus milo,Centropus milo,Centropus milo
AVIBASE-7C879D6D,Centropus monachus,Centropus monachus,Centropus monachus
AVIBASE-F592E384,Centropus nigrorufus,Centropus nigrorufus,Centropus nigrorufus
AVIBASE-598BC113,Centropus phasianinus,Centropus phasianinus,Centropus phasianinus
AVIBASE-B4E9B5B6,Centropus rectunguis,Centropus rectunguis,Centropus rectunguis
AVIBASE-4A83155B,Centropus senegalensis,Centropus senegalensis,Centropus senegalensis
AVIBASE-F5F991AC,Centropus sinensis,Centropus sinensis,Centropus sinensis
AVIBASE-2EDD1757,Centropus spilopterus,Centropus phasianinus,Centropus spilopterus
AVIBASE-7F4345B1,Centropus steerii,Centropus steerii,Centropus steerii
AVIBASE-BD2BC35C,Centropus superciliosus,Centropus superciliosus,Centropus superciliosus
AVIBASE-6F7BCBE5,Centropus toulou,Centropus toulou,Centropus toulou
AVIBASE-8AA36B21,Centropus unirufus,Centropus unirufus,Centropus unirufus
AVIBASE-C6B5882B,Centropus violaceus,Centropus violaceus,Centropus violaceus
AVIBASE-AA694535,Centropus viridis,Centropus viridis,Centropus viridis
AVIBASE-DCB1B70D,Cephalopterus glabricollis,Cephalopterus glabricollis,Cephalopterus glabricollis
AVIBASE-5892D240,Cephalopterus ornatus,Cephalopterus ornatus,Cephalopterus ornatus
AVIBASE-7171CA71,Cephalopterus penduliger,Cephalopterus penduliger,Cephalopterus penduliger
AVIBASE-501296F9,Cephalopyrus flammiceps,Cephalopyrus flammiceps,Cephalopyrus flammiceps
AVIBASE-90680520,Cepphus carbo,Cepphus carbo,Cepphus carbo
AVIBASE-2F5DF476,Cepphus columba,Cepphus columba,Cepphus columba
AVIBASE-B5AA5952,Cepphus grylle,Cepphus grylle,Cepphus grylle
AVIBASE-C05BF908,Ceratogymna atrata,Ceratogymna atrata,Ceratogymna atrata
AVIBASE-CBC236C2,Ceratogymna elata,Ceratogymna elata,Ceratogymna elata
AVIBASE-DA822C0A,Ceratopipra chloromeros,Ceratopipra chloromeros,Pipra chloromeros
AVIBASE-8E3C83CC,Ceratopipra cornuta,Ceratopipra cornuta,Pipra cornuta
AVIBASE-1C713394,Ceratopipra erythrocephala,Ceratopipra erythrocephala,Pipra erythrocephala
AVIBASE-AB0B75D8,Ceratopipra mentalis,Ceratopipra mentalis,Pipra mentalis
AVIBASE-419C8303,Ceratopipra rubrocapilla,Ceratopipra rubrocapilla,Pipra rubrocapilla
AVIBASE-237E5445,Cercibis oxycerca,Cercibis oxycerca,Cercibis oxycerca
AVIBASE-D64491E4,Cercococcyx lemaireae,Cercococcyx mechowi,Cercococcyx mechowi
AVIBASE-D64491E4,Cercococcyx mechowi,Cercococcyx mechowi,Cercococcyx mechowi
AVIBASE-B8D42059,Cercococcyx montanus,Cercococcyx montanus,Cercococcyx montanus
AVIBASE-CB8FBD65,Cercococcyx olivinus,Cercococcyx olivinus,Cercococcyx olivinus
AVIBASE-035EB456,Cercomacra brasiliana,Cercomacra brasiliana,Cercomacra brasiliana
AVIBASE-35828EAF,Cercomacra carbonaria,Cercomacra carbonaria,Cercomacra carbonaria
AVIBASE-E807EA75,Cercomacra cinerascens,Cercomacra cinerascens,Cercomacra cinerascens
AVIBASE-9140B2FF,Cercomacra ferdinandi,Cercomacra ferdinandi,Cercomacra ferdinandi
AVIBASE-AACD51BD,Cercomacra manu,Cercomacra manu,Cercomacra manu
AVIBASE-2B0F30E3,Cercomacra melanaria,Cercomacra melanaria,Cercomacra melanaria
AVIBASE-88A9D9C5,Cercomacra nigricans,Cercomacra nigricans,Cercomacra nigricans
AVIBASE-C9654C40,Cercomacroides fuscicauda,Cercomacroides fuscicauda,Cercomacra nigrescens
AVIBASE-AA418933,Cercomacroides laeta,Cercomacroides laeta,Cercomacra laeta
AVIBASE-580A07F8,Cercomacroides nigrescens,Cercomacroides nigrescens,Cercomacra nigrescens
AVIBASE-C40F0FE2,Cercomacroides parkeri,Cercomacroides parkeri,Cercomacra parkeri
AVIBASE-E4E8CE6C,Cercomacroides serva,Cercomacroides serva,Cercomacra serva
AVIBASE-7064BD02,Cercomacroides tyrannina,Cercomacroides tyrannina,Cercomacra tyrannina
AVIBASE-B68BD0D2,Cercotrichas galactotes,Cercotrichas galactotes,Erythropygia galactotes
AVIBASE-15B2DD49,Cercotrichas hartlaubi,Cercotrichas hartlaubi,Erythropygia hartlaubi
AVIBASE-B5B6EC7B,Cercotrichas leucophrys,Cercotrichas leucophrys,Erythropygia leucophrys
AVIBASE-C1EF6940,Cercotrichas paena,Cercotrichas paena,Erythropygia paena
AVIBASE-6D92499B,Cercotrichas podobe,Cercotrichas podobe,Cercotrichas podobe
AVIBASE-CA875F31,Cereopsis novaehollandiae,Cereopsis novaehollandiae,Cereopsis novaehollandiae
AVIBASE-53D94597,Cerorhinca monocerata,Cerorhinca monocerata,Cerorhinca monocerata
AVIBASE-BAC33609,Certhia americana,Certhia americana,Certhia americana
AVIBASE-552E2BA9,Certhia brachydactyla,Certhia brachydactyla,Certhia brachydactyla
AVIBASE-B0B998E2,Certhia discolor,Certhia discolor,Certhia discolor
AVIBASE-73BE9A87,Certhia familiaris,Certhia familiaris,Certhia familiaris
AVIBASE-C1423023,Certhia himalayana,Certhia himalayana,Certhia himalayana
AVIBASE-42A2C710,Certhia hodgsoni,Certhia hodgsoni,Certhia hodgsoni
AVIBASE-313F4D74,Certhia manipurensis,Certhia manipurensis,Certhia manipurensis
AVIBASE-C7320C9E,Certhia nipalensis,Certhia nipalensis,Certhia nipalensis
AVIBASE-5304F5C0,Certhia tianquanensis,Certhia tianquanensis,Certhia tianquanensis
AVIBASE-C8717F89,Certhiasomus stictolaemus,Certhiasomus stictolaemus,Deconychura stictolaema
AVIBASE-ABAD0008,Certhiaxis cinnamomeus,Certhiaxis cinnamomeus,Certhiaxis cinnamomeus
AVIBASE-BB585523,Certhiaxis mustelinus,Certhiaxis mustelinus,Certhiaxis mustelinus
AVIBASE-3A320757,Certhidea fusca,Certhidea fusca,Certhidea olivacea
AVIBASE-284D617C,Certhidea olivacea,Certhidea olivacea,Certhidea olivacea
AVIBASE-3244C204,Certhilauda chuana,Certhilauda chuana,Certhilauda chuana
AVIBASE-BEC2F8B6,Certhilauda curvirostris,Certhilauda curvirostris,Certhilauda curvirostris
AVIBASE-56599D6D,Certhilauda semitorquata,Certhilauda semitorquata,Certhilauda semitorquata
AVIBASE-69573E9E,Certhilauda subcoronata,Certhilauda subcoronata,Certhilauda subcoronata
AVIBASE-D6C393EC,Certhionyx variegatus,Certhionyx variegatus,Certhionyx variegatus
AVIBASE-8205077F,Ceryle rudis,Ceryle rudis,Ceryle rudis
AVIBASE-5FA90F20,Cettia brunnifrons,Cettia brunnifrons,Cettia brunnifrons
AVIBASE-1884A2A5,Cettia castaneocoronata,Cettia castaneocoronata,Tesia castaneocoronata
AVIBASE-F3E9CE95,Cettia cetti,Cettia cetti,Cettia cetti
AVIBASE-B9A707A5,Cettia major,Cettia major,Cettia major
AVIBASE-E0D521B7,Ceuthmochares aereus,Ceuthmochares aereus,Ceuthmochares aereus
AVIBASE-3A46A20C,Ceuthmochares australis,Ceuthmochares australis,Ceuthmochares aereus
AVIBASE-FEA93A09,Ceyx argentatus,Ceyx argentatus,Alcedo argentata
AVIBASE-AC4118FA,Ceyx azureus,Ceyx azureus,Alcedo azurea
AVIBASE-1761DCEB,Ceyx cajeli,Ceyx cajeli,Ceyx lepidus
AVIBASE-416A62A1,Ceyx collectoris,Ceyx collectoris,Ceyx lepidus
AVIBASE-67DF541C,Ceyx cyanopectus,Ceyx cyanopectus,Alcedo cyanopectus
AVIBASE-55DAB8DF,Ceyx dispar,Ceyx dispar,Ceyx lepidus
AVIBASE-318C3891,Ceyx erithaca,Ceyx erithaca,Ceyx erithaca
AVIBASE-318C3891,Ceyx erithaca,Ceyx rufidorsa,Ceyx rufidorsa
AVIBASE-318C3891,Ceyx erithaca,Ceyx erithaca,Ceyx rufidorsa
AVIBASE-E7EB8D33,Ceyx fallax,Ceyx fallax,Ceyx fallax
AVIBASE-5514B980,Ceyx flumenicola,Ceyx flumenicola,Alcedo argentata
AVIBASE-1F293B90,Ceyx gentianus,Ceyx gentianus,Ceyx lepidus
AVIBASE-6B0BA4BA,Ceyx lepidus,Ceyx lepidus,Ceyx lepidus
AVIBASE-B797E63F,Ceyx margarethae,Ceyx margarethae,Ceyx lepidus
AVIBASE-86EF27C1,Ceyx meeki,Ceyx meeki,Ceyx lepidus
AVIBASE-F0EEF2F8,Ceyx melanurus,Ceyx melanurus,Ceyx melanurus
AVIBASE-F76B8DCB,Ceyx mindanensis,Ceyx melanurus,Ceyx melanurus
AVIBASE-629FB560,Ceyx mulcatus,Ceyx mulcatus,Ceyx lepidus
AVIBASE-617B96C7,Ceyx nigrirostris,Ceyx cyanopectus,Alcedo cyanopectus
AVIBASE-DF39D0E1,Ceyx nigromaxilla,Ceyx nigromaxilla,Ceyx lepidus
AVIBASE-9F840FEA,Ceyx pusillus,Ceyx pusillus,Alcedo pusilla
AVIBASE-EB20184F,Ceyx sacerdotis,Ceyx sacerdotis,Ceyx lepidus
AVIBASE-0C0CF67B,Ceyx sangirensis,Ceyx fallax,Ceyx fallax
AVIBASE-72DE8F42,Ceyx solitarius,Ceyx solitarius,Ceyx lepidus
AVIBASE-FE1C0F07,Ceyx wallacii,Ceyx wallacii,Ceyx lepidus
AVIBASE-8ADDDF42,Ceyx websteri,Ceyx websteri,Alcedo websteri
AVIBASE-5506AB34,Chaetocercus astreans,Chaetocercus astreans,Chaetocercus astreans
AVIBASE-7A28F870,Chaetocercus berlepschi,Chaetocercus berlepschi,Chaetocercus berlepschi
AVIBASE-E15587CB,Chaetocercus bombus,Chaetocercus bombus,Chaetocercus bombus
AVIBASE-42C220C5,Chaetocercus heliodor,Chaetocercus heliodor,Chaetocercus heliodor
AVIBASE-956D9AB7,Chaetocercus jourdanii,Chaetocercus jourdanii,Chaetocercus jourdanii
AVIBASE-1C5AB704,Chaetocercus mulsant,Chaetocercus mulsant,Chaetocercus mulsant
AVIBASE-CB9159AF,Chaetops aurantius,Chaetops aurantius,Chaetops aurantius
AVIBASE-EE344F3D,Chaetops frenatus,Chaetops frenatus,Chaetops frenatus
AVIBASE-F2BE556C,Chaetorhynchus papuensis,Chaetorhynchus papuensis,Chaetorhynchus papuensis
AVIBASE-F0EECB8B,Chaetornis striata,Schoenicola striatus,Chaetornis striata
AVIBASE-3857901C,Chaetura andrei,Chaetura andrei,Chaetura vauxi
AVIBASE-5368983F,Chaetura brachyura,Chaetura brachyura,Chaetura brachyura
AVIBASE-3792D735,Chaetura chapmani,Chaetura chapmani,Chaetura chapmani
AVIBASE-3792D735,Chaetura chapmani,Chaetura chapmani,Chaetura viridipennis
AVIBASE-0F898234,Chaetura cinereiventris,Chaetura cinereiventris,Chaetura cinereiventris
AVIBASE-33352866,Chaetura egregia,Chaetura egregia,Chaetura egregia
AVIBASE-7DBCF8E4,Chaetura fumosa,Chaetura fumosa,Chaetura fumosa
AVIBASE-0E688C13,Chaetura martinica,Chaetura martinica,Chaetura martinica
AVIBASE-C2288064,Chaetura meridionalis,Chaetura meridionalis,Chaetura meridionalis
AVIBASE-C3AD1AFF,Chaetura pelagica,Chaetura pelagica,Chaetura pelagica
AVIBASE-AEFB8157,Chaetura spinicaudus,Chaetura spinicaudus,Chaetura spinicaudus
AVIBASE-0EB30FB8,Chaetura vauxi,Chaetura vauxi,Chaetura vauxi
AVIBASE-91248B47,Chalcites basalis,Chrysococcyx basalis,Chrysococcyx basalis
AVIBASE-9C8CCBA3,Chalcites crassirostris,Chrysococcyx minutillus,Chrysococcyx crassirostris
AVIBASE-19268395,Chalcites lucidus,Chrysococcyx lucidus,Chrysococcyx lucidus
AVIBASE-14B0CB57,Chalcites megarhynchus,Chrysococcyx megarhynchus,Rhamphomantis megarhynchus
AVIBASE-AD3C4F31,Chalcites meyerii,Chrysococcyx meyerii,Chrysococcyx meyeri
AVIBASE-9C8CCBA3,Chalcites minutillus,Chrysococcyx minutillus,Chrysococcyx minutillus
AVIBASE-9C8CCBA3,Chalcites minutillus,Chrysococcyx minutillus,Chrysococcyx russatus
AVIBASE-087C279E,Chalcites osculans,Chrysococcyx osculans,Chrysococcyx osculans
AVIBASE-4049465F,Chalcites ruficollis,Chrysococcyx ruficollis,Chrysococcyx ruficollis
AVIBASE-59EE3B94,Chalcomitra adelberti,Chalcomitra adelberti,Nectarinia adelberti
AVIBASE-B022292C,Chalcomitra amethystina,Chalcomitra amethystina,Nectarinia amethystina
AVIBASE-98E4ABFF,Chalcomitra balfouri,Chalcomitra balfouri,Nectarinia balfouri
AVIBASE-23BEFB19,Chalcomitra fuliginosa,Chalcomitra fuliginosa,Nectarinia fuliginosa
AVIBASE-8F052626,Chalcomitra hunteri,Chalcomitra hunteri,Nectarinia hunteri
AVIBASE-2E2DE0B6,Chalcomitra rubescens,Chalcomitra rubescens,Nectarinia rubescens
AVIBASE-0059A2E0,Chalcomitra senegalensis,Chalcomitra senegalensis,Nectarinia senegalensis
AVIBASE-67A740A4,Chalcoparia singalensis,Chalcoparia singalensis,Anthreptes singalensis
AVIBASE-05E5E8F6,Chalcophaps indica,Chalcophaps indica,Chalcophaps indica
AVIBASE-826A9742,Chalcophaps longirostris,Chalcophaps longirostris,Chalcophaps indica
AVIBASE-7330DBCF,Chalcophaps stephani,Chalcophaps stephani,Chalcophaps stephani
AVIBASE-EE382415,Chalcopsitta atra,Chalcopsitta atra,Chalcopsitta atra
AVIBASE-E8C9F4D3,Chalcopsitta cardinalis,Pseudeos cardinalis,Chalcopsitta cardinalis
AVIBASE-5059CD94,Chalcopsitta duivenbodei,Chalcopsitta duivenbodei,Chalcopsitta duivenbodei
AVIBASE-80AE9E79,Chalcopsitta scintillata,Chalcopsitta scintillata,Chalcopsitta sintillata
AVIBASE-C14098B2,Chalcostigma herrani,Chalcostigma herrani,Chalcostigma herrani
AVIBASE-38D52634,Chalcostigma heteropogon,Chalcostigma heteropogon,Chalcostigma heteropogon
AVIBASE-7D513D31,Chalcostigma olivaceum,Chalcostigma olivaceum,Chalcostigma olivaceum
AVIBASE-8A7C972F,Chalcostigma ruficeps,Chalcostigma ruficeps,Chalcostigma ruficeps
AVIBASE-A9F8C658,Chalcostigma stanleyi,Chalcostigma stanleyi,Chalcostigma stanleyi
AVIBASE-B9AD5428,Chalybura buffonii,Chalybura buffonii,Chalybura buffonii
AVIBASE-46979A37,Chalybura urochrysia,Chalybura urochrysia,Chalybura urochrysia
AVIBASE-989B57D8,Chamaea fasciata,Chamaea fasciata,Chamaea fasciata
AVIBASE-B019CEB9,Chamaepetes goudotii,Chamaepetes goudotii,Chamaepetes goudotii
AVIBASE-8C688594,Chamaepetes unicolor,Chamaepetes unicolor,Chamaepetes unicolor
AVIBASE-68B8466C,Chamaetylas choloensis,Chamaetylas choloensis,Alethe choloensis
AVIBASE-4ACA4C5C,Chamaetylas fuelleborni,Chamaetylas fuelleborni,Alethe fuelleborni
AVIBASE-8B7A6FE9,Chamaetylas poliocephala,Chamaetylas poliocephala,Alethe poliocephala
AVIBASE-F71CDDC8,Chamaetylas poliophrys,Chamaetylas poliophrys,Alethe poliophrys
AVIBASE-D4FBD3C4,Chamaeza campanisona,Chamaeza campanisona,Chamaeza campanisona
AVIBASE-CEF62826,Chamaeza meruloides,Chamaeza meruloides,Chamaeza meruloides
AVIBASE-B32FC59B,Chamaeza mollissima,Chamaeza mollissima,Chamaeza mollissima
AVIBASE-37339289,Chamaeza nobilis,Chamaeza nobilis,Chamaeza nobilis
AVIBASE-E8795B6F,Chamaeza ruficauda,Chamaeza ruficauda,Chamaeza ruficauda
AVIBASE-588B7DC5,Chamaeza turdina,Chamaeza turdina,Chamaeza turdina
AVIBASE-AA4385A2,Charadrius alexandrinus,Charadrius alexandrinus,Charadrius alexandrinus
AVIBASE-AA52C3B1,Charadrius alticola,Charadrius alticola,Charadrius alticola
AVIBASE-3313E068,Charadrius aquilonius,Charadrius obscurus,Charadrius obscurus
AVIBASE-264D0351,Charadrius asiaticus,Charadrius asiaticus,Charadrius asiaticus
AVIBASE-79420720,Charadrius bicinctus,Charadrius bicinctus,Charadrius bicinctus
AVIBASE-3A47E205,Charadrius bifrontatus,Charadrius tricollaris,Charadrius tricollaris
AVIBASE-03D0649C,Charadrius collaris,Charadrius collaris,Charadrius collaris
AVIBASE-5E8E69CA,Charadrius dealbatus,Charadrius dealbatus,Charadrius alexandrinus
AVIBASE-35EC3BBF,Charadrius dubius,Charadrius dubius,Charadrius dubius
AVIBASE-A931ED99,Charadrius falklandicus,Charadrius falklandicus,Charadrius falklandicus
AVIBASE-4EBB9A28,Charadrius forbesi,Charadrius forbesi,Charadrius forbesi
AVIBASE-EDA37B7C,Charadrius hiaticula,Charadrius hiaticula,Charadrius hiaticula
AVIBASE-EF94AF2E,Charadrius javanicus,Charadrius javanicus,Charadrius javanicus
AVIBASE-98B9C10B,Charadrius leschenaultii,Charadrius leschenaultii,Charadrius leschenaultii
AVIBASE-214B3533,Charadrius marginatus,Charadrius marginatus,Charadrius marginatus
AVIBASE-671B69FE,Charadrius melodus,Charadrius melodus,Charadrius melodus
AVIBASE-42D62A12,Charadrius modestus,Charadrius modestus,Charadrius modestus
AVIBASE-8A4C4629,Charadrius mongolus,Charadrius mongolus,Charadrius mongolus
AVIBASE-1FFFEF4E,Charadrius montanus,Charadrius montanus,Charadrius montanus
AVIBASE-F012ED4B,Charadrius nivosus,Charadrius nivosus,Charadrius alexandrinus
AVIBASE-B41D547B,Charadrius obscurus,Charadrius obscurus,Charadrius obscurus
AVIBASE-61F0E581,Charadrius pallidus,Charadrius pallidus,Charadrius pallidus
AVIBASE-0F0DCC2F,Charadrius pecuarius,Charadrius pecuarius,Charadrius pecuarius
AVIBASE-5D09A657,Charadrius peronii,Charadrius peronii,Charadrius peronii
AVIBASE-8294655E,Charadrius placidus,Charadrius placidus,Charadrius placidus
AVIBASE-1EDCA978,Charadrius ruficapillus,Charadrius ruficapillus,Charadrius ruficapillus
AVIBASE-9EB06C93,Charadrius sanctaehelenae,Charadrius sanctaehelenae,Charadrius sanctaehelenae
AVIBASE-95E28A57,Charadrius semipalmatus,Charadrius semipalmatus,Charadrius semipalmatus
AVIBASE-0E8EC2EA,Charadrius thoracicus,Charadrius thoracicus,Charadrius thoracicus
AVIBASE-F5D22166,Charadrius tricollaris,Charadrius tricollaris,Charadrius tricollaris
AVIBASE-02091964,Charadrius veredus,Charadrius veredus,Charadrius veredus
AVIBASE-BCF9A19A,Charadrius vociferus,Charadrius vociferus,Charadrius vociferus
AVIBASE-654D660C,Charadrius wilsonia,Charadrius wilsonia,Charadrius wilsonia
AVIBASE-F42F4D18,Charitospiza eucosma,Charitospiza eucosma,Charitospiza eucosma
AVIBASE-586A8C9B,Charmosyna amabilis,Vini amabilis,Charmosyna amabilis
AVIBASE-DDC46661,Charmosyna diadema,Vini diadema,Charmosyna diadema
AVIBASE-E5026CCA,Charmosyna josefinae,Charmosyna josefinae,Charmosyna josefinae
AVIBASE-7B5F311D,Charmosyna margarethae,Charmosynoides margarethae,Charmosyna margarethae
AVIBASE-DF94576F,Charmosyna meeki,Vini meeki,Charmosyna meeki
AVIBASE-78D292A8,Charmosyna multistriata,Synorhacma multistriata,Charmosyna multistriata
AVIBASE-5DDF8ABA,Charmosyna palmarum,Vini palmarum,Charmosyna palmarum
AVIBASE-D8E36335,Charmosyna papou,Charmosyna papou,Charmosyna papou
AVIBASE-2EF7F430,Charmosyna placentis,Hypocharmosyna placentis,Charmosyna placentis
AVIBASE-EDF606A6,Charmosyna pulchella,Charmosynopsis pulchella,Charmosyna pulchella
AVIBASE-431B9646,Charmosyna rubrigularis,Vini rubrigularis,Charmosyna rubrigularis
AVIBASE-C1862CB6,Charmosyna rubronotata,Hypocharmosyna rubronotata,Charmosyna rubronotata
AVIBASE-7013D232,Charmosyna stellae,Charmosyna papou,Charmosyna papou
AVIBASE-E91F6DB6,Charmosyna toxopei,Charmosynopsis toxopei,Charmosyna toxopei
AVIBASE-A2558EE9,Charmosyna wilhelminae,Charminetta wilhelminae,Charmosyna wilhelminae
AVIBASE-E2F7F6EC,Chasiempis ibidis,Chasiempis ibidis,Chasiempis sandwichensis
AVIBASE-0E48C9D0,Chasiempis sandwichensis,Chasiempis sandwichensis,Chasiempis sandwichensis
AVIBASE-0E7C7C85,Chasiempis sclateri,Chasiempis sclateri,Chasiempis sandwichensis
AVIBASE-9302DF03,Chatarrhaea gularis,Argya gularis,Turdoides gularis
AVIBASE-B7794D41,Chatarrhaea longirostris,Argya longirostris,Turdoides longirostris
AVIBASE-013B2B0B,Chauna chavaria,Chauna chavaria,Chauna chavaria
AVIBASE-91194BE3,Chauna torquata,Chauna torquata,Chauna torquata
AVIBASE-22832FF4,Chelictinia riocourii,Chelictinia riocourii,Chelictinia riocourii
AVIBASE-B2B4CA58,Chelidoptera tenebrosa,Chelidoptera tenebrosa,Chelidoptera tenebrosa
AVIBASE-CF0C0E5D,Chelidorhynx hypoxanthus,Chelidorhynx hypoxanthus,Chelidorhynx hypoxantha
AVIBASE-149A8E7E,Chenonetta jubata,Chenonetta jubata,Chenonetta jubata
AVIBASE-71BBCB59,Chenorhamphus grayi,Chenorhamphus grayi,Malurus grayi
AVIBASE-B1E93CFF,Chenorhamphus grayi,Chenorhamphus campbelli,Malurus campbelli
AVIBASE-46F6FA51,Cheramoeca leucosterna,Cheramoeca leucosterna,Cheramoeca leucosterna
AVIBASE-D3DAD4C2,Chersomanes albofasciata,Chersomanes albofasciata,Chersomanes albofasciata
AVIBASE-9BEA5037,Chersomanes albofasciata,Chersomanes beesleyi,Chersomanes albofasciata
AVIBASE-504B0218,Chersophilus duponti,Chersophilus duponti,Chersophilus duponti
AVIBASE-62AC9C19,Chionis albus,Chionis albus,Chionis albus
AVIBASE-7C15B681,Chionis minor,Chionis minor,Chionis minor
AVIBASE-6BB6FF7E,Chionodacryon speculiferum,Idiopsar speculifer,Diuca speculifera
AVIBASE-3B0EF11C,Chiroxiphia boliviana,Chiroxiphia boliviana,Chiroxiphia boliviana
AVIBASE-182E9FE2,Chiroxiphia caudata,Chiroxiphia caudata,Chiroxiphia caudata
AVIBASE-1987669E,Chiroxiphia lanceolata,Chiroxiphia lanceolata,Chiroxiphia lanceolata
AVIBASE-F4A5EA23,Chiroxiphia linearis,Chiroxiphia linearis,Chiroxiphia linearis
AVIBASE-F9CEDB91,Chiroxiphia pareola,Chiroxiphia pareola,Chiroxiphia pareola
AVIBASE-93DAA1B3,Chlamydera cerviniventris,Chlamydera cerviniventris,Chlamydera cerviniventris
AVIBASE-2C118B44,Chlamydera guttata,Chlamydera guttata,Chlamydera guttata
AVIBASE-E05381A1,Chlamydera lauterbachi,Chlamydera lauterbachi,Chlamydera lauterbachi
AVIBASE-2F763AC6,Chlamydera maculata,Chlamydera maculata,Chlamydera maculata
AVIBASE-0F4DA8F3,Chlamydera nuchalis,Chlamydera nuchalis,Chlamydera nuchalis
AVIBASE-69DE3A4D,Chlamydochaera jefferyi,Chlamydochaera jefferyi,Chlamydochaera jefferyi
AVIBASE-1BCEB0FD,Chlamydotis macqueenii,Chlamydotis macqueenii,Chlamydotis undulata
AVIBASE-5714C710,Chlamydotis undulata,Chlamydotis undulata,Chlamydotis undulata
AVIBASE-6818E161,Chleuasicus atrosuperciliaris,Chleuasicus atrosuperciliaris,Paradoxornis atrosuperciliaris
AVIBASE-37868999,Chlidonias albostriatus,Chlidonias albostriatus,Sterna albostriata
AVIBASE-7AB4E42B,Chlidonias hybrida,Chlidonias hybrida,Chlidonias hybrida
AVIBASE-43CAAEE3,Chlidonias leucopterus,Chlidonias leucopterus,Chlidonias leucopterus
AVIBASE-115AF02D,Chlidonias niger,Chlidonias niger,Chlidonias niger
AVIBASE-886A8AB7,Chloebia gouldiae,Chloebia gouldiae,Erythrura gouldiae
AVIBASE-4270502F,Chloephaga hybrida,Chloephaga hybrida,Chloephaga hybrida
AVIBASE-BB29610F,Chloephaga melanoptera,Oressochen melanopterus,Chloephaga melanoptera
AVIBASE-74FC5DAB,Chloephaga picta,Chloephaga picta,Chloephaga picta
AVIBASE-E0DEB0E7,Chloephaga poliocephala,Chloephaga poliocephala,Chloephaga poliocephala
AVIBASE-164A10EA,Chloephaga rubidiceps,Chloephaga rubidiceps,Chloephaga rubidiceps
AVIBASE-380A28B4,Chloris ambigua,Chloris ambigua,Carduelis ambigua
AVIBASE-65BD2033,Chloris chloris,Chloris chloris,Carduelis chloris
AVIBASE-8875A644,Chloris monguilloti,Chloris monguilloti,Carduelis monguilloti
AVIBASE-684A6610,Chloris sinica,Chloris sinica,Carduelis sinica
AVIBASE-63B91A39,Chloris spinoides,Chloris spinoides,Carduelis spinoides
AVIBASE-A08C5C06,Chloroceryle aenea,Chloroceryle aenea,Chloroceryle aenea
AVIBASE-331DC00B,Chloroceryle amazona,Chloroceryle amazona,Chloroceryle amazona
AVIBASE-ED7D6741,Chloroceryle americana,Chloroceryle americana,Chloroceryle americana
AVIBASE-5900955B,Chloroceryle inda,Chloroceryle inda,Chloroceryle inda
AVIBASE-AF24691F,Chlorochrysa calliparaea,Chlorochrysa calliparaea,Chlorochrysa calliparaea
AVIBASE-178A3A39,Chlorochrysa fulgentissima,Chlorochrysa calliparaea,Chlorochrysa calliparaea
AVIBASE-2920E66B,Chlorochrysa nitidissima,Chlorochrysa nitidissima,Chlorochrysa nitidissima
AVIBASE-DC50B0C2,Chlorochrysa phoenicotis,Chlorochrysa phoenicotis,Chlorochrysa phoenicotis
AVIBASE-FCA9F934,Chlorocichla falkensteini,Chlorocichla falkensteini,Chlorocichla falkensteini
AVIBASE-D083BB3F,Chlorocichla flaviventris,Chlorocichla flaviventris,Chlorocichla flaviventris
AVIBASE-4602AC01,Chlorocichla laetissima,Chlorocichla laetissima,Chlorocichla laetissima
AVIBASE-38652F17,Chlorocichla prigoginei,Chlorocichla prigoginei,Chlorocichla prigoginei
AVIBASE-D3D4D1B7,Chlorocichla simplex,Chlorocichla simplex,Chlorocichla simplex
AVIBASE-0A603DFD,Chlorodrepanis flava,Chlorodrepanis flava,Hemignathus flavus
AVIBASE-5305B509,Chlorodrepanis stejnegeri,Chlorodrepanis stejnegeri,Hemignathus kauaiensis
AVIBASE-ABB15738,Chlorodrepanis virens,Chlorodrepanis virens,Hemignathus virens
AVIBASE-64E4030B,Chlorophanes spiza,Chlorophanes spiza,Chlorophanes spiza
AVIBASE-EF5EDE6D,Chlorophoneus bocagei,Telophorus bocagei,Telophorus bocagei
AVIBASE-456567FF,Chlorophoneus kupeensis,Telophorus kupeensis,Telophorus kupeensis
AVIBASE-3703187C,Chlorophoneus multicolor,Telophorus multicolor,Telophorus multicolor
AVIBASE-5CE2F0DC,Chlorophoneus nigrifrons,Telophorus nigrifrons,Telophorus nigrifrons
AVIBASE-89A9E67C,Chlorophoneus olivaceus,Telophorus olivaceus,Telophorus olivaceus
AVIBASE-F3DCCA8F,Chlorophoneus sulfureopectus,Telophorus sulfureopectus,Telophorus sulfureopectus
AVIBASE-5288BFA0,Chlorophonia callophrys,Chlorophonia callophrys,Chlorophonia callophrys
AVIBASE-AB545C67,Chlorophonia cyanea,Chlorophonia cyanea,Chlorophonia cyanea
AVIBASE-C6D30C38,Chlorophonia flavirostris,Chlorophonia flavirostris,Chlorophonia flavirostris
AVIBASE-6BB566A5,Chlorophonia occipitalis,Chlorophonia occipitalis,Chlorophonia occipitalis
AVIBASE-6538B254,Chlorophonia pyrrhophrys,Chlorophonia pyrrhophrys,Chlorophonia pyrrhophrys
AVIBASE-05596C5C,Chloropipo flavicapilla,Chloropipo flavicapilla,Xenopipo flavicapilla
AVIBASE-3E3BA0AA,Chloropipo unicolor,Chloropipo unicolor,Xenopipo unicolor
AVIBASE-5FEE1D85,Chloropsis aurifrons,Chloropsis aurifrons,Chloropsis aurifrons
AVIBASE-5BCF3089,Chloropsis cochinchinensis,Chloropsis cochinchinensis,Chloropsis cochinchinensis
AVIBASE-3EB2B90E,Chloropsis cyanopogon,Chloropsis cyanopogon,Chloropsis cyanopogon
AVIBASE-E7717F1E,Chloropsis flavipennis,Chloropsis flavipennis,Chloropsis flavipennis
AVIBASE-A42A16D2,Chloropsis hardwickii,Chloropsis hardwickii,Chloropsis hardwickii
AVIBASE-6D18F47F,Chloropsis jerdoni,Chloropsis jerdoni,Chloropsis jerdoni
AVIBASE-04A9DF5B,Chloropsis kinabaluensis,Chloropsis kinabaluensis,Chloropsis kinabaluensis
AVIBASE-3CCD237B,Chloropsis lazulina,Chloropsis hardwickii,Chloropsis hardwickii
AVIBASE-6B917A63,Chloropsis media,Chloropsis media,Chloropsis media
AVIBASE-47CF4ED7,Chloropsis moluccensis,Chloropsis cochinchinensis,Chloropsis cochinchinensis
AVIBASE-9FA8B081,Chloropsis palawanensis,Chloropsis palawanensis,Chloropsis palawanensis
AVIBASE-A0473AFB,Chloropsis sonnerati,Chloropsis sonnerati,Chloropsis sonnerati
AVIBASE-2A6A63B9,Chloropsis venusta,Chloropsis venusta,Chloropsis venusta
AVIBASE-C2BD666A,Chlorornis riefferii,Chlorornis riefferii,Chlorornis riefferii
AVIBASE-C6F07B0B,Chlorospingus canigularis,Chlorospingus canigularis,Chlorospingus canigularis
AVIBASE-111F1E7D,Chlorospingus flavigularis,Chlorospingus flavigularis,Chlorospingus flavigularis
AVIBASE-5F80B24D,Chlorospingus flavopectus,Chlorospingus flavopectus,Chlorospingus ophthalmicus
AVIBASE-8C0C9B25,Chlorospingus hypophaeus,Chlorospingus flavigularis,Chlorospingus flavigularis
AVIBASE-2F0F98C2,Chlorospingus inornatus,Chlorospingus inornatus,Chlorospingus inornatus
AVIBASE-E5DB38E4,Chlorospingus parvirostris,Chlorospingus parvirostris,Chlorospingus parvirostris
AVIBASE-66F20774,Chlorospingus pileatus,Chlorospingus pileatus,Chlorospingus pileatus
AVIBASE-88850F7B,Chlorospingus semifuscus,Chlorospingus semifuscus,Chlorospingus semifuscus
AVIBASE-433EF57B,Chlorospingus tacarcunae,Chlorospingus tacarcunae,Chlorospingus tacarcunae
AVIBASE-C99DAFD1,Chlorostilbon assimilis,Chlorostilbon assimilis,Chlorostilbon assimilis
AVIBASE-05C96F92,Chlorostilbon auriceps,Cynanthus auriceps,Chlorostilbon auriceps
AVIBASE-FF34508D,Chlorostilbon canivetii,Cynanthus canivetii,Chlorostilbon canivetii
AVIBASE-3737BCB9,Chlorostilbon forficatus,Cynanthus forficatus,Chlorostilbon forficatus
AVIBASE-114CC90E,Chlorostilbon gibsoni,Chlorostilbon gibsoni,Chlorostilbon gibsoni
AVIBASE-69D81B74,Chlorostilbon lucidus,Chlorostilbon lucidus,Chlorostilbon lucidus
AVIBASE-E985A051,Chlorostilbon maugaeus,Riccordia maugaeus,Chlorostilbon maugaeus
AVIBASE-EFE80E7B,Chlorostilbon mellisugus,Chlorostilbon mellisugus,Chlorostilbon mellisugus
AVIBASE-99625377,Chlorostilbon mellisugus,Chlorostilbon melanorhynchus,Chlorostilbon melanorhynchus
AVIBASE-7849DFD9,Chlorostilbon notatus,Chlorestes notata,Chlorestes notata
AVIBASE-727A9FFC,Chlorostilbon olivaresi,Chlorostilbon olivaresi,Chlorostilbon olivaresi
AVIBASE-D4F4C613,Chlorostilbon poortmani,Chlorostilbon alice,Chlorostilbon alice
AVIBASE-0A7F307E,Chlorostilbon poortmani,Chlorostilbon poortmani,Chlorostilbon poortmani
AVIBASE-1AE81F8C,Chlorostilbon ricordii,Riccordia ricordii,Chlorostilbon ricordii
AVIBASE-3B22C2E7,Chlorostilbon russatus,Chlorostilbon russatus,Chlorostilbon russatus
AVIBASE-142F4F29,Chlorostilbon stenurus,Chlorostilbon stenurus,Chlorostilbon stenurus
AVIBASE-DD88EB5A,Chlorostilbon swainsonii,Riccordia swainsonii,Chlorostilbon swainsonii
AVIBASE-B7B36296,Cholornis paradoxus,Cholornis paradoxus,Paradoxornis paradoxus
AVIBASE-83BC3338,Cholornis unicolor,Cholornis unicolor,Paradoxornis unicolor
AVIBASE-78509A5D,Chondestes grammacus,Chondestes grammacus,Chondestes grammacus
AVIBASE-34457827,Chondrohierax uncinatus,Chondrohierax uncinatus,Chondrohierax uncinatus
AVIBASE-9AD67123,Chondrohierax uncinatus,Chondrohierax uncinatus,Chondrohierax uncinatus
AVIBASE-B028452B,Chondrohierax wilsonii,Chondrohierax uncinatus,Chondrohierax wilsonii
AVIBASE-9690689D,Chordeiles acutipennis,Chordeiles acutipennis,Chordeiles acutipennis
AVIBASE-E025D440,Chordeiles gundlachii,Chordeiles gundlachii,Chordeiles gundlachii
AVIBASE-24E39ACD,Chordeiles minor,Chordeiles minor,Chordeiles minor
AVIBASE-6E297C5B,Chordeiles nacunda,Chordeiles nacunda,Podager nacunda
AVIBASE-897A81B0,Chordeiles pusillus,Chordeiles pusillus,Chordeiles pusillus
AVIBASE-18D14B20,Chordeiles rupestris,Chordeiles rupestris,Chordeiles rupestris
AVIBASE-0482FA7E,Chrysococcyx caprius,Chrysococcyx caprius,Chrysococcyx caprius
AVIBASE-1B309CB5,Chrysococcyx cupreus,Chrysococcyx cupreus,Chrysococcyx cupreus
AVIBASE-A4427701,Chrysococcyx flavigularis,Chrysococcyx flavigularis,Chrysococcyx flavigularis
AVIBASE-1FACD210,Chrysococcyx klaas,Chrysococcyx klaas,Chrysococcyx klaas
AVIBASE-DD1544E8,Chrysococcyx maculatus,Chrysococcyx maculatus,Chrysococcyx maculatus
AVIBASE-A6C03533,Chrysococcyx xanthorhynchus,Chrysococcyx xanthorhynchus,Chrysococcyx xanthorhynchus
AVIBASE-CBB8E41C,Chrysocolaptes erythrocephalus,Chrysocolaptes erythrocephalus,Chrysocolaptes lucidus
AVIBASE-8C743B57,Chrysocolaptes festivus,Chrysocolaptes festivus,Chrysocolaptes festivus
AVIBASE-B82693BC,Chrysocolaptes guttacristatus,Chrysocolaptes guttacristatus,Chrysocolaptes lucidus
AVIBASE-4A1E2B7F,Chrysocolaptes haematribon,Chrysocolaptes haematribon,Chrysocolaptes lucidus
AVIBASE-796FDA2E,Chrysocolaptes lucidus,Chrysocolaptes lucidus,Chrysocolaptes lucidus
AVIBASE-E10F33CF,Chrysocolaptes stricklandi,Chrysocolaptes stricklandi,Chrysocolaptes lucidus
AVIBASE-55751EC2,Chrysocolaptes strictus,Chrysocolaptes strictus,Chrysocolaptes lucidus
AVIBASE-05714481,Chrysocolaptes validus,Reinwardtipicus validus,Reinwardtipicus validus
AVIBASE-101A379C,Chrysocolaptes xanthocephalus,Chrysocolaptes xanthocephalus,Chrysocolaptes lucidus
AVIBASE-D145C517,Chrysocorypha delatrii,Tachyphonus delatrii,Tachyphonus delatrii
AVIBASE-7E501141,Chrysocorythus estherae,Chrysocorythus estherae,Serinus estherae
AVIBASE-1513D718,Chrysocorythus mindanensis,Chrysocorythus estherae,Serinus estherae
AVIBASE-79FF7D13,Chrysoena luteovirens,Ptilinopus luteovirens,Ptilinopus luteovirens
AVIBASE-6A9470B3,Chrysoena victor,Ptilinopus victor,Ptilinopus victor
AVIBASE-457D9C38,Chrysoena viridis,Ptilinopus layardi,Ptilinopus layardi
AVIBASE-0ED012F9,Chrysolampis mosquitus,Chrysolampis mosquitus,Chrysolampis mosquitus
AVIBASE-DDF032E8,Chrysolophus amherstiae,Chrysolophus amherstiae,Chrysolophus amherstiae
AVIBASE-093AC1FC,Chrysolophus pictus,Chrysolophus pictus,Chrysolophus pictus
AVIBASE-55B3A7AF,Chrysominla strigula,Actinodura strigula,Minla strigula
AVIBASE-2095825C,Chrysomma altirostre,Chrysomma altirostre,Chrysomma altirostre
AVIBASE-0C0CEF5B,Chrysomma sinense,Chrysomma sinense,Chrysomma sinense
AVIBASE-42826912,Chrysomus icterocephalus,Chrysomus icterocephalus,Chrysomus icterocephalus
AVIBASE-7D94C902,Chrysomus ruficapillus,Chrysomus ruficapillus,Chrysomus ruficapillus
AVIBASE-B122779F,Chrysophlegma flavinucha,Chrysophlegma flavinucha,Picus flavinucha
AVIBASE-B808848F,Chrysophlegma humii,Chrysophlegma mentale,Picus mentalis
AVIBASE-C58A1925,Chrysophlegma mentale,Chrysophlegma mentale,Picus mentalis
AVIBASE-05CFB3D1,Chrysophlegma miniaceum,Chrysophlegma miniaceum,Picus mineaceus
AVIBASE-96D85716,Chrysothlypis chrysomelas,Chrysothlypis chrysomelas,Chrysothlypis chrysomelas
AVIBASE-D11A3B3E,Chrysothlypis salmoni,Chrysothlypis salmoni,Chrysothlypis salmoni
AVIBASE-AC53C0E2,Chunga burmeisteri,Chunga burmeisteri,Chunga burmeisteri
AVIBASE-2FBDE42C,Ciccaba albitarsis,Ciccaba albitarsis,Strix albitarsis
AVIBASE-FE8F1390,Ciccaba huhula,Ciccaba huhula,Strix huhula
AVIBASE-557C100E,Ciccaba nigrolineata,Ciccaba nigrolineata,Strix nigrolineata
AVIBASE-192FC14D,Ciccaba virgata,Ciccaba virgata,Strix virgata
AVIBASE-A0A3B03D,Cichladusa arquata,Cichladusa arquata,Cichladusa arquata
AVIBASE-345658E9,Cichladusa guttata,Cichladusa guttata,Cichladusa guttata
AVIBASE-A27D752A,Cichladusa ruficauda,Cichladusa ruficauda,Cichladusa ruficauda
AVIBASE-600810CC,Cichlocolaptes holti,Cichlocolaptes leucophrus,Cichlocolaptes leucophrus
AVIBASE-7E5F7D44,Cichlocolaptes leucophrus,Cichlocolaptes leucophrus,Cichlocolaptes leucophrus
AVIBASE-3ECE7C7F,Cichlopsis chubbi,Cichlopsis leucogenys,Cichlopsis leucogenys
AVIBASE-01C2BBD4,Cichlopsis gularis,Cichlopsis leucogenys,Cichlopsis leucogenys
AVIBASE-EF37266B,Cichlopsis leucogenys,Cichlopsis leucogenys,Cichlopsis leucogenys
AVIBASE-74070E02,Cichlopsis peruviana,Cichlopsis leucogenys,Cichlopsis leucogenys
AVIBASE-249364E0,Cicinnurus magnificus,Cicinnurus magnificus,Cicinnurus magnificus
AVIBASE-77A0EB9D,Cicinnurus regius,Cicinnurus regius,Cicinnurus regius
AVIBASE-1B03A722,Cicinnurus respublica,Cicinnurus respublica,Cicinnurus respublica
AVIBASE-26CD0319,Ciconia abdimii,Ciconia abdimii,Ciconia abdimii
AVIBASE-C417573F,Ciconia boyciana,Ciconia boyciana,Ciconia boyciana
AVIBASE-28825494,Ciconia ciconia,Ciconia ciconia,Ciconia ciconia
AVIBASE-F76E7B80,Ciconia episcopus,Ciconia episcopus,Ciconia episcopus
AVIBASE-4AB9F632,Ciconia maguari,Ciconia maguari,Ciconia maguari
AVIBASE-5157C558,Ciconia microscelis,Ciconia episcopus,Ciconia episcopus
AVIBASE-E2817DAE,Ciconia nigra,Ciconia nigra,Ciconia nigra
AVIBASE-0C6D8B19,Ciconia stormi,Ciconia stormi,Ciconia stormi
AVIBASE-858C33DD,Cinclidium frontale,Cinclidium frontale,Cinclidium frontale
AVIBASE-65229424,Cinclocerthia gutturalis,Cinclocerthia gutturalis,Cinclocerthia gutturalis
AVIBASE-9E532090,Cinclocerthia ruficauda,Cinclocerthia ruficauda,Cinclocerthia ruficauda
AVIBASE-B1DBDB2E,Cinclodes albidiventris,Cinclodes albidiventris,Cinclodes albidiventris
AVIBASE-0F46C5DB,Cinclodes albiventris,Cinclodes albiventris,Cinclodes albiventris
AVIBASE-2C13E973,Cinclodes antarcticus,Cinclodes antarcticus,Cinclodes antarcticus
AVIBASE-950936C6,Cinclodes aricomae,Cinclodes aricomae,Cinclodes aricomae
AVIBASE-DD308D8C,Cinclodes atacamensis,Cinclodes atacamensis,Cinclodes atacamensis
AVIBASE-9B0C898B,Cinclodes comechingonus,Cinclodes comechingonus,Cinclodes comechingonus
AVIBASE-5CD6A77B,Cinclodes excelsior,Cinclodes excelsior,Cinclodes excelsior
AVIBASE-FF52966F,Cinclodes fuscus,Cinclodes fuscus,Cinclodes fuscus
AVIBASE-716443F8,Cinclodes maculirostris,Cinclodes antarcticus,Cinclodes antarcticus
AVIBASE-1B10F1B4,Cinclodes nigrofumosus,Cinclodes nigrofumosus,Cinclodes nigrofumosus
AVIBASE-73C73E03,Cinclodes olrogi,Cinclodes olrogi,Cinclodes olrogi
AVIBASE-E20363A6,Cinclodes oustaleti,Cinclodes oustaleti,Cinclodes oustaleti
AVIBASE-A6DCC8E9,Cinclodes pabsti,Cinclodes pabsti,Cinclodes pabsti
AVIBASE-B2F7B207,Cinclodes palliatus,Cinclodes palliatus,Cinclodes palliatus
AVIBASE-519ED71C,Cinclodes patagonicus,Cinclodes patagonicus,Cinclodes patagonicus
AVIBASE-818F8693,Cinclodes taczanowskii,Cinclodes taczanowskii,Cinclodes taczanowskii
AVIBASE-E4A62726,Cincloramphus cruralis,Cincloramphus cruralis,Cincloramphus cruralis
AVIBASE-ADA9D3DA,Cincloramphus macrurus,Cincloramphus macrurus,Megalurus timoriensis
AVIBASE-D6C5E52E,Cincloramphus mathewsi,Cincloramphus mathewsi,Cincloramphus mathewsi
AVIBASE-55BCBFAF,Cincloramphus timoriensis,Cincloramphus timoriensis,Megalurus timoriensis
AVIBASE-7D5425AD,Cinclosoma ajax,Cinclosoma ajax,Cinclosoma ajax
AVIBASE-FD1E20FA,Cinclosoma alisteri,Cinclosoma alisteri,Cinclosoma cinnamomeum
AVIBASE-476F7031,Cinclosoma castaneothorax,Cinclosoma castaneothorax,Cinclosoma castaneothorax
AVIBASE-CF9BA9D6,Cinclosoma castanotum,Cinclosoma clarum,Cinclosoma castanotum
AVIBASE-602C7CA7,Cinclosoma castanotum,Cinclosoma castanotum,Cinclosoma castanotum
AVIBASE-A070D2D5,Cinclosoma castanotum,NA,Cinclosoma castanotum
AVIBASE-BA3865DD,Cinclosoma cinnamomeum,Cinclosoma cinnamomeum,Cinclosoma cinnamomeum
AVIBASE-00945758,Cinclosoma marginatum,Cinclosoma marginatum,Cinclosoma castaneothorax
AVIBASE-07466471,Cinclosoma punctatum,Cinclosoma punctatum,Cinclosoma punctatum
AVIBASE-FDECE3B9,Cinclus cinclus,Cinclus cinclus,Cinclus cinclus
AVIBASE-DE849BDB,Cinclus leucocephalus,Cinclus leucocephalus,Cinclus leucocephalus
AVIBASE-A5EC8BF5,Cinclus mexicanus,Cinclus mexicanus,Cinclus mexicanus
AVIBASE-4E5EB987,Cinclus pallasii,Cinclus pallasii,Cinclus pallasii
AVIBASE-2135780F,Cinclus schulzii,Cinclus schulzii,Cinclus schulzi
AVIBASE-5A3DDD7A,Cinnycerthia fulva,Cinnycerthia fulva,Cinnycerthia fulva
AVIBASE-D51075E1,Cinnycerthia olivascens,Cinnycerthia olivascens,Cinnycerthia olivascens
AVIBASE-EA4C21DC,Cinnycerthia peruana,Cinnycerthia peruana,Cinnycerthia peruana
AVIBASE-594A4DB7,Cinnycerthia unirufa,Cinnycerthia unirufa,Cinnycerthia unirufa
AVIBASE-B1A3AF6C,Cinnyricinclus leucogaster,Cinnyricinclus leucogaster,Cinnyricinclus leucogaster
AVIBASE-E47FCBF7,Cinnyris afer,Cinnyris afer,Nectarinia afra
AVIBASE-E9BCF764,Cinnyris asiaticus,Cinnyris asiaticus,Nectarinia asiatica
AVIBASE-DD180188,Cinnyris batesi,Cinnyris batesi,Nectarinia batesi
AVIBASE-71C72002,Cinnyris bifasciatus,Cinnyris bifasciatus,Nectarinia bifasciata
AVIBASE-693FC6FD,Cinnyris bouvieri,Cinnyris bouvieri,Nectarinia bouvieri
AVIBASE-CAA420CC,Cinnyris buettikoferi,Cinnyris buettikoferi,Nectarinia buettikoferi
AVIBASE-9CDA630C,Cinnyris chalcomelas,Cinnyris chalcomelas,Nectarinia chalcomelas
AVIBASE-679F9748,Cinnyris chalybeus,Cinnyris chalybeus,Nectarinia chalybea
AVIBASE-D2B15B3F,Cinnyris chloropygius,Cinnyris chloropygius,Nectarinia chloropygia
AVIBASE-48EC6C78,Cinnyris coccinigastrus,Cinnyris coccinigastrus,Nectarinia coccinigaster
AVIBASE-0D9CEEA0,Cinnyris comorensis,Cinnyris comorensis,Nectarinia comorensis
AVIBASE-6A9FC674,Cinnyris congensis,Cinnyris congensis,Nectarinia congensis
AVIBASE-A3D7FDD3,Cinnyris coquerellii,Cinnyris coquerellii,Nectarinia coquerellii
AVIBASE-1F21FFE9,Cinnyris cupreus,Cinnyris cupreus,Nectarinia cuprea
AVIBASE-8449EA0A,Cinnyris dussumieri,Cinnyris dussumieri,Nectarinia dussumieri
AVIBASE-4C428439,Cinnyris erythrocercus,Cinnyris erythrocercus,Nectarinia erythrocerca
AVIBASE-411ECD6F,Cinnyris fuelleborni,Cinnyris fuelleborni,Nectarinia fuelleborni
AVIBASE-427683B4,Cinnyris fuscus,Cinnyris fuscus,Nectarinia fusca
AVIBASE-82E7EDC0,Cinnyris gertrudis,Cinnyris gertrudis,Nectarinia manoensis
AVIBASE-688582BF,Cinnyris habessinicus,Cinnyris habessinicus,Nectarinia habessinica
AVIBASE-36D2C0CD,Cinnyris hellmayri,Cinnyris habessinicus,Nectarinia habessinica
AVIBASE-308AEC0F,Cinnyris humbloti,Cinnyris humbloti,Nectarinia humbloti
AVIBASE-B9D5E209,Cinnyris idenburgi,Cinnyris jugularis,Nectarinia jugularis
AVIBASE-3D3EF8AC,Cinnyris johannae,Cinnyris johannae,Nectarinia johannae
AVIBASE-CBE7EC40,Cinnyris jugularis,Cinnyris jugularis,Nectarinia jugularis
AVIBASE-2088177F,Cinnyris lotenius,Cinnyris lotenius,Nectarinia lotenia
AVIBASE-85666B49,Cinnyris loveridgei,Cinnyris loveridgei,Nectarinia loveridgei
AVIBASE-35BD0745,Cinnyris ludovicensis,Cinnyris ludovicensis,Nectarinia ludovicensis
AVIBASE-4E7287C8,Cinnyris manoensis,Cinnyris manoensis,Nectarinia manoensis
AVIBASE-5AC9F737,Cinnyris mariquensis,Cinnyris mariquensis,Nectarinia mariquensis
AVIBASE-EF6101F4,Cinnyris mediocris,Cinnyris mediocris,Nectarinia mediocris
AVIBASE-375BAF53,Cinnyris melanogastrus,Cinnyris pulchellus,Nectarinia pulchella
AVIBASE-6F3E5C98,Cinnyris minullus,Cinnyris minullus,Nectarinia minulla
AVIBASE-BFE7E27F,Cinnyris moebii,Cinnyris notatus,Nectarinia notata
AVIBASE-B929416B,Cinnyris moreaui,Cinnyris moreaui,Nectarinia moreaui
AVIBASE-7C822074,Cinnyris nectarinioides,Cinnyris nectarinioides,Nectarinia nectarinioides
AVIBASE-942E8A93,Cinnyris neergaardi,Cinnyris neergaardi,Nectarinia neergardi
AVIBASE-8EDC0A7A,Cinnyris notatus,Cinnyris notatus,Nectarinia notata
AVIBASE-783E492C,Cinnyris osea,Cinnyris osea,Nectarinia osea
AVIBASE-F2C131F9,Cinnyris oustaleti,Cinnyris oustaleti,Nectarinia oustaleti
AVIBASE-8427E71F,Cinnyris pembae,Cinnyris pembae,Nectarinia pembae
AVIBASE-5D8A4ACA,Cinnyris prigoginei,Cinnyris prigoginei,Nectarinia afra
AVIBASE-718A3B70,Cinnyris pulchellus,Cinnyris pulchellus,Nectarinia pulchella
AVIBASE-F995313F,Cinnyris regius,Cinnyris regius,Nectarinia regia
AVIBASE-A6083057,Cinnyris reichenowi,Cinnyris reichenowi,Nectarinia preussi
AVIBASE-D88A2E02,Cinnyris rockefelleri,Cinnyris rockefelleri,Nectarinia rockefelleri
AVIBASE-E3B9A841,Cinnyris rufipennis,Cinnyris rufipennis,Nectarinia rufipennis
AVIBASE-68352820,Cinnyris shelleyi,Cinnyris shelleyi,Nectarinia shelleyi
AVIBASE-AB27B1A6,Cinnyris solaris,Cinnyris solaris,Nectarinia solaris
AVIBASE-D7C2EAB8,Cinnyris sovimanga,Cinnyris sovimanga,Nectarinia sovimanga
AVIBASE-E0C82A32,Cinnyris stuhlmanni,Cinnyris stuhlmanni,Nectarinia stuhlmanni
AVIBASE-7C8BC7CF,Cinnyris superbus,Cinnyris superbus,Nectarinia superba
AVIBASE-8D3818DB,Cinnyris talatala,Cinnyris talatala,Nectarinia talatala
AVIBASE-17DE4B1F,Cinnyris tsavoensis,Cinnyris tsavoensis,Nectarinia tsavoensis
AVIBASE-6781CD7F,Cinnyris ursulae,Cinnyris ursulae,Nectarinia ursulae
AVIBASE-CBA39A29,Cinnyris usambaricus,Cinnyris usambaricus,Nectarinia mediocris
AVIBASE-8E9E45B5,Cinnyris venustus,Cinnyris venustus,Nectarinia venusta
AVIBASE-ED0E14EA,Cinnyris voeltzkowi,Cinnyris notatus,Nectarinia notata
AVIBASE-F4E78AFA,Circaetus beaudouini,Circaetus beaudouini,Circaetus beaudouini
AVIBASE-4327F813,Circaetus cinerascens,Circaetus cinerascens,Circaetus cinerascens
AVIBASE-6904D83F,Circaetus cinereus,Circaetus cinereus,Circaetus cinereus
AVIBASE-9F2839A9,Circaetus fasciolatus,Circaetus fasciolatus,Circaetus fasciolatus
AVIBASE-8372FFBA,Circaetus gallicus,Circaetus gallicus,Circaetus gallicus
AVIBASE-BF553D32,Circaetus pectoralis,Circaetus pectoralis,Circaetus pectoralis
AVIBASE-E2A19474,Circus aeruginosus,Circus aeruginosus,Circus aeruginosus
AVIBASE-1ACF5A6E,Circus approximans,Circus approximans,Circus approximans
AVIBASE-811762D2,Circus assimilis,Circus assimilis,Circus assimilis
AVIBASE-07E22FE2,Circus buffoni,Circus buffoni,Circus buffoni
AVIBASE-83DC8765,Circus cinereus,Circus cinereus,Circus cinereus
AVIBASE-F558C7F9,Circus cyaneus,Circus cyaneus,Circus cyaneus
AVIBASE-A091D50A,Circus hudsonius,Circus hudsonius,Circus cyaneus
AVIBASE-C194112D,Circus macrosceles,Circus macrosceles,Circus macrosceles
AVIBASE-22647E26,Circus macrourus,Circus macrourus,Circus macrourus
AVIBASE-02B81454,Circus maillardi,Circus maillardi,Circus maillardi
AVIBASE-A41CD4E7,Circus maurus,Circus maurus,Circus maurus
AVIBASE-1EA96AE1,Circus melanoleucos,Circus melanoleucos,Circus melanoleucos
AVIBASE-63B6412E,Circus pygargus,Circus pygargus,Circus pygargus
AVIBASE-2A2C169B,Circus ranivorus,Circus ranivorus,Circus ranivorus
AVIBASE-A2F048C0,Circus spilonotus,Circus spilonotus,Circus spilonotus
AVIBASE-9D4669E5,Circus spilothorax,Circus spilothorax,Circus spilonotus
AVIBASE-ED4011E9,Cissa chinensis,Cissa chinensis,Cissa chinensis
AVIBASE-63D31D90,Cissa hypoleuca,Cissa hypoleuca,Cissa hypoleuca
AVIBASE-7B4271FE,Cissa jefferyi,Cissa jefferyi,Cissa thalassina
AVIBASE-7DDA43DF,Cissa thalassina,Cissa thalassina,Cissa thalassina
AVIBASE-C86D00F0,Cissomela pectoralis,Cissomela pectoralis,Certhionyx pectoralis
AVIBASE-7766CC3C,Cissopis leverianus,Cissopis leverianus,Cissopis leverianus
AVIBASE-3C79F1AC,Cisticola aberdare,Cisticola aberdare,Cisticola aberdare
AVIBASE-2C8B24B6,Cisticola aberrans,Cisticola aberrans,Cisticola aberrans
AVIBASE-9CE4FC4C,Cisticola angusticauda,Cisticola angusticauda,Cisticola angusticauda
AVIBASE-01CFA60A,Cisticola anonymus,Cisticola anonymus,Cisticola anonymus
AVIBASE-A2C88219,Cisticola aridulus,Cisticola aridulus,Cisticola aridulus
AVIBASE-78573BB2,Cisticola ayresii,Cisticola ayresii,Cisticola ayresii
AVIBASE-4276CE06,Cisticola bailunduensis,Cisticola aberrans,Cisticola aberrans
AVIBASE-F8469E3F,Cisticola bodessa,Cisticola bodessa,Cisticola bodessa
AVIBASE-FBDCA962,Cisticola brachypterus,Cisticola brachypterus,Cisticola brachypterus
AVIBASE-006667E7,Cisticola brunnescens,Cisticola brunnescens,Cisticola brunnescens
AVIBASE-F550D7D6,Cisticola bulliens,Cisticola bulliens,Cisticola bulliens
AVIBASE-6B64558B,Cisticola cantans,Cisticola cantans,Cisticola cantans
AVIBASE-2C6D5362,Cisticola carruthersi,Cisticola carruthersi,Cisticola carruthersi
AVIBASE-84C80AC6,Cisticola cherina,Cisticola cherina,Cisticola cherina
AVIBASE-909FEE8A,Cisticola chiniana,Cisticola chiniana,Cisticola chiniana
AVIBASE-4849AA43,Cisticola chubbi,Cisticola chubbi,Cisticola discolor
AVIBASE-4849AA43,Cisticola chubbi,Cisticola chubbi,Cisticola chubbi
AVIBASE-71F6A3F0,Cisticola cinereolus,Cisticola cinereolus,Cisticola cinereolus
AVIBASE-6F165487,Cisticola cinnamomeus,Cisticola cinnamomeus,Cisticola brunnescens
AVIBASE-9F281377,Cisticola dambo,Cisticola dambo,Cisticola dambo
AVIBASE-47053A35,Cisticola erythrops,Cisticola erythrops,Cisticola erythrops
AVIBASE-7CB5F8B8,Cisticola exilis,Cisticola exilis,Cisticola exilis
AVIBASE-53E61277,Cisticola eximius,Cisticola eximius,Cisticola eximius
AVIBASE-8220168F,Cisticola fulvicapilla,Cisticola fulvicapilla,Cisticola fulvicapilla
AVIBASE-D74437DE,Cisticola galactotes,Cisticola galactotes,Cisticola galactotes
AVIBASE-6078DEED,Cisticola guinea,Cisticola guinea,Cisticola guinea
AVIBASE-E88C0B71,Cisticola haematocephalus,Cisticola haematocephalus,Cisticola galactotes
AVIBASE-C08493AF,Cisticola haesitatus,Cisticola haesitatus,Cisticola haesitatus
AVIBASE-373DCDF4,Cisticola hunteri,Cisticola hunteri,Cisticola hunteri
AVIBASE-AEE2063F,Cisticola juncidis,Cisticola juncidis,Cisticola juncidis
AVIBASE-9AEEFA09,Cisticola lais,Cisticola lais,Cisticola lais
AVIBASE-5A184029,Cisticola lateralis,Cisticola lateralis,Cisticola lateralis
AVIBASE-846B8B31,Cisticola luapula,Cisticola luapula,Cisticola galactotes
AVIBASE-3DF3F9B9,Cisticola lugubris,Cisticola lugubris,Cisticola galactotes
AVIBASE-1DA06308,Cisticola marginatus,Cisticola marginatus,Cisticola galactotes
AVIBASE-388BABD6,Cisticola melanurus,Cisticola melanurus,Cisticola melanurus
AVIBASE-BF29E8B6,Cisticola nana,Cisticola nana,Cisticola nanus
AVIBASE-FB740D14,Cisticola natalensis,Cisticola natalensis,Cisticola natalensis
AVIBASE-9C320DCB,Cisticola nigriloris,Cisticola nigriloris,Cisticola nigriloris
AVIBASE-3B7E808C,Cisticola njombe,Cisticola njombe,Cisticola njombe
AVIBASE-89A3C105,Cisticola pipiens,Cisticola pipiens,Cisticola pipiens
AVIBASE-2E0E6C82,Cisticola restrictus,Cisticola restrictus,Cisticola restrictus
AVIBASE-D3B1A98B,Cisticola robustus,Cisticola robustus,Cisticola robustus
AVIBASE-8338F12F,Cisticola ruficeps,Cisticola ruficeps,Cisticola ruficeps
AVIBASE-F7D5C201,Cisticola rufilatus,Cisticola rufilatus,Cisticola rufilatus
AVIBASE-81851E47,Cisticola rufus,Cisticola rufus,Cisticola rufus
AVIBASE-B7C5BC8D,Cisticola subruficapilla,Cisticola subruficapilla,Cisticola subruficapilla
AVIBASE-F9FA8D6B,Cisticola textrix,Cisticola textrix,Cisticola textrix
AVIBASE-F936B680,Cisticola tinniens,Cisticola tinniens,Cisticola tinniens
AVIBASE-844A290B,Cisticola troglodytes,Cisticola troglodytes,Cisticola troglodytes
AVIBASE-5BD1E605,Cisticola woosnami,Cisticola woosnami,Cisticola woosnami
AVIBASE-E3052D44,Cistothorus apolinari,Cistothorus apolinari,Cistothorus apolinari
AVIBASE-1DEA4AB6,Cistothorus meridae,Cistothorus meridae,Cistothorus meridae
AVIBASE-787E0536,Cistothorus palustris,Cistothorus palustris,Cistothorus palustris
AVIBASE-CB4C1514,Cistothorus platensis,Cistothorus platensis,Cistothorus platensis
AVIBASE-43D33E03,Cistothorus stellaris,Cistothorus stellaris,Cistothorus platensis
AVIBASE-DE53CCF7,Cittura cyanotis,Cittura cyanotis,Cittura cyanotis
AVIBASE-E9901CE9,Cittura sanghirensis,Cittura cyanotis,Cittura cyanotis
AVIBASE-9A90A865,Cladorhynchus leucocephalus,Cladorhynchus leucocephalus,Cladorhynchus leucocephalus
AVIBASE-575C66D2,Clamator coromandus,Clamator coromandus,Clamator coromandus
AVIBASE-3D67C56A,Clamator glandarius,Clamator glandarius,Clamator glandarius
AVIBASE-BF0A0954,Clamator jacobinus,Clamator jacobinus,Clamator jacobinus
AVIBASE-3C8C3A31,Clamator levaillantii,Clamator levaillantii,Clamator levaillantii
AVIBASE-BAC4CA22,Clanga clanga,Clanga clanga,Aquila clanga
AVIBASE-3A985C9F,Clanga hastata,Clanga hastata,Aquila hastata
AVIBASE-C2565B65,Clanga pomarina,Clanga pomarina,Aquila pomarina
AVIBASE-AF0C7BDE,Clangula hyemalis,Clangula hyemalis,Clangula hyemalis
AVIBASE-C4C9F313,Claravis pretiosa,Claravis pretiosa,Claravis pretiosa
AVIBASE-7B91A089,Cleptornis marchei,Cleptornis marchei,Cleptornis marchei
AVIBASE-087A6829,Clibanornis dendrocolaptoides,Clibanornis dendrocolaptoides,Clibanornis dendrocolaptoides
AVIBASE-32B19B18,Clibanornis erythrocephalus,Clibanornis erythrocephalus,Hylocryptus erythrocephalus
AVIBASE-1AC817E2,Clibanornis rectirostris,Clibanornis rectirostris,Hylocryptus rectirostris
AVIBASE-B8BC2370,Clibanornis rubiginosus,Clibanornis rubiginosus,Automolus rubiginosus
AVIBASE-62B3521F,Clibanornis rufipectus,Clibanornis rufipectus,Automolus rubiginosus
AVIBASE-76842795,Climacteris affinis,Climacteris affinis,Climacteris affinis
AVIBASE-DC00AA16,Climacteris erythrops,Climacteris erythrops,Climacteris erythrops
AVIBASE-49F0A05B,Climacteris melanurus,Climacteris melanurus,Climacteris melanurus
AVIBASE-B3CBAA5C,Climacteris picumnus,Climacteris picumnus,Climacteris picumnus
AVIBASE-F0A4903D,Climacteris rufus,Climacteris rufus,Climacteris rufus
AVIBASE-CCA68E33,Clytoceyx rex,Clytoceyx rex,Clytoceyx rex
AVIBASE-D9F447A1,Clytoctantes alixii,Clytoctantes alixii,Clytoctantes alixii
AVIBASE-71F8C8D9,Clytoctantes atrogularis,Clytoctantes atrogularis,Clytoctantes atrogularis
AVIBASE-A8BB091D,Clytolaema rubricauda,Clytolaema rubricauda,Clytolaema rubricauda
AVIBASE-4068F62F,Clytomyias insignis,Clytomyias insignis,Clytomyias insignis
AVIBASE-47604004,Clytorhynchus hamlini,Clytorhynchus hamlini,Clytorhynchus hamlini
AVIBASE-19CB1D6A,Clytorhynchus nigrogularis,Clytorhynchus nigrogularis,Clytorhynchus nigrogularis
AVIBASE-9884A24C,Clytorhynchus pachycephaloides,Clytorhynchus pachycephaloides,Clytorhynchus pachycephaloides
AVIBASE-011A5D07,Clytorhynchus sanctaecrucis,Clytorhynchus sanctaecrucis,Clytorhynchus sanctaecrucis
AVIBASE-9CC45BB1,Clytorhynchus vitiensis,Clytorhynchus vitiensis,Clytorhynchus vitiensis
AVIBASE-BD7558AD,Clytospiza monteiri,Clytospiza monteiri,Clytospiza monteiri
AVIBASE-3BB9E319,Cnemarchus erythropygius,Cnemarchus erythropygius,Cnemarchus erythropygius
AVIBASE-CBB9458D,Cnemathraupis aureodorsalis,Cnemathraupis aureodorsalis,Buthraupis aureodorsalis
AVIBASE-5B8B2C85,Cnemathraupis eximia,Cnemathraupis eximia,Buthraupis eximia
AVIBASE-C7F446FC,Cnemophilus loriae,Cnemophilus loriae,Cnemophilus loriae
AVIBASE-BB600C12,Cnemophilus macgregorii,Cnemophilus macgregorii,Cnemophilus macgregorii
AVIBASE-1C650121,Cnemophilus sanguineus,Cnemophilus macgregorii,Cnemophilus macgregorii
AVIBASE-6EF7F8B3,Cnemoscopus chrysogaster,Cnemoscopus rubrirostris,Cnemoscopus rubrirostris
AVIBASE-89047763,Cnemoscopus rubrirostris,Cnemoscopus rubrirostris,Cnemoscopus rubrirostris
AVIBASE-4AB94B00,Cnemotriccus fuscatus,Cnemotriccus fuscatus,Cnemotriccus fuscatus
AVIBASE-8D786D76,Cnipodectes subbrunneus,Cnipodectes subbrunneus,Cnipodectes subbrunneus
AVIBASE-53F7D92C,Cnipodectes superrufus,Cnipodectes superrufus,Cnipodectes superrufus
AVIBASE-95DC125B,Coccopygia bocagei,Coccopygia bocagei,Estrilda melanotis
AVIBASE-7CB6CE7B,Coccopygia melanotis,Coccopygia melanotis,Estrilda melanotis
AVIBASE-B9BE800C,Coccopygia quartinia,Coccopygia quartinia,Estrilda quartinia
AVIBASE-84E1F114,Coccothraustes coccothraustes,Coccothraustes coccothraustes,Coccothraustes coccothraustes
AVIBASE-83A0647B,Coccycua cinerea,Coccycua cinerea,Coccycua cinerea
AVIBASE-07DD8007,Coccycua minuta,Coccycua minuta,Coccycua minuta
AVIBASE-F0677C4B,Coccycua pumila,Coccycua pumila,Coccycua pumila
AVIBASE-0CF12F81,Coccyzus americanus,Coccyzus americanus,Coccyzus americanus
AVIBASE-7390B9DD,Coccyzus bahamensis,Coccyzus merlini,Coccyzus merlini
AVIBASE-41E9F54B,Coccyzus erythropthalmus,Coccyzus erythropthalmus,Coccyzus erythropthalmus
AVIBASE-BBA3CB9A,Coccyzus euleri,Coccyzus euleri,Coccyzus euleri
AVIBASE-8DCC542B,Coccyzus ferrugineus,Coccyzus ferrugineus,Coccyzus ferrugineus
AVIBASE-618790D9,Coccyzus lansbergi,Coccyzus lansbergi,Coccyzus lansbergi
AVIBASE-C6180718,Coccyzus longirostris,Coccyzus longirostris,Coccyzus longirostris
AVIBASE-5426F64E,Coccyzus melacoryphus,Coccyzus melacoryphus,Coccyzus melacoryphus
AVIBASE-107F0A70,Coccyzus merlini,Coccyzus merlini,Coccyzus merlini
AVIBASE-84F096F7,Coccyzus minor,Coccyzus minor,Coccyzus minor
AVIBASE-9580F5D9,Coccyzus pluvialis,Coccyzus pluvialis,Coccyzus pluvialis
AVIBASE-AB5C68F1,Coccyzus rufigularis,Coccyzus rufigularis,Coccyzus rufigularis
AVIBASE-ECDCF2B9,Coccyzus vetula,Coccyzus vetula,Coccyzus vetula
AVIBASE-3B78A0C9,Coccyzus vieilloti,Coccyzus vieilloti,Coccyzus vieilloti
AVIBASE-74368984,Cochlearius cochlearius,Cochlearius cochlearius,Cochlearius cochlearius
AVIBASE-031D861E,Cochoa azurea,Cochoa azurea,Cochoa azurea
AVIBASE-80724C8B,Cochoa beccarii,Cochoa beccarii,Cochoa beccarii
AVIBASE-65A535DA,Cochoa purpurea,Cochoa purpurea,Cochoa purpurea
AVIBASE-D29F7DED,Cochoa viridis,Cochoa viridis,Cochoa viridis
AVIBASE-2FB91850,Coeligena albicaudata,Coeligena violifer,Coeligena violifer
AVIBASE-BABFAFDA,Coeligena bonapartei,Coeligena bonapartei,Coeligena bonapartei
AVIBASE-97D31AA6,Coeligena coeligena,Coeligena coeligena,Coeligena coeligena
AVIBASE-507994F5,Coeligena conradii,Coeligena torquata,Coeligena torquata
AVIBASE-ED9636C0,Coeligena consita,Coeligena bonapartei,Coeligena bonapartei
AVIBASE-019CD871,Coeligena dichroura,Coeligena violifer,Coeligena violifer
AVIBASE-DD97104D,Coeligena eisenmanni,Coeligena torquata,Coeligena torquata
AVIBASE-D58197D4,Coeligena eos,Coeligena bonapartei,Coeligena bonapartei
AVIBASE-F9BD34D8,Coeligena helianthea,Coeligena helianthea,Coeligena helianthea
AVIBASE-3DC76B80,Coeligena inca,Coeligena torquata,Coeligena torquata
AVIBASE-91FF8A0A,Coeligena iris,Coeligena iris,Coeligena iris
AVIBASE-0702D924,Coeligena lutetiae,Coeligena lutetiae,Coeligena lutetiae
AVIBASE-A6DBD3C6,Coeligena orina,Coeligena orina,Coeligena orina
AVIBASE-33D28854,Coeligena osculans,Coeligena violifer,Coeligena violifer
AVIBASE-2954B874,Coeligena phalerata,Coeligena phalerata,Coeligena phalerata
AVIBASE-76079E12,Coeligena prunellei,Coeligena prunellei,Coeligena prunellei
AVIBASE-9FC505EA,Coeligena torquata,Coeligena torquata,Coeligena torquata
AVIBASE-715C54AF,Coeligena violifer,Coeligena violifer,Coeligena violifer
AVIBASE-F2DABE41,Coeligena wilsoni,Coeligena wilsoni,Coeligena wilsoni
AVIBASE-02884D9E,Coenocorypha aucklandica,Coenocorypha aucklandica,Coenocorypha aucklandica
AVIBASE-36D14881,Coenocorypha barrierensis,Coenocorypha barrierensis,Coenocorypha aucklandica
AVIBASE-90E8B13B,Coenocorypha huegeli,Coenocorypha huegeli,Coenocorypha aucklandica
AVIBASE-8DE52990,Coenocorypha iredalei,Coenocorypha iredalei,Coenocorypha aucklandica
AVIBASE-168E3626,Coenocorypha pusilla,Coenocorypha pusilla,Coenocorypha pusilla
AVIBASE-B78F2D6F,Coereba flaveola,Coereba flaveola,Coereba flaveola
AVIBASE-42E38A6B,Colaptes aeruginosus,Colaptes rubiginosus,Colaptes rubiginosus
AVIBASE-29FF56E1,Colaptes atriceps,Colaptes rivolii,Colaptes rivolii
AVIBASE-86BE1BA3,Colaptes atricollis,Colaptes atricollis,Colaptes atricollis
AVIBASE-75600969,Colaptes auratus,Colaptes auratus,Colaptes auratus
AVIBASE-161DCA9C,Colaptes auricularis,Colaptes auricularis,Colaptes auricularis
AVIBASE-6CC34F06,Colaptes cafer,Colaptes auratus,Colaptes auratus
AVIBASE-CBDC85D8,Colaptes campestris,Colaptes campestris,Colaptes campestris
AVIBASE-DCCAFFC3,Colaptes campestroides,Colaptes campestris,Colaptes campestris
AVIBASE-28E5D551,Colaptes chrysoides,Colaptes chrysoides,Colaptes chrysoides
AVIBASE-B91D38FA,Colaptes cinereicapillus,Colaptes rupicola,Colaptes rupicola
AVIBASE-B4C26D42,Colaptes fernandinae,Colaptes fernandinae,Colaptes fernandinae
AVIBASE-E8A005B9,Colaptes melanochloros,Colaptes melanochloros,Colaptes melanochloros
AVIBASE-A365E867,Colaptes melanolaimus,Colaptes melanochloros,Colaptes melanochloros
AVIBASE-1661C375,Colaptes mexicanoides,Colaptes auratus,Colaptes auratus
AVIBASE-F5BEB645,Colaptes pitius,Colaptes pitius,Colaptes pitius
AVIBASE-897E43C8,Colaptes punctigula,Colaptes punctigula,Colaptes punctigula
AVIBASE-051C102A,Colaptes rivolii,Colaptes rivolii,Colaptes rivolii
AVIBASE-1161239F,Colaptes rubiginosus,Colaptes rubiginosus,Colaptes rubiginosus
AVIBASE-B9C09C4C,Colaptes rupicola,Colaptes rupicola,Colaptes rupicola
AVIBASE-51F7C361,Colibri coruscans,Colibri coruscans,Colibri coruscans
AVIBASE-A76C26A1,Colibri delphinae,Colibri delphinae,Colibri delphinae
AVIBASE-5C5475AC,Colibri serrirostris,Colibri serrirostris,Colibri serrirostris
AVIBASE-94CB63F7,Colibri thalassinus,Colibri cyanotus,Colibri thalassinus
AVIBASE-B9BA2058,Colibri thalassinus,Colibri thalassinus,Colibri thalassinus
AVIBASE-5C8A2A0C,Colinus cristatus,Colinus cristatus,Colinus cristatus
AVIBASE-E1CB174C,Colinus leucopogon,Colinus cristatus,Colinus leucopogon
AVIBASE-2F9C259A,Colinus nigrogularis,Colinus nigrogularis,Colinus nigrogularis
AVIBASE-91CCBC71,Colinus virginianus,Colinus virginianus,Colinus virginianus
AVIBASE-A7746907,Colius castanotus,Colius castanotus,Colius castanotus
AVIBASE-CFDC57C6,Colius colius,Colius colius,Colius colius
AVIBASE-ADDB3611,Colius leucocephalus,Colius leucocephalus,Colius leucocephalus
AVIBASE-1FDDABDB,Colius striatus,Colius striatus,Colius striatus
AVIBASE-4603DB3F,Collocalia esculenta,Collocalia esculenta,Collocalia esculenta
AVIBASE-4BA9A5D1,Collocalia linchi,Collocalia linchi,Collocalia linchi
AVIBASE-2BC9E234,Collocalia troglodytes,Collocalia troglodytes,Collocalia troglodytes
AVIBASE-DBCC8B86,Colluricincla boweri,Colluricincla boweri,Colluricincla boweri
AVIBASE-AD4D85BB,Colluricincla harmonica,Colluricincla harmonica,Colluricincla harmonica
AVIBASE-4DE518C6,Colluricincla megarhyncha,Colluricincla megarhyncha,Colluricincla megarhyncha
AVIBASE-E33D682E,Colluricincla megarhyncha,Colluricincla rufogaster,Colluricincla megarhyncha
AVIBASE-AEFFC7E6,Colluricincla megarhyncha,NA,Colluricincla megarhyncha
AVIBASE-F64EC7D0,Colluricincla tenebrosa,Colluricincla tenebrosa,Colluricincla umbrina
AVIBASE-8A05845F,Colluricincla woodwardi,Colluricincla woodwardi,Colluricincla woodwardi
AVIBASE-3EB54C47,Colonia colonus,Colonia colonus,Colonia colonus
AVIBASE-BB5C6141,Colorhamphus parvirostris,Colorhamphus parvirostris,Colorhamphus parvirostris
AVIBASE-A1B9BB88,Columba albinucha,Columba albinucha,Columba albinucha
AVIBASE-DD7C4C78,Columba albitorques,Columba albitorques,Columba albitorques
AVIBASE-036DC7FC,Columba argentina,Columba argentina,Columba argentina
AVIBASE-EEDB8253,Columba arquatrix,Columba arquatrix,Columba arquatrix
AVIBASE-1ED914E6,Columba bollii,Columba bollii,Columba bollii
AVIBASE-870E4DDA,Columba delegorguei,Columba delegorguei,Columba delegorguei
AVIBASE-5813ADBE,Columba elphinstonii,Columba elphinstonii,Columba elphinstonii
AVIBASE-38AA824B,Columba eversmanni,Columba eversmanni,Columba eversmanni
AVIBASE-A6EA9F02,Columba guinea,Columba guinea,Columba guinea
AVIBASE-3503F769,Columba hodgsonii,Columba hodgsonii,Columba hodgsonii
AVIBASE-3FC9BA60,Columba iriditorques,Columba iriditorques,Columba iriditorques
AVIBASE-E2209F71,Columba janthina,Columba janthina,Columba janthina
AVIBASE-396E6311,Columba junoniae,Columba junoniae,Columba junoniae
AVIBASE-8F3CF81A,Columba leucomela,Columba leucomela,Columba leucomela
AVIBASE-F5750571,Columba leuconota,Columba leuconota,Columba leuconota
AVIBASE-BBA263C2,Columba livia,Columba livia,Columba livia
AVIBASE-E6393B15,Columba malherbii,Columba malherbii,Columba malherbii
AVIBASE-68E4C0D1,Columba oenas,Columba oenas,Columba oenas
AVIBASE-37B66CCF,Columba oliviae,Columba oliviae,Columba oliviae
AVIBASE-3C0E1CD4,Columba pallidiceps,Columba pallidiceps,Columba pallidiceps
AVIBASE-95059E5A,Columba palumboides,Columba palumboides,Columba palumboides
AVIBASE-760F307A,Columba palumbus,Columba palumbus,Columba palumbus
AVIBASE-05BBFC8E,Columba pollenii,Columba pollenii,Columba pollenii
AVIBASE-6E814856,Columba pulchricollis,Columba pulchricollis,Columba pulchricollis
AVIBASE-D5C3E9C9,Columba punicea,Columba punicea,Columba punicea
AVIBASE-BF20B94D,Columba rupestris,Columba rupestris,Columba rupestris
AVIBASE-757ABA94,Columba sjostedti,Columba sjostedti,Columba sjostedti
AVIBASE-8288E54D,Columba thomensis,Columba thomensis,Columba thomensis
AVIBASE-EEEDA1B2,Columba torringtoniae,Columba torringtoniae,Columba torringtoniae
AVIBASE-BAAC66AF,Columba trocaz,Columba trocaz,Columba trocaz
AVIBASE-1A145C89,Columba unicincta,Columba unicincta,Columba unicincta
AVIBASE-CE7203C7,Columba vitiensis,Columba vitiensis,Columba vitiensis
AVIBASE-19BFB346,Columbina buckleyi,Columbina buckleyi,Columbina buckleyi
AVIBASE-E981792A,Columbina cruziana,Columbina cruziana,Columbina cruziana
AVIBASE-C6FA453A,Columbina cyanopis,Columbina cyanopis,Columbina cyanopis
AVIBASE-BFE74235,Columbina inca,Columbina inca,Columbina inca
AVIBASE-37691FA2,Columbina minuta,Columbina minuta,Columbina minuta
AVIBASE-F9AED548,Columbina passerina,Columbina passerina,Columbina passerina
AVIBASE-C5E145EC,Columbina picui,Columbina picui,Columbina picui
AVIBASE-26085D75,Columbina squammata,Columbina squammata,Columbina squammata
AVIBASE-ADD11A5F,Columbina talpacoti,Columbina talpacoti,Columbina talpacoti
AVIBASE-DCEDEBC4,Compsothraupis loricata,Compsothraupis loricata,Compsothraupis loricata
AVIBASE-65DFFBD4,Conioptilon mcilhennyi,Conioptilon mcilhennyi,Conioptilon mcilhennyi
AVIBASE-6FA6ED40,Conirostrum albifrons,Conirostrum albifrons,Conirostrum albifrons
AVIBASE-FA9420B4,Conirostrum bicolor,Conirostrum bicolor,Conirostrum bicolor
AVIBASE-9529362D,Conirostrum binghami,Conirostrum binghami,Oreomanes fraseri
AVIBASE-3036F45A,Conirostrum cinereum,Conirostrum cinereum,Conirostrum cinereum
AVIBASE-575BFDC1,Conirostrum ferrugineiventre,Conirostrum ferrugineiventre,Conirostrum ferrugineiventre
AVIBASE-E2C81C39,Conirostrum fraseri,Conirostrum cinereum,Conirostrum cinereum
AVIBASE-5198F288,Conirostrum leucogenys,Conirostrum leucogenys,Conirostrum leucogenys
AVIBASE-51CE233C,Conirostrum margaritae,Conirostrum margaritae,Conirostrum margaritae
AVIBASE-1F1C4F93,Conirostrum rufum,Conirostrum rufum,Conirostrum rufum
AVIBASE-EF7A9538,Conirostrum sitticolor,Conirostrum sitticolor,Conirostrum sitticolor
AVIBASE-9BE4C509,Conirostrum speciosum,Conirostrum speciosum,Conirostrum speciosum
AVIBASE-AD3D0CE9,Conirostrum tamarugense,Conirostrum tamarugense,Conirostrum tamarugense
AVIBASE-FEE77420,Conopias albovittatus,Conopias albovittatus,Conopias albovittatus
AVIBASE-C5202F83,Conopias cinchoneti,Conopias cinchoneti,Conopias cinchoneti
AVIBASE-B8415F96,Conopias parvus,Conopias parvus,Conopias parvus
AVIBASE-C5A7C594,Conopias trivirgatus,Conopias trivirgatus,Conopias trivirgatus
AVIBASE-3D046D26,Conopophaga ardesiaca,Conopophaga ardesiaca,Conopophaga ardesiaca
AVIBASE-2E9D5026,Conopophaga aurita,Conopophaga aurita,Conopophaga aurita
AVIBASE-E0994940,Conopophaga castaneiceps,Conopophaga castaneiceps,Conopophaga castaneiceps
AVIBASE-E669DB94,Conopophaga cearae,Conopophaga cearae,Conopophaga cearae
AVIBASE-2D997B49,Conopophaga lineata,Conopophaga lineata,Conopophaga lineata
AVIBASE-C0F59C9F,Conopophaga melanogaster,Conopophaga melanogaster,Conopophaga melanogaster
AVIBASE-EA9CEB99,Conopophaga melanops,Conopophaga melanops,Conopophaga melanops
AVIBASE-82B0FF93,Conopophaga peruviana,Conopophaga peruviana,Conopophaga peruviana
AVIBASE-1BC6D0DF,Conopophaga roberti,Conopophaga roberti,Conopophaga roberti
AVIBASE-83F07C79,Conopophaga snethlageae,Conopophaga aurita,Conopophaga aurita
AVIBASE-F2B72743,Conopophila albogularis,Conopophila albogularis,Conopophila albogularis
AVIBASE-D06D4369,Conopophila rufogularis,Conopophila rufogularis,Conopophila rufogularis
AVIBASE-DA492C3A,Conopophila whitei,Conopophila whitei,Conopophila whitei
AVIBASE-D1065C8C,Conostoma aemodium,Conostoma aemodium,Conostoma oemodium
AVIBASE-16460BF4,Conothraupis mesoleuca,Conothraupis mesoleuca,Conothraupis mesoleuca
AVIBASE-FEAFE529,Conothraupis speculigera,Conothraupis speculigera,Conothraupis speculigera
AVIBASE-6B98ED1A,Contopus albogularis,Contopus albogularis,Contopus albogularis
AVIBASE-ED18DC0C,Contopus bogotensis,Contopus cinereus,Contopus cinereus
AVIBASE-8FB6981F,Contopus caribaeus,Contopus caribaeus,Contopus caribaeus
AVIBASE-ED18DC0C,Contopus cinereus,Contopus cinereus,Contopus cinereus
AVIBASE-951C150C,Contopus cooperi,Contopus cooperi,Contopus cooperi
AVIBASE-ECF2FBB2,Contopus fumigatus,Contopus fumigatus,Contopus fumigatus
AVIBASE-37895593,Contopus hispaniolensis,Contopus hispaniolensis,Contopus hispaniolensis
AVIBASE-6C5E4245,Contopus latirostris,Contopus latirostris,Contopus latirostris
AVIBASE-8D6C036A,Contopus lugubris,Contopus lugubris,Contopus lugubris
AVIBASE-F5A71429,Contopus nigrescens,Contopus nigrescens,Contopus nigrescens
AVIBASE-EBB848CD,Contopus ochraceus,Contopus ochraceus,Contopus ochraceus
AVIBASE-BBBAE4D2,Contopus pallidus,Contopus pallidus,Contopus pallidus
AVIBASE-4CAD4149,Contopus pertinax,Contopus pertinax,Contopus pertinax
AVIBASE-73E3CD29,Contopus punensis,Contopus cinereus,Contopus punensis
AVIBASE-F6CA75F0,Contopus sordidulus,Contopus sordidulus,Contopus sordidulus
AVIBASE-9891BF73,Contopus virens,Contopus virens,Contopus virens
AVIBASE-97015904,Copsychus albospecularis,Copsychus albospecularis,Copsychus albospecularis
AVIBASE-24D2DF19,Copsychus mindanensis,Copsychus mindanensis,Copsychus saularis
AVIBASE-5DE3F1BD,Copsychus pica,Copsychus albospecularis,Copsychus albospecularis
AVIBASE-D112C938,Copsychus saularis,Copsychus saularis,Copsychus saularis
AVIBASE-4B41D53C,Copsychus sechellarum,Copsychus sechellarum,Copsychus sechellarum
AVIBASE-E7C7EE3A,Coracias abyssinicus,Coracias abyssinicus,Coracias abyssinicus
AVIBASE-959FEC0D,Coracias affinis,Coracias affinis,Coracias benghalensis
AVIBASE-4F404CB9,Coracias benghalensis,Coracias benghalensis,Coracias benghalensis
AVIBASE-9E9B6EF9,Coracias caudatus,Coracias caudatus,Coracias caudatus
AVIBASE-306C892E,Coracias cyanogaster,Coracias cyanogaster,Coracias cyanogaster
AVIBASE-7451A628,Coracias garrulus,Coracias garrulus,Coracias garrulus
AVIBASE-2624054E,Coracias naevius,Coracias naevius,Coracias naevia
AVIBASE-BB456342,Coracias spatulatus,Coracias spatulatus,Coracias spatulatus
AVIBASE-B8895D02,Coracias temminckii,Coracias temminckii,Coracias temminckii
AVIBASE-5D9FFA9E,Coracina atriceps,Coracina atriceps,Coracina atriceps
AVIBASE-70E9B911,Coracina bicolor,Coracina bicolor,Coracina bicolor
AVIBASE-198CCE88,Coracina boyeri,Coracina boyeri,Coracina boyeri
AVIBASE-4EA1090D,Coracina caeruleogrisea,Coracina caeruleogrisea,Coracina caeruleogrisea
AVIBASE-795072F5,Coracina caledonica,Coracina caledonica,Coracina caledonica
AVIBASE-DF546828,Coracina dobsoni,Coracina dobsoni,Coracina striata
AVIBASE-DEDD2225,Coracina fortis,Coracina fortis,Coracina fortis
AVIBASE-932D5947,Coracina javensis,Coracina javensis,Coracina javensis
AVIBASE-F6CD1C79,Coracina larvata,Coracina larvata,Coracina larvata
AVIBASE-48BE10FA,Coracina leucopygia,Coracina leucopygia,Coracina leucopygia
AVIBASE-37E84A15,Coracina lineata,Coracina lineata,Coracina lineata
AVIBASE-B256B785,Coracina longicauda,Coracina longicauda,Coracina longicauda
AVIBASE-F6D6E5DB,Coracina macei,Coracina macei,Coracina macei
AVIBASE-69C99EC0,Coracina maxima,Coracina maxima,Coracina maxima
AVIBASE-EBACA7A4,Coracina novaehollandiae,Coracina novaehollandiae,Coracina novaehollandiae
AVIBASE-6A0DA75B,Coracina panayensis,Coracina striata,Coracina striata
AVIBASE-66334097,Coracina papuensis,Coracina papuensis,Coracina papuensis
AVIBASE-9FD80C9B,Coracina papuensis,Coracina ingens,Coracina papuensis
AVIBASE-FFB094BE,Coracina papuensis,NA,Coracina papuensis
AVIBASE-8FDFD55B,Coracina personata,Coracina personata,Coracina personata
AVIBASE-AA60C64C,Coracina schistacea,Coracina schistacea,Coracina schistacea
AVIBASE-C4959982,Coracina striata,Coracina striata,Coracina striata
AVIBASE-DD9CA0A5,Coracina temminckii,Coracina temminckii,Coracina temminckii
AVIBASE-0A14231E,Coracina welchmani,Coracina welchmani,Coracina caledonica
AVIBASE-EB97C0F2,Coracopsis barklyi,Coracopsis barklyi,Coracopsis nigra
AVIBASE-B8802336,Coracopsis nigra,Coracopsis nigra,Coracopsis nigra
AVIBASE-873200F0,Coracopsis sibilans,Coracopsis nigra,Coracopsis nigra
AVIBASE-FCED8B3A,Coracopsis vasa,Coracopsis vasa,Coracopsis vasa
AVIBASE-68FD78E7,Coracornis raveni,Coracornis raveni,Coracornis raveni
AVIBASE-9A7D5255,Coracornis sanghirensis,Coracornis sanghirensis,Colluricincla sanghirensis
AVIBASE-4FF7DE80,Coragyps atratus,Coragyps atratus,Coragyps atratus
AVIBASE-EA5755E6,Corapipo gutturalis,Corapipo gutturalis,Corapipo gutturalis
AVIBASE-DED4C1C1,Corapipo leucorrhoa,Corapipo altera,Corapipo altera
AVIBASE-AE0C6B0E,Corapipo leucorrhoa,Corapipo leucorrhoa,Corapipo leucorrhoa
AVIBASE-D7FD3046,Corcorax melanorhamphos,Corcorax melanorhamphos,Corcorax melanorhamphos
AVIBASE-F91FF9AA,Cormobates leucophaea,Cormobates leucophaea,Cormobates leucophaea
AVIBASE-9686AA8F,Cormobates placens,Cormobates placens,Cormobates placens
AVIBASE-E44FAD6F,Corvinella corvina,Lanius corvinus,Corvinella corvina
AVIBASE-EA326EA2,Corvus albicollis,Corvus albicollis,Corvus albicollis
AVIBASE-34D538E1,Corvus albus,Corvus albus,Corvus albus
AVIBASE-4DADACA1,Corvus bennetti,Corvus bennetti,Corvus bennetti
AVIBASE-69544B59,Corvus brachyrhynchos,Corvus brachyrhynchos,Corvus brachyrhynchos
AVIBASE-562E17AB,Corvus capensis,Corvus capensis,Corvus capensis
AVIBASE-2F784967,Corvus caurinus,Corvus brachyrhynchos,Corvus caurinus
AVIBASE-B9B272F4,Corvus corax,Corvus corax,Corvus corax
AVIBASE-E4EE9AC4,Corvus corone,NA,Corvus corone
AVIBASE-E4EE9AC4,Corvus corone,Corvus corone,Corvus corone
AVIBASE-E4EE9AC4,Corvus corone,Corvus cornix,Corvus corone
AVIBASE-1D45897E,Corvus coronoides,Corvus coronoides,Corvus coronoides
AVIBASE-4C6B515D,Corvus crassirostris,Corvus crassirostris,Corvus crassirostris
AVIBASE-F3B84E07,Corvus cryptoleucus,Corvus cryptoleucus,Corvus cryptoleucus
AVIBASE-9F784AB1,Corvus dauuricus,Corvus dauuricus,Corvus dauuricus
AVIBASE-9DBAAB1D,Corvus edithae,Corvus edithae,Corvus edithae
AVIBASE-C195CB92,Corvus enca,Corvus enca,Corvus enca
AVIBASE-CE62EFDD,Corvus florensis,Corvus florensis,Corvus florensis
AVIBASE-1078FFEA,Corvus frugilegus,Corvus frugilegus,Corvus frugilegus
AVIBASE-EC8ED8A4,Corvus fuscicapillus,Corvus fuscicapillus,Corvus fuscicapillus
AVIBASE-2CDECD36,Corvus hawaiiensis,Corvus hawaiiensis,Corvus hawaiiensis
AVIBASE-AFDBC76B,Corvus imparatus,Corvus imparatus,Corvus imparatus
AVIBASE-30485389,Corvus insularis,Corvus insularis,Corvus orru
AVIBASE-58AEF90C,Corvus jamaicensis,Corvus jamaicensis,Corvus jamaicensis
AVIBASE-1EF8429F,Corvus kubaryi,Corvus kubaryi,Corvus kubaryi
AVIBASE-CC4B3F51,Corvus leucognaphalus,Corvus leucognaphalus,Corvus leucognaphalus
AVIBASE-F4C4F838,Corvus macrorhynchos,Corvus macrorhynchos,Corvus levaillantii
AVIBASE-F4C4F838,Corvus macrorhynchos,Corvus macrorhynchos,Corvus macrorhynchos
AVIBASE-667E6F77,Corvus meeki,Corvus meeki,Corvus meeki
AVIBASE-DE78C792,Corvus mellori,Corvus mellori,Corvus mellori
AVIBASE-D4C32F8E,Corvus monedula,Corvus monedula,Corvus monedula
AVIBASE-985A5F40,Corvus moneduloides,Corvus moneduloides,Corvus moneduloides
AVIBASE-4B69D1CC,Corvus nasicus,Corvus nasicus,Corvus nasicus
AVIBASE-3E47E56F,Corvus orru,Corvus orru,Corvus orru
AVIBASE-43E56D2C,Corvus ossifragus,Corvus ossifragus,Corvus ossifragus
AVIBASE-FC9516DF,Corvus palmarum,Corvus palmarum,Corvus palmarum
AVIBASE-FC9516DF,Corvus palmarum,Corvus palmarum,Corvus minutus
AVIBASE-BD63FF46,Corvus pectoralis,Corvus pectoralis,Corvus torquatus
AVIBASE-32C216E2,Corvus rhipidurus,Corvus rhipidurus,Corvus rhipidurus
AVIBASE-F2024545,Corvus ruficollis,Corvus ruficollis,Corvus ruficollis
AVIBASE-A1C7E620,Corvus sinaloae,Corvus sinaloae,Corvus sinaloae
AVIBASE-39868903,Corvus splendens,Corvus splendens,Corvus splendens
AVIBASE-2CABE055,Corvus tasmanicus,Corvus tasmanicus,Corvus tasmanicus
AVIBASE-63AF4DB2,Corvus tristis,Corvus tristis,Corvus tristis
AVIBASE-927A64D1,Corvus typicus,Corvus typicus,Corvus typicus
AVIBASE-8D44B0A0,Corvus unicolor,Corvus unicolor,Corvus unicolor
AVIBASE-11715120,Corvus validus,Corvus validus,Corvus validus
AVIBASE-7D09E879,Corvus violaceus,Corvus violaceus,Corvus enca
AVIBASE-ACCF9106,Corvus woodfordi,Corvus woodfordi,Corvus woodfordi
AVIBASE-BB1E6094,Corydon sumatranus,Corydon sumatranus,Corydon sumatranus
AVIBASE-41CB1805,Corydospiza alaudina,Rhopospina alaudina,Phrygilus alaudinus
AVIBASE-E040A723,Corydospiza carbonaria,Rhopospina carbonaria,Phrygilus carbonarius
AVIBASE-0A2ACC6A,Coryphaspiza melanotis,Coryphaspiza melanotis,Coryphaspiza melanotis
AVIBASE-2629DF6C,Coryphistera alaudina,Coryphistera alaudina,Coryphistera alaudina
AVIBASE-632FA6BD,Coryphospingus cucullatus,Coryphospingus cucullatus,Coryphospingus cucullatus
AVIBASE-FBCA67B2,Coryphospingus pileatus,Coryphospingus pileatus,Coryphospingus pileatus
AVIBASE-002445CB,Corythaeola cristata,Corythaeola cristata,Corythaeola cristata
AVIBASE-DEBCA587,Corythaixoides concolor,Corythaixoides concolor,Corythaixoides concolor
AVIBASE-BEDA5DA6,Corythaixoides leopoldi,Corythaixoides personatus,Corythaixoides personatus
AVIBASE-71A552DA,Corythaixoides personatus,Corythaixoides personatus,Corythaixoides personatus
AVIBASE-514A51B6,Corythopis delalandi,Corythopis delalandi,Corythopis delalandi
AVIBASE-3765D531,Corythopis torquatus,Corythopis torquatus,Corythopis torquatus
AVIBASE-12EA0D5A,Corythornis cristatus,Corythornis cristatus,Alcedo cristata
AVIBASE-4F94B89C,Corythornis leucogaster,Corythornis leucogaster,Alcedo leucogaster
AVIBASE-EDF78342,Corythornis madagascariensis,Corythornis madagascariensis,Ceyx madagascariensis
AVIBASE-0759A4FB,Corythornis nais,Corythornis cristatus,Alcedo cristata
AVIBASE-95031C69,Corythornis thomensis,Corythornis cristatus,Alcedo cristata
AVIBASE-FEBCB5F6,Corythornis vintsioides,Corythornis vintsioides,Alcedo vintsioides
AVIBASE-A3A0E8FE,Coscoroba coscoroba,Coscoroba coscoroba,Coscoroba coscoroba
AVIBASE-FA3C53B8,Cossypha albicapillus,Cossypha albicapillus,Cossypha albicapilla
AVIBASE-9616C96E,Cossypha cyanocampter,Cossypha cyanocampter,Cossypha cyanocampter
AVIBASE-68C54292,Cossypha dichroa,Cossypha dichroa,Cossypha dichroa
AVIBASE-B175F364,Cossypha heinrichi,Cossypha heinrichi,Cossypha heinrichi
AVIBASE-16BD42DD,Cossypha heuglini,Cossypha heuglini,Cossypha heuglini
AVIBASE-3846F8A8,Cossypha natalensis,Cossypha natalensis,Cossypha natalensis
AVIBASE-BB05D1FC,Cossypha niveicapilla,Cossypha niveicapilla,Cossypha niveicapilla
AVIBASE-53EABB81,Cossypha semirufa,Cossypha semirufa,Cossypha semirufa
AVIBASE-F95998A8,Cossyphicula roberti,Cossyphicula roberti,Cossyphicula roberti
AVIBASE-6D5FE7C8,Cotinga amabilis,Cotinga amabilis,Cotinga amabilis
AVIBASE-0AEB98CC,Cotinga cayana,Cotinga cayana,Cotinga cayana
AVIBASE-6F0076C1,Cotinga cotinga,Cotinga cotinga,Cotinga cotinga
AVIBASE-35891611,Cotinga maculata,Cotinga maculata,Cotinga maculata
AVIBASE-4E7079A1,Cotinga maynana,Cotinga maynana,Cotinga maynana
AVIBASE-206E4EAA,Cotinga nattererii,Cotinga nattererii,Cotinga nattererii
AVIBASE-EADC7DCB,Cotinga ridgwayi,Cotinga ridgwayi,Cotinga ridgwayi
AVIBASE-D312C873,Coturnicops exquisitus,Coturnicops exquisitus,Coturnicops exquisitus
AVIBASE-0E761CC4,Coturnicops notatus,Coturnicops notatus,Coturnicops notatus
AVIBASE-2B100B36,Coturnicops noveboracensis,Coturnicops noveboracensis,Coturnicops noveboracensis
AVIBASE-A6F042E2,Coturnix coromandelica,Coturnix coromandelica,Coturnix coromandelica
AVIBASE-CAFE345D,Coturnix coturnix,Coturnix coturnix,Coturnix coturnix
AVIBASE-0CA903BB,Coturnix delegorguei,Coturnix delegorguei,Coturnix delegorguei
AVIBASE-110CF425,Coturnix japonica,Coturnix japonica,Coturnix japonica
AVIBASE-98984CAD,Coturnix pectoralis,Coturnix pectoralis,Coturnix pectoralis
AVIBASE-B569EDF7,Coua caerulea,Coua caerulea,Coua caerulea
AVIBASE-39649172,Coua coquereli,Coua coquereli,Coua coquereli
AVIBASE-A7812333,Coua cristata,Coua cristata,Coua cristata
AVIBASE-6643841C,Coua cursor,Coua cursor,Coua cursor
AVIBASE-CAFE4C4C,Coua gigas,Coua gigas,Coua gigas
AVIBASE-9547E39A,Coua olivaceiceps,Coua ruficeps,Coua ruficeps
AVIBASE-3BE9C6C1,Coua pyropyga,Coua cristata,Coua cristata
AVIBASE-7B86087B,Coua reynaudii,Coua reynaudii,Coua reynaudii
AVIBASE-7F73F191,Coua ruficeps,Coua ruficeps,Coua ruficeps
AVIBASE-CC72DA7A,Coua serriana,Coua serriana,Coua serriana
AVIBASE-BD0EDFE1,Coua verreauxi,Coua verreauxi,Coua verreauxi
AVIBASE-6BFC1262,Cracticus argenteus,Cracticus argenteus,Cracticus torquatus
AVIBASE-6E902C60,Cracticus cassicus,Cracticus cassicus,Cracticus cassicus
AVIBASE-764DC1DA,Cracticus louisiadensis,Cracticus louisiadensis,Cracticus louisiadensis
AVIBASE-F9541556,Cracticus mentalis,Cracticus mentalis,Cracticus mentalis
AVIBASE-B731E469,Cracticus nigrogularis,Cracticus nigrogularis,Cracticus nigrogularis
AVIBASE-9CD4E6BB,Cracticus torquatus,Cracticus torquatus,Cracticus torquatus
AVIBASE-19814090,Cranioleuca albicapilla,Cranioleuca albicapilla,Cranioleuca albicapilla
AVIBASE-3B4EDC39,Cranioleuca albiceps,Cranioleuca albiceps,Cranioleuca albiceps
AVIBASE-5378955D,Cranioleuca antisiensis,Cranioleuca antisiensis,Cranioleuca antisiensis
AVIBASE-84B238D2,Cranioleuca baroni,Cranioleuca antisiensis,Cranioleuca baroni
AVIBASE-5E267CBD,Cranioleuca berlepschi,Thripophaga berlepschi,Thripophaga berlepschi
AVIBASE-CCD30843,Cranioleuca curtata,Cranioleuca curtata,Cranioleuca curtata
AVIBASE-08A34DD2,Cranioleuca demissa,Cranioleuca demissa,Cranioleuca demissa
AVIBASE-F341C440,Cranioleuca dissita,Cranioleuca dissita,Cranioleuca dissita
AVIBASE-6D00ECAF,Cranioleuca erythrops,Cranioleuca erythrops,Cranioleuca erythrops
AVIBASE-2A1CC668,Cranioleuca hellmayri,Cranioleuca hellmayri,Cranioleuca hellmayri
AVIBASE-CEAD8DD0,Cranioleuca henricae,Cranioleuca henricae,Cranioleuca henricae
AVIBASE-292C9F0B,Cranioleuca marcapatae,Cranioleuca marcapatae,Cranioleuca marcapatae
AVIBASE-DC25BB79,Cranioleuca muelleri,Cranioleuca muelleri,Cranioleuca muelleri
AVIBASE-8CE249D9,Cranioleuca obsoleta,Cranioleuca obsoleta,Cranioleuca obsoleta
AVIBASE-26B605AB,Cranioleuca pallida,Cranioleuca pallida,Cranioleuca pallida
AVIBASE-38BD5816,Cranioleuca pyrrhophia,Cranioleuca pyrrhophia,Cranioleuca pyrrhophia
AVIBASE-9C20744B,Cranioleuca semicinerea,Cranioleuca semicinerea,Cranioleuca semicinerea
AVIBASE-F88DF540,Cranioleuca subcristata,Cranioleuca subcristata,Cranioleuca subcristata
AVIBASE-562905AC,Cranioleuca sulphurifera,Limnoctites sulphuriferus,Cranioleuca sulphurifera
AVIBASE-2FE6EB50,Cranioleuca vulpecula,Cranioleuca vulpecula,Cranioleuca vulpecula
AVIBASE-66828801,Cranioleuca vulpina,Cranioleuca vulpina,Cranioleuca vulpina
AVIBASE-161CC4DB,Cranioleuca weskei,Cranioleuca marcapatae,Cranioleuca marcapatae
AVIBASE-C53C2B2E,Crateroscelis murina,Crateroscelis murina,Crateroscelis murina
AVIBASE-FA91B53C,Crateroscelis nigrorufa,Crateroscelis nigrorufa,Crateroscelis nigrorufa
AVIBASE-34819139,Crateroscelis robusta,Crateroscelis robusta,Crateroscelis robusta
AVIBASE-9260D3DD,Crax alberti,Crax alberti,Crax alberti
AVIBASE-16A1A2B1,Crax alector,Crax alector,Crax alector
AVIBASE-CB3380D4,Crax blumenbachii,Crax blumenbachii,Crax blumenbachii
AVIBASE-0A74C21D,Crax daubentoni,Crax daubentoni,Crax daubentoni
AVIBASE-CFC11273,Crax fasciolata,Crax fasciolata,Crax fasciolata
AVIBASE-E3180F5D,Crax globulosa,Crax globulosa,Crax globulosa
AVIBASE-E9BD3822,Crax pinima,Crax fasciolata,Crax fasciolata
AVIBASE-BA8A14D2,Crax rubra,Crax rubra,Crax rubra
AVIBASE-07357A25,Creagrus furcatus,Creagrus furcatus,Creagrus furcatus
AVIBASE-9D95139B,Creatophora cinerea,Creatophora cinerea,Creatophora cinerea
AVIBASE-31CE5A53,Creurgops dentatus,Creurgops dentatus,Creurgops dentatus
AVIBASE-500BA227,Creurgops verticalis,Creurgops verticalis,Creurgops verticalis
AVIBASE-7E257242,Crex crex,Crex crex,Crex crex
AVIBASE-09A0F2EB,Crex egregia,Crex egregia,Crecopsis egregia
AVIBASE-3C3092F9,Crinifer piscator,Crinifer piscator,Crinifer piscator
AVIBASE-10B14696,Crinifer zonurus,Crinifer zonurus,Crinifer zonurus
AVIBASE-2AA4BC58,Criniferoides leucogaster,Corythaixoides leucogaster,Corythaixoides leucogaster
AVIBASE-0F97A356,Criniger barbatus,Criniger barbatus,Criniger barbatus
AVIBASE-F8104BC1,Criniger calurus,Criniger calurus,Criniger calurus
AVIBASE-8A90BC6D,Criniger chloronotus,Criniger chloronotus,Criniger chloronotus
AVIBASE-6A110710,Criniger ndussumensis,Criniger ndussumensis,Criniger ndussumensis
AVIBASE-439C4BC9,Criniger olivaceus,Criniger olivaceus,Criniger olivaceus
AVIBASE-294A70CC,Crithagra albogularis,Crithagra albogularis,Serinus albogularis
AVIBASE-F422B222,Crithagra ankoberensis,Crithagra ankoberensis,Serinus ankoberensis
AVIBASE-D12CDD0F,Crithagra atrogularis,Crithagra atrogularis,Serinus atrogularis
AVIBASE-F3618305,Crithagra buchanani,Crithagra buchanani,Serinus buchanani
AVIBASE-8E8B3DB9,Crithagra burtoni,Crithagra burtoni,Serinus burtoni
AVIBASE-115CB3F4,Crithagra canicapilla,Crithagra canicapilla,Serinus gularis
AVIBASE-E16846C3,Crithagra capistrata,Crithagra capistrata,Serinus capistratus
AVIBASE-D419E3A5,Crithagra citrinelloides,Crithagra citrinelloides,Serinus citrinelloides
AVIBASE-238953D9,Crithagra citrinipectus,Crithagra citrinipectus,Serinus citrinipectus
AVIBASE-58012642,Crithagra concolor,Crithagra concolor,Neospiza concolor
AVIBASE-0CEB2DA6,Crithagra donaldsoni,Crithagra donaldsoni,Serinus donaldsoni
AVIBASE-90C937E4,Crithagra dorsostriata,Crithagra dorsostriata,Serinus dorsostriatus
AVIBASE-31B513F0,Crithagra flavigula,Crithagra flavigula,Serinus flavigula
AVIBASE-4746346C,Crithagra flaviventris,Crithagra flaviventris,Serinus flaviventris
AVIBASE-5108E1D3,Crithagra frontalis,Crithagra frontalis,Serinus frontalis
AVIBASE-12E75955,Crithagra gularis,Crithagra gularis,Serinus gularis
AVIBASE-C978ABCC,Crithagra hyposticta,Crithagra hyposticta,Serinus hypostictus
AVIBASE-5E456730,Crithagra koliensis,Crithagra koliensis,Serinus koliensis
AVIBASE-D403BDAF,Crithagra leucoptera,Crithagra leucoptera,Serinus leucopterus
AVIBASE-C887C3FC,Crithagra leucopygia,Crithagra leucopygia,Serinus leucopygius
AVIBASE-A25D8384,Crithagra melanochroa,Crithagra melanochroa,Serinus melanochrous
AVIBASE-5C0BF88F,Crithagra menachensis,Crithagra menachensis,Serinus menachensis
AVIBASE-D5454426,Crithagra mennelli,Crithagra mennelli,Serinus mennelli
AVIBASE-169B483C,Crithagra mozambica,Crithagra mozambica,Serinus mozambicus
AVIBASE-DE9A742B,Crithagra reichardi,Crithagra reichardi,Serinus reichardi
AVIBASE-69EB514A,Crithagra reichenowi,Crithagra reichenowi,Serinus xanthopygius
AVIBASE-C121E620,Crithagra rothschildi,Crithagra rothschildi,Serinus rothschildi
AVIBASE-83F51B60,Crithagra rufobrunnea,Crithagra rufobrunnea,Serinus rufobrunneus
AVIBASE-994D87C2,Crithagra scotops,Crithagra scotops,Serinus scotops
AVIBASE-FB84DF4D,Crithagra striatipectus,Crithagra reichardi,Serinus reichardi
AVIBASE-580A93C2,Crithagra striolata,Crithagra striolata,Serinus striolatus
AVIBASE-1CBC2DDE,Crithagra striolata,Crithagra whytii,Serinus whytii
AVIBASE-53A5E91F,Crithagra sulphurata,Crithagra sulphurata,Serinus sulphuratus
AVIBASE-875794B9,Crithagra symonsi,Crithagra symonsi,Serinus symonsi
AVIBASE-0B5B5E28,Crithagra totta,Crithagra totta,Serinus totta
AVIBASE-30384990,Crithagra tristriata,Crithagra tristriata,Serinus tristriatus
AVIBASE-8C436082,Crithagra xantholaema,Crithagra xantholaema,Serinus xantholaemus
AVIBASE-71D3C8A6,Crithagra xanthopygia,Crithagra xanthopygia,Serinus xanthopygius
AVIBASE-6FD3006B,Crossleyia tenebrosa,Xanthomixis tenebrosa,Bernieria tenebrosa
AVIBASE-8A7929D9,Crossleyia xanthophrys,Crossleyia xanthophrys,Crossleyia xanthophrys
AVIBASE-B3777B6C,Crossoptilon auritum,Crossoptilon auritum,Crossoptilon auritum
AVIBASE-D39EDBF1,Crossoptilon crossoptilon,Crossoptilon crossoptilon,Crossoptilon crossoptilon
AVIBASE-23937719,Crossoptilon harmani,Crossoptilon harmani,Crossoptilon harmani
AVIBASE-3AE74F1C,Crossoptilon mantchuricum,Crossoptilon mantchuricum,Crossoptilon mantchuricum
AVIBASE-469BC7B8,Crotophaga ani,Crotophaga ani,Crotophaga ani
AVIBASE-0DD11B75,Crotophaga major,Crotophaga major,Crotophaga major
AVIBASE-C5B34740,Crotophaga sulcirostris,Crotophaga sulcirostris,Crotophaga sulcirostris
AVIBASE-45BED67C,Crypsirina cucullata,Crypsirina cucullata,Crypsirina cucullata
AVIBASE-A1807D70,Crypsirina temia,Crypsirina temia,Crypsirina temia
AVIBASE-E3C55435,Cryptillas victorini,Cryptillas victorini,Bradypterus victorini
AVIBASE-A6775D0C,Cryptoleucopteryx plumbea,Cryptoleucopteryx plumbea,Leucopternis plumbeus
AVIBASE-4568986F,Cryptolybia olivacea,Stactolaema olivacea,Stactolaema olivacea
AVIBASE-ABDDA6D0,Cryptomicroeca flaviventris,Eopsaltria flaviventris,Eopsaltria flaviventris
AVIBASE-86420547,Cryptophaps poecilorrhoa,Cryptophaps poecilorrhoa,Cryptophaps poecilorrhoa
AVIBASE-A0E54EB9,Cryptopipo holochlora,Cryptopipo holochlora,Xenopipo holochlora
AVIBASE-DFF33128,Cryptopipo litae,Cryptopipo holochlora,Xenopipo holochlora
AVIBASE-7E6DF5D5,Cryptospiza jacksoni,Cryptospiza jacksoni,Cryptospiza jacksoni
AVIBASE-E034D9D9,Cryptospiza reichenovii,Cryptospiza reichenovii,Cryptospiza reichenovii
AVIBASE-98B15EE7,Cryptospiza salvadorii,Cryptospiza salvadorii,Cryptospiza salvadorii
AVIBASE-1C1A87C4,Cryptospiza shelleyi,Cryptospiza shelleyi,Cryptospiza shelleyi
AVIBASE-DBD188EF,Cryptosylvicola randrianasoloi,Cryptosylvicola randrianasoloi,Cryptosylvicola randrianasoloi
AVIBASE-41631439,Crypturellus atrocapillus,Crypturellus atrocapillus,Crypturellus atrocapillus
AVIBASE-88B9ABC1,Crypturellus bartletti,Crypturellus bartletti,Crypturellus bartletti
AVIBASE-9B036853,Crypturellus berlepschi,Crypturellus berlepschi,Crypturellus berlepschi
AVIBASE-5183B60E,Crypturellus boucardi,Crypturellus boucardi,Crypturellus boucardi
AVIBASE-45EE168A,Crypturellus brevirostris,Crypturellus brevirostris,Crypturellus brevirostris
AVIBASE-26D1CE28,Crypturellus casiquiare,Crypturellus casiquiare,Crypturellus casiquiare
AVIBASE-7C90F8DB,Crypturellus cinereus,Crypturellus cinereus,Crypturellus cinereus
AVIBASE-BC6EF580,Crypturellus cinnamomeus,Crypturellus cinnamomeus,Crypturellus cinnamomeus
AVIBASE-D2592D39,Crypturellus duidae,Crypturellus duidae,Crypturellus duidae
AVIBASE-4E03F38D,Crypturellus erythropus,Crypturellus erythropus,Crypturellus erythropus
AVIBASE-2ED97B54,Crypturellus kerriae,Crypturellus kerriae,Crypturellus kerriae
AVIBASE-7507BE36,Crypturellus noctivagus,Crypturellus noctivagus,Crypturellus noctivagus
AVIBASE-D624C373,Crypturellus obsoletus,Crypturellus obsoletus,Crypturellus obsoletus
AVIBASE-8A2D8FB6,Crypturellus occidentalis,Crypturellus cinnamomeus,Crypturellus cinnamomeus
AVIBASE-2988DEC6,Crypturellus parvirostris,Crypturellus parvirostris,Crypturellus parvirostris
AVIBASE-F5F9A63F,Crypturellus ptaritepui,Crypturellus ptaritepui,Crypturellus ptaritepui
AVIBASE-39DD9DD7,Crypturellus soui,Crypturellus soui,Crypturellus soui
AVIBASE-FE2B5A6B,Crypturellus strigulosus,Crypturellus strigulosus,Crypturellus strigulosus
AVIBASE-9C7F2C57,Crypturellus tataupa,Crypturellus tataupa,Crypturellus tataupa
AVIBASE-D303E7FF,Crypturellus transfasciatus,Crypturellus transfasciatus,Crypturellus transfasciatus
AVIBASE-7A600A0F,Crypturellus undulatus,Crypturellus undulatus,Crypturellus undulatus
AVIBASE-F8BBC7A7,Crypturellus variegatus,Crypturellus variegatus,Crypturellus variegatus
AVIBASE-B3D2C3C5,Cuculus canorus,Cuculus canorus,Cuculus canorus
AVIBASE-EDB84334,Cuculus clamosus,Cuculus clamosus,Cuculus clamosus
AVIBASE-D2EB8DC9,Cuculus crassirostris,Cuculus crassirostris,Cuculus crassirostris
AVIBASE-66931B3F,Cuculus gularis,Cuculus gularis,Cuculus gularis
AVIBASE-BC2989BC,Cuculus lepidus,Cuculus lepidus,Cuculus lepidus
AVIBASE-5CFEDF61,Cuculus micropterus,Cuculus micropterus,Cuculus micropterus
AVIBASE-FF41B79F,Cuculus poliocephalus,Cuculus poliocephalus,Cuculus poliocephalus
AVIBASE-C2E0717C,Cuculus rochii,Cuculus rochii,Cuculus rochii
AVIBASE-565F83B3,Cuculus saturatus,Cuculus saturatus,Cuculus saturatus
AVIBASE-66812DE2,Cuculus saturatus,Cuculus saturatus,Cuculus saturatus
AVIBASE-26A34DA5,Cuculus solitarius,Cuculus solitarius,Cuculus optatus
AVIBASE-26A34DA5,Cuculus solitarius,Cuculus solitarius,Cuculus solitarius
AVIBASE-D9B57BA4,Culicicapa ceylonensis,Culicicapa ceylonensis,Culicicapa ceylonensis
AVIBASE-15D49464,Culicicapa helianthea,Culicicapa helianthea,Culicicapa helianthea
AVIBASE-6F253FCF,Culicivora caudacuta,Culicivora caudacuta,Culicivora caudacuta
AVIBASE-12D5E6AE,Curaeus curaeus,Curaeus curaeus,Curaeus curaeus
AVIBASE-236D9272,Cursorius coromandelicus,Cursorius coromandelicus,Cursorius coromandelicus
AVIBASE-DE0A72A7,Cursorius cursor,Cursorius cursor,Cursorius cursor
AVIBASE-5FBB9662,Cursorius rufus,Cursorius rufus,Cursorius rufus
AVIBASE-6091E70B,Cursorius somalensis,Cursorius somalensis,Cursorius somalensis
AVIBASE-7A841F83,Cursorius temminckii,Cursorius temminckii,Cursorius temminckii
AVIBASE-FD32868A,Cutia legalleni,Cutia legalleni,Cutia legalleni
AVIBASE-D7F4C39A,Cutia nipalensis,Cutia nipalensis,Cutia nipalensis
AVIBASE-AFD6FD81,Cyanecula svecica,Luscinia svecica,Luscinia svecica
AVIBASE-A0A7D1B2,Cyanerpes caeruleus,Cyanerpes caeruleus,Cyanerpes caeruleus
AVIBASE-5A126D27,Cyanerpes cyaneus,Cyanerpes cyaneus,Cyanerpes cyaneus
AVIBASE-D2EF7CEA,Cyanerpes lucidus,Cyanerpes lucidus,Cyanerpes lucidus
AVIBASE-2027B6CC,Cyanerpes nitidus,Cyanerpes nitidus,Cyanerpes nitidus
AVIBASE-846C5BDD,Cyanicterus cyanicterus,Cyanicterus cyanicterus,Cyanicterus cyanicterus
AVIBASE-9BE53D34,Cyanistes caeruleus,Cyanistes caeruleus,Parus caeruleus
AVIBASE-184A6A8E,Cyanistes cyanus,Cyanistes cyanus,Parus cyanus
AVIBASE-BE2B80F4,Cyanistes teneriffae,Cyanistes teneriffae,Parus teneriffae
AVIBASE-842CC0BC,Cyanochen cyanoptera,Cyanochen cyanoptera,Cyanochen cyanoptera
AVIBASE-1DA430B8,Cyanocitta cristata,Cyanocitta cristata,Cyanocitta cristata
AVIBASE-2225D685,Cyanocitta stelleri,Cyanocitta stelleri,Cyanocitta stelleri
AVIBASE-C65A1784,Cyanocompsa parellina,Cyanocompsa parellina,Cyanocompsa parellina
AVIBASE-C63A2BBF,Cyanocorax affinis,Cyanocorax affinis,Cyanocorax affinis
AVIBASE-97E7CC5E,Cyanocorax beecheii,Cyanocorax beecheii,Cyanocorax beecheii
AVIBASE-9E218A3A,Cyanocorax cayanus,Cyanocorax cayanus,Cyanocorax cayanus
AVIBASE-5A64A7E7,Cyanocorax chrysops,Cyanocorax chrysops,Cyanocorax chrysops
AVIBASE-D435058A,Cyanocorax coeruleus,Cyanocorax caeruleus,Cyanocorax caeruleus
AVIBASE-0E51C3D5,Cyanocorax colliei,Calocitta colliei,Calocitta colliei
AVIBASE-85FA7893,Cyanocorax cristatellus,Cyanocorax cristatellus,Cyanocorax cristatellus
AVIBASE-F39AEC44,Cyanocorax cyanomelas,Cyanocorax cyanomelas,Cyanocorax cyanomelas
AVIBASE-70FE041E,Cyanocorax cyanopogon,Cyanocorax cyanopogon,Cyanocorax cyanopogon
AVIBASE-735CC47C,Cyanocorax dickeyi,Cyanocorax dickeyi,Cyanocorax dickeyi
AVIBASE-F0B23CDA,Cyanocorax formosus,Calocitta formosa,Calocitta formosa
AVIBASE-7629D2C2,Cyanocorax hafferi,Cyanocorax heilprini,Cyanocorax heilprini
AVIBASE-40FA7C73,Cyanocorax heilprini,Cyanocorax heilprini,Cyanocorax heilprini
AVIBASE-F4C0C70B,Cyanocorax melanocyaneus,Cyanocorax melanocyaneus,Cyanocorax melanocyaneus
AVIBASE-AD6BFD7E,Cyanocorax morio,Psilorhinus morio,Cyanocorax morio
AVIBASE-B3CB727E,Cyanocorax mystacalis,Cyanocorax mystacalis,Cyanocorax mystacalis
AVIBASE-DB6DC76D,Cyanocorax sanblasianus,Cyanocorax sanblasianus,Cyanocorax sanblasianus
AVIBASE-6D69986E,Cyanocorax violaceus,Cyanocorax violaceus,Cyanocorax violaceus
AVIBASE-361B447A,Cyanocorax yncas,Cyanocorax yncas,Cyanocorax yncas
AVIBASE-361B447A,Cyanocorax yncas,Cyanocorax yncas,Cyanocorax luxuosus
AVIBASE-6462D4B8,Cyanocorax yucatanicus,Cyanocorax yucatanicus,Cyanocorax yucatanicus
AVIBASE-BACD6EA8,Cyanoderma bicolor,Cyanoderma erythropterum,Stachyris erythroptera
AVIBASE-3D4BA49D,Cyanoderma chrysaeum,Cyanoderma chrysaeum,Stachyris chrysaea
AVIBASE-89FA492A,Cyanoderma erythropterum,Cyanoderma erythropterum,Stachyris erythroptera
AVIBASE-BF54D9A6,Cyanoderma melanothorax,Cyanoderma melanothorax,Stachyris melanothorax
AVIBASE-4C8DBC91,Cyanoderma pyrrhops,Cyanoderma pyrrhops,Stachyris pyrrhops
AVIBASE-8DA71DFB,Cyanoderma ruficeps,Cyanoderma ruficeps,Stachyris ruficeps
AVIBASE-21F71D10,Cyanoderma rufifrons,Cyanoderma rufifrons,Stachyris rufifrons
AVIBASE-907F09AE,Cyanoderma rufifrons,Cyanoderma ambiguum,Stachyris ambigua
AVIBASE-DCFBF7FD,Cyanograucalus azureus,Cyanograucalus azureus,Coracina azurea
AVIBASE-AF4CF9F8,Cyanolanius comorensis,Cyanolanius madagascarinus,Cyanolanius madagascarinus
AVIBASE-FCBB03B8,Cyanolanius madagascarinus,Cyanolanius madagascarinus,Cyanolanius madagascarinus
AVIBASE-F7E6722E,Cyanolimnas cerverai,Cyanolimnas cerverai,Cyanolimnas cerverai
AVIBASE-1A7D8F6B,Cyanoliseus patagonus,Cyanoliseus patagonus,Cyanoliseus patagonus
AVIBASE-7B852242,Cyanoloxia brissonii,Cyanoloxia brissonii,Cyanocompsa brissonii
AVIBASE-BD833C24,Cyanoloxia cyanoides,Cyanoloxia cyanoides,Cyanocompsa cyanoides
AVIBASE-6954E4BE,Cyanoloxia glaucocaerulea,Cyanoloxia glaucocaerulea,Cyanoloxia glaucocaerulea
AVIBASE-2D827450,Cyanoloxia rothschildii,Cyanoloxia rothschildii,Cyanocompsa cyanoides
AVIBASE-A804CFF2,Cyanolyca argentigula,Cyanolyca argentigula,Cyanolyca argentigula
AVIBASE-2308B348,Cyanolyca armillata,Cyanolyca armillata,Cyanolyca armillata
AVIBASE-F87415DC,Cyanolyca cucullata,Cyanolyca cucullata,Cyanolyca cucullata
AVIBASE-932A34CA,Cyanolyca mirabilis,Cyanolyca mirabilis,Cyanolyca mirabilis
AVIBASE-945C18FA,Cyanolyca nanus,Cyanolyca nanus,Cyanolyca nana
AVIBASE-9C916E02,Cyanolyca pulchra,Cyanolyca pulchra,Cyanolyca pulchra
AVIBASE-642F6054,Cyanolyca pumilo,Cyanolyca pumilo,Cyanolyca pumilo
AVIBASE-0754FD7D,Cyanolyca quindiuna,Cyanolyca armillata,Cyanolyca armillata
AVIBASE-0844621D,Cyanolyca turcosa,Cyanolyca turcosa,Cyanolyca turcosa
AVIBASE-C0A71EF3,Cyanolyca viridicyanus,Cyanolyca viridicyanus,Cyanolyca viridicyanus
AVIBASE-AE0035FF,Cyanomitra alinae,Cyanomitra alinae,Nectarinia alinae
AVIBASE-ED6CD9D5,Cyanomitra bannermani,Cyanomitra bannermani,Nectarinia bannermani
AVIBASE-36A24C79,Cyanomitra cyanolaema,Cyanomitra cyanolaema,Nectarinia cyanolaema
AVIBASE-EE79A5EF,Cyanomitra olivacea,Cyanomitra olivacea,Nectarinia olivacea
AVIBASE-B76E3DA1,Cyanomitra oritis,Cyanomitra oritis,Nectarinia oritis
AVIBASE-C1CBA33A,Cyanomitra verreauxii,Cyanomitra veroxii,Nectarinia veroxii
AVIBASE-6DE16262,Cyanomitra verticalis,Cyanomitra verticalis,Nectarinia verticalis
AVIBASE-3DBAC388,Cyanophaia bicolor,Riccordia bicolor,Cyanophaia bicolor
AVIBASE-D30A8AE1,Cyanopica cooki,Cyanopica cooki,Cyanopica cyanus
AVIBASE-659D6E44,Cyanopica cyanus,Cyanopica cyanus,Cyanopica cyanus
AVIBASE-FB8F32C3,Cyanopsitta spixii,Cyanopsitta spixii,Cyanopsitta spixii
AVIBASE-BC81D33B,Cyanoptila cumatilis,Cyanoptila cumatilis,Cyanoptila cyanomelana
AVIBASE-B7679B3F,Cyanoptila cyanomelana,Cyanoptila cyanomelana,Cyanoptila cyanomelana
AVIBASE-57B42328,Cyanoramphus auriceps,Cyanoramphus auriceps,Cyanoramphus auriceps
AVIBASE-3CDE13A1,Cyanoramphus forbesi,Cyanoramphus forbesi,Cyanoramphus forbesi
AVIBASE-8AF04EDB,Cyanoramphus malherbi,Cyanoramphus malherbi,Cyanoramphus malherbi
AVIBASE-E9B8941D,Cyanoramphus novaezelandiae,Cyanoramphus novaezelandiae,Cyanoramphus novaezelandiae
AVIBASE-75F9612E,Cyanoramphus novaezelandiae,Cyanoramphus saisseti,Cyanoramphus saisseti
AVIBASE-80D30223,Cyanoramphus novaezelandiae,Cyanoramphus cookii,Cyanoramphus cookii
AVIBASE-92EE11D8,Cyanoramphus novaezelandiae,Cyanoramphus novaezelandiae,Cyanoramphus novaezelandiae
AVIBASE-F613770E,Cyanoramphus novaezelandiae,Cyanoramphus hochstetteri,Cyanoramphus novaezelandiae
AVIBASE-06AC693C,Cyanoramphus unicolor,Cyanoramphus unicolor,Cyanoramphus unicolor
AVIBASE-8776BD04,Cyclarhis gujanensis,Cyclarhis gujanensis,Cyclarhis gujanensis
AVIBASE-444E5987,Cyclarhis nigrirostris,Cyclarhis nigrirostris,Cyclarhis nigrirostris
AVIBASE-5EB266E3,Cyclopsitta amabilis,Cyclopsitta gulielmitertii,Cyclopsitta gulielmitertii
AVIBASE-DEA1A959,Cyclopsitta coxeni,Cyclopsitta diophthalma,Cyclopsitta diophthalma
AVIBASE-5F671C06,Cyclopsitta diophthalma,Cyclopsitta diophthalma,Cyclopsitta diophthalma
AVIBASE-1422A495,Cyclopsitta gulielmitertii,Cyclopsitta gulielmitertii,Cyclopsitta gulielmitertii
AVIBASE-E6439BAF,Cyclopsitta melanogenia,Cyclopsitta gulielmitertii,Cyclopsitta gulielmitertii
AVIBASE-18362A30,Cyclopsitta nigrifrons,Cyclopsitta gulielmitertii,Cyclopsitta gulielmitertii
AVIBASE-46B54DB1,Cygnus atratus,Cygnus atratus,Cygnus atratus
AVIBASE-B86C504C,Cygnus buccinator,Cygnus buccinator,Cygnus buccinator
AVIBASE-0BCBA6B9,Cygnus columbianus,Cygnus columbianus,Cygnus columbianus
AVIBASE-BDDB5670,Cygnus cygnus,Cygnus cygnus,Cygnus cygnus
AVIBASE-B8C652E6,Cygnus melancoryphus,Cygnus melancoryphus,Cygnus melancoryphus
AVIBASE-694C127A,Cygnus olor,Cygnus olor,Cygnus olor
AVIBASE-86C7F489,Cymbilaimus lineatus,Cymbilaimus lineatus,Cymbilaimus lineatus
AVIBASE-279C7965,Cymbilaimus sanctaemariae,Cymbilaimus sanctaemariae,Cymbilaimus sanctaemariae
AVIBASE-A7772291,Cymbirhynchus affinis,Cymbirhynchus macrorhynchos,Cymbirhynchus macrorhynchos
AVIBASE-8C789387,Cymbirhynchus macrorhynchos,Cymbirhynchus macrorhynchos,Cymbirhynchus macrorhynchos
AVIBASE-052BEA40,Cynanthus doubledayi,Cynanthus doubledayi,Cynanthus latirostris
AVIBASE-C29BA985,Cynanthus latirostris,Cynanthus latirostris,Cynanthus latirostris
AVIBASE-74CFA678,Cynanthus lawrencei,Cynanthus latirostris,Cynanthus latirostris
AVIBASE-F0258298,Cynanthus sordidus,Phaeoptila sordida,Cynanthus sordidus
AVIBASE-869DE48B,Cyornis banyumas,Cyornis whitei,Cyornis banyumas
AVIBASE-1AFE0391,Cyornis brunneatus,Cyornis brunneatus,Rhinomyias brunneatus
AVIBASE-52C69037,Cyornis caerulatus,Cyornis caerulatus,Cyornis caerulatus
AVIBASE-A9493977,Cyornis camarinensis,Cyornis herioti,Cyornis herioti
AVIBASE-B93D7A8F,Cyornis colonus,Cyornis colonus,Rhinomyias colonus
AVIBASE-63EF266B,Cyornis concretus,Cyornis concretus,Cyornis concretus
AVIBASE-2DF4A02C,Cyornis djampeanus,Cyornis omissus,Cyornis rufigastra
AVIBASE-1937A3C8,Cyornis glaucicomans,Cyornis glaucicomans,Cyornis rubeculoides
AVIBASE-7FD53F95,Cyornis hainanus,Cyornis hainanus,Cyornis hainanus
AVIBASE-62BD5AD2,Cyornis herioti,Cyornis herioti,Cyornis herioti
AVIBASE-64C5A03E,Cyornis hoevelli,Cyornis hoevelli,Cyornis hoevelli
AVIBASE-DB232D5C,Cyornis hyacinthinus,Cyornis hyacinthinus,Cyornis hyacinthinus
AVIBASE-37C2CC2E,Cyornis lemprieri,Cyornis lemprieri,Cyornis lemprieri
AVIBASE-F18BBB65,Cyornis magnirostris,Cyornis magnirostris,Cyornis magnirostris
AVIBASE-383E7A61,Cyornis nicobaricus,Cyornis nicobaricus,Rhinomyias brunneatus
AVIBASE-9265448C,Cyornis olivaceus,Cyornis olivaceus,Rhinomyias olivaceus
AVIBASE-8E5FA27F,Cyornis omissus,Cyornis omissus,Cyornis omissus
AVIBASE-B69E7CB5,Cyornis oscillans,Cyornis oscillans,Rhinomyias oscillans
AVIBASE-C29DEB80,Cyornis pallidipes,Cyornis pallidipes,Cyornis pallipes
AVIBASE-786EFC15,Cyornis poliogenys,Cyornis poliogenys,Cyornis poliogenys
AVIBASE-AAF62362,Cyornis rubeculoides,Cyornis rubeculoides,Cyornis rubeculoides
AVIBASE-EAF7A5C6,Cyornis ruckii,Cyornis ruckii,Cyornis ruckii
AVIBASE-667AA6BF,Cyornis ruficauda,Cyornis ruficauda,Rhinomyias ruficauda
AVIBASE-52840970,Cyornis rufigastra,Cyornis rufigastra,Cyornis rufigastra
AVIBASE-A89B82E6,Cyornis sanfordi,Cyornis sanfordi,Cyornis sanfordi
AVIBASE-B136588C,Cyornis stresemanni,Cyornis oscillans,Rhinomyias oscillans
AVIBASE-16C6AC8A,Cyornis sumatrensis,Cyornis sumatrensis,Cyornis tickelliae
AVIBASE-CA394EC6,Cyornis superbus,Cyornis superbus,Cyornis superbus
AVIBASE-0EA33C18,Cyornis tickelliae,Cyornis tickelliae,Cyornis tickelliae
AVIBASE-A35345E1,Cyornis turcosus,Cyornis turcosus,Cyornis turcosus
AVIBASE-F63B6317,Cyornis umbratilis,Cyornis umbratilis,Rhinomyias umbratilis
AVIBASE-480F2C3C,Cyornis unicolor,Cyornis unicolor,Cyornis unicolor
AVIBASE-FAF1A289,Cyphorhinus arada,Cyphorhinus arada,Cyphorhinus arada
AVIBASE-EC974AC4,Cyphorhinus dichrous,Cyphorhinus thoracicus,Cyphorhinus thoracicus
AVIBASE-AC56BC49,Cyphorhinus phaeocephalus,Cyphorhinus phaeocephalus,Cyphorhinus phaeocephalus
AVIBASE-0664F1F4,Cyphorhinus thoracicus,Cyphorhinus thoracicus,Cyphorhinus thoracicus
AVIBASE-C22326DF,Cyphos macrodactylus,Bucco macrodactylus,Bucco macrodactylus
AVIBASE-258B1B37,Cypseloides cherriei,Cypseloides cherriei,Cypseloides cherriei
AVIBASE-0770CE13,Cypseloides cryptus,Cypseloides cryptus,Cypseloides cryptus
AVIBASE-9054A7CA,Cypseloides fumigatus,Cypseloides fumigatus,Cypseloides fumigatus
AVIBASE-B66A13A9,Cypseloides lemosi,Cypseloides lemosi,Cypseloides lemosi
AVIBASE-7FB66FEB,Cypseloides niger,Cypseloides niger,Cypseloides niger
AVIBASE-CB21F7A7,Cypseloides rothschildi,Cypseloides rothschildi,Cypseloides rothschildi
AVIBASE-61C74CAD,Cypseloides senex,Cypseloides senex,Cypseloides senex
AVIBASE-DD9CB478,Cypseloides storeri,Cypseloides storeri,Cypseloides storeri
AVIBASE-83C40F89,Cypsiurus balasiensis,Cypsiurus balasiensis,Cypsiurus balasiensis
AVIBASE-07AB7B3F,Cypsiurus gracilis,Cypsiurus gracilis,Cypsiurus parvus
AVIBASE-DA106373,Cypsiurus parvus,Cypsiurus parvus,Cypsiurus parvus
AVIBASE-1CB32C48,Cypsnagra hirundinacea,Cypsnagra hirundinacea,Cypsnagra hirundinacea
AVIBASE-C5B014E3,Cyrtonyx montezumae,Cyrtonyx montezumae,Cyrtonyx montezumae
AVIBASE-A5DA64FF,Cyrtonyx ocellatus,Cyrtonyx ocellatus,Cyrtonyx ocellatus
AVIBASE-B33696C5,Cyrtonyx sallei,Cyrtonyx montezumae,Cyrtonyx montezumae
AVIBASE-8AA36DB0,Dacelo gaudichaud,Dacelo gaudichaud,Dacelo gaudichaud
AVIBASE-6F0C3A53,Dacelo leachii,Dacelo leachii,Dacelo leachii
AVIBASE-94AF4A47,Dacelo novaeguineae,Dacelo novaeguineae,Dacelo novaeguineae
AVIBASE-5B365DF7,Dacelo tyro,Dacelo tyro,Dacelo tyro
AVIBASE-7AFF6CE5,Dacnis albiventris,Dacnis albiventris,Dacnis albiventris
AVIBASE-38EDD766,Dacnis berlepschi,Dacnis berlepschi,Dacnis berlepschi
AVIBASE-C72B6A62,Dacnis cayana,Dacnis cayana,Dacnis cayana
AVIBASE-CBDE242B,Dacnis egregia,Dacnis lineata,Dacnis egregia
AVIBASE-85288724,Dacnis flaviventer,Dacnis flaviventer,Dacnis flaviventer
AVIBASE-C75A42AF,Dacnis hartlaubi,Dacnis hartlaubi,Dacnis hartlaubi
AVIBASE-8DF4C731,Dacnis lineata,Dacnis lineata,Dacnis lineata
AVIBASE-7759D86F,Dacnis nigripes,Dacnis nigripes,Dacnis nigripes
AVIBASE-223EB3AD,Dacnis venusta,Dacnis venusta,Dacnis venusta
AVIBASE-B433F5E3,Dacnis viguieri,Dacnis viguieri,Dacnis viguieri
AVIBASE-CDF3BB98,Dactylortyx thoracicus,Dactylortyx thoracicus,Dactylortyx thoracicus
AVIBASE-99536A00,Daphoenositta chrysoptera,Daphoenositta chrysoptera,Daphoenositta chrysoptera
AVIBASE-BCE0793B,Daphoenositta miranda,Daphoenositta miranda,Daphoenositta miranda
AVIBASE-0E0DAE4C,Daphoenositta papuensis,Daphoenositta papuensis,Daphoenositta chrysoptera
AVIBASE-AAC2D613,Daption capense,Daption capense,Daption capense
AVIBASE-9D271B2D,Daptrius ater,Daptrius ater,Daptrius ater
AVIBASE-B7C99E58,Dasycrotapha plateni,Dasycrotapha plateni,Stachyris plateni
AVIBASE-79C8806A,Dasycrotapha pygmaea,Dasycrotapha pygmaea,Stachyris pygmaea
AVIBASE-8558E444,Dasycrotapha speciosa,Dasycrotapha speciosa,Dasycrotapha speciosa
AVIBASE-00F880FA,Dasylophus superciliosus,Dasylophus superciliosus,Phaenicophaeus superciliosus
AVIBASE-68FB5B90,Dasyornis brachypterus,Dasyornis brachypterus,Dasyornis brachypterus
AVIBASE-CA9DB79D,Dasyornis broadbenti,Dasyornis broadbenti,Dasyornis broadbenti
AVIBASE-8710A7E5,Dasyornis longirostris,Dasyornis longirostris,Dasyornis longirostris
AVIBASE-15B327AC,Deconychura longicauda,Deconychura longicauda,Deconychura longicauda
AVIBASE-3B21E1E3,Deconychura pallida,Deconychura longicauda,Deconychura longicauda
AVIBASE-35F28244,Deconychura typica,Deconychura longicauda,Deconychura longicauda
AVIBASE-D34970F5,Deleornis axillaris,Deleornis axillaris,Anthreptes fraseri
AVIBASE-D508B219,Deleornis fraseri,Deleornis fraseri,Anthreptes fraseri
AVIBASE-15FD4123,Delichon dasypus,Delichon dasypus,Delichon dasypus
AVIBASE-535F7C54,Delichon lagopodum,Delichon urbicum,Delichon urbicum
AVIBASE-0F94AC6E,Delichon nipalense,Delichon nipalense,Delichon nipalense
AVIBASE-30FEC6BE,Delichon urbicum,Delichon urbicum,Delichon urbicum
AVIBASE-E8E65DD3,Deltarhynchus flammulatus,Ramphotrigon flammulatum,Deltarhynchus flammulatus
AVIBASE-E4A5B66A,Dendragapus fuliginosus,Dendragapus fuliginosus,Dendragapus fuliginosus
AVIBASE-A55D83A9,Dendragapus obscurus,Dendragapus obscurus,Dendragapus obscurus
AVIBASE-272E0085,Dendrexetastes rufigula,Dendrexetastes rufigula,Dendrexetastes rufigula
AVIBASE-635B57DB,Dendrocincla anabatina,Dendrocincla anabatina,Dendrocincla anabatina
AVIBASE-A31278C7,Dendrocincla fuliginosa,Dendrocincla fuliginosa,Dendrocincla fuliginosa
AVIBASE-A36EA748,Dendrocincla homochroa,Dendrocincla homochroa,Dendrocincla homochroa
AVIBASE-A3525AA5,Dendrocincla merula,Dendrocincla merula,Dendrocincla merula
AVIBASE-81876372,Dendrocincla turdina,Dendrocincla turdina,Dendrocincla turdina
AVIBASE-871963BC,Dendrocincla tyrannina,Dendrocincla tyrannina,Dendrocincla tyrannina
AVIBASE-A26B2BBB,Dendrocitta bayleii,Dendrocitta bayleii,Dendrocitta bayleyi
AVIBASE-1DF3553B,Dendrocitta cinerascens,Dendrocitta cinerascens,Dendrocitta occipitalis
AVIBASE-81FFAAC2,Dendrocitta formosae,Dendrocitta formosae,Dendrocitta formosae
AVIBASE-DDA66E07,Dendrocitta frontalis,Dendrocitta frontalis,Dendrocitta frontalis
AVIBASE-C7567600,Dendrocitta leucogastra,Dendrocitta leucogastra,Dendrocitta leucogastra
AVIBASE-BF723D53,Dendrocitta occipitalis,Dendrocitta occipitalis,Dendrocitta occipitalis
AVIBASE-959E1633,Dendrocitta vagabunda,Dendrocitta vagabunda,Dendrocitta vagabunda
AVIBASE-8B206172,Dendrocolaptes certhia,Dendrocolaptes certhia,Dendrocolaptes certhia
AVIBASE-237E0085,Dendrocolaptes hoffmannsi,Dendrocolaptes hoffmannsi,Dendrocolaptes hoffmannsi
AVIBASE-3459505D,Dendrocolaptes picumnus,Dendrocolaptes picumnus,Dendrocolaptes picumnus
AVIBASE-47AA703F,Dendrocolaptes platyrostris,Dendrocolaptes platyrostris,Dendrocolaptes platyrostris
AVIBASE-D87596CA,Dendrocolaptes punctipectus,Dendrocolaptes sanctithomae,Dendrocolaptes sanctithomae
AVIBASE-2C13F92A,Dendrocolaptes sanctithomae,Dendrocolaptes sanctithomae,Dendrocolaptes sanctithomae
AVIBASE-036D7192,Dendrocopos analis,Dendrocopos analis,Dendrocopos macei
AVIBASE-36520374,Dendrocopos assimilis,Dendrocopos assimilis,Dendrocopos assimilis
AVIBASE-37BC809F,Dendrocopos atratus,Dendrocopos atratus,Dendrocopos atratus
AVIBASE-16E5AF15,Dendrocopos darjellensis,Dendrocopos darjellensis,Dendrocopos darjellensis
AVIBASE-C6F400B4,Dendrocopos himalayensis,Dendrocopos himalayensis,Dendrocopos himalayensis
AVIBASE-DC1B8B91,Dendrocopos hyperythrus,Dendrocopos hyperythrus,Dendrocopos hyperythrus
AVIBASE-E8AFCFD1,Dendrocopos leucopterus,Dendrocopos leucopterus,Dendrocopos leucopterus
AVIBASE-4507ACD7,Dendrocopos leucotos,Dendrocopos leucotos,Dendrocopos leucotos
AVIBASE-00B39690,Dendrocopos macei,Dendrocopos macei,Dendrocopos macei
AVIBASE-D754DB85,Dendrocopos major,Dendrocopos major,Dendrocopos major
AVIBASE-9BDC3DAE,Dendrocopos noguchii,Dendrocopos noguchii,Dendrocopos noguchii
AVIBASE-DD219757,Dendrocopos owstoni,Dendrocopos leucotos,Dendrocopos leucotos
AVIBASE-3F54E5FD,Dendrocopos syriacus,Dendrocopos syriacus,Dendrocopos syriacus
AVIBASE-DC65FCE7,Dendrocygna arborea,Dendrocygna arborea,Dendrocygna arborea
AVIBASE-69D272A6,Dendrocygna arcuata,Dendrocygna arcuata,Dendrocygna arcuata
AVIBASE-C01A22D6,Dendrocygna autumnalis,Dendrocygna autumnalis,Dendrocygna autumnalis
AVIBASE-9A60617E,Dendrocygna bicolor,Dendrocygna bicolor,Dendrocygna bicolor
AVIBASE-A467AD00,Dendrocygna eytoni,Dendrocygna eytoni,Dendrocygna eytoni
AVIBASE-1AAB20B0,Dendrocygna guttata,Dendrocygna guttata,Dendrocygna guttata
AVIBASE-BD683E6E,Dendrocygna javanica,Dendrocygna javanica,Dendrocygna javanica
AVIBASE-A534AFEA,Dendrocygna viduata,Dendrocygna viduata,Dendrocygna viduata
AVIBASE-8E872FAA,Dendronanthus indicus,Dendronanthus indicus,Dendronanthus indicus
AVIBASE-8004C7E5,Dendroperdix sephaena,Ortygornis sephaena,Francolinus sephaena
AVIBASE-33F13BB1,Dendropicos abyssinicus,Chloropicus abyssinicus,Dendropicos abyssinicus
AVIBASE-0093A624,Dendropicos dorae,Dendrocoptes dorae,Dendrocopos dorae
AVIBASE-C6F9E5EE,Dendropicos elachus,Chloropicus elachus,Dendropicos elachus
AVIBASE-420A6ADC,Dendropicos elliotii,Chloropicus elliotii,Mesopicos elliotii
AVIBASE-0A241B83,Dendropicos fuscescens,Chloropicus fuscescens,Dendropicos fuscescens
AVIBASE-8B3DF118,Dendropicos gabonensis,Chloropicus gabonensis,Dendropicos gabonensis
AVIBASE-E5DF48FC,Dendropicos goertae,Chloropicus goertae,Mesopicos goertae
AVIBASE-02E004AD,Dendropicos griseocephalus,Chloropicus griseocephalus,Mesopicos griseocephalus
AVIBASE-6E8364D5,Dendropicos johnstoni,Chloropicus elliotii,Mesopicos elliotii
AVIBASE-735D837C,Dendropicos lugubris,Chloropicus lugubris,Dendropicos lugubris
AVIBASE-77D82F60,Dendropicos namaquus,Chloropicus namaquus,Thripias namaquus
AVIBASE-9FF4EDB5,Dendropicos obsoletus,Chloropicus obsoletus,Dendrocopos obsoletus
AVIBASE-739A97EE,Dendropicos poecilolaemus,Chloropicus poecilolaemus,Dendropicos poecilolaemus
AVIBASE-8E989334,Dendropicos pyrrhogaster,Chloropicus pyrrhogaster,Thripias pyrrhogaster
AVIBASE-902E9F69,Dendropicos spodocephalus,Chloropicus spodocephalus,Dendropicos spodocephalus
AVIBASE-D1F738F4,Dendropicos stierlingi,Chloropicus stierlingi,Dendropicos stierlingi
AVIBASE-2700C97D,Dendropicos xantholophus,Chloropicus xantholophus,Thripias xantholophus
AVIBASE-12F9A070,Dendroplex kienerii,Dendroplex kienerii,Dendroplex kienerii
AVIBASE-9C163605,Dendroplex picus,Dendroplex picus,Dendroplex picus
AVIBASE-B2082233,Dendrortyx barbatus,Dendrortyx barbatus,Dendrortyx barbatus
AVIBASE-AF3E329B,Dendrortyx leucophrys,Dendrortyx leucophrys,Dendrortyx leucophrys
AVIBASE-B6A6A4A0,Dendrortyx macroura,Dendrortyx macroura,Dendrortyx macroura
AVIBASE-821D0A48,Deroptyus accipitrinus,Deroptyus accipitrinus,Deroptyus accipitrinus
AVIBASE-CB6410F3,Dessonornis anomalus,Cossypha anomala,Cossypha anomala
AVIBASE-96D9A285,Dessonornis archeri,Cossypha archeri,Cossypha archeri
AVIBASE-A38BABE1,Dessonornis caffer,Cossypha caffra,Cossypha caffra
AVIBASE-94932CDC,Dessonornis humeralis,Cossypha humeralis,Cossypha humeralis
AVIBASE-CB6410F3,Dessonornis macclounii,Cossypha anomala,Cossypha anomala
AVIBASE-63CF0D74,Dessonornis mbuluensis,Cossypha anomala,Cossypha anomala
AVIBASE-4746C823,Devioeca papuana,Microeca papuana,Microeca papuana
AVIBASE-7BFF5F7A,Dicaeum aeneum,Dicaeum aeneum,Dicaeum aeneum
AVIBASE-78B55ACC,Dicaeum agile,Dicaeum agile,Dicaeum aeruginosum
AVIBASE-78B55ACC,Dicaeum agile,Dicaeum agile,Dicaeum agile
AVIBASE-6D0266CC,Dicaeum annae,Dicaeum annae,Dicaeum annae
AVIBASE-9B41B11D,Dicaeum anthonyi,Dicaeum anthonyi,Dicaeum anthonyi
AVIBASE-FD27C27B,Dicaeum aureolimbatum,Dicaeum aureolimbatum,Dicaeum aureolimbatum
AVIBASE-1C0CB747,Dicaeum australe,Dicaeum australe,Dicaeum australe
AVIBASE-0BCE71E0,Dicaeum beccarii,Dicaeum ignipectus,Dicaeum ignipectus
AVIBASE-01EAB134,Dicaeum bicolor,Dicaeum bicolor,Dicaeum bicolor
AVIBASE-8C11AB08,Dicaeum cambodianum,Dicaeum ignipectus,Dicaeum ignipectus
AVIBASE-25D14505,Dicaeum celebicum,Dicaeum celebicum,Dicaeum celebicum
AVIBASE-4AFCA9BB,Dicaeum chrysorrheum,Dicaeum chrysorrheum,Dicaeum chrysorrheum
AVIBASE-62585CD8,Dicaeum concolor,Dicaeum concolor,Dicaeum concolor
AVIBASE-10016732,Dicaeum cruentatum,Dicaeum cruentatum,Dicaeum cruentatum
AVIBASE-E524E4CB,Dicaeum dayakorum,Dicaeum dayakorum,NA
AVIBASE-BDB26F7B,Dicaeum erythrorhynchos,Dicaeum erythrorhynchos,Dicaeum erythrorhynchos
AVIBASE-3D30CF40,Dicaeum erythrothorax,Dicaeum erythrothorax,Dicaeum erythrothorax
AVIBASE-8D178429,Dicaeum everetti,Dicaeum everetti,Dicaeum everetti
AVIBASE-5D552978,Dicaeum eximium,Dicaeum eximium,Dicaeum eximium
AVIBASE-C4E2C54B,Dicaeum geelvinkianum,Dicaeum geelvinkianum,Dicaeum geelvinkianum
AVIBASE-82F4FF0B,Dicaeum haematostictum,Dicaeum haematostictum,Dicaeum haematostictum
AVIBASE-F5D63C6F,Dicaeum hanieli,Dicaeum sanguinolentum,Dicaeum sanguinolentum
AVIBASE-7CCB0FB6,Dicaeum hirundinaceum,Dicaeum hirundinaceum,Dicaeum hirundinaceum
AVIBASE-1262D49B,Dicaeum hypoleucum,Dicaeum hypoleucum,Dicaeum hypoleucum
AVIBASE-98E4D63A,Dicaeum ignicolle,Dicaeum hirundinaceum,Dicaeum hirundinaceum
AVIBASE-5BAE90CD,Dicaeum igniferum,Dicaeum igniferum,Dicaeum igniferum
AVIBASE-907DF569,Dicaeum ignipectus,Dicaeum ignipectus,Dicaeum ignipectus
AVIBASE-0C55C543,Dicaeum kampalili,Dicaeum anthonyi,Dicaeum anthonyi
AVIBASE-2A0A1DE3,Dicaeum keiense,Dicaeum hirundinaceum,Dicaeum hirundinaceum
AVIBASE-6C9DF46C,Dicaeum luzoniense,Dicaeum ignipectus,Dicaeum ignipectus
AVIBASE-C7EFE9E7,Dicaeum maugei,Dicaeum maugei,Dicaeum maugei
AVIBASE-DDEA6B69,Dicaeum melanozanthum,Dicaeum melanozanthum,Dicaeum melanoxanthum
AVIBASE-F26BDDA7,Dicaeum minullum,Dicaeum minullum,Dicaeum concolor
AVIBASE-B6C34EB4,Dicaeum minullum,Dicaeum virescens,Dicaeum concolor
AVIBASE-86A57304,Dicaeum monticolum,Dicaeum monticolum,Dicaeum monticolum
AVIBASE-EDF116F9,Dicaeum nehrkorni,Dicaeum nehrkorni,Dicaeum nehrkorni
AVIBASE-BCD2017C,Dicaeum nigrilore,Dicaeum nigrilore,Dicaeum nigrilore
AVIBASE-92AEC0AF,Dicaeum nitidum,Dicaeum nitidum,Dicaeum nitidum
AVIBASE-00242897,Dicaeum pectorale,Dicaeum pectorale,Dicaeum pectorale
AVIBASE-B8F60E84,Dicaeum proprium,Dicaeum proprium,Dicaeum proprium
AVIBASE-4E318300,Dicaeum pygmaeum,Dicaeum pygmaeum,Dicaeum pygmaeum
AVIBASE-8BDE79BB,Dicaeum quadricolor,Dicaeum quadricolor,Dicaeum quadricolor
AVIBASE-DD4ABC00,Dicaeum retrocinctum,Dicaeum retrocinctum,Dicaeum retrocinctum
AVIBASE-3C63FD9F,Dicaeum sanguinolentum,Dicaeum sanguinolentum,Dicaeum sanguinolentum
AVIBASE-2CB92155,Dicaeum schistaceiceps,Dicaeum schistaceiceps,Dicaeum erythrothorax
AVIBASE-3E81AAE0,Dicaeum trigonostigma,Dicaeum trigonostigma,Dicaeum trigonostigma
AVIBASE-376EC06B,Dicaeum tristrami,Dicaeum tristrami,Dicaeum tristrami
AVIBASE-3C404F82,Dicaeum trochileum,Dicaeum trochileum,Dicaeum trochileum
AVIBASE-6D711040,Dicaeum vincens,Dicaeum vincens,Dicaeum vincens
AVIBASE-20BD1A23,Dicaeum vulneratum,Dicaeum vulneratum,Dicaeum vulneratum
AVIBASE-0EC4EDBB,Dicaeum wilhelminae,Dicaeum sanguinolentum,Dicaeum sanguinolentum
AVIBASE-4D776E0B,Dichrozona cincta,Dichrozona cincta,Dichrozona cincta
AVIBASE-11FE7313,Dicrurus adsimilis,Dicrurus adsimilis,Dicrurus adsimilis
AVIBASE-11FE7313,Dicrurus adsimilis,NA,Dicrurus adsimilis
AVIBASE-DD177B0B,Dicrurus aeneus,Dicrurus aeneus,Dicrurus aeneus
AVIBASE-0EC8C471,Dicrurus aldabranus,Dicrurus aldabranus,Dicrurus aldabranus
AVIBASE-EED766E8,Dicrurus andamanensis,Dicrurus andamanensis,Dicrurus andamanensis
AVIBASE-DC9537C7,Dicrurus annectens,Dicrurus annectens,Dicrurus annectans
AVIBASE-28AC53BE,Dicrurus atripennis,Dicrurus atripennis,Dicrurus atripennis
AVIBASE-C9B27637,Dicrurus balicassius,Dicrurus balicassius,Dicrurus balicassius
AVIBASE-FEB566B5,Dicrurus bracteatus,Dicrurus bracteatus,Dicrurus bracteatus
AVIBASE-994E98B3,Dicrurus caerulescens,Dicrurus caerulescens,Dicrurus caerulescens
AVIBASE-D5A32822,Dicrurus densus,Dicrurus densus,Dicrurus densus
AVIBASE-6B0FC56C,Dicrurus forficatus,Dicrurus forficatus,Dicrurus forficatus
AVIBASE-07612BDC,Dicrurus fuscipennis,Dicrurus fuscipennis,Dicrurus fuscipennis
AVIBASE-F8ADA760,Dicrurus hottentottus,Dicrurus hottentottus,Dicrurus hottentottus
AVIBASE-5FD53BB1,Dicrurus leucophaeus,Dicrurus leucophaeus,Dicrurus leucophaeus
AVIBASE-AB038438,Dicrurus lophorinus,Dicrurus lophorinus,Dicrurus paradiseus
AVIBASE-E83D45A6,Dicrurus ludwigii,Dicrurus ludwigii,Dicrurus ludwigii
AVIBASE-E83D45A6,Dicrurus ludwigii,NA,Dicrurus ludwigii
AVIBASE-D90F9B0B,Dicrurus macrocercus,Dicrurus macrocercus,Dicrurus macrocercus
AVIBASE-1C7931F4,Dicrurus megarhynchus,Dicrurus megarhynchus,Dicrurus megarhynchus
AVIBASE-990FB1F5,Dicrurus menagei,Dicrurus menagei,Dicrurus hottentottus
AVIBASE-5DEB4565,Dicrurus modestus,Dicrurus modestus,Dicrurus modestus
AVIBASE-5DEB4565,Dicrurus modestus,NA,Dicrurus modestus
AVIBASE-5DEB4565,Dicrurus modestus,Dicrurus atactus,Dicrurus modestus
AVIBASE-8C728466,Dicrurus montanus,Dicrurus montanus,Dicrurus montanus
AVIBASE-2042CD42,Dicrurus paradiseus,Dicrurus paradiseus,Dicrurus paradiseus
AVIBASE-B5EE2DEF,Dicrurus remifer,Dicrurus remifer,Dicrurus remifer
AVIBASE-F63C3F87,Dicrurus striatus,Dicrurus hottentottus,Dicrurus hottentottus
AVIBASE-D82871D9,Dicrurus sumatranus,Dicrurus sumatranus,Dicrurus sumatranus
AVIBASE-EBB4F02C,Dicrurus waldenii,Dicrurus waldenii,Dicrurus waldenii
AVIBASE-987DE55E,Didunculus strigirostris,Didunculus strigirostris,Didunculus strigirostris
AVIBASE-C33D6D15,Diglossa albilatera,Diglossa albilatera,Diglossa albilatera
AVIBASE-C143A152,Diglossa baritula,Diglossa baritula,Diglossa baritula
AVIBASE-C77C89B2,Diglossa brunneiventris,Diglossa brunneiventris,Diglossa brunneiventris
AVIBASE-C14678F4,Diglossa caerulescens,Diglossa caerulescens,Diglossa caerulescens
AVIBASE-2D4F59B1,Diglossa carbonaria,Diglossa carbonaria,Diglossa carbonaria
AVIBASE-480CCA00,Diglossa cyanea,Diglossa cyanea,Diglossa cyanea
AVIBASE-041CC925,Diglossa duidae,Diglossa duidae,Diglossa duidae
AVIBASE-ACA0A34E,Diglossa glauca,Diglossa glauca,Diglossa glauca
AVIBASE-21B21DD8,Diglossa gloriosa,Diglossa gloriosa,Diglossa gloriosa
AVIBASE-B5A814A5,Diglossa gloriosissima,Diglossa gloriosissima,Diglossa gloriosissima
AVIBASE-CC7387DB,Diglossa humeralis,Diglossa humeralis,Diglossa humeralis
AVIBASE-AC4EB902,Diglossa indigotica,Diglossa indigotica,Diglossa indigotica
AVIBASE-2C186D87,Diglossa lafresnayii,Diglossa lafresnayii,Diglossa lafresnayii
AVIBASE-BE920B0F,Diglossa major,Diglossa major,Diglossa major
AVIBASE-24F6EAA1,Diglossa mystacalis,Diglossa mystacalis,Diglossa mystacalis
AVIBASE-ECCF2395,Diglossa plumbea,Diglossa plumbea,Diglossa plumbea
AVIBASE-4D0ECEE5,Diglossa sittoides,Diglossa sittoides,Diglossa sittoides
AVIBASE-D2A59F93,Diglossa venezuelensis,Diglossa venezuelensis,Diglossa venezuelensis
AVIBASE-00B07B12,Dinemellia dinemelli,Dinemellia dinemelli,Dinemellia dinemelli
AVIBASE-4E1BC720,Dinopium benghalense,Dinopium benghalense,Dinopium benghalense
AVIBASE-449435CA,Dinopium everetti,Dinopium everetti,Dinopium javanense
AVIBASE-8A613564,Dinopium javanense,Dinopium javanense,Dinopium javanense
AVIBASE-DCDDAEDA,Dinopium psarodes,Dinopium psarodes,Dinopium benghalense
AVIBASE-FFD0A230,Dinopium rafflesii,Dinopium rafflesii,Dinopium rafflesii
AVIBASE-732BAF36,Dinopium shorii,Dinopium shorii,Dinopium shorii
AVIBASE-D93548A7,Diomedea amsterdamensis,Diomedea exulans,Diomedea amsterdamensis
AVIBASE-47BA9D53,Diomedea antipodensis,Diomedea exulans,Diomedea antipodensis
AVIBASE-1048BC8A,Diomedea dabbenena,Diomedea exulans,Diomedea dabbenena
AVIBASE-4D8C9B97,Diomedea epomophora,Diomedea epomophora,Diomedea epomophora
AVIBASE-A28D8D38,Diomedea exulans,Diomedea exulans,Diomedea exulans
AVIBASE-1A5E5AE7,Diomedea sanfordi,Diomedea epomophora,Diomedea sanfordi
AVIBASE-44D986EC,Diopsittaca cumanensis,Diopsittaca nobilis,Diopsittaca nobilis
AVIBASE-D06F2AAA,Diopsittaca nobilis,Diopsittaca nobilis,Diopsittaca nobilis
AVIBASE-88B5FB8A,Discosura conversii,Discosura conversii,Discosura conversii
AVIBASE-67671AD1,Discosura langsdorffi,Discosura langsdorffi,Discosura langsdorffi
AVIBASE-E77089BB,Discosura letitiae,Discosura letitiae,Discosura letitiae
AVIBASE-831ECD37,Discosura longicaudus,Discosura longicaudus,Discosura longicaudus
AVIBASE-592083CC,Discosura popelairii,Discosura popelairii,Discosura popelairii
AVIBASE-4DF5197A,Diuca diuca,Diuca diuca,Diuca diuca
AVIBASE-19784EAF,Dives dives,Dives dives,Dives dives
AVIBASE-6C3773C7,Dives warczewiczi,Dives warczewiczi,Dives warszewiczi
AVIBASE-F845062F,Dolichonyx oryzivorus,Dolichonyx oryzivorus,Dolichonyx oryzivorus
AVIBASE-E95B88A6,Doliornis remseni,Doliornis remseni,Doliornis remseni
AVIBASE-BC5218B0,Doliornis sclateri,Doliornis sclateri,Doliornis sclateri
AVIBASE-878C7D44,Donacobius atricapilla,Donacobius atricapilla,Donacobius atricapilla
AVIBASE-DA61C0A1,Donacospiza albifrons,Donacospiza albifrons,Donacospiza albifrons
AVIBASE-FAF780DF,Doricha eliza,Doricha eliza,Doricha eliza
AVIBASE-FF6D92AA,Doricha enicura,Doricha enicura,Doricha enicura
AVIBASE-60EFC383,Doryfera johannae,Doryfera johannae,Doryfera johannae
AVIBASE-0EB01930,Doryfera ludovicae,Doryfera ludovicae,Doryfera ludovicae
AVIBASE-A71C0CB7,Drepanis coccinea,Drepanis coccinea,Vestiaria coccinea
AVIBASE-91E82CA2,Drepanoptila holosericea,Drepanoptila holosericea,Drepanoptila holosericea
AVIBASE-D33D2F6D,Drepanorhynchus reichenowi,Drepanorhynchus reichenowi,Nectarinia reichenowi
AVIBASE-B6F1F3D3,Drepanornis albertisi,Drepanornis albertisi,Epimachus albertisi
AVIBASE-7EF41BE0,Drepanornis bruijnii,Drepanornis bruijnii,Epimachus bruijnii
AVIBASE-1DEA5DEA,Dreptes thomensis,Dreptes thomensis,Nectarinia thomensis
AVIBASE-FD2456D5,Dromaius novaehollandiae,Dromaius novaehollandiae,Dromaius novaehollandiae
AVIBASE-C3E33FEB,Dromas ardeola,Dromas ardeola,Dromas ardeola
AVIBASE-489295C7,Dromococcyx pavoninus,Dromococcyx pavoninus,Dromococcyx pavoninus
AVIBASE-D3951510,Dromococcyx phasianellus,Dromococcyx phasianellus,Dromococcyx phasianellus
AVIBASE-E1936846,Drymocichla incana,Drymocichla incana,Drymocichla incana
AVIBASE-89BA2C94,Drymodes beccarii,Drymodes beccarii,Drymodes superciliaris
AVIBASE-0608D05C,Drymodes brunneopygia,Drymodes brunneopygia,Drymodes brunneopygia
AVIBASE-5FB7840A,Drymodes superciliaris,Drymodes superciliaris,Drymodes superciliaris
AVIBASE-4B4906E5,Drymophila caudata,Drymophila caudata,Drymophila caudata
AVIBASE-3C30F1FF,Drymophila devillei,Drymophila devillei,Drymophila devillei
AVIBASE-709726B5,Drymophila ferruginea,Drymophila ferruginea,Drymophila ferruginea
AVIBASE-E61F1309,Drymophila genei,Drymophila genei,Drymophila genei
AVIBASE-7694CC98,Drymophila hellmayri,Drymophila hellmayri,Drymophila caudata
AVIBASE-1529C213,Drymophila klagesi,Drymophila klagesi,Drymophila caudata
AVIBASE-CD39AC6E,Drymophila malura,Drymophila malura,Drymophila malura
AVIBASE-FE350DF7,Drymophila ochropyga,Drymophila ochropyga,Drymophila ochropyga
AVIBASE-65F875D0,Drymophila rubricollis,Drymophila rubricollis,Drymophila rubricollis
AVIBASE-ECED89A9,Drymophila squamata,Drymophila squamata,Drymophila squamata
AVIBASE-C48433AA,Drymophila striaticeps,Drymophila striaticeps,Drymophila caudata
AVIBASE-12FF1A15,Drymornis bridgesii,Drymornis bridgesii,Drymornis bridgesii
AVIBASE-AC386DCD,Drymotoxeres pucheranii,Drymotoxeres pucheranii,Campylorhamphus pucherani
AVIBASE-5B8F3EA2,Dryobates cathpharius,Dryobates cathpharius,Dendrocopos cathpharius
AVIBASE-AB2F4BC0,Dryobates minor,Dryobates minor,Dendrocopos minor
AVIBASE-FA087E52,Dryobates nuttallii,Dryobates nuttallii,Picoides nuttallii
AVIBASE-E5515964,Dryobates pernyii,Dryobates cathpharius,Dendrocopos cathpharius
AVIBASE-1B2A6386,Dryobates pubescens,Dryobates pubescens,Picoides pubescens
AVIBASE-2CE418F2,Dryobates scalaris,Dryobates scalaris,Picoides scalaris
AVIBASE-D7D03D65,Dryocopus hodgei,Dryocopus hodgei,Dryocopus hodgei
AVIBASE-08741518,Dryocopus javensis,Dryocopus javensis,Dryocopus javensis
AVIBASE-EDB4BBA6,Dryocopus martius,Dryocopus martius,Dryocopus martius
AVIBASE-41D9C3F5,Dryolimnas cuvieri,Dryolimnas cuvieri,Dryolimnas cuvieri
AVIBASE-201E1243,Dryoscopus angolensis,Dryoscopus angolensis,Dryoscopus angolensis
AVIBASE-00855728,Dryoscopus cubla,Dryoscopus cubla,Dryoscopus cubla
AVIBASE-7DE7F0ED,Dryoscopus gambensis,Dryoscopus gambensis,Dryoscopus gambensis
AVIBASE-706FEEB4,Dryoscopus pringlii,Dryoscopus pringlii,Dryoscopus pringlii
AVIBASE-DEE6CC4D,Dryoscopus sabini,Dryoscopus sabini,Dryoscopus sabini
AVIBASE-AFE5B0C4,Dryoscopus senegalensis,Dryoscopus senegalensis,Dryoscopus senegalensis
AVIBASE-3DA062BF,Dryotriorchis spectabilis,Dryotriorchis spectabilis,Dryotriorchis spectabilis
AVIBASE-96D6BCC9,Dubusia carrikeri,Dubusia taeniata,Dubusia taeniata
AVIBASE-8D39D4CB,Dubusia castaneoventris,Dubusia castaneoventris,Delothraupis castaneoventris
AVIBASE-FCB3C477,Dubusia stictocephala,Dubusia taeniata,Dubusia taeniata
AVIBASE-E9BC5A13,Dubusia taeniata,Dubusia taeniata,Dubusia taeniata
AVIBASE-2C2B5EE2,Ducula aenea,Ducula aenea,Ducula aenea
AVIBASE-2EB3A410,Ducula aenea,Ducula nicobarica,Ducula aenea
AVIBASE-ED21D49D,Ducula aurorae,Ducula aurorae,Ducula aurorae
AVIBASE-16E10A30,Ducula badia,Ducula badia,Ducula badia
AVIBASE-E5C4225B,Ducula bakeri,Ducula bakeri,Ducula bakeri
AVIBASE-8FCE398B,Ducula basilica,Ducula basilica,Ducula basilica
AVIBASE-61DC1C21,Ducula bicolor,Ducula bicolor,Ducula bicolor
AVIBASE-C7FDE047,Ducula brenchleyi,Ducula brenchleyi,Ducula brenchleyi
AVIBASE-0A96A8F5,Ducula carola,Ducula carola,Ducula carola
AVIBASE-1A397CE8,Ducula chalconota,Ducula chalconota,Ducula chalconota
AVIBASE-29227A7D,Ducula cineracea,Ducula cineracea,Ducula cineracea
AVIBASE-D3D367E9,Ducula concinna,Ducula concinna,Ducula concinna
AVIBASE-A938A06D,Ducula cuprea,Ducula badia,Ducula badia
AVIBASE-CEA2177E,Ducula finschii,Ducula finschii,Ducula finschii
AVIBASE-E137A724,Ducula forsteni,Ducula forsteni,Ducula forsteni
AVIBASE-2B8F92F2,Ducula galeata,Ducula galeata,Ducula galeata
AVIBASE-5866B8A1,Ducula geelvinkiana,Ducula myristicivora,Ducula myristicivora
AVIBASE-C9742D0B,Ducula goliath,Ducula goliath,Ducula goliath
AVIBASE-DE801C89,Ducula lacernulata,Ducula lacernulata,Ducula lacernulata
AVIBASE-F834A4DD,Ducula latrans,Ducula latrans,Ducula latrans
AVIBASE-86B2EAA5,Ducula luctuosa,Ducula luctuosa,Ducula luctuosa
AVIBASE-231207AB,Ducula melanochroa,Ducula melanochroa,Ducula melanochroa
AVIBASE-A9994B26,Ducula mindorensis,Ducula mindorensis,Ducula mindorensis
AVIBASE-03BCD297,Ducula mullerii,Ducula mullerii,Ducula mullerii
AVIBASE-83E8AEB2,Ducula myristicivora,Ducula myristicivora,Ducula myristicivora
AVIBASE-E80F617D,Ducula neglecta,Ducula neglecta,Ducula perspicillata
AVIBASE-AAC23740,Ducula obiensis,Ducula basilica,Ducula basilica
AVIBASE-069F34CF,Ducula oceanica,Ducula oceanica,Ducula oceanica
AVIBASE-16485EEB,Ducula oenothorax,Ducula aenea,Ducula aenea
AVIBASE-2081777C,Ducula pacifica,Ducula pacifica,Ducula pacifica
AVIBASE-1F49D2C5,Ducula perspicillata,Ducula perspicillata,Ducula perspicillata
AVIBASE-9EC10FC3,Ducula pickeringii,Ducula pickeringii,Ducula pickeringii
AVIBASE-26098F7A,Ducula pinon,Ducula pinon,Ducula pinon
AVIBASE-FF2005EB,Ducula pistrinaria,Ducula pistrinaria,Ducula pistrinaria
AVIBASE-31042F32,Ducula poliocephala,Ducula poliocephala,Ducula poliocephala
AVIBASE-C7729D54,Ducula radiata,Ducula radiata,Ducula radiata
AVIBASE-EED4B6F5,Ducula rosacea,Ducula rosacea,Ducula rosacea
AVIBASE-D03EA6BA,Ducula rubricera,Ducula rubricera,Ducula rubricera
AVIBASE-18C4B783,Ducula rufigaster,Ducula rufigaster,Ducula rufigaster
AVIBASE-32DCE1CF,Ducula salvadorii,Ducula pinon,Ducula pinon
AVIBASE-A251CB8F,Ducula spilorrhoa,Ducula spilorrhoa,Ducula spilorrhoa
AVIBASE-E3B13C16,Ducula subflavescens,Ducula subflavescens,Ducula subflavescens
AVIBASE-DDC4CBBB,Ducula whartoni,Ducula whartoni,Ducula whartoni
AVIBASE-7656697A,Ducula zoeae,Ducula zoeae,Ducula zoeae
AVIBASE-A274284B,Dulus dominicus,Dulus dominicus,Dulus dominicus
AVIBASE-95B77F08,Dumetella carolinensis,Dumetella carolinensis,Dumetella carolinensis
AVIBASE-DC4FBF45,Dumetia hyperythra,Dumetia hyperythra,Dumetia hyperythra
AVIBASE-3B66D504,Dyaphorophyia ansorgei,Platysteira concreta,Platysteira concreta
AVIBASE-5369EE11,Dyaphorophyia blissetti,Platysteira blissetti,Platysteira blissetti
AVIBASE-8D562259,Dyaphorophyia castanea,Platysteira castanea,Platysteira castanea
AVIBASE-8091726A,Dyaphorophyia chalybea,Platysteira chalybea,Platysteira chalybea
AVIBASE-3AB36AF8,Dyaphorophyia concreta,Platysteira concreta,Platysteira concreta
AVIBASE-E366E35F,Dyaphorophyia hormophora,Platysteira hormophora,Platysteira castanea
AVIBASE-7DC78D7A,Dyaphorophyia jamesoni,Platysteira jamesoni,Platysteira jamesoni
AVIBASE-DA3F921A,Dyaphorophyia tonsa,Platysteira tonsa,Platysteira tonsa
AVIBASE-0DA3A022,Dysithamnus leucostictus,Dysithamnus leucostictus,Dysithamnus leucostictus
AVIBASE-90AD65F2,Dysithamnus mentalis,Dysithamnus mentalis,Dysithamnus mentalis
AVIBASE-F894C140,Dysithamnus occidentalis,Dysithamnus occidentalis,Dysithamnus occidentalis
AVIBASE-C355BFF5,Dysithamnus plumbeus,Dysithamnus plumbeus,Dysithamnus plumbeus
AVIBASE-D8D88AC0,Dysithamnus puncticeps,Dysithamnus puncticeps,Dysithamnus puncticeps
AVIBASE-E2B091E8,Dysithamnus stictothorax,Dysithamnus stictothorax,Dysithamnus stictothorax
AVIBASE-28CB49C7,Dysithamnus striaticeps,Dysithamnus striaticeps,Dysithamnus striaticeps
AVIBASE-85F353D8,Dysithamnus xanthopterus,Dysithamnus xanthopterus,Dysithamnus xanthopterus
AVIBASE-630B1752,Eclectus cornelia,Eclectus roratus,Eclectus roratus
AVIBASE-028FCD4B,Eclectus polychloros,Eclectus roratus,Eclectus roratus
AVIBASE-E8895935,Eclectus riedeli,Eclectus roratus,Eclectus roratus
AVIBASE-D9BAB142,Eclectus roratus,Eclectus roratus,Eclectus roratus
AVIBASE-9EDF64A5,Edolisoma anale,Analisoma analis,Coracina analis
AVIBASE-4660517B,Edolisoma ceramense,Edolisoma ceramense,Coracina ceramensis
AVIBASE-4DE8E18B,Edolisoma coerulescens,Analisoma coerulescens,Coracina coerulescens
AVIBASE-BB94A2F2,Edolisoma dispar,Edolisoma dispar,Coracina dispar
AVIBASE-A02DF10C,Edolisoma dohertyi,Edolisoma dohertyi,Coracina dohertyi
AVIBASE-F8DD00CB,Edolisoma grayi,Edolisoma tenuirostre,Coracina tenuirostris
AVIBASE-6BAF8C7A,Edolisoma holopolium,Edolisoma holopolium,Coracina holopolia
AVIBASE-00DF0484,Edolisoma incertum,Edolisoma incertum,Coracina incerta
AVIBASE-1B55137E,Edolisoma insperatum,Edolisoma tenuirostre,Coracina tenuirostris
AVIBASE-E3168FD6,Edolisoma melas,Edolisoma melas,Coracina melas
AVIBASE-31D9941E,Edolisoma meyerii,Edolisoma tenuirostre,Coracina tenuirostris
AVIBASE-08C10DE8,Edolisoma mindanense,Edolisoma mindanense,Coracina mindanensis
AVIBASE-D399D02C,Edolisoma monacha,Edolisoma tenuirostre,Coracina tenuirostris
AVIBASE-419003AD,Edolisoma montanum,Edolisoma montanum,Coracina montana
AVIBASE-BE74CA7B,Edolisoma morio,Edolisoma morio,Coracina morio
AVIBASE-85C08691,Edolisoma nesiotis,Edolisoma tenuirostre,Coracina tenuirostris
AVIBASE-31D9941E,Edolisoma obiense,Edolisoma tenuirostre,Coracina tenuirostris
AVIBASE-E9338134,Edolisoma ostentum,Analisoma ostenta,Coracina ostenta
AVIBASE-2E37384C,Edolisoma parvulum,Celebesia parvula,Coracina parvula
AVIBASE-1AC599C5,Edolisoma pygmaeum,Edolisoma holopolium,Coracina tenuirostris
AVIBASE-31D9941E,Edolisoma remotum,Edolisoma tenuirostre,Coracina tenuirostris
AVIBASE-D3CA1D45,Edolisoma rostratum,Edolisoma tenuirostre,Coracina tenuirostris
AVIBASE-AF60AC50,Edolisoma salomonis,Edolisoma salomonis,Coracina tenuirostris
AVIBASE-3695A802,Edolisoma schisticeps,Edolisoma schisticeps,Coracina schisticeps
AVIBASE-E794950A,Edolisoma sula,Edolisoma sula,Coracina sula
AVIBASE-31D9941E,Edolisoma tenuirostre,Edolisoma tenuirostre,Coracina tenuirostris
AVIBASE-74853F89,Egretta ardesiaca,Egretta ardesiaca,Egretta ardesiaca
AVIBASE-11512CF4,Egretta caerulea,Egretta caerulea,Egretta caerulea
AVIBASE-A8E3A3DA,Egretta eulophotes,Egretta eulophotes,Egretta eulophotes
AVIBASE-F2858F9F,Egretta garzetta,Egretta garzetta,Egretta garzetta
AVIBASE-DF32B1F9,Egretta gularis,Egretta gularis,Egretta gularis
AVIBASE-21044CEC,Egretta novaehollandiae,Egretta novaehollandiae,Egretta novaehollandiae
AVIBASE-2D0ED462,Egretta picata,Egretta picata,Ardea picata
AVIBASE-D8A24A3E,Egretta rufescens,Egretta rufescens,Egretta rufescens
AVIBASE-C79F1BF8,Egretta sacra,Egretta sacra,Egretta sacra
AVIBASE-AA7901D8,Egretta thula,Egretta thula,Egretta thula
AVIBASE-031409C7,Egretta tricolor,Egretta tricolor,Egretta tricolor
AVIBASE-510E9BFA,Egretta vinaceigula,Egretta vinaceigula,Egretta vinaceigula
AVIBASE-2721665B,Elachura formosa,Elachura formosa,Spelaeornis formosus
AVIBASE-611C997C,Elaenia albiceps,Elaenia albiceps,Elaenia albiceps
AVIBASE-21774F5F,Elaenia brachyptera,Elaenia brachyptera,Elaenia chiriquensis
AVIBASE-A52D80A1,Elaenia cherriei,Elaenia fallax,Elaenia fallax
AVIBASE-6AC0CC9E,Elaenia chiriquensis,Elaenia chiriquensis,Elaenia chiriquensis
AVIBASE-4D9DD372,Elaenia cristata,Elaenia cristata,Elaenia cristata
AVIBASE-AB94C8C5,Elaenia dayi,Elaenia dayi,Elaenia dayi
AVIBASE-329042B8,Elaenia fallax,Elaenia fallax,Elaenia fallax
AVIBASE-B655AA73,Elaenia flavogaster,Elaenia flavogaster,Elaenia flavogaster
AVIBASE-97AD0B38,Elaenia frantzii,Elaenia frantzii,Elaenia frantzii
AVIBASE-2956BBB3,Elaenia gigas,Elaenia gigas,Elaenia gigas
AVIBASE-14ED46F0,Elaenia martinica,Elaenia martinica,Elaenia martinica
AVIBASE-117278D5,Elaenia mesoleuca,Elaenia mesoleuca,Elaenia mesoleuca
AVIBASE-E6A70247,Elaenia obscura,Elaenia obscura,Elaenia obscura
AVIBASE-0E78426E,Elaenia olivina,Elaenia olivina,Elaenia pallatangae
AVIBASE-A443B64D,Elaenia pallatangae,Elaenia pallatangae,Elaenia pallatangae
AVIBASE-93E59B5B,Elaenia parvirostris,Elaenia parvirostris,Elaenia parvirostris
AVIBASE-A58DD6C7,Elaenia pelzelni,Elaenia pelzelni,Elaenia pelzelni
AVIBASE-0A39BE20,Elaenia ridleyana,Elaenia ridleyana,Elaenia ridleyana
AVIBASE-D4A776C8,Elaenia ruficeps,Elaenia ruficeps,Elaenia ruficeps
AVIBASE-6DC8331E,Elaenia sordida,Elaenia sordida,Elaenia obscura
AVIBASE-79E26221,Elaenia spectabilis,Elaenia spectabilis,Elaenia spectabilis
AVIBASE-7DDAC0D3,Elaenia strepera,Elaenia strepera,Elaenia strepera
AVIBASE-1BAC6645,Elanoides forficatus,Elanoides forficatus,Elanoides forficatus
AVIBASE-67E74DD0,Elanus axillaris,Elanus axillaris,Elanus axillaris
AVIBASE-97C47F3E,Elanus caeruleus,Elanus caeruleus,Elanus caeruleus
AVIBASE-CAA5E106,Elanus leucurus,Elanus leucurus,Elanus leucurus
AVIBASE-468F7841,Elanus scriptus,Elanus scriptus,Elanus scriptus
AVIBASE-592B6CCB,Elaphrornis palliseri,Elaphrornis palliseri,Bradypterus palliseri
AVIBASE-A8FEEA01,Electron carinatum,Electron carinatum,Electron carinatum
AVIBASE-87A54177,Electron platyrhynchum,Electron platyrhynchum,Electron platyrhynchum
AVIBASE-C1D36A4D,Eleoscytalopus indigoticus,Eleoscytalopus indigoticus,Eleoscytalopus indigoticus
AVIBASE-47F6D5B9,Eleoscytalopus psychopompus,Eleoscytalopus psychopompus,Eleoscytalopus psychopompus
AVIBASE-3B0F1017,Eleothreptus anomalus,Eleothreptus anomalus,Eleothreptus anomalus
AVIBASE-A3E1E0AC,Eleothreptus candicans,Eleothreptus candicans,Eleothreptus candicans
AVIBASE-DB5D1D17,Elminia albicauda,Elminia albicauda,Elminia albicauda
AVIBASE-329CF549,Elminia albiventris,Elminia albiventris,Elminia albiventris
AVIBASE-18ED7458,Elminia albonotata,Elminia albonotata,Elminia albonotata
AVIBASE-56209052,Elminia longicauda,Elminia longicauda,Elminia longicauda
AVIBASE-B01090EF,Elminia nigromitrata,Elminia nigromitrata,Elminia nigromitrata
AVIBASE-124EBA0D,Elseyornis melanops,Elseyornis melanops,Elseyornis melanops
AVIBASE-DE53A419,Elvira chionura,Microchera chionura,Elvira chionura
AVIBASE-8C7E0086,Elvira cupreiceps,Microchera cupreiceps,Elvira cupreiceps
AVIBASE-EA459C8C,Emarginata schlegelii,Emarginata schlegelii,Cercomela schlegelii
AVIBASE-BF0859C5,Emarginata sinuata,Emarginata sinuata,Cercomela sinuata
AVIBASE-17DEACED,Emarginata tractrac,Emarginata tractrac,Cercomela tractrac
AVIBASE-BB11EE7F,Emberiza affinis,Emberiza affinis,Emberiza affinis
AVIBASE-7574C0E5,Emberiza aureola,Emberiza aureola,Emberiza aureola
AVIBASE-DBF8D184,Emberiza bruniceps,Emberiza bruniceps,Emberiza bruniceps
AVIBASE-CF70007E,Emberiza buchanani,Emberiza buchanani,Emberiza buchanani
AVIBASE-45059BE8,Emberiza cabanisi,Emberiza cabanisi,Emberiza cabanisi
AVIBASE-A7F3E6AE,Emberiza caesia,Emberiza caesia,Emberiza caesia
AVIBASE-9A87EBB0,Emberiza calandra,Emberiza calandra,Miliaria calandra
AVIBASE-C2521D3C,Emberiza capensis,Emberiza vincenti,Emberiza vincenti
AVIBASE-D666C57A,Emberiza capensis,Emberiza capensis,Emberiza capensis
AVIBASE-4A50E265,Emberiza chrysophrys,Emberiza chrysophrys,Emberiza chrysophrys
AVIBASE-4836E64E,Emberiza cia,Emberiza cia,Emberiza cia
AVIBASE-7C5AC300,Emberiza cineracea,Emberiza cineracea,Emberiza cineracea
AVIBASE-2D55EC45,Emberiza cioides,Emberiza cioides,Emberiza cioides
AVIBASE-9AAB8C21,Emberiza cirlus,Emberiza cirlus,Emberiza cirlus
AVIBASE-56FB47C0,Emberiza citrinella,Emberiza citrinella,Emberiza citrinella
AVIBASE-82D1EE00,Emberiza elegans,Emberiza elegans,Emberiza elegans
AVIBASE-D1C1A026,Emberiza flaviventris,Emberiza flaviventris,Emberiza flaviventris
AVIBASE-465C35EF,Emberiza fucata,Emberiza fucata,Emberiza fucata
AVIBASE-EF5E5726,Emberiza godlewskii,Emberiza godlewskii,Emberiza godlewskii
AVIBASE-17E7F90B,Emberiza goslingi,Emberiza goslingi,Emberiza tahapisi
AVIBASE-47210561,Emberiza hortulana,Emberiza hortulana,Emberiza hortulana
AVIBASE-6D102D72,Emberiza impetuani,Emberiza impetuani,Emberiza impetuani
AVIBASE-487A512B,Emberiza jankowskii,Emberiza jankowskii,Emberiza jankowskii
AVIBASE-7A04D64E,Emberiza koslowi,Emberiza koslowi,Emberiza koslowi
AVIBASE-2A4F0DB3,Emberiza lathami,Emberiza lathami,Melophus lathami
AVIBASE-43EF3EA7,Emberiza leucocephalos,Emberiza leucocephalos,Emberiza leucocephalos
AVIBASE-E2D2CB88,Emberiza melanocephala,Emberiza melanocephala,Emberiza melanocephala
AVIBASE-B3912692,Emberiza pallasi,Emberiza pallasi,Emberiza pallasi
AVIBASE-BB80BD82,Emberiza personata,Emberiza spodocephala,Emberiza spodocephala
AVIBASE-72386016,Emberiza poliopleura,Emberiza poliopleura,Emberiza poliopleura
AVIBASE-1866F80E,Emberiza pusilla,Emberiza pusilla,Emberiza pusilla
AVIBASE-DA9746CE,Emberiza rustica,Emberiza rustica,Emberiza rustica
AVIBASE-ACDCF3CC,Emberiza rutila,Emberiza rutila,Emberiza rutila
AVIBASE-C7C1A6EB,Emberiza sahari,Emberiza sahari,Emberiza striolata
AVIBASE-08E818A7,Emberiza schoeniclus,Emberiza schoeniclus,Emberiza schoeniclus
AVIBASE-F87D05C8,Emberiza siemsseni,Emberiza siemsseni,Latoucheornis siemsseni
AVIBASE-3C33A7C5,Emberiza socotrana,Emberiza socotrana,Emberiza socotrana
AVIBASE-9787BE57,Emberiza spodocephala,Emberiza spodocephala,Emberiza spodocephala
AVIBASE-E272C456,Emberiza stewarti,Emberiza stewarti,Emberiza stewarti
AVIBASE-CDF4A106,Emberiza striolata,Emberiza striolata,Emberiza striolata
AVIBASE-AB73D3C9,Emberiza sulphurata,Emberiza sulphurata,Emberiza sulphurata
AVIBASE-0C571D99,Emberiza tahapisi,Emberiza tahapisi,Emberiza tahapisi
AVIBASE-A81C4DA6,Emberiza tristrami,Emberiza tristrami,Emberiza tristrami
AVIBASE-DB4D5342,Emberiza variabilis,Emberiza variabilis,Emberiza variabilis
AVIBASE-D8A797E4,Emberiza yessoensis,Emberiza yessoensis,Emberiza yessoensis
AVIBASE-F9E82153,Emberizoides duidae,Emberizoides duidae,Emberizoides duidae
AVIBASE-BA6FDF30,Emberizoides herbicola,Emberizoides herbicola,Emberizoides herbicola
AVIBASE-26E82632,Emberizoides ypiranganus,Emberizoides ypiranganus,Emberizoides ypiranganus
AVIBASE-0AFB74BC,Embernagra longicauda,Embernagra longicauda,Embernagra longicauda
AVIBASE-1083DB63,Embernagra platensis,Embernagra platensis,Embernagra platensis
AVIBASE-AA669EFC,Emblema pictum,Emblema pictum,Emblema pictum
AVIBASE-31E5F1E9,Eminia lepida,Eminia lepida,Eminia lepida
AVIBASE-010B758B,Empidonax affinis,Empidonax affinis,Empidonax affinis
AVIBASE-5CFE6F0D,Empidonax albigularis,Empidonax albigularis,Empidonax albigularis
AVIBASE-33808812,Empidonax alnorum,Empidonax alnorum,Empidonax alnorum
AVIBASE-C5DC7CA8,Empidonax atriceps,Empidonax atriceps,Empidonax atriceps
AVIBASE-44A20283,Empidonax difficilis,Empidonax difficilis,Empidonax difficilis
AVIBASE-DEE07215,Empidonax flavescens,Empidonax flavescens,Empidonax flavescens
AVIBASE-7B0669CB,Empidonax flaviventris,Empidonax flaviventris,Empidonax flaviventris
AVIBASE-58AC300F,Empidonax fulvifrons,Empidonax fulvifrons,Empidonax fulvifrons
AVIBASE-1EB2595E,Empidonax hammondii,Empidonax hammondii,Empidonax hammondii
AVIBASE-F5837054,Empidonax minimus,Empidonax minimus,Empidonax minimus
AVIBASE-499FFF98,Empidonax oberholseri,Empidonax oberholseri,Empidonax oberholseri
AVIBASE-6FD04659,Empidonax occidentalis,Empidonax occidentalis,Empidonax occidentalis
AVIBASE-5BC4E0EF,Empidonax traillii,Empidonax traillii,Empidonax traillii
AVIBASE-2778A3F4,Empidonax virescens,Empidonax virescens,Empidonax virescens
AVIBASE-DACF7A98,Empidonax wrightii,Empidonax wrightii,Empidonax wrightii
AVIBASE-BD902263,Empidonomus varius,Empidonomus varius,Empidonomus varius
AVIBASE-7A8B7C27,Enicognathus ferrugineus,Enicognathus ferrugineus,Enicognathus ferrugineus
AVIBASE-534CC52A,Enicognathus leptorhynchus,Enicognathus leptorhynchus,Enicognathus leptorhynchus
AVIBASE-7520AC01,Enicurus immaculatus,Enicurus immaculatus,Enicurus immaculatus
AVIBASE-9DBB7968,Enicurus leschenaulti,Enicurus leschenaulti,Enicurus leschenaulti
AVIBASE-94160C77,Enicurus maculatus,Enicurus maculatus,Enicurus maculatus
AVIBASE-A35795D6,Enicurus ruficapillus,Enicurus ruficapillus,Enicurus ruficapillus
AVIBASE-B04A5C77,Enicurus schistaceus,Enicurus schistaceus,Enicurus schistaceus
AVIBASE-92454493,Enicurus scouleri,Enicurus scouleri,Enicurus scouleri
AVIBASE-89D92B91,Enicurus velatus,Enicurus velatus,Enicurus velatus
AVIBASE-157B2BF5,Enodes erythrophris,Enodes erythrophris,Enodes erythrophris
AVIBASE-191F838F,Ensifera ensifera,Ensifera ensifera,Ensifera ensifera
AVIBASE-C2CEE19A,Entomodestes coracinus,Entomodestes coracinus,Entomodestes coracinus
AVIBASE-26A08D59,Entomodestes leucotis,Entomodestes leucotis,Entomodestes leucotis
AVIBASE-E343084A,Entomyzon albipennis,Entomyzon cyanotis,Entomyzon cyanotis
AVIBASE-7B865192,Entomyzon cyanotis,Entomyzon cyanotis,Entomyzon cyanotis
AVIBASE-155F5285,Eolophus roseicapilla,Eolophus roseicapilla,Cacatua roseicapilla
AVIBASE-507C9379,Eophona migratoria,Eophona migratoria,Eophona migratoria
AVIBASE-A682E863,Eophona personata,Eophona personata,Eophona personata
AVIBASE-FB313820,Eopsaltria australis,Eopsaltria australis,Eopsaltria australis
AVIBASE-6BD534AC,Eopsaltria griseogularis,Eopsaltria griseogularis,Eopsaltria griseogularis
AVIBASE-1A4139AB,Eos bornea,Eos bornea,Eos bornea
AVIBASE-26DF0EB5,Eos cyanogenia,Eos cyanogenia,Eos cyanogenia
AVIBASE-5B9183E8,Eos histrio,Eos histrio,Eos histrio
AVIBASE-219C2746,Eos reticulata,Eos reticulata,Eos reticulata
AVIBASE-E4C292E4,Eos semilarvata,Eos semilarvata,Eos semilarvata
AVIBASE-70A8C9E7,Eos squamata,Eos squamata,Eos squamata
AVIBASE-27A758E6,Ephippiorhynchus asiaticus,Ephippiorhynchus asiaticus,Ephippiorhynchus asiaticus
AVIBASE-3D155653,Ephippiorhynchus senegalensis,Ephippiorhynchus senegalensis,Ephippiorhynchus senegalensis
AVIBASE-91AC6725,Ephippiospingus dorsalis,Idiopsar dorsalis,Phrygilus dorsalis
AVIBASE-F8A4E735,Ephippiospingus erythronotus,Idiopsar erythronotus,Phrygilus erythronotus
AVIBASE-7F57334C,Epimachus fastosus,Epimachus fastosus,Epimachus fastuosus
AVIBASE-6117EEE5,Epimachus meyeri,Epimachus meyeri,Epimachus meyeri
AVIBASE-88FBA009,Epinecrophylla amazonica,Epinecrophylla amazonica,Epinecrophylla haematonota
AVIBASE-A682D4FB,Epinecrophylla erythrura,Epinecrophylla erythrura,Epinecrophylla erythrura
AVIBASE-CB6DE0FA,Epinecrophylla fulviventris,Epinecrophylla fulviventris,Epinecrophylla fulviventris
AVIBASE-4D816F31,Epinecrophylla gutturalis,Epinecrophylla gutturalis,Myrmotherula gutturalis
AVIBASE-BF22DBB9,Epinecrophylla haematonota,Epinecrophylla haematonota,Epinecrophylla fjeldsaai
AVIBASE-BF22DBB9,Epinecrophylla haematonota,Epinecrophylla haematonota,Epinecrophylla haematonota
AVIBASE-A2D009EC,Epinecrophylla hoffmannsi,Epinecrophylla ornata,Epinecrophylla ornata
AVIBASE-C87901AC,Epinecrophylla leucophthalma,Epinecrophylla leucophthalma,Epinecrophylla leucophthalma
AVIBASE-9F52DBB8,Epinecrophylla ornata,Epinecrophylla ornata,Epinecrophylla ornata
AVIBASE-A186C9C6,Epinecrophylla spodionota,Epinecrophylla spodionota,Epinecrophylla spodionota
AVIBASE-54C1FDE5,Epthianura albifrons,Epthianura albifrons,Epthianura albifrons
AVIBASE-484BD738,Epthianura aurifrons,Epthianura aurifrons,Epthianura aurifrons
AVIBASE-AC1DDE03,Epthianura crocea,Epthianura crocea,Epthianura crocea
AVIBASE-6A8D3C1E,Epthianura tricolor,Epthianura tricolor,Epthianura tricolor
AVIBASE-E75ECF62,Eremalauda dunni,Eremalauda dunni,Eremalauda dunni
AVIBASE-3C6A0512,Eremalauda eremodites,Eremalauda eremodites,Eremalauda dunni
AVIBASE-A6275491,Eremomela atricollis,Eremomela atricollis,Eremomela atricollis
AVIBASE-17767237,Eremomela badiceps,Eremomela badiceps,Eremomela badiceps
AVIBASE-75932535,Eremomela canescens,Eremomela canescens,Eremomela canescens
AVIBASE-D46EE5F8,Eremomela flavicrissalis,Eremomela flavicrissalis,Eremomela flavicrissalis
AVIBASE-728CFC23,Eremomela gregalis,Eremomela gregalis,Eremomela gregalis
AVIBASE-9E034D83,Eremomela icteropygialis,Eremomela icteropygialis,Eremomela icteropygialis
AVIBASE-77FE6CF2,Eremomela icteropygialis,Eremomela salvadorii,Eremomela salvadorii
AVIBASE-330BEC7E,Eremomela pusilla,Eremomela pusilla,Eremomela pusilla
AVIBASE-0394BA0B,Eremomela scotops,Eremomela scotops,Eremomela scotops
AVIBASE-7D340BF9,Eremomela turneri,Eremomela turneri,Eremomela turneri
AVIBASE-35C0145B,Eremomela usticollis,Eremomela usticollis,Eremomela usticollis
AVIBASE-FC0A1D95,Eremophila alpestris,Eremophila alpestris,Eremophila alpestris
AVIBASE-89FCE277,Eremophila bilopha,Eremophila bilopha,Eremophila bilopha
AVIBASE-7391E633,Eremopterix australis,Eremopterix australis,Eremopterix australis
AVIBASE-73ED9A54,Eremopterix griseus,Eremopterix griseus,Eremopterix griseus
AVIBASE-E6FDE8D9,Eremopterix hova,Eremopterix hova,Mirafra hova
AVIBASE-97D7865F,Eremopterix leucopareia,Eremopterix leucopareia,Eremopterix leucopareia
AVIBASE-9164F314,Eremopterix leucotis,Eremopterix leucotis,Eremopterix leucotis
AVIBASE-8C357822,Eremopterix nigriceps,Eremopterix nigriceps,Eremopterix nigriceps
AVIBASE-2F66131B,Eremopterix signatus,Eremopterix signatus,Eremopterix signatus
AVIBASE-86EA668E,Eremopterix verticalis,Eremopterix verticalis,Eremopterix verticalis
AVIBASE-39F4DE42,Eriocnemis aline,Eriocnemis aline,Eriocnemis alinae
AVIBASE-3AA14D7D,Eriocnemis cupreoventris,Eriocnemis cupreoventris,Eriocnemis cupreoventris
AVIBASE-AD8A1A5A,Eriocnemis derbyi,Eriocnemis derbyi,Eriocnemis derbyi
AVIBASE-43D99D3F,Eriocnemis glaucopoides,Eriocnemis glaucopoides,Eriocnemis glaucopoides
AVIBASE-250E2A41,Eriocnemis godini,Eriocnemis godini,Eriocnemis godini
AVIBASE-12F472A3,Eriocnemis isabellae,Eriocnemis isabellae,Eriocnemis isabellae
AVIBASE-5419B5F2,Eriocnemis luciani,Eriocnemis luciani,Eriocnemis luciani
AVIBASE-CD3CA2CC,Eriocnemis mirabilis,Eriocnemis mirabilis,Eriocnemis mirabilis
AVIBASE-E1D0A144,Eriocnemis mosquera,Eriocnemis mosquera,Eriocnemis mosquera
AVIBASE-B0BFCB56,Eriocnemis nigrivestis,Eriocnemis nigrivestis,Eriocnemis nigrivestis
AVIBASE-423FF2C5,Eriocnemis sapphiropygia,Eriocnemis luciani,Eriocnemis luciani
AVIBASE-B8D63EF5,Eriocnemis vestita,Eriocnemis vestita,Eriocnemis vestita
AVIBASE-C809B2B9,Erithacus rubecula,Erithacus rubecula,Erithacus rubecula
AVIBASE-EECEDB6F,Erpornis zantholeuca,Erpornis zantholeuca,Erpornis zantholeuca
AVIBASE-847AE7B8,Erythrocercus holochlorus,Erythrocercus holochlorus,Erythrocercus holochlorus
AVIBASE-F6DBAE37,Erythrocercus livingstonei,Erythrocercus livingstonei,Erythrocercus livingstonei
AVIBASE-9EB7EBA9,Erythrocercus mccallii,Erythrocercus mccallii,Erythrocercus mccallii
AVIBASE-6D1FD3C6,Erythrogenys erythrocnemis,Erythrogenys erythrocnemis,Pomatorhinus erythrocnemis
AVIBASE-DA20DCA9,Erythrogenys erythrogenys,Erythrogenys erythrogenys,Pomatorhinus erythrogenys
AVIBASE-ACFAA819,Erythrogenys gravivox,Erythrogenys gravivox,Pomatorhinus gravivox
AVIBASE-1928C4DD,Erythrogenys hypoleucos,Erythrogenys hypoleucos,Pomatorhinus hypoleucos
AVIBASE-894AED25,Erythrogenys mcclellandi,Erythrogenys mcclellandi,Pomatorhinus mcclellandi
AVIBASE-E4AFAF52,Erythrogenys swinhoei,Erythrogenys swinhoei,Pomatorhinus swinhoei
AVIBASE-A358D6BF,Erythrogonys cinctus,Erythrogonys cinctus,Erythrogonys cinctus
AVIBASE-3FF820D1,Erythropitta arquata,Erythropitta arquata,Pitta arcuata
AVIBASE-957D21B7,Erythropitta caeruleitorques,Erythropitta caeruleitorques,Pitta erythrogaster
AVIBASE-8C955E57,Erythropitta celebensis,Erythropitta celebensis,Pitta erythrogaster
AVIBASE-EF23C4FD,Erythropitta dohertyi,Erythropitta dohertyi,Pitta dohertyi
AVIBASE-E54E08FD,Erythropitta erythrogaster,Erythropitta erythrogaster,Pitta erythrogaster
AVIBASE-A8E796CE,Erythropitta gazellae,Erythropitta gazellae,Pitta erythrogaster
AVIBASE-FE4701A9,Erythropitta granatina,Erythropitta granatina,Pitta granatina
AVIBASE-DC3EDFFE,Erythropitta inspeculata,Erythropitta erythrogaster,Pitta erythrogaster
AVIBASE-4922C1E5,Erythropitta kochi,Erythropitta kochi,Pitta kochi
AVIBASE-1BE5E2E3,Erythropitta macklotii,Erythropitta macklotii,Pitta erythrogaster
AVIBASE-8142EBD5,Erythropitta meeki,Erythropitta meeki,Pitta erythrogaster
AVIBASE-97713BB7,Erythropitta novaehibernicae,Erythropitta novaehibernicae,Pitta erythrogaster
AVIBASE-E16A438F,Erythropitta palliceps,Erythropitta palliceps,Pitta erythrogaster
AVIBASE-C4ADD256,Erythropitta rubrinucha,Erythropitta rubrinucha,Pitta erythrogaster
AVIBASE-1C1F4931,Erythropitta rufiventris,Erythropitta rufiventris,Pitta erythrogaster
AVIBASE-6BE63DCC,Erythropitta splendida,Erythropitta splendida,Pitta erythrogaster
AVIBASE-845C4CA6,Erythropitta ussheri,Erythropitta ussheri,Pitta ussheri
AVIBASE-0DEAE4E7,Erythropitta venusta,Erythropitta venusta,Pitta venusta
AVIBASE-0C9E322E,Erythrotriorchis buergersi,Erythrotriorchis buergersi,Erythrotriorchis buergersi
AVIBASE-235CF06A,Erythrotriorchis radiatus,Erythrotriorchis radiatus,Erythrotriorchis radiatus
AVIBASE-B6EA0B9C,Erythrura coloria,Erythrura coloria,Erythrura coloria
AVIBASE-7485753B,Erythrura cyaneovirens,Erythrura cyaneovirens,Erythrura cyaneovirens
AVIBASE-3A4A4B7D,Erythrura cyaneovirens,Erythrura regia,Erythrura regia
AVIBASE-CF1F8158,Erythrura hyperythra,Erythrura hyperythra,Erythrura hyperythra
AVIBASE-DE6E6331,Erythrura kleinschmidti,Erythrura kleinschmidti,Erythrura kleinschmidti
AVIBASE-F7429922,Erythrura papuana,Erythrura papuana,Erythrura papuana
AVIBASE-07A73FDE,Erythrura pealii,Erythrura pealii,Erythrura pealii
AVIBASE-C8D798BA,Erythrura prasina,Erythrura prasina,Erythrura prasina
AVIBASE-39D00123,Erythrura psittacea,Erythrura psittacea,Erythrura psittacea
AVIBASE-A47408C2,Erythrura trichroa,Erythrura trichroa,Erythrura trichroa
AVIBASE-58F4664B,Erythrura tricolor,Erythrura tricolor,Erythrura tricolor
AVIBASE-99FE1678,Erythrura viridifacies,Erythrura viridifacies,Erythrura viridifacies
AVIBASE-0CD2083B,Esacus magnirostris,Esacus magnirostris,Esacus giganteus
AVIBASE-C2178ACC,Esacus recurvirostris,Esacus recurvirostris,Esacus recurvirostris
AVIBASE-61CB98C0,Estrilda astrild,Estrilda astrild,Estrilda astrild
AVIBASE-16E6A0F3,Estrilda atricapilla,Estrilda atricapilla,Estrilda atricapilla
AVIBASE-50BF77FB,Estrilda charmosyna,Brunhilda charmosyna,Estrilda charmosyna
AVIBASE-174BFAB6,Estrilda coerulescens,Glaucestrilda caerulescens,Estrilda caerulescens
AVIBASE-842FF43C,Estrilda erythronotos,Brunhilda erythronotos,Estrilda erythronotos
AVIBASE-C38DEB1A,Estrilda kandti,Estrilda kandti,Estrilda kandti
AVIBASE-1E79A7D7,Estrilda melpoda,Estrilda melpoda,Estrilda melpoda
AVIBASE-9C12483E,Estrilda nigriloris,Estrilda nigriloris,Estrilda nigriloris
AVIBASE-2680F124,Estrilda nonnula,Estrilda nonnula,Estrilda nonnula
AVIBASE-1066028B,Estrilda paludicola,Estrilda paludicola,Estrilda paludicola
AVIBASE-BC75EA9A,Estrilda perreini,Glaucestrilda perreini,Estrilda perreini
AVIBASE-A25AFBEA,Estrilda poliopareia,Estrilda poliopareia,Estrilda poliopareia
AVIBASE-6DD8F10F,Estrilda rhodopyga,Estrilda rhodopyga,Estrilda rhodopyga
AVIBASE-5E163A46,Estrilda rufibarba,Estrilda rufibarba,Estrilda rufibarba
AVIBASE-3161DF72,Estrilda thomensis,Glaucestrilda thomensis,Estrilda thomensis
AVIBASE-D30DC715,Estrilda troglodytes,Estrilda troglodytes,Estrilda troglodytes
AVIBASE-59B5D6C6,Eubucco aurantiicollis,Eubucco richardsoni,Eubucco richardsoni
AVIBASE-81825EC2,Eubucco bourcierii,Eubucco bourcierii,Eubucco bourcierii
AVIBASE-19039B03,Eubucco glaucogularis,Eubucco versicolor,Eubucco versicolor
AVIBASE-486D3B3F,Eubucco richardsoni,Eubucco richardsoni,Eubucco richardsoni
AVIBASE-024383AA,Eubucco steerii,Eubucco versicolor,Eubucco versicolor
AVIBASE-A07A0AB3,Eubucco tucinkae,Eubucco tucinkae,Eubucco tucinkae
AVIBASE-0A0C8C98,Eubucco versicolor,Eubucco versicolor,Eubucco versicolor
AVIBASE-3F65C962,Euchrepomis callinota,Euchrepomis callinota,Terenura callinota
AVIBASE-7B8015E4,Euchrepomis humeralis,Euchrepomis humeralis,Terenura humeralis
AVIBASE-3798B758,Euchrepomis sharpei,Euchrepomis sharpei,Terenura sharpei
AVIBASE-CFD24BEE,Euchrepomis spodioptila,Euchrepomis spodioptila,Terenura spodioptila
AVIBASE-05296BB4,Eucometis penicillata,Eucometis penicillata,Eucometis penicillata
AVIBASE-74EDE3CA,Eudocimus albus,Eudocimus albus,Eudocimus albus
AVIBASE-45039A43,Eudocimus ruber,Eudocimus ruber,Eudocimus ruber
AVIBASE-4E215E82,Eudromia elegans,Eudromia elegans,Eudromia elegans
AVIBASE-9337459C,Eudromia formosa,Eudromia formosa,Eudromia formosa
AVIBASE-20BE9DF1,Eudromias morinellus,Charadrius morinellus,Eudromias morinellus
AVIBASE-A9881D27,Eudynamys orientalis,Eudynamys orientalis,Eudynamys orientalis
AVIBASE-8D85687A,Eudynamys orientalis,Eudynamys melanorhynchus,Eudynamys melanorhynchus
AVIBASE-61503588,Eudynamys scolopaceus,Eudynamys scolopaceus,Eudynamys scolopaceus
AVIBASE-4023CC81,Eudyptes chrysocome,Eudyptes chrysocome,Eudyptes chrysocome
AVIBASE-2C2BC004,Eudyptes chrysolophus,Eudyptes chrysolophus,Eudyptes chrysolophus
AVIBASE-8722DFC2,Eudyptes moseleyi,Eudyptes moseleyi,Eudyptes moseleyi
AVIBASE-A143FB33,Eudyptes pachyrhynchus,Eudyptes pachyrhynchus,Eudyptes pachyrhynchus
AVIBASE-5EA37AA8,Eudyptes robustus,Eudyptes robustus,Eudyptes robustus
AVIBASE-01A11B3A,Eudyptes schlegeli,Eudyptes schlegeli,Eudyptes schlegeli
AVIBASE-3B58C04E,Eudyptes sclateri,Eudyptes sclateri,Eudyptes sclateri
AVIBASE-151738D5,Eudyptula minor,Eudyptula minor,Eudyptula minor
AVIBASE-29019748,Eugenes fulgens,Eugenes fulgens,Eugenes fulgens
AVIBASE-8FAFB437,Eugenes fulgens,Eugenes spectabilis,Eugenes fulgens
AVIBASE-92AA62A0,Eugerygone rubra,Eugerygone rubra,Eugerygone rubra
AVIBASE-28287AC7,Eugralla paradoxa,Eugralla paradoxa,Eugralla paradoxa
AVIBASE-EC514143,Eulabeornis castaneoventris,Gallirallus castaneoventris,Eulabeornis castaneoventris
AVIBASE-936EA207,Eulacestoma nigropectus,Eulacestoma nigropectus,Eulacestoma nigropectus
AVIBASE-C68FB697,Eulampis holosericeus,Eulampis holosericeus,Eulampis holosericeus
AVIBASE-BFD2BE29,Eulampis jugularis,Eulampis jugularis,Eulampis jugularis
AVIBASE-5A1EC393,Eulidia yarrellii,Eulidia yarrellii,Eulidia yarrellii
AVIBASE-9CE98D28,Eulipoa wallacei,Eulipoa wallacei,Eulipoa wallacei
AVIBASE-8564E262,Eumomota superciliosa,Eumomota superciliosa,Eumomota superciliosa
AVIBASE-4EA42529,Eumyias additus,Eumyias additus,Rhinomyias additus
AVIBASE-52FED114,Eumyias albicaudatus,Eumyias albicaudatus,Eumyias albicaudatus
AVIBASE-BFD3F2BE,Eumyias indigo,Eumyias indigo,Eumyias indigo
AVIBASE-7C862AD0,Eumyias panayensis,Eumyias panayensis,Eumyias panayensis
AVIBASE-A41FD92D,Eumyias ruficrissa,Eumyias indigo,Eumyias indigo
AVIBASE-75A6445E,Eumyias sordidus,Eumyias sordidus,Eumyias sordidus
AVIBASE-1DF0E856,Eumyias thalassinus,Eumyias thalassinus,Eumyias thalassinus
AVIBASE-0B691E17,Euneornis campestris,Euneornis campestris,Euneornis campestris
AVIBASE-FC7AB945,Eunymphicus cornutus,Eunymphicus cornutus,Eunymphicus cornutus
AVIBASE-7CF9DDC2,Eunymphicus uvaeensis,Eunymphicus uvaeensis,Eunymphicus uvaeensis
AVIBASE-FC6A9CD0,Euodice cantans,Euodice cantans,Lonchura cantans
AVIBASE-C03E353A,Euodice malabarica,Euodice malabarica,Lonchura malabarica
AVIBASE-BC5165E4,Eupetes macrocerus,Eupetes macrocerus,Eupetes macrocerus
AVIBASE-BEB1ADD2,Eupetomena macroura,Eupetomena macroura,Eupetomena macroura
AVIBASE-5F77FED5,Euphagus carolinus,Euphagus carolinus,Euphagus carolinus
AVIBASE-EA5E858A,Euphagus cyanocephalus,Euphagus cyanocephalus,Euphagus cyanocephalus
AVIBASE-F6C75582,Eupherusa cyanophrys,Eupherusa cyanophrys,Eupherusa cyanophrys
AVIBASE-67E2FF53,Eupherusa eximia,Eupherusa eximia,Eupherusa eximia
AVIBASE-7369E5C3,Eupherusa nigriventris,Eupherusa nigriventris,Eupherusa nigriventris
AVIBASE-A972DFB2,Eupherusa poliocerca,Eupherusa poliocerca,Eupherusa poliocerca
AVIBASE-C29CE0E7,Euphonia affinis,Euphonia affinis,Euphonia affinis
AVIBASE-3737630E,Euphonia anneae,Euphonia anneae,Euphonia anneae
AVIBASE-68B4875F,Euphonia cayennensis,Euphonia cayennensis,Euphonia cayennensis
AVIBASE-63D35B4C,Euphonia chalybea,Euphonia chalybea,Euphonia chalybea
AVIBASE-71C90D9E,Euphonia chlorotica,Euphonia chlorotica,Euphonia chlorotica
AVIBASE-313E4A17,Euphonia chrysopasta,Euphonia chrysopasta,Euphonia chrysopasta
AVIBASE-D6D63B24,Euphonia concinna,Euphonia concinna,Euphonia concinna
AVIBASE-852ECDA2,Euphonia cyanocephala,Chlorophonia cyanocephala,Euphonia cyanocephala
AVIBASE-35A15369,Euphonia elegantissima,Chlorophonia elegantissima,Euphonia elegantissima
AVIBASE-E921FDF3,Euphonia finschi,Euphonia finschi,Euphonia finschi
AVIBASE-3A3120CE,Euphonia flavifrons,Chlorophonia musica,Euphonia musica
AVIBASE-0676F27A,Euphonia fulvicrissa,Euphonia fulvicrissa,Euphonia fulvicrissa
AVIBASE-C3FD23AB,Euphonia gouldi,Euphonia gouldi,Euphonia gouldi
AVIBASE-3CD68A81,Euphonia hirundinacea,Euphonia hirundinacea,Euphonia hirundinacea
AVIBASE-41B85100,Euphonia imitans,Euphonia imitans,Euphonia imitans
AVIBASE-2F99B3B8,Euphonia jamaica,Euphonia jamaica,Euphonia jamaica
AVIBASE-F1D2C345,Euphonia laniirostris,Euphonia laniirostris,Euphonia laniirostris
AVIBASE-D647F6B4,Euphonia luteicapilla,Euphonia luteicapilla,Euphonia luteicapilla
AVIBASE-B4326435,Euphonia mesochrysa,Euphonia mesochrysa,Euphonia mesochrysa
AVIBASE-A243C1D2,Euphonia minuta,Euphonia minuta,Euphonia minuta
AVIBASE-1BF6597F,Euphonia musica,Chlorophonia musica,Euphonia musica
AVIBASE-128745BF,Euphonia pectoralis,Euphonia pectoralis,Euphonia pectoralis
AVIBASE-7E786B68,Euphonia plumbea,Euphonia plumbea,Euphonia plumbea
AVIBASE-C49D0B95,Euphonia rufiventris,Euphonia rufiventris,Euphonia rufiventris
AVIBASE-692B43A6,Euphonia saturata,Euphonia saturata,Euphonia saturata
AVIBASE-DF48C724,Euphonia sclateri,Chlorophonia musica,Euphonia musica
AVIBASE-1DF34F2F,Euphonia trinitatis,Euphonia trinitatis,Euphonia trinitatis
AVIBASE-94AF0857,Euphonia violacea,Euphonia violacea,Euphonia violacea
AVIBASE-2D1A6C0F,Euphonia xanthogaster,Euphonia xanthogaster,Euphonia xanthogaster
AVIBASE-4A58452B,Euplectes afer,Euplectes afer,Euplectes afer
AVIBASE-749E7B3C,Euplectes albonotatus,Euplectes albonotatus,Euplectes albonotatus
AVIBASE-26618AA1,Euplectes ardens,Euplectes ardens,Euplectes ardens
AVIBASE-2B94D2D5,Euplectes aureus,Euplectes aureus,Euplectes aureus
AVIBASE-B08FF959,Euplectes axillaris,Euplectes axillaris,Euplectes axillaris
AVIBASE-97A73D9F,Euplectes capensis,Euplectes capensis,Euplectes capensis
AVIBASE-95A724BE,Euplectes diadematus,Euplectes diadematus,Euplectes diadematus
AVIBASE-3D122849,Euplectes franciscanus,Euplectes franciscanus,Euplectes franciscanus
AVIBASE-CC7862AF,Euplectes gierowii,Euplectes gierowii,Euplectes gierowii
AVIBASE-59E7ABE5,Euplectes hartlaubi,Euplectes hartlaubi,Euplectes hartlaubi
AVIBASE-7B414273,Euplectes hordeaceus,Euplectes hordeaceus,Euplectes hordeaceus
AVIBASE-87071086,Euplectes jacksoni,Euplectes jacksoni,Euplectes jacksoni
AVIBASE-6A1F6033,Euplectes laticauda,Euplectes ardens,Euplectes ardens
AVIBASE-F5E0EA0D,Euplectes macroura,Euplectes macroura,Euplectes macroura
AVIBASE-A31AC101,Euplectes nigroventris,Euplectes nigroventris,Euplectes nigroventris
AVIBASE-95F08BC3,Euplectes orix,Euplectes orix,Euplectes orix
AVIBASE-3153FE22,Euplectes progne,Euplectes progne,Euplectes progne
AVIBASE-F7C77F74,Euplectes psammacromius,Euplectes psammacromius,Euplectes psammocromius
AVIBASE-501B3D62,Eupodotis caerulescens,Eupodotis caerulescens,Eupodotis caerulescens
AVIBASE-3B287014,Eupodotis senegalensis,Eupodotis senegalensis,Eupodotis senegalensis
AVIBASE-A77D5C74,Eupsittula astec,Eupsittula nana,Aratinga nana
AVIBASE-B7D06CF9,Eupsittula aurea,Eupsittula aurea,Aratinga aurea
AVIBASE-5652A345,Eupsittula cactorum,Eupsittula cactorum,Aratinga cactorum
AVIBASE-71F8EC07,Eupsittula canicularis,Eupsittula canicularis,Aratinga canicularis
AVIBASE-BCBE9A76,Eupsittula nana,Eupsittula nana,Aratinga nana
AVIBASE-C9664259,Eupsittula pertinax,Eupsittula pertinax,Aratinga pertinax
AVIBASE-83AB5D3D,Euptilotis neoxenus,Euptilotis neoxenus,Euptilotis neoxenus
AVIBASE-E11E7986,Euptilotus eutilotus,Brachypodius eutilotus,Pycnonotus eutilotus
AVIBASE-0EA5F2E1,Eurillas ansorgei,Eurillas ansorgei,Andropadus ansorgei
AVIBASE-0B325B7F,Eurillas curvirostris,Eurillas curvirostris,Andropadus curvirostris
AVIBASE-486103D7,Eurillas gracilis,Eurillas gracilis,Andropadus gracilis
AVIBASE-728B225E,Eurillas latirostris,Eurillas latirostris,Andropadus latirostris
AVIBASE-3413C42C,Eurillas virens,Eurillas virens,Andropadus virens
AVIBASE-02C6C2ED,Eurocephalus anguitimens,Eurocephalus anguitimens,Eurocephalus anguitimens
AVIBASE-866D07A0,Eurocephalus ruppelli,Eurocephalus ruppelli,Eurocephalus rueppelli
AVIBASE-C1570ECC,Eurochelidon sirintarae,Pseudochelidon sirintarae,Eurochelidon sirintarae
AVIBASE-DC4C9385,Eurostopodus archboldi,Eurostopodus archboldi,Eurostopodus archboldi
AVIBASE-28BD3EB7,Eurostopodus argus,Eurostopodus argus,Eurostopodus argus
AVIBASE-955A3BD9,Eurostopodus diabolicus,Eurostopodus diabolicus,Eurostopodus diabolicus
AVIBASE-EB1EC6B4,Eurostopodus exul,Eurostopodus exul,Eurostopodus mystacalis
AVIBASE-8A6C3156,Eurostopodus mystacalis,Eurostopodus mystacalis,Eurostopodus mystacalis
AVIBASE-8C0F37FF,Eurostopodus nigripennis,Eurostopodus nigripennis,Eurostopodus mystacalis
AVIBASE-F84FF9EF,Eurostopodus papuensis,Eurostopodus papuensis,Eurostopodus papuensis
AVIBASE-E5EC5D38,Euryceros prevostii,Euryceros prevostii,Euryceros prevostii
AVIBASE-91A2A455,Eurylaimus harterti,Eurylaimus javanicus,Eurylaimus javanicus
AVIBASE-EBFD9B87,Eurylaimus javanicus,Eurylaimus javanicus,Eurylaimus javanicus
AVIBASE-C429744B,Eurylaimus ochromalus,Eurylaimus ochromalus,Eurylaimus ochromalus
AVIBASE-216F11D6,Euryptila subcinnamomea,Euryptila subcinnamomea,Euryptila subcinnamomea
AVIBASE-900C590B,Eurypyga helias,Eurypyga helias,Eurypyga helias
AVIBASE-7852EFAE,Eurystomus azureus,Eurystomus azureus,Eurystomus azureus
AVIBASE-4F01F416,Eurystomus glaucurus,Eurystomus glaucurus,Eurystomus glaucurus
AVIBASE-8FFDE282,Eurystomus gularis,Eurystomus gularis,Eurystomus gularis
AVIBASE-924BAB9C,Eurystomus orientalis,Eurystomus orientalis,Eurystomus orientalis
AVIBASE-DBE488CE,Euscarthmus fulviceps,Euscarthmus fulviceps,Euscarthmus meloryphus
AVIBASE-879DAFFF,Euscarthmus meloryphus,Euscarthmus meloryphus,Euscarthmus meloryphus
AVIBASE-D00D36EB,Euscarthmus rufomarginatus,Euscarthmus rufomarginatus,Euscarthmus rufomarginatus
AVIBASE-F729393B,Euschistospiza cinereovinacea,Euschistospiza cinereovinacea,Euschistospiza cinereovinacea
AVIBASE-76B35118,Euschistospiza dybowskii,Euschistospiza dybowskii,Euschistospiza dybowskii
AVIBASE-656474D9,Eutoxeres aquila,Eutoxeres aquila,Eutoxeres aquila
AVIBASE-198F8B56,Eutoxeres condamini,Eutoxeres condamini,Eutoxeres condamini
AVIBASE-4B00D50E,Eutrichomyias rowleyi,Eutrichomyias rowleyi,Eutrichomyias rowleyi
AVIBASE-D5EF2E20,Eutriorchis astur,Eutriorchis astur,Eutriorchis astur
AVIBASE-81881027,Falcipennis canadensis,Canachites canadensis,Dendragapus canadensis
AVIBASE-1522E139,Falcipennis falcipennis,Falcipennis falcipennis,Dendragapus falcipennis
AVIBASE-ED1BA351,Falcipennis franklinii,Canachites canadensis,Dendragapus canadensis
AVIBASE-D2CAA18B,Falco alopex,Falco alopex,Falco alopex
AVIBASE-E6137E65,Falco amurensis,Falco amurensis,Falco amurensis
AVIBASE-36C7BFDE,Falco araeus,Falco araeus,Falco araea
AVIBASE-3F2BA4F7,Falco ardosiaceus,Falco ardosiaceus,Falco ardosiaceus
AVIBASE-9F5AA09D,Falco berigora,Falco berigora,Falco berigora
AVIBASE-3D3808E3,Falco biarmicus,Falco biarmicus,Falco biarmicus
AVIBASE-A575254C,Falco cenchroides,Falco cenchroides,Falco cenchroides
AVIBASE-A9F51494,Falco cherrug,Falco cherrug,Falco cherrug
AVIBASE-8C1821E7,Falco chicquera,Falco chicquera,Falco chicquera
AVIBASE-F3DA111C,Falco columbarius,Falco columbarius,Falco columbarius
AVIBASE-BD34FDFD,Falco concolor,Falco concolor,Falco concolor
AVIBASE-F56A73BF,Falco cuvierii,Falco cuvierii,Falco cuvierii
AVIBASE-FF019083,Falco deiroleucus,Falco deiroleucus,Falco deiroleucus
AVIBASE-CA34C05A,Falco dickinsoni,Falco dickinsoni,Falco dickinsoni
AVIBASE-9EA1F12D,Falco eleonorae,Falco eleonorae,Falco eleonorae
AVIBASE-9A4AA945,Falco fasciinucha,Falco fasciinucha,Falco fasciinucha
AVIBASE-5EC5BE3F,Falco femoralis,Falco femoralis,Falco femoralis
AVIBASE-121657AB,Falco hypoleucos,Falco hypoleucos,Falco hypoleucos
AVIBASE-9FB14C90,Falco jugger,Falco jugger,Falco jugger
AVIBASE-B72DDBE4,Falco longipennis,Falco longipennis,Falco longipennis
AVIBASE-BBFF0963,Falco mexicanus,Falco mexicanus,Falco mexicanus
AVIBASE-FED65E8A,Falco moluccensis,Falco moluccensis,Falco moluccensis
AVIBASE-BECA271F,Falco naumanni,Falco naumanni,Falco naumanni
AVIBASE-66DD7774,Falco newtoni,Falco newtoni,Falco newtoni
AVIBASE-38FA4FF0,Falco novaeseelandiae,Falco novaeseelandiae,Falco novaeseelandiae
AVIBASE-47E58408,Falco peregrinus,Falco peregrinus,Falco peregrinus
AVIBASE-47E58408,Falco peregrinus,Falco peregrinus,Falco pelegrinoides
AVIBASE-D1069C26,Falco punctatus,Falco punctatus,Falco punctatus
AVIBASE-529E7777,Falco ruficollis,Falco chicquera,Falco chicquera
AVIBASE-EF9568DE,Falco rufigularis,Falco rufigularis,Falco rufigularis
AVIBASE-2E4DAA13,Falco rupicoloides,Falco rupicoloides,Falco rupicoloides
AVIBASE-E19252A7,Falco rusticolus,Falco rusticolus,Falco rusticolus
AVIBASE-B9538B77,Falco severus,Falco severus,Falco severus
AVIBASE-20C2214E,Falco sparverius,Falco sparverius,Falco sparverius
AVIBASE-E91E287A,Falco subbuteo,Falco subbuteo,Falco subbuteo
AVIBASE-00BBD4CF,Falco subniger,Falco subniger,Falco subniger
AVIBASE-2DAB45B8,Falco tinnunculus,Falco tinnunculus,Falco tinnunculus
AVIBASE-465E7C9F,Falco tinnunculus,Falco rupicolus,Falco tinnunculus
AVIBASE-997A9437,Falco vespertinus,Falco vespertinus,Falco vespertinus
AVIBASE-80881CE3,Falco zoniventris,Falco zoniventris,Falco zoniventris
AVIBASE-3A343C0C,Falculea palliata,Falculea palliata,Falculea palliata
AVIBASE-0F1929A3,Falcunculus frontatus,Falcunculus frontatus,Falcunculus frontatus
AVIBASE-E3B00D11,Falcunculus leucogaster,Falcunculus frontatus,Falcunculus frontatus
AVIBASE-C5673F5E,Falcunculus whitei,Falcunculus frontatus,Falcunculus frontatus
AVIBASE-4C688475,Ferminia cerverai,Ferminia cerverai,Ferminia cerverai
AVIBASE-99985173,Ficedula albicilla,Ficedula albicilla,Ficedula albicilla
AVIBASE-0B2F8058,Ficedula albicollis,Ficedula albicollis,Ficedula albicollis
AVIBASE-F5DB600C,Ficedula basilanica,Ficedula basilanica,Ficedula basilanica
AVIBASE-42C56290,Ficedula bonthaina,Ficedula bonthaina,Ficedula bonthaina
AVIBASE-752092BF,Ficedula buruensis,Ficedula buruensis,Ficedula buruensis
AVIBASE-1DE8E22F,Ficedula crypta,Ficedula crypta,Ficedula crypta
AVIBASE-ADF166DE,Ficedula disposita,Ficedula disposita,Ficedula disposita
AVIBASE-EE4C2320,Ficedula dumetoria,Ficedula dumetoria,Ficedula dumetoria
AVIBASE-40B76146,Ficedula elisae,Ficedula elisae,Ficedula narcissina
AVIBASE-EF8548B9,Ficedula erithacus,Ficedula erithacus,Ficedula hodgsonii
AVIBASE-16577904,Ficedula harterti,Ficedula harterti,Ficedula harterti
AVIBASE-C219B576,Ficedula henrici,Ficedula henrici,Ficedula henrici
AVIBASE-4A9906BA,Ficedula hodgsoni,Ficedula hodgsoni,Muscicapella hodgsoni
AVIBASE-0EEEF8C2,Ficedula hyperythra,Ficedula hyperythra,Ficedula hyperythra
AVIBASE-66F7EC4B,Ficedula hypoleuca,Ficedula hypoleuca,Ficedula hypoleuca
AVIBASE-66F7EC4B,Ficedula hypoleuca,NA,Ficedula hypoleuca
AVIBASE-C1BCE534,Ficedula luzoniensis,Ficedula luzoniensis,Ficedula hyperythra
AVIBASE-0557B8E5,Ficedula mugimaki,Ficedula mugimaki,Ficedula mugimaki
AVIBASE-DEA1FD2E,Ficedula narcissina,Ficedula narcissina,Ficedula narcissina
AVIBASE-47C88B19,Ficedula nigrorufa,Ficedula nigrorufa,Ficedula nigrorufa
AVIBASE-98DA78EC,Ficedula owstoni,Ficedula owstoni,Ficedula narcissina
AVIBASE-6A3CA06B,Ficedula parva,Ficedula parva,Ficedula parva
AVIBASE-C7896162,Ficedula platenae,Ficedula platenae,Ficedula platenae
AVIBASE-4BA2D4EE,Ficedula riedeli,Ficedula riedeli,Ficedula dumetoria
AVIBASE-F6A82D7F,Ficedula ruficauda,Ficedula ruficauda,Muscicapa ruficauda
AVIBASE-0DBEE836,Ficedula rufigula,Ficedula rufigula,Ficedula rufigula
AVIBASE-94AF14FA,Ficedula sapphira,Ficedula sapphira,Ficedula sapphira
AVIBASE-BE56C141,Ficedula semitorquata,Ficedula semitorquata,Ficedula semitorquata
AVIBASE-57D97C57,Ficedula strophiata,Ficedula strophiata,Ficedula strophiata
AVIBASE-BFB564AA,Ficedula subrubra,Ficedula subrubra,Ficedula subrubra
AVIBASE-808001B1,Ficedula superciliaris,Ficedula superciliaris,Ficedula superciliaris
AVIBASE-02C91A31,Ficedula timorensis,Ficedula timorensis,Ficedula timorensis
AVIBASE-8A18D787,Ficedula tricolor,Ficedula tricolor,Ficedula tricolor
AVIBASE-58F57E07,Ficedula westermanni,Ficedula westermanni,Ficedula westermanni
AVIBASE-70030C48,Ficedula zanthopygia,Ficedula zanthopygia,Ficedula zanthopygia
AVIBASE-77B4C75D,Florisuga fusca,Florisuga fusca,Florisuga fusca
AVIBASE-80DA0464,Florisuga mellivora,Florisuga mellivora,Florisuga mellivora
AVIBASE-85181E5D,Fluvicola albiventer,Fluvicola albiventer,Fluvicola albiventer
AVIBASE-4EB649D2,Fluvicola nengeta,Fluvicola nengeta,Fluvicola nengeta
AVIBASE-131BC7FC,Fluvicola pica,Fluvicola pica,Fluvicola pica
AVIBASE-7E4EE12D,Formicarius analis,Formicarius analis,Formicarius analis
AVIBASE-9E2E1D37,Formicarius analis,Formicarius moniliger,Formicarius analis
AVIBASE-4564EA5A,Formicarius colma,Formicarius colma,Formicarius colma
AVIBASE-9E2E1D37,Formicarius moniliger,Formicarius moniliger,Formicarius moniliger
AVIBASE-7E82BA92,Formicarius nigricapillus,Formicarius nigricapillus,Formicarius nigricapillus
AVIBASE-796D73FB,Formicarius rufifrons,Formicarius rufifrons,Formicarius rufifrons
AVIBASE-54D73240,Formicarius rufipectus,Formicarius rufipectus,Formicarius rufipectus
AVIBASE-4E17A2AE,Formicivora acutirostris,Formicivora acutirostris,Stymphalornis acutirostris
AVIBASE-DE27235A,Formicivora erythronotos,Formicivora erythronotos,Formicivora erythronotos
AVIBASE-630AA24B,Formicivora grantsaui,Formicivora grantsaui,Formicivora rufa
AVIBASE-921F6895,Formicivora grisea,Formicivora grisea,Formicivora grisea
AVIBASE-AD846245,Formicivora iheringi,Formicivora iheringi,Formicivora iheringi
AVIBASE-E62C5695,Formicivora intermedia,Formicivora grisea,Formicivora intermedia
AVIBASE-BF9D1B17,Formicivora melanogaster,Formicivora melanogaster,Formicivora melanogaster
AVIBASE-C90C8664,Formicivora paludicola,Formicivora acutirostris,Stymphalornis acutirostris
AVIBASE-03ED8C2C,Formicivora rufa,Formicivora rufa,Formicivora rufa
AVIBASE-8EC55F08,Formicivora serrana,Formicivora serrana,Formicivora serrana
AVIBASE-0B6BC1AE,Formicivora serrana,Formicivora littoralis,Formicivora littoralis
AVIBASE-0B6BC1AE,Formicivora serrana,Formicivora littoralis,Formicivora serrana
AVIBASE-2A07367C,Forpus coelestis,Forpus coelestis,Forpus coelestis
AVIBASE-44585D05,Forpus conspicillatus,Forpus conspicillatus,Forpus conspicillatus
AVIBASE-64E60FBC,Forpus cyanopygius,Forpus cyanopygius,Forpus cyanopygius
AVIBASE-23C704E1,Forpus modestus,Forpus modestus,Forpus modestus
AVIBASE-E43CCCA6,Forpus passerinus,Forpus passerinus,Forpus passerinus
AVIBASE-1694FBFF,Forpus spengeli,Forpus spengeli,Forpus xanthopterygius
AVIBASE-E5C9870D,Forpus xanthops,Forpus xanthops,Forpus xanthops
AVIBASE-B07EFFE6,Forpus xanthopterygius,Forpus xanthopterygius,Forpus xanthopterygius
AVIBASE-4FC2DF64,Forpus xanthopterygius,NA,Forpus xanthopterygius
AVIBASE-8999FD8C,Foudia aldabrana,Foudia aldabrana,Foudia eminentissima
AVIBASE-3706ABE9,Foudia consobrina,Foudia eminentissima,Foudia eminentissima
AVIBASE-3AA01547,Foudia eminentissima,Foudia eminentissima,Foudia eminentissima
AVIBASE-CC3F83AD,Foudia flavicans,Foudia flavicans,Foudia flavicans
AVIBASE-F7DFA41B,Foudia madagascariensis,Foudia madagascariensis,Foudia madagascariensis
AVIBASE-FD358454,Foudia omissa,Foudia omissa,Foudia omissa
AVIBASE-2F37FD05,Foudia rubra,Foudia rubra,Foudia rubra
AVIBASE-B55985C7,Foudia sechellarum,Foudia sechellarum,Foudia sechellarum
AVIBASE-A7119ADF,Foulehaio carunculatus,Foulehaio carunculatus,Foulehaio carunculatus
AVIBASE-FF3E7726,Foulehaio procerior,Foulehaio procerior,Foulehaio carunculatus
AVIBASE-62AE35E9,Foulehaio taviunensis,Foulehaio taviunensis,Foulehaio carunculatus
AVIBASE-50658B22,Francolinus francolinus,Francolinus francolinus,Francolinus francolinus
AVIBASE-C5401E05,Francolinus gularis,Ortygornis gularis,Francolinus gularis
AVIBASE-5B182830,Francolinus pictus,Francolinus pictus,Francolinus pictus
AVIBASE-8DC52868,Francolinus pintadeanus,Francolinus pintadeanus,Francolinus pintadeanus
AVIBASE-B1C204EC,Francolinus pondicerianus,Ortygornis pondicerianus,Francolinus pondicerianus
AVIBASE-3B3A6911,Fraseria caerulescens,Fraseria caerulescens,Muscicapa caerulescens
AVIBASE-EA749CEC,Fraseria cinerascens,Fraseria cinerascens,Fraseria cinerascens
AVIBASE-F563FE97,Fraseria griseigularis,Fraseria griseigularis,Myioparus griseigularis
AVIBASE-84E4178E,Fraseria lendu,Fraseria lendu,Muscicapa lendu
AVIBASE-8B037156,Fraseria ocreata,Fraseria ocreata,Fraseria ocreata
AVIBASE-809D08A6,Fraseria olivascens,Fraseria olivascens,Muscicapa olivascens
AVIBASE-5EA2B90C,Fraseria plumbea,Fraseria plumbea,Myioparus plumbeus
AVIBASE-6A0D9212,Fraseria tessmanni,Fraseria tessmanni,Muscicapa tessmanni
AVIBASE-2771624B,Fratercula arctica,Fratercula arctica,Fratercula arctica
AVIBASE-F7937349,Fratercula cirrhata,Fratercula cirrhata,Fratercula cirrhata
AVIBASE-24111FA5,Fratercula corniculata,Fratercula corniculata,Fratercula corniculata
AVIBASE-3C42048A,Frederickena unduliger,Frederickena unduliger,Frederickena unduligera
AVIBASE-74491D29,Frederickena unduliger,Frederickena fulva,Frederickena unduligera
AVIBASE-C3C71923,Frederickena viridis,Frederickena viridis,Frederickena viridis
AVIBASE-67200E8E,Fregata andrewsi,Fregata andrewsi,Fregata andrewsi
AVIBASE-00E090F8,Fregata aquila,Fregata aquila,Fregata aquila
AVIBASE-09ED7E92,Fregata ariel,Fregata ariel,Fregata ariel
AVIBASE-8AA3B42E,Fregata magnificens,Fregata magnificens,Fregata magnificens
AVIBASE-788EBCAB,Fregata minor,Fregata minor,Fregata minor
AVIBASE-224E1093,Fregetta grallaria,Fregetta grallaria,Fregetta grallaria
AVIBASE-5DB83DA9,Fregetta maoriana,Fregetta maoriana,Oceanites maorianus
AVIBASE-ACE8EADE,Fregetta tropica,Fregetta tropica,Fregetta tropica
AVIBASE-37F52281,Fringilla coelebs,Fringilla coelebs,Fringilla coelebs
AVIBASE-E16B2C03,Fringilla montifringilla,Fringilla montifringilla,Fringilla montifringilla
AVIBASE-EE6907BB,Fringilla polatzeki,Fringilla polatzeki,Fringilla teydea
AVIBASE-A338CC4F,Fringilla teydea,Fringilla teydea,Fringilla teydea
AVIBASE-5E3BDB15,Fulica alai,Fulica alai,Fulica alai
AVIBASE-4FB248BA,Fulica americana,Fulica americana,Fulica caribaea
AVIBASE-4FB248BA,Fulica americana,Fulica americana,Fulica americana
AVIBASE-D24D9266,Fulica ardesiaca,Fulica ardesiaca,Fulica ardesiaca
AVIBASE-92F60241,Fulica armillata,Fulica armillata,Fulica armillata
AVIBASE-B682B2A9,Fulica atra,Fulica atra,Fulica atra
AVIBASE-8D86F054,Fulica cornuta,Fulica cornuta,Fulica cornuta
AVIBASE-53235FDC,Fulica cristata,Fulica cristata,Fulica cristata
AVIBASE-2E7A75E7,Fulica gigantea,Fulica gigantea,Fulica gigantea
AVIBASE-477BF6B9,Fulica leucoptera,Fulica leucoptera,Fulica leucoptera
AVIBASE-CFC1D518,Fulica rufifrons,Fulica rufifrons,Fulica rufifrons
AVIBASE-049D9AEA,Fulmarus glacialis,Fulmarus glacialis,Fulmarus glacialis
AVIBASE-10C2881A,Fulmarus glacialoides,Fulmarus glacialoides,Fulmarus glacialoides
AVIBASE-9F47C704,Fulvetta cinereiceps,Fulvetta cinereiceps,Alcippe cinereiceps
AVIBASE-6C677F32,Fulvetta danisi,Fulvetta danisi,Alcippe danisi
AVIBASE-DA34BA3E,Fulvetta formosana,Fulvetta formosana,Alcippe formosana
AVIBASE-47572CAC,Fulvetta ludlowi,Fulvetta ludlowi,Alcippe ludlowi
AVIBASE-A718ADC4,Fulvetta manipurensis,Fulvetta manipurensis,Alcippe manipurensis
AVIBASE-BD27AE48,Fulvetta ruficapilla,Fulvetta ruficapilla,Alcippe ruficapilla
AVIBASE-24AAB99D,Fulvetta striaticollis,Fulvetta striaticollis,Alcippe striaticollis
AVIBASE-5DAF0274,Fulvetta vinipectus,Fulvetta vinipectus,Alcippe vinipectus
AVIBASE-09CA444F,Furnarius cinnamomeus,Furnarius leucopus,Furnarius cinnamomeus
AVIBASE-DAE4E979,Furnarius cristatus,Furnarius cristatus,Furnarius cristatus
AVIBASE-F733C728,Furnarius figulus,Furnarius figulus,Furnarius figulus
AVIBASE-71B6E38F,Furnarius leucopus,Furnarius leucopus,Furnarius leucopus
AVIBASE-F335951B,Furnarius longirostris,Furnarius leucopus,Furnarius longirostris
AVIBASE-9CC0B18F,Furnarius minor,Furnarius minor,Furnarius minor
AVIBASE-833CB552,Furnarius rufus,Furnarius rufus,Furnarius rufus
AVIBASE-2D43DA6A,Furnarius torridus,Furnarius torridus,Furnarius torridus
AVIBASE-D0AA9105,Gactornis enarratus,Gactornis enarratus,Caprimulgus enarratus
AVIBASE-E3EC251C,Galbalcyrhynchus leucotis,Galbalcyrhynchus leucotis,Galbalcyrhynchus leucotis
AVIBASE-46E97893,Galbalcyrhynchus purusianus,Galbalcyrhynchus purusianus,Galbalcyrhynchus purusianus
AVIBASE-CF872D1D,Galbula albirostris,Galbula albirostris,Galbula albirostris
AVIBASE-E5C2F0CF,Galbula chalcocephala,Galbula albirostris,Galbula albirostris
AVIBASE-169A7FC9,Galbula chalcothorax,Galbula chalcothorax,Galbula chalcothorax
AVIBASE-F5823411,Galbula cyanescens,Galbula cyanescens,Galbula cyanescens
AVIBASE-36F7703C,Galbula cyanicollis,Galbula cyanicollis,Galbula cyanicollis
AVIBASE-FBD3D390,Galbula dea,Galbula dea,Galbula dea
AVIBASE-CC59842F,Galbula galbula,Galbula galbula,Galbula galbula
AVIBASE-EB348872,Galbula leucogastra,Galbula leucogastra,Galbula leucogastra
AVIBASE-988D86DA,Galbula pastazae,Galbula pastazae,Galbula pastazae
AVIBASE-2EE639E9,Galbula ruficauda,Galbula ruficauda,Galbula ruficauda
AVIBASE-7E2D591F,Galbula tombacea,Galbula tombacea,Galbula tombacea
AVIBASE-FC79EB47,Galerida cristata,Galerida cristata,Galerida cristata
AVIBASE-4A6368CF,Galerida deva,Galerida deva,Galerida deva
AVIBASE-6CC67AB9,Galerida magnirostris,Galerida magnirostris,Galerida magnirostris
AVIBASE-DA29B24C,Galerida malabarica,Galerida malabarica,Galerida malabarica
AVIBASE-0E6D5DBE,Galerida modesta,Galerida modesta,Galerida modesta
AVIBASE-5351025C,Galerida theklae,Galerida theklae,Galerida theklae
AVIBASE-F868CF77,Gallicolumba crinigera,Gallicolumba crinigera,Gallicolumba crinigera
AVIBASE-A5C58F88,Gallicolumba keayi,Gallicolumba keayi,Gallicolumba keayi
AVIBASE-804BBC8C,Gallicolumba luzonica,Gallicolumba luzonica,Gallicolumba luzonica
AVIBASE-521FCF00,Gallicolumba menagei,Gallicolumba menagei,Gallicolumba menagei
AVIBASE-6505921E,Gallicolumba platenae,Gallicolumba platenae,Gallicolumba platenae
AVIBASE-B4901E1B,Gallicolumba rufigula,Gallicolumba rufigula,Gallicolumba rufigula
AVIBASE-F991F61F,Gallicolumba tristigmata,Gallicolumba tristigmata,Gallicolumba tristigmata
AVIBASE-39B7A3C7,Gallicrex cinerea,Gallicrex cinerea,Gallicrex cinerea
AVIBASE-F9BBBC1F,Gallinago andina,Gallinago andina,Gallinago andina
AVIBASE-F5C8516D,Gallinago delicata,Gallinago delicata,Gallinago gallinago
AVIBASE-9151E0BA,Gallinago gallinago,Gallinago gallinago,Gallinago gallinago
AVIBASE-C9B4E3D5,Gallinago hardwickii,Gallinago hardwickii,Gallinago hardwickii
AVIBASE-3AA9C3BA,Gallinago imperialis,Gallinago imperialis,Gallinago imperialis
AVIBASE-4A691A33,Gallinago jamesoni,Gallinago jamesoni,Gallinago jamesoni
AVIBASE-11B37CB0,Gallinago macrodactyla,Gallinago macrodactyla,Gallinago macrodactyla
AVIBASE-BCCD5840,Gallinago media,Gallinago media,Gallinago media
AVIBASE-9E66B47A,Gallinago megala,Gallinago megala,Gallinago megala
AVIBASE-34ABFEB7,Gallinago nemoricola,Gallinago nemoricola,Gallinago nemoricola
AVIBASE-831FC147,Gallinago nigripennis,Gallinago nigripennis,Gallinago nigripennis
AVIBASE-0A79923B,Gallinago nobilis,Gallinago nobilis,Gallinago nobilis
AVIBASE-8E841A61,Gallinago paraguaiae,Gallinago paraguaiae,Gallinago paraguaiae
AVIBASE-96681F6B,Gallinago paraguaiae,NA,Gallinago paraguaiae
AVIBASE-F6B72EAF,Gallinago solitaria,Gallinago solitaria,Gallinago solitaria
AVIBASE-EE61E2CA,Gallinago stenura,Gallinago stenura,Gallinago stenura
AVIBASE-9890A5DC,Gallinago stricklandii,Gallinago stricklandii,Gallinago stricklandii
AVIBASE-CBB7DCF0,Gallinago undulata,Gallinago undulata,Gallinago undulata
AVIBASE-8F82FF8C,Gallinula chloropus,Gallinula chloropus,Gallinula chloropus
AVIBASE-28501BF5,Gallinula comeri,Gallinula comeri,Gallinula nesiotis
AVIBASE-3EF081A8,Gallinula galeata,Gallinula galeata,Gallinula chloropus
AVIBASE-75F40338,Gallinula nesiotis,Gallinula nesiotis,Gallinula nesiotis
AVIBASE-0BA183A7,Gallinula tenebrosa,Gallinula tenebrosa,Gallinula tenebrosa
AVIBASE-0136C1F3,Gallirallus australis,Gallirallus australis,Gallirallus australis
AVIBASE-CB7F715F,Gallirallus calayanensis,Gallirallus calayanensis,Gallirallus calayanensis
AVIBASE-FE42CA06,Gallirex johnstoni,Ruwenzorornis johnstoni,Ruwenzorornis johnstoni
AVIBASE-76E45A19,Gallirex porphyreolophus,Tauraco porphyreolophus,Tauraco porphyreolophus
AVIBASE-1C615F42,Galloperdix bicalcarata,Galloperdix bicalcarata,Galloperdix bicalcarata
AVIBASE-3A5DB01C,Galloperdix lunulata,Galloperdix lunulata,Galloperdix lunulata
AVIBASE-730665C1,Galloperdix spadicea,Galloperdix spadicea,Galloperdix spadicea
AVIBASE-3749777E,Gallus gallus,Gallus gallus,Gallus gallus
AVIBASE-E91A2FA8,Gallus lafayettii,Gallus lafayettii,Gallus lafayetii
AVIBASE-444C1F4D,Gallus sonneratii,Gallus sonneratii,Gallus sonneratii
AVIBASE-BEA427FB,Gallus varius,Gallus varius,Gallus varius
AVIBASE-D36BA361,Gampsonyx swainsonii,Gampsonyx swainsonii,Gampsonyx swainsonii
AVIBASE-0BD98439,Gampsorhynchus rufulus,Gampsorhynchus rufulus,Gampsorhynchus rufulus
AVIBASE-D3B8C7BE,Gampsorhynchus torquatus,Gampsorhynchus torquatus,Gampsorhynchus torquatus
AVIBASE-4618793F,Garritornis isidorei,Pomatostomus isidorei,Pomatostomus isidorei
AVIBASE-F5C74C92,Garrodia nereis,Garrodia nereis,Garrodia nereis
AVIBASE-D5C979A6,Garrulax albogularis,Pterorhinus albogularis,Garrulax albogularis
AVIBASE-946F5D45,Garrulax annamensis,Garrulax annamensis,Garrulax annamensis
AVIBASE-329039A2,Garrulax berthemyi,Pterorhinus berthemyi,Garrulax berthemyi
AVIBASE-CFEA4730,Garrulax bicolor,Garrulax bicolor,Garrulax bicolor
AVIBASE-73B7590F,Garrulax bieti,Ianthocincla bieti,Garrulax bieti
AVIBASE-DB7534FA,Garrulax caerulatus,Pterorhinus caerulatus,Garrulax caerulatus
AVIBASE-6497AE0D,Garrulax calvus,Melanocichla calva,Garrulax calvus
AVIBASE-71D4A209,Garrulax canorus,Garrulax canorus,Garrulax canorus
AVIBASE-FD662075,Garrulax castanotis,Garrulax castanotis,Garrulax castanotis
AVIBASE-C105D142,Garrulax chinensis,Pterorhinus chinensis,Garrulax chinensis
AVIBASE-0C196269,Garrulax cineraceus,Ianthocincla cineracea,Garrulax cineraceus
AVIBASE-AE0F369A,Garrulax cinereiceps,Ianthocincla cineracea,Garrulax cineraceus
AVIBASE-9E35E2B0,Garrulax cinereifrons,Argya cinereifrons,Garrulax cinereifrons
AVIBASE-8A908A7E,Garrulax courtoisi,Pterorhinus courtoisi,Garrulax courtoisi
AVIBASE-ECB9A862,Garrulax davidi,Pterorhinus davidi,Garrulax davidi
AVIBASE-96A465BE,Garrulax delesserti,Pterorhinus delesserti,Garrulax delesserti
AVIBASE-C2DAFFFB,Garrulax ferrarius,Garrulax ferrarius,Garrulax ferrarius
AVIBASE-8A04ACFE,Garrulax galbanus,Pterorhinus galbanus,Garrulax galbanus
AVIBASE-BBE951A5,Garrulax gularis,Pterorhinus gularis,Garrulax gularis
AVIBASE-566F8C8C,Garrulax konkakinhensis,Ianthocincla konkakinhensis,Garrulax konkakinhensis
AVIBASE-CADC3FC1,Garrulax koslowi,Pterorhinus koslowi,Babax koslowi
AVIBASE-EA1D6AB8,Garrulax lanceolatus,Pterorhinus lanceolatus,Babax lanceolatus
AVIBASE-6583F1BC,Garrulax leucolophus,Garrulax leucolophus,Garrulax leucolophus
AVIBASE-4B1B2550,Garrulax lugubris,Melanocichla lugubris,Garrulax lugubris
AVIBASE-82C19E11,Garrulax lunulatus,Ianthocincla lunulata,Garrulax lunulatus
AVIBASE-DF9E2D94,Garrulax maesi,Garrulax maesi,Garrulax maesi
AVIBASE-826C6C37,Garrulax maximus,Ianthocincla maxima,Garrulax maximus
AVIBASE-9D4891EC,Garrulax merulinus,Garrulax merulinus,Garrulax merulinus
AVIBASE-60FA71F5,Garrulax milleti,Garrulax milleti,Garrulax milleti
AVIBASE-6E91359B,Garrulax mitratus,Pterorhinus mitratus,Garrulax mitratus
AVIBASE-40B0D5EB,Garrulax monachus,Pterorhinus chinensis,Garrulax chinensis
AVIBASE-3651A4D5,Garrulax monileger,Garrulax monileger,Garrulax monileger
AVIBASE-664E4CED,Garrulax nuchalis,Pterorhinus nuchalis,Garrulax nuchalis
AVIBASE-7A44AD5A,Garrulax ocellatus,Ianthocincla ocellata,Garrulax ocellatus
AVIBASE-0C83FC88,Garrulax palliatus,Garrulax palliatus,Garrulax palliatus
AVIBASE-75BA8D16,Garrulax pectoralis,Pterorhinus pectoralis,Garrulax pectoralis
AVIBASE-8FD7181A,Garrulax perspicillatus,Pterorhinus perspicillatus,Garrulax perspicillatus
AVIBASE-799CD8D0,Garrulax poecilorhynchus,Pterorhinus poecilorhynchus,Garrulax poecilorhynchus
AVIBASE-C7279987,Garrulax ruficeps,Pterorhinus ruficeps,Garrulax ruficeps
AVIBASE-0DBAC9AF,Garrulax ruficollis,Pterorhinus ruficollis,Garrulax ruficollis
AVIBASE-5B9161ED,Garrulax rufifrons,Garrulax rufifrons,Garrulax rufifrons
AVIBASE-422037AA,Garrulax rufogularis,Ianthocincla rufogularis,Garrulax rufogularis
AVIBASE-2A59B27F,Garrulax sannio,Pterorhinus sannio,Garrulax sannio
AVIBASE-830EF7CF,Garrulax strepitans,Garrulax strepitans,Garrulax strepitans
AVIBASE-1C31D0DE,Garrulax sukatschewi,Ianthocincla sukatschewi,Garrulax sukatschewi
AVIBASE-4E8B4445,Garrulax taewanus,Garrulax taewanus,Garrulax taewanus
AVIBASE-36545FD3,Garrulax treacheri,Pterorhinus treacheri,Garrulax mitratus
AVIBASE-7EA7CEE7,Garrulax vassali,Pterorhinus vassali,Garrulax vassali
AVIBASE-B30DCDD9,Garrulax waddelli,Pterorhinus waddelli,Babax waddelli
AVIBASE-37F6EC60,Garrulax woodi,Pterorhinus woodi,Babax lanceolatus
AVIBASE-D8D10F2C,Garrulus bispecularis,Garrulus glandarius,Garrulus glandarius
AVIBASE-D8D10F2C,Garrulus glandarius,Garrulus glandarius,Garrulus glandarius
AVIBASE-F282B48C,Garrulus lanceolatus,Garrulus lanceolatus,Garrulus lanceolatus
AVIBASE-D8D10F2C,Garrulus leucotis,Garrulus glandarius,Garrulus glandarius
AVIBASE-81DD5700,Garrulus lidthi,Garrulus lidthi,Garrulus lidthi
AVIBASE-5349255D,Gavia adamsii,Gavia adamsii,Gavia adamsii
AVIBASE-CA5852BE,Gavia arctica,Gavia arctica,Gavia arctica
AVIBASE-7E022378,Gavia immer,Gavia immer,Gavia immer
AVIBASE-B7D7EF23,Gavia pacifica,Gavia pacifica,Gavia pacifica
AVIBASE-6C50988A,Gavia stellata,Gavia stellata,Gavia stellata
AVIBASE-EEC32D82,Gavicalis fasciogularis,Gavicalis fasciogularis,Lichenostomus fasciogularis
AVIBASE-3C570F2E,Gavicalis versicolor,Gavicalis versicolor,Lichenostomus versicolor
AVIBASE-ADF91F60,Gavicalis virescens,Gavicalis virescens,Lichenostomus virescens
AVIBASE-43DEA60F,Gecinulus grantia,Gecinulus grantia,Gecinulus grantia
AVIBASE-E74A1CB3,Gecinulus viridis,Gecinulus viridis,Gecinulus viridis
AVIBASE-C5F70BBE,Gelochelidon macrotarsa,Gelochelidon nilotica,Sterna nilotica
AVIBASE-87168739,Gelochelidon nilotica,Gelochelidon nilotica,Sterna nilotica
AVIBASE-355D96C0,Gennaeodryas placens,Poecilodryas placens,Poecilodryas placens
AVIBASE-7821A1F0,Geobiastes squamiger,Brachypteracias squamiger,Brachypteracias squamiger
AVIBASE-C9BE0C1B,Geocerthia serrana,Geocerthia serrana,Upucerthia serrana
AVIBASE-DB5DABCF,Geococcyx californianus,Geococcyx californianus,Geococcyx californianus
AVIBASE-531820DD,Geococcyx velox,Geococcyx velox,Geococcyx velox
AVIBASE-D1B9D410,Geocolaptes olivaceus,Geocolaptes olivaceus,Geocolaptes olivaceus
AVIBASE-1773A3AD,Geoffroyus geoffroyi,Geoffroyus geoffroyi,Geoffroyus geoffroyi
AVIBASE-42AFAB65,Geoffroyus heteroclitus,Geoffroyus heteroclitus,Geoffroyus heteroclitus
AVIBASE-BFD2FF51,Geoffroyus hyacinthinus,Geoffroyus heteroclitus,Geoffroyus heteroclitus
AVIBASE-8C9C1CD3,Geoffroyus simplex,Geoffroyus simplex,Geoffroyus simplex
AVIBASE-DB5CE93A,Geokichla camaronensis,Geokichla camaronensis,Zoothera camaronensis
AVIBASE-552E29B1,Geokichla cinerea,Geokichla cinerea,Zoothera cinerea
AVIBASE-F82540A0,Geokichla citrina,Geokichla citrina,Zoothera citrina
AVIBASE-4745E8A7,Geokichla crossleyi,Geokichla crossleyi,Zoothera crossleyi
AVIBASE-BD5E4D1A,Geokichla dohertyi,Geokichla dohertyi,Zoothera dohertyi
AVIBASE-ACD5455A,Geokichla dumasi,Geokichla dumasi,Zoothera dumasi
AVIBASE-7B78D803,Geokichla erythronota,Geokichla erythronota,Zoothera erythronota
AVIBASE-45C55FDE,Geokichla gurneyi,Geokichla gurneyi,Zoothera gurneyi
AVIBASE-60A39CF9,Geokichla guttata,Geokichla guttata,Zoothera guttata
AVIBASE-8A975661,Geokichla interpres,Geokichla interpres,Zoothera interpres
AVIBASE-ECBCA806,Geokichla joiceyi,Geokichla joiceyi,Zoothera joiceyi
AVIBASE-04480AF2,Geokichla leucolaema,Geokichla leucolaema,Zoothera leucolaema
AVIBASE-55A20FBF,Geokichla mendeni,Geokichla mendeni,Zoothera mendeni
AVIBASE-05BC1F90,Geokichla oberlaenderi,Geokichla oberlaenderi,Zoothera oberlaenderi
AVIBASE-63802CCE,Geokichla peronii,Geokichla peronii,Zoothera peronii
AVIBASE-C54DCA26,Geokichla piaggiae,Geokichla piaggiae,Zoothera piaggiae
AVIBASE-C54DCA26,Geokichla piaggiae,Geokichla piaggiae,Zoothera tanganjicae
AVIBASE-CB1E8753,Geokichla princei,Geokichla princei,Zoothera princei
AVIBASE-EF99AC5E,Geokichla schistacea,Geokichla schistacea,Zoothera schistacea
AVIBASE-E7163B81,Geokichla sibirica,Geokichla sibirica,Zoothera sibirica
AVIBASE-098F2468,Geokichla spiloptera,Geokichla spiloptera,Zoothera spiloptera
AVIBASE-AC0C3921,Geokichla wardii,Geokichla wardii,Zoothera wardii
AVIBASE-6E50C3FA,Geomalia heinrichi,Zoothera heinrichi,Geomalia heinrichi
AVIBASE-4A80DFC5,Geopelia cuneata,Geopelia cuneata,Geopelia cuneata
AVIBASE-A39F91F0,Geopelia humeralis,Geopelia humeralis,Geopelia humeralis
AVIBASE-745E4C3D,Geopelia maugeus,Geopelia maugeus,Geopelia maugeus
AVIBASE-8DF7FC3F,Geopelia placida,Geopelia placida,Geopelia placida
AVIBASE-91C3A5E9,Geopelia striata,Geopelia striata,Geopelia striata
AVIBASE-89DA10B8,Geophaps plumifera,Geophaps plumifera,Geophaps plumifera
AVIBASE-AD62DDA5,Geophaps scripta,Geophaps scripta,Geophaps scripta
AVIBASE-888803D1,Geophaps smithii,Geophaps smithii,Geophaps smithii
AVIBASE-384F1772,Geositta antarctica,Geositta antarctica,Geositta antarctica
AVIBASE-ED051BF9,Geositta crassirostris,Geositta crassirostris,Geositta crassirostris
AVIBASE-4EE70F32,Geositta cunicularia,Geositta cunicularia,Geositta cunicularia
AVIBASE-74375A41,Geositta isabellina,Geositta isabellina,Geositta isabellina
AVIBASE-198D7ADC,Geositta maritima,Geositta maritima,Geositta maritima
AVIBASE-08B56CA2,Geositta peruviana,Geositta peruviana,Geositta peruviana
AVIBASE-10B5497A,Geositta poeciloptera,Geositta poeciloptera,Geositta poeciloptera
AVIBASE-0A82C7EB,Geositta punensis,Geositta punensis,Geositta punensis
AVIBASE-9E5E7504,Geositta rufipennis,Geositta rufipennis,Geositta rufipennis
AVIBASE-95D7191D,Geositta saxicolina,Geositta saxicolina,Geositta saxicolina
AVIBASE-BB636E9E,Geositta tenuirostris,Geositta tenuirostris,Geositta tenuirostris
AVIBASE-9D0CBF8C,Geospiza acutirostris,Geospiza acutirostris,Geospiza difficilis
AVIBASE-18306F20,Geospiza conirostris,Geospiza conirostris,Geospiza conirostris
AVIBASE-E3F00936,Geospiza difficilis,Geospiza difficilis,Geospiza difficilis
AVIBASE-4112A42B,Geospiza fortis,Geospiza fortis,Geospiza fortis
AVIBASE-E4353A51,Geospiza fuliginosa,Geospiza fuliginosa,Geospiza fuliginosa
AVIBASE-BEC9AB71,Geospiza heliobates,Camarhynchus heliobates,Camarhynchus heliobates
AVIBASE-3646336B,Geospiza magnirostris,Geospiza magnirostris,Geospiza magnirostris
AVIBASE-AA7BFE29,Geospiza pallida,Camarhynchus pallidus,Camarhynchus pallidus
AVIBASE-2670E8D5,Geospiza parvula,Camarhynchus parvulus,Camarhynchus parvulus
AVIBASE-884F3C94,Geospiza pauper,Camarhynchus pauper,Camarhynchus pauper
AVIBASE-2B218AA1,Geospiza propinqua,Geospiza propinqua,Geospiza conirostris
AVIBASE-A5475B20,Geospiza psittacula,Camarhynchus psittacula,Camarhynchus psittacula
AVIBASE-EFA269E4,Geospiza scandens,Geospiza scandens,Geospiza scandens
AVIBASE-2CD2FB00,Geospiza septentrionalis,Geospiza septentrionalis,Geospiza difficilis
AVIBASE-18B92473,Geospizopsis plebejus,Geospizopsis plebejus,Phrygilus plebejus
AVIBASE-66F4277F,Geospizopsis unicolor,Geospizopsis unicolor,Phrygilus unicolor
AVIBASE-AA0FABE2,Geothlypis aequinoctialis,Geothlypis aequinoctialis,Geothlypis aequinoctialis
AVIBASE-AA0FABE2,Geothlypis aequinoctialis,Geothlypis aequinoctialis,Geothlypis velata
AVIBASE-CF65BB25,Geothlypis auricularis,Geothlypis aequinoctialis,Geothlypis auricularis
AVIBASE-FAE5EC75,Geothlypis bairdi,Geothlypis semiflava,Geothlypis semiflava
AVIBASE-4ADFCCAB,Geothlypis beldingi,Geothlypis beldingi,Geothlypis beldingi
AVIBASE-10EF17DC,Geothlypis chiriquensis,Geothlypis semiflava,Geothlypis chiriquensis
AVIBASE-AF830626,Geothlypis flavovelata,Geothlypis flavovelata,Geothlypis flavovelata
AVIBASE-8C105C3C,Geothlypis formosa,Geothlypis formosa,Oporornis formosus
AVIBASE-24ED5D5C,Geothlypis nelsoni,Geothlypis nelsoni,Geothlypis nelsoni
AVIBASE-1A0096F2,Geothlypis philadelphia,Geothlypis philadelphia,Oporornis philadelphia
AVIBASE-2A09CA67,Geothlypis poliocephala,Geothlypis poliocephala,Geothlypis poliocephala
AVIBASE-B9A6C6E7,Geothlypis rostrata,Geothlypis rostrata,Geothlypis rostrata
AVIBASE-C5FF44F9,Geothlypis semiflava,Geothlypis semiflava,Geothlypis semiflava
AVIBASE-4659CFBD,Geothlypis speciosa,Geothlypis speciosa,Geothlypis speciosa
AVIBASE-85106518,Geothlypis tolmiei,Geothlypis tolmiei,Oporornis tolmiei
AVIBASE-BA4C8A02,Geothlypis trichas,Geothlypis trichas,Geothlypis trichas
AVIBASE-947E8D75,Geotrygon caniceps,Geotrygon caniceps,Geotrygon caniceps
AVIBASE-913CBCDF,Geotrygon chrysia,Geotrygon chrysia,Geotrygon chrysia
AVIBASE-6200936B,Geotrygon leucometopia,Geotrygon leucometopia,Geotrygon caniceps
AVIBASE-4817EC01,Geotrygon montana,Geotrygon montana,Geotrygon montana
AVIBASE-CA7BC4DA,Geotrygon mystacea,Geotrygon mystacea,Geotrygon mystacea
AVIBASE-B18C3C10,Geotrygon purpurata,Geotrygon purpurata,Geotrygon saphirina
AVIBASE-B6C1516E,Geotrygon saphirina,Geotrygon saphirina,Geotrygon saphirina
AVIBASE-CA19EB97,Geotrygon versicolor,Geotrygon versicolor,Geotrygon versicolor
AVIBASE-39197875,Geotrygon violacea,Geotrygon violacea,Geotrygon violacea
AVIBASE-72A83836,Geranoaetus albicaudatus,Geranoaetus albicaudatus,Buteo albicaudatus
AVIBASE-51405606,Geranoaetus melanoleucus,Geranoaetus melanoleucus,Geranoaetus melanoleucus
AVIBASE-2AAA7F76,Geranoaetus polyosoma,Geranoaetus polyosoma,Buteo polyosoma
AVIBASE-25266E29,Geranospiza caerulescens,Geranospiza caerulescens,Geranospiza caerulescens
AVIBASE-645134D3,Geronticus calvus,Geronticus calvus,Geronticus calvus
AVIBASE-B20FECE2,Geronticus eremita,Geronticus eremita,Geronticus eremita
AVIBASE-15E26A63,Gerygone albofrontata,Gerygone albofrontata,Gerygone albofrontata
AVIBASE-7C18F120,Gerygone chloronota,Gerygone chloronota,Gerygone chloronota
AVIBASE-FFBDC7E3,Gerygone chrysogaster,Gerygone chrysogaster,Gerygone chrysogaster
AVIBASE-72D0BE6E,Gerygone citrina,Gerygone flavolateralis,Gerygone flavolateralis
AVIBASE-53C9D4ED,Gerygone dorsalis,Gerygone dorsalis,Gerygone dorsalis
AVIBASE-5B6A8CD5,Gerygone flavolateralis,Gerygone flavolateralis,Gerygone flavolateralis
AVIBASE-0EF82B71,Gerygone fusca,Gerygone fusca,Gerygone fusca
AVIBASE-0FB52CEA,Gerygone hypoxantha,Gerygone hypoxantha,Gerygone hypoxantha
AVIBASE-C3D7DC15,Gerygone igata,Gerygone igata,Gerygone igata
AVIBASE-E2D8E671,Gerygone inornata,Gerygone inornata,Gerygone inornata
AVIBASE-1B655B31,Gerygone levigaster,Gerygone levigaster,Gerygone levigaster
AVIBASE-05E1D079,Gerygone magnirostris,Gerygone magnirostris,Gerygone magnirostris
AVIBASE-EECB2AB2,Gerygone modesta,Gerygone modesta,Gerygone modesta
AVIBASE-8A475492,Gerygone mouki,Gerygone mouki,Gerygone mouki
AVIBASE-4744C788,Gerygone olivacea,Gerygone olivacea,Gerygone olivacea
AVIBASE-B0902BCC,Gerygone palpebrosa,Gerygone palpebrosa,Gerygone palpebrosa
AVIBASE-C1F1EBF7,Gerygone ruficollis,Gerygone ruficollis,Gerygone ruficollis
AVIBASE-FE1D1405,Gerygone sulphurea,Gerygone sulphurea,Gerygone sulphurea
AVIBASE-36A21852,Gerygone tenebrosa,Gerygone tenebrosa,Gerygone tenebrosa
AVIBASE-B21AF428,Glareola cinerea,Glareola cinerea,Glareola cinerea
AVIBASE-D9A310F1,Glareola lactea,Glareola lactea,Glareola lactea
AVIBASE-3222F80F,Glareola maldivarum,Glareola maldivarum,Glareola maldivarum
AVIBASE-E1F6A875,Glareola nordmanni,Glareola nordmanni,Glareola nordmanni
AVIBASE-95820ED1,Glareola nuchalis,Glareola nuchalis,Glareola nuchalis
AVIBASE-AC0F25BB,Glareola ocularis,Glareola ocularis,Glareola ocularis
AVIBASE-D56ABB4E,Glareola pratincola,Glareola pratincola,Glareola pratincola
AVIBASE-AFD0411D,Glaucidium albertinum,Glaucidium albertinum,Glaucidium albertinum
AVIBASE-230E64EB,Glaucidium bolivianum,Glaucidium bolivianum,Glaucidium bolivianum
AVIBASE-40EB82DA,Glaucidium brasilianum,Glaucidium brasilianum,Glaucidium brasilianum
AVIBASE-BD6F3561,Glaucidium brodiei,Taenioptynx brodiei,Glaucidium brodiei
AVIBASE-43A289F2,Glaucidium californicum,Glaucidium gnoma,Glaucidium californicum
AVIBASE-8D2303B0,Glaucidium californicum,Glaucidium gnoma,Glaucidium californicum
AVIBASE-A5557BD9,Glaucidium californicum,Glaucidium gnoma,Glaucidium californicum
AVIBASE-F3BFBAD7,Glaucidium capense,Glaucidium capense,Glaucidium capense
AVIBASE-ADBC9DA4,Glaucidium castaneum,Glaucidium castaneum,Glaucidium castaneum
AVIBASE-1EF140AD,Glaucidium castanopterum,Glaucidium castanopterum,Glaucidium castanopterum
AVIBASE-9CBF957F,Glaucidium castanotum,Glaucidium castanotum,Glaucidium castanonotum
AVIBASE-A793D41D,Glaucidium cobanense,Glaucidium gnoma,Glaucidium gnoma
AVIBASE-B6FBDD30,Glaucidium costaricanum,Glaucidium costaricanum,Glaucidium costaricanum
AVIBASE-75E76449,Glaucidium cuculoides,Glaucidium cuculoides,Glaucidium cuculoides
AVIBASE-63FB826E,Glaucidium gnoma,Glaucidium gnoma,Glaucidium gnoma
AVIBASE-0F9969E8,Glaucidium griseiceps,Glaucidium griseiceps,Glaucidium griseiceps
AVIBASE-65BD222F,Glaucidium hardyi,Glaucidium hardyi,Glaucidium hardyi
AVIBASE-9F57819B,Glaucidium hoskinsii,Glaucidium gnoma,Glaucidium gnoma
AVIBASE-431CE379,Glaucidium jardinii,Glaucidium jardinii,Glaucidium jardinii
AVIBASE-199C4CCF,Glaucidium minutissimum,Glaucidium minutissimum,Glaucidium minutissimum
AVIBASE-EAFBF060,Glaucidium mooreorum,Glaucidium mooreorum,Glaucidium mooreorum
AVIBASE-2A67FFCB,Glaucidium nana,Glaucidium nana,Glaucidium nanum
AVIBASE-F00FC380,Glaucidium nubicola,Glaucidium nubicola,Glaucidium nubicola
AVIBASE-C831526B,Glaucidium palmarum,Glaucidium palmarum,Glaucidium palmarum
AVIBASE-4F3948B7,Glaucidium parkeri,Glaucidium parkeri,Glaucidium parkeri
AVIBASE-79E2AC7C,Glaucidium passerinum,Glaucidium passerinum,Glaucidium passerinum
AVIBASE-70CB00EC,Glaucidium perlatum,Glaucidium perlatum,Glaucidium perlatum
AVIBASE-7C26D709,Glaucidium peruanum,Glaucidium peruanum,Glaucidium peruanum
AVIBASE-1986F1AB,Glaucidium radiatum,Glaucidium radiatum,Glaucidium radiatum
AVIBASE-7081C015,Glaucidium sanchezi,Glaucidium sanchezi,Glaucidium sanchezi
AVIBASE-51EA40FE,Glaucidium siju,Glaucidium siju,Glaucidium siju
AVIBASE-9C464D6F,Glaucidium sjostedti,Glaucidium sjostedti,Glaucidium sjostedti
AVIBASE-E05A96F3,Glaucidium tephronotum,Glaucidium tephronotum,Glaucidium tephronotum
AVIBASE-FD0EA914,Glaucidium tucumanum,Glaucidium brasilianum,Glaucidium brasilianum
AVIBASE-2ABFB40A,Glaucis aeneus,Glaucis aeneus,Glaucis aeneus
AVIBASE-3593CF6A,Glaucis dohrnii,Glaucis dohrnii,Glaucis dohrnii
AVIBASE-2486FC78,Glaucis hirsutus,Glaucis hirsutus,Glaucis hirsutus
AVIBASE-AD945C6E,Gliciphila melanops,Gliciphila melanops,Phylidonyris melanops
AVIBASE-40123D94,Gliciphila notabilis,Gliciphila notabilis,Phylidonyris notabilis
AVIBASE-304DE3C6,Gliciphila undulata,Gliciphila undulata,Phylidonyris undulatus
AVIBASE-BE39F927,Glossopsitta concinna,Glossopsitta concinna,Glossopsitta concinna
AVIBASE-9689E669,Glossopsitta porphyrocephala,Parvipsitta porphyrocephala,Glossopsitta porphyrocephala
AVIBASE-3AACCDB1,Glossopsitta pusilla,Parvipsitta pusilla,Glossopsitta pusilla
AVIBASE-CA49E4FB,Glycichaera fallax,Glycichaera fallax,Glycichaera fallax
AVIBASE-B7517CD1,Glyphorynchus spirurus,Glyphorynchus spirurus,Glyphorynchus spirurus
AVIBASE-40A8B734,Gnorimopsar chopi,Gnorimopsar chopi,Gnorimopsar chopi
AVIBASE-1AA6F28B,Goethalsia bella,Goldmania bella,Goethalsia bella
AVIBASE-2CF120F2,Goldmania violiceps,Goldmania violiceps,Goldmania violiceps
AVIBASE-68A78883,Goodfellowia miranda,Goodfellowia miranda,Basilornis mirandus
AVIBASE-6667DD1A,Gorsachius goisagi,Gorsachius goisagi,Gorsachius goisagi
AVIBASE-DC10105A,Gorsachius melanolophus,Gorsachius melanolophus,Gorsachius melanolophus
AVIBASE-556137A4,Goura cristata,Goura cristata,Goura cristata
AVIBASE-6551B257,Goura scheepmakeri,Goura scheepmakeri,Goura scheepmakeri
AVIBASE-9965E32D,Goura sclaterii,Goura sclaterii,Goura scheepmakeri
AVIBASE-EAA06956,Goura victoria,Goura victoria,Goura victoria
AVIBASE-1A713EA2,Gracula indica,Gracula indica,Gracula religiosa
AVIBASE-6BEF1E77,Gracula ptilogenys,Gracula ptilogenys,Gracula ptilogenys
AVIBASE-DEA48F1F,Gracula religiosa,Gracula religiosa,Gracula religiosa
AVIBASE-E5D74EED,Gracula robusta,Gracula robusta,Gracula religiosa
AVIBASE-0DC9A072,Gracula venerata,Gracula religiosa,Gracula religiosa
AVIBASE-5DC5A1CC,Gracupica contra,Gracupica contra,Sturnus contra
AVIBASE-6BF56F5F,Gracupica jalla,Gracupica contra,Sturnus contra
AVIBASE-DAC2B38A,Gracupica nigricollis,Gracupica nigricollis,Sturnus nigricollis
AVIBASE-D9E58EA7,Grafisia torquata,Grafisia torquata,Grafisia torquata
AVIBASE-76F3ABA6,Grallaria albigula,Grallaria albigula,Grallaria albigula
AVIBASE-73BDA8FB,Grallaria alleni,Grallaria alleni,Grallaria alleni
AVIBASE-0416064D,Grallaria alticola,Grallaria quitensis,Grallaria quitensis
AVIBASE-821D3E2C,Grallaria andicolus,Grallaria andicolus,Grallaria andicolus
AVIBASE-4ECE7CED,Grallaria atuensis,Grallaria quitensis,Grallaria quitensis
AVIBASE-66435A66,Grallaria bangsi,Grallaria bangsi,Grallaria bangsi
AVIBASE-D5DBCC9E,Grallaria blakei,Grallaria blakei,Grallaria blakei
AVIBASE-C443FD00,Grallaria capitalis,Grallaria capitalis,Grallaria capitalis
AVIBASE-18671DC1,Grallaria carrikeri,Grallaria carrikeri,Grallaria carrikeri
AVIBASE-1585B1C0,Grallaria chthonia,Grallaria chthonia,Grallaria chthonia
AVIBASE-5D82B799,Grallaria dignissima,Grallaria dignissima,Grallaria dignissima
AVIBASE-9E50CABF,Grallaria eludens,Grallaria eludens,Grallaria eludens
AVIBASE-F50F89BE,Grallaria erythroleuca,Grallaria erythroleuca,Grallaria erythroleuca
AVIBASE-723FABB7,Grallaria erythrotis,Grallaria erythrotis,Grallaria erythrotis
AVIBASE-AF9CB0EA,Grallaria excelsa,Grallaria excelsa,Grallaria excelsa
AVIBASE-722C29AB,Grallaria fenwickorum,Grallaria urraoensis,NA
AVIBASE-4C18082A,Grallaria flavotincta,Grallaria flavotincta,Grallaria flavotincta
AVIBASE-15C83177,Grallaria gigantea,Grallaria gigantea,Grallaria gigantea
AVIBASE-FFB6037B,Grallaria griseonucha,Grallaria griseonucha,Grallaria griseonucha
AVIBASE-2DCEE578,Grallaria guatimalensis,Grallaria guatimalensis,Grallaria guatimalensis
AVIBASE-BC3FAE8B,Grallaria haplonota,Grallaria haplonota,Grallaria haplonota
AVIBASE-18E59ACC,Grallaria hypoleuca,Grallaria hypoleuca,Grallaria hypoleuca
AVIBASE-3FD0C73F,Grallaria kaestneri,Grallaria kaestneri,Grallaria kaestneri
AVIBASE-88C6B17B,Grallaria milleri,Grallaria milleri,Grallaria milleri
AVIBASE-CAB60F3C,Grallaria nuchalis,Grallaria nuchalis,Grallaria nuchalis
AVIBASE-98DA026C,Grallaria przewalskii,Grallaria przewalskii,Grallaria przewalskii
AVIBASE-356BAAED,Grallaria quitensis,Grallaria quitensis,Grallaria quitensis
AVIBASE-6F24D8CB,Grallaria ridgelyi,Grallaria ridgelyi,Grallaria ridgelyi
AVIBASE-F46A4E19,Grallaria ruficapilla,Grallaria ruficapilla,Grallaria ruficapilla
AVIBASE-E1A86347,Grallaria rufocinerea,Grallaria rufocinerea,Grallaria rufocinerea
AVIBASE-312C2924,Grallaria rufula,Grallaria saturata,Grallaria rufula
AVIBASE-DFC48396,Grallaria rufula,Grallaria occabambae,Grallaria rufula
AVIBASE-7F337E40,Grallaria rufula,Grallaria spatiator,Grallaria rufula
AVIBASE-CC099648,Grallaria rufula,Grallaria rufula,Grallaria rufula
AVIBASE-4248B7F6,Grallaria rufula,Grallaria alvarezi,Grallaria rufula
AVIBASE-A8A394CF,Grallaria saltuensis,Grallaria saltuensis,Grallaria rufula
AVIBASE-D9979344,Grallaria squamigera,Grallaria squamigera,Grallaria squamigera
AVIBASE-83213F7A,Grallaria varia,Grallaria varia,Grallaria varia
AVIBASE-3862FDBB,Grallaria watkinsi,Grallaria watkinsi,Grallaria watkinsi
AVIBASE-3DAB83EB,Grallaricula cucullata,Grallaricula cucullata,Grallaricula cucullata
AVIBASE-CB3D7CC3,Grallaricula cumanensis,Grallaricula cumanensis,Grallaricula nana
AVIBASE-E9553357,Grallaricula ferrugineipectus,Grallaricula ferrugineipectus,Grallaricula ferrugineipectus
AVIBASE-051DF113,Grallaricula flavirostris,Grallaricula flavirostris,Grallaricula flavirostris
AVIBASE-53DD64DC,Grallaricula leymebambae,Grallaricula leymebambae,Grallaricula ferrugineipectus
AVIBASE-FA147336,Grallaricula lineifrons,Grallaricula lineifrons,Grallaricula lineifrons
AVIBASE-22AAE57C,Grallaricula loricata,Grallaricula loricata,Grallaricula loricata
AVIBASE-287E1DD6,Grallaricula nana,Grallaricula nana,Grallaricula nana
AVIBASE-7BD6E7C0,Grallaricula ochraceifrons,Grallaricula ochraceifrons,Grallaricula ochraceifrons
AVIBASE-CE799E92,Grallaricula peruviana,Grallaricula peruviana,Grallaricula peruviana
AVIBASE-DDA62908,Grallina bruijnii,Grallina bruijnii,Grallina bruijni
AVIBASE-40BC6550,Grallina cyanoleuca,Grallina cyanoleuca,Grallina cyanoleuca
AVIBASE-97A164E7,Graminicola bengalensis,Graminicola bengalensis,Graminicola bengalensis
AVIBASE-0254B25D,Graminicola striatus,Graminicola striatus,Graminicola bengalensis
AVIBASE-6FCD4F9D,Grammatoptila striata,Grammatoptila striata,Garrulax striatus
AVIBASE-A3C7DD43,Granatellus francescae,Granatellus venustus,Granatellus venustus
AVIBASE-5DABDBB9,Granatellus paraensis,Granatellus pelzelni,Granatellus pelzelni
AVIBASE-A44E7CC9,Granatellus pelzelni,Granatellus pelzelni,Granatellus pelzelni
AVIBASE-695C0322,Granatellus sallaei,Granatellus sallaei,Granatellus sallaei
AVIBASE-AF14C445,Granatellus venustus,Granatellus venustus,Granatellus venustus
AVIBASE-E247988F,Granatina granatina,Granatina granatina,Uraeginthus granatinus
AVIBASE-DE689967,Granatina ianthinogaster,Granatina ianthinogaster,Uraeginthus ianthinogaster
AVIBASE-493D380B,Grandala coelicolor,Grandala coelicolor,Grandala coelicolor
AVIBASE-56DDD096,Grantiella picta,Grantiella picta,Grantiella picta
AVIBASE-07AE29DF,Graueria vittata,Graueria vittata,Graueria vittata
AVIBASE-44DA4D4E,Graydidascalus brachyurus,Graydidascalus brachyurus,Graydidascalus brachyurus
AVIBASE-1BAC8667,Griseotyrannus aurantioatrocristatus,Empidonomus aurantioatrocristatus,Empidonomus aurantioatrocristatus
AVIBASE-B87D744D,Grus americana,Grus americana,Grus americana
AVIBASE-99B8841E,Grus grus,Grus grus,Grus grus
AVIBASE-0777AB3C,Grus japonensis,Grus japonensis,Grus japonensis
AVIBASE-38F36091,Grus monacha,Grus monacha,Grus monacha
AVIBASE-7A78AD1C,Grus nigricollis,Grus nigricollis,Grus nigricollis
AVIBASE-167A2A67,Guadalcanaria inexpectata,Guadalcanaria inexpectata,Guadalcanaria inexpectata
AVIBASE-1F894CC3,Guaruba guarouba,Guaruba guarouba,Guaruba guarouba
AVIBASE-94DA257C,Gubernatrix cristata,Gubernatrix cristata,Gubernatrix cristata
AVIBASE-FFEDF8E6,Gubernetes yetapa,Gubernetes yetapa,Gubernetes yetapa
AVIBASE-E565F8E6,Guira guira,Guira guira,Guira guira
AVIBASE-CECC7B26,Gulosus aristotelis,Gulosus aristotelis,Phalacrocorax aristotelis
AVIBASE-34703319,Guttera edouardi,Guttera pucherani,Guttera pucherani
AVIBASE-374253A6,Guttera plumifera,Guttera plumifera,Guttera plumifera
AVIBASE-35D60F12,Guttera pucherani,Guttera pucherani,Guttera pucherani
AVIBASE-9D29C252,Guttera verreauxi,Guttera pucherani,Guttera pucherani
AVIBASE-7423BFED,Guyramemua affinis,Guyramemua affine,Suiriri islerorum
AVIBASE-38B88F11,Gygis alba,Gygis alba,Gygis alba
AVIBASE-850AB2F1,Gygis microrhyncha,Gygis alba,Gygis microrhyncha
AVIBASE-69968F8E,Gymnobucco bonapartei,Gymnobucco bonapartei,Gymnobucco bonapartei
AVIBASE-44AF29C0,Gymnobucco calvus,Gymnobucco calvus,Gymnobucco calvus
AVIBASE-4B1A8533,Gymnobucco cinereiceps,Gymnobucco bonapartei,Gymnobucco bonapartei
AVIBASE-92757910,Gymnobucco peli,Gymnobucco peli,Gymnobucco peli
AVIBASE-57F532BB,Gymnobucco sladeni,Gymnobucco sladeni,Gymnobucco sladeni
AVIBASE-17D3AF63,Gymnobucco vernayi,Gymnobucco calvus,Gymnobucco calvus
AVIBASE-49788670,Gymnocichla nudiceps,Gymnocichla nudiceps,Gymnocichla nudiceps
AVIBASE-A3BFE353,Gymnocrex plumbeiventris,Gymnocrex plumbeiventris,Gymnocrex plumbeiventris
AVIBASE-87A94D23,Gymnocrex rosenbergii,Gymnocrex rosenbergii,Gymnocrex rosenbergii
AVIBASE-732EAD28,Gymnocrex talaudensis,Gymnocrex talaudensis,Gymnocrex talaudensis
AVIBASE-B4177148,Gymnoderus foetidus,Gymnoderus foetidus,Gymnoderus foetidus
AVIBASE-24F14328,Gymnogyps californianus,Gymnogyps californianus,Gymnogyps californianus
AVIBASE-2F92B333,Gymnomystax mexicanus,Gymnomystax mexicanus,Gymnomystax mexicanus
AVIBASE-4709E1AB,Gymnomyza aubryana,Gymnomyza aubryana,Gymnomyza aubryana
AVIBASE-AF97F582,Gymnomyza brunneirostris,Gymnomyza brunneirostris,Gymnomyza viridis
AVIBASE-7E6D8746,Gymnomyza samoensis,Gymnomyza samoensis,Gymnomyza samoensis
AVIBASE-483F2F46,Gymnomyza viridis,Gymnomyza viridis,Gymnomyza viridis
AVIBASE-B7440FF2,Gymnophaps albertisii,Gymnophaps albertisii,Gymnophaps albertisii
AVIBASE-534A2A6A,Gymnophaps mada,Gymnophaps mada,Gymnophaps mada
AVIBASE-42F486DA,Gymnophaps solomonensis,Gymnophaps solomonensis,Gymnophaps solomonensis
AVIBASE-8A28C238,Gymnophaps stalkeri,Gymnophaps stalkeri,Gymnophaps mada
AVIBASE-0351F4F2,Gymnopithys bicolor,Gymnopithys bicolor,Gymnopithys leucaspis
AVIBASE-235DE47B,Gymnopithys leucaspis,Gymnopithys leucaspis,Gymnopithys leucaspis
AVIBASE-2AE442D9,Gymnopithys rufigula,Gymnopithys rufigula,Gymnopithys rufigula
AVIBASE-3CE2F51F,Gymnorhina tibicen,Gymnorhina tibicen,Gymnorhina tibicen
AVIBASE-A6905B3C,Gymnorhinus cyanocephalus,Gymnorhinus cyanocephalus,Gymnorhinus cyanocephalus
AVIBASE-969A369C,Gymnoris dentata,Gymnoris dentata,Petronia dentata
AVIBASE-FCD72CEE,Gymnoris pyrgita,Gymnoris pyrgita,Petronia pyrgita
AVIBASE-E323BF95,Gymnoris superciliaris,Gymnoris superciliaris,Petronia superciliaris
AVIBASE-77CBF484,Gymnoris xanthocollis,Gymnoris xanthocollis,Petronia xanthocollis
AVIBASE-81DB7410,Gypaetus barbatus,Gypaetus barbatus,Gypaetus barbatus
AVIBASE-14885C18,Gypohierax angolensis,Gypohierax angolensis,Gypohierax angolensis
AVIBASE-0419DDC2,Gyps africanus,Gyps africanus,Gyps africanus
AVIBASE-FC2346E6,Gyps bengalensis,Gyps bengalensis,Gyps bengalensis
AVIBASE-F85BEEB4,Gyps coprotheres,Gyps coprotheres,Gyps coprotheres
AVIBASE-5D1987CE,Gyps fulvus,Gyps fulvus,Gyps fulvus
AVIBASE-9BB5551E,Gyps himalayensis,Gyps himalayensis,Gyps himalayensis
AVIBASE-C255F69A,Gyps indicus,Gyps indicus,Gyps indicus
AVIBASE-76B512B1,Gyps rueppelli,Gyps rueppelli,Gyps rueppellii
AVIBASE-11324DC8,Gyps tenuirostris,Gyps tenuirostris,Gyps tenuirostris
AVIBASE-820B7430,Habia atrimaxillaris,Habia atrimaxillaris,Habia atrimaxillaris
AVIBASE-6C96417C,Habia carmioli,Chlorothraupis carmioli,Chlorothraupis carmioli
AVIBASE-231FAF07,Habia cristata,Habia cristata,Habia cristata
AVIBASE-F455871D,Habia frenata,Chlorothraupis carmioli,Chlorothraupis frenata
AVIBASE-8DD1FA55,Habia fuscicauda,Habia fuscicauda,Habia fuscicauda
AVIBASE-DFB36868,Habia gutturalis,Habia gutturalis,Habia gutturalis
AVIBASE-A66397C6,Habia olivacea,Chlorothraupis olivacea,Chlorothraupis olivacea
AVIBASE-C9041130,Habia rubica,Habia rubica,Habia rubica
AVIBASE-F035F1F9,Habia stolzmanni,Chlorothraupis stolzmanni,Chlorothraupis stolzmanni
AVIBASE-2BE28F60,Habroptila wallacii,Gallirallus wallacii,Habroptila wallacii
AVIBASE-A3944A95,Haematoderus militaris,Haematoderus militaris,Haematoderus militaris
AVIBASE-4AF23A6F,Haematopus ater,Haematopus ater,Haematopus ater
AVIBASE-BD49DB46,Haematopus ater,Haematopus bachmani,Haematopus bachmani
AVIBASE-C6485E53,Haematopus chathamensis,Haematopus chathamensis,Haematopus chathamensis
AVIBASE-3FCE29E8,Haematopus finschi,Haematopus finschi,Haematopus finschi
AVIBASE-D89E4A2C,Haematopus fuliginosus,Haematopus fuliginosus,Haematopus fuliginosus
AVIBASE-BC5DF5FA,Haematopus leucopodus,Haematopus leucopodus,Haematopus leucopodus
AVIBASE-D828B84D,Haematopus longirostris,Haematopus longirostris,Haematopus longirostris
AVIBASE-C078081E,Haematopus moquini,Haematopus moquini,Haematopus moquini
AVIBASE-ED663165,Haematopus ostralegus,Haematopus ostralegus,Haematopus ostralegus
AVIBASE-981CE782,Haematopus palliatus,Haematopus palliatus,Haematopus palliatus
AVIBASE-B8CF5A97,Haematopus unicolor,Haematopus unicolor,Haematopus unicolor
AVIBASE-53F470C0,Haematortyx sanguiniceps,Haematortyx sanguiniceps,Haematortyx sanguiniceps
AVIBASE-AC1E519F,Haemorhous cassinii,Haemorhous cassinii,Carpodacus cassinii
AVIBASE-89431E9F,Haemorhous mexicanus,Haemorhous mexicanus,Carpodacus mexicanus
AVIBASE-B4EE123D,Haemorhous purpureus,Haemorhous purpureus,Carpodacus purpureus
AVIBASE-C4D9D479,Hafferia fortis,Hafferia fortis,Myrmeciza fortis
AVIBASE-F0768885,Hafferia immaculata,Hafferia immaculata,Myrmeciza immaculata
AVIBASE-7B3A4DDB,Hafferia zeledoni,Hafferia zeledoni,Myrmeciza immaculata
AVIBASE-C5D3CB2A,Halcyon albiventris,Halcyon albiventris,Halcyon albiventris
AVIBASE-BD366A8F,Halcyon badia,Halcyon badia,Halcyon badia
AVIBASE-AB51824B,Halcyon chelicuti,Halcyon chelicuti,Halcyon chelicuti
AVIBASE-6647508A,Halcyon coromanda,Halcyon coromanda,Halcyon coromanda
AVIBASE-E4948338,Halcyon cyanoventris,Halcyon cyanoventris,Halcyon cyanoventris
AVIBASE-8B9E43C7,Halcyon gularis,Halcyon gularis,Halcyon smyrnensis
AVIBASE-178B6892,Halcyon leucocephala,Halcyon leucocephala,Halcyon leucocephala
AVIBASE-0D8BDD35,Halcyon malimbica,Halcyon malimbica,Halcyon malimbica
AVIBASE-6B292CA0,Halcyon pileata,Halcyon pileata,Halcyon pileata
AVIBASE-47E71671,Halcyon senegalensis,Halcyon senegalensis,Halcyon senegalensis
AVIBASE-1F360691,Halcyon senegaloides,Halcyon senegaloides,Halcyon senegaloides
AVIBASE-B30B6781,Halcyon smyrnensis,Halcyon smyrnensis,Halcyon smyrnensis
AVIBASE-5A3D91D3,Haliaeetus albicilla,Haliaeetus albicilla,Haliaeetus albicilla
AVIBASE-FED3756C,Haliaeetus leucocephalus,Haliaeetus leucocephalus,Haliaeetus leucocephalus
AVIBASE-94383EEF,Haliaeetus leucogaster,Haliaeetus leucogaster,Haliaeetus leucogaster
AVIBASE-F3CCFC18,Haliaeetus leucoryphus,Haliaeetus leucoryphus,Haliaeetus leucoryphus
AVIBASE-C481FB24,Haliaeetus pelagicus,Haliaeetus pelagicus,Haliaeetus pelagicus
AVIBASE-4CD1AF3E,Haliaeetus sanfordi,Haliaeetus sanfordi,Haliaeetus sanfordi
AVIBASE-A19B0CF4,Haliaeetus vocifer,Haliaeetus vocifer,Haliaeetus vocifer
AVIBASE-A877BECE,Haliaeetus vociferoides,Haliaeetus vociferoides,Haliaeetus vociferoides
AVIBASE-D89A9DC9,Haliastur indus,Haliastur indus,Haliastur indus
AVIBASE-FEDDD1F2,Haliastur sphenurus,Haliastur sphenurus,Haliastur sphenurus
AVIBASE-68D6A13A,Halobaena caerulea,Halobaena caerulea,Halobaena caerulea
AVIBASE-2775A1ED,Hamirostra melanosternon,Hamirostra melanosternon,Hamirostra melanosternon
AVIBASE-6967FA94,Hapalopsittaca amazonina,Hapalopsittaca amazonina,Hapalopsittaca amazonina
AVIBASE-485B3D87,Hapalopsittaca fuertesi,Hapalopsittaca fuertesi,Hapalopsittaca fuertesi
AVIBASE-91F5CA1B,Hapalopsittaca melanotis,Hapalopsittaca melanotis,Hapalopsittaca melanotis
AVIBASE-E37691A0,Hapalopsittaca pyrrhops,Hapalopsittaca pyrrhops,Hapalopsittaca pyrrhops
AVIBASE-4DA23B0B,Hapaloptila castanea,Hapaloptila castanea,Hapaloptila castanea
AVIBASE-053F6E2A,Haplophaedia assimilis,Haplophaedia assimilis,Haplophaedia assimilis
AVIBASE-A10F06E5,Haplophaedia aureliae,Haplophaedia aureliae,Haplophaedia aureliae
AVIBASE-745C796B,Haplophaedia lugens,Haplophaedia lugens,Haplophaedia lugens
AVIBASE-68520BCB,Haplospiza unicolor,Haplospiza unicolor,Haplospiza unicolor
AVIBASE-AFED9D54,Harpactes ardens,Harpactes ardens,Harpactes ardens
AVIBASE-ECF71AC7,Harpactes diardii,Harpactes diardii,Harpactes diardii
AVIBASE-80DFB0BE,Harpactes duvaucelii,Harpactes duvaucelii,Harpactes duvaucelii
AVIBASE-B8B765D8,Harpactes erythrocephalus,Harpactes erythrocephalus,Harpactes erythrocephalus
AVIBASE-FC98A36A,Harpactes fasciatus,Harpactes fasciatus,Harpactes fasciatus
AVIBASE-D04AAF76,Harpactes kasumba,Harpactes kasumba,Harpactes kasumba
AVIBASE-F663214E,Harpactes oreskios,Harpactes oreskios,Harpactes oreskios
AVIBASE-E5453199,Harpactes orrhophaeus,Harpactes orrhophaeus,Harpactes orrhophaeus
AVIBASE-09E4B98C,Harpactes wardi,Harpactes wardi,Harpactes wardi
AVIBASE-113784EC,Harpactes whiteheadi,Harpactes whiteheadi,Harpactes whiteheadi
AVIBASE-E640A953,Harpagus bidentatus,Harpagus bidentatus,Harpagus bidentatus
AVIBASE-CE6511AB,Harpagus diodon,Harpagus diodon,Harpagus diodon
AVIBASE-4D324C9C,Harpia harpyja,Harpia harpyja,Harpia harpyja
AVIBASE-1076B5CE,Harpyopsis novaeguineae,Harpyopsis novaeguineae,Harpyopsis novaeguineae
AVIBASE-3BDC2A16,Hartertula flavoviridis,Hartertula flavoviridis,Neomixis flavoviridis
AVIBASE-9D7AA862,Hartlaubius auratus,Hartlaubius auratus,Saroglossa aurata
AVIBASE-1611F295,Hedydipna collaris,Hedydipna collaris,Anthreptes collaris
AVIBASE-8333D907,Hedydipna metallica,Hedydipna metallica,Anthreptes metallicus
AVIBASE-0B4F3AA2,Hedydipna pallidigaster,Hedydipna pallidigaster,Anthreptes pallidigaster
AVIBASE-B0E7740F,Hedydipna platura,Hedydipna platura,Anthreptes platurus
AVIBASE-FFC22757,Heinrichia calligyna,Heinrichia calligyna,Heinrichia calligyna
AVIBASE-E6265029,Heinrichia simplex,Heinrichia calligyna,Heinrichia calligyna
AVIBASE-2F3B27C1,Heleia crassirostris,Heleia crassirostris,Heleia crassirostris
AVIBASE-65C5881A,Heleia dohertyi,Heleia dohertyi,Lophozosterops dohertyi
AVIBASE-B34CCF13,Heleia goodfellowi,Heleia goodfellowi,Lophozosterops goodfellowi
AVIBASE-23A7AB57,Heleia javanica,Heleia javanica,Lophozosterops javanicus
AVIBASE-B5D365E9,Heleia muelleri,Heleia muelleri,Heleia muelleri
AVIBASE-B0B39351,Heleia pinaiae,Heleia pinaiae,Lophozosterops pinaiae
AVIBASE-5149A050,Heleia squamiceps,Heleia squamiceps,Lophozosterops squamiceps
AVIBASE-1A31DD7F,Heleia squamifrons,Heleia squamifrons,Oculocincta squamifrons
AVIBASE-6A8BDC5E,Heleia superciliaris,Heleia superciliaris,Lophozosterops superciliaris
AVIBASE-EAE691C1,Heleia wallacei,Heleia wallacei,Zosterops wallacei
AVIBASE-00B132B4,Heliactin bilophus,Heliactin bilophus,Heliactin bilophus
AVIBASE-D9EBF49B,Heliangelus amethysticollis,Heliangelus amethysticollis,Heliangelus amethysticollis
AVIBASE-7AA56690,Heliangelus clarisse,Heliangelus amethysticollis,Heliangelus amethysticollis
AVIBASE-D13C5D60,Heliangelus exortis,Heliangelus exortis,Heliangelus exortis
AVIBASE-B9ADD845,Heliangelus mavors,Heliangelus mavors,Heliangelus mavors
AVIBASE-99E728A9,Heliangelus micraster,Heliangelus micraster,Heliangelus micraster
AVIBASE-80D6D83B,Heliangelus regalis,Heliangelus regalis,Heliangelus regalis
AVIBASE-DA50B42A,Heliangelus spencei,Heliangelus amethysticollis,Heliangelus amethysticollis
AVIBASE-D88EA528,Heliangelus strophianus,Heliangelus strophianus,Heliangelus strophianus
AVIBASE-E9C20F6C,Heliangelus viola,Heliangelus viola,Heliangelus viola
AVIBASE-58078CCA,Helicolestes hamatus,Helicolestes hamatus,Helicolestes hamatus
AVIBASE-96349863,Heliobletus contaminatus,Heliobletus contaminatus,Heliobletus contaminatus
AVIBASE-0BCA95F5,Heliodoxa aurescens,Heliodoxa aurescens,Heliodoxa aurescens
AVIBASE-BC678304,Heliodoxa branickii,Heliodoxa branickii,Heliodoxa branickii
AVIBASE-79CC5B96,Heliodoxa gularis,Heliodoxa gularis,Heliodoxa gularis
AVIBASE-5F1473EE,Heliodoxa imperatrix,Heliodoxa imperatrix,Heliodoxa imperatrix
AVIBASE-826BF290,Heliodoxa jacula,Heliodoxa jacula,Heliodoxa jacula
AVIBASE-1368181F,Heliodoxa leadbeateri,Heliodoxa leadbeateri,Heliodoxa leadbeateri
AVIBASE-06B7366C,Heliodoxa rubinoides,Heliodoxa rubinoides,Heliodoxa rubinoides
AVIBASE-31F0678A,Heliodoxa schreibersii,Heliodoxa schreibersii,Heliodoxa schreibersii
AVIBASE-2088F99E,Heliodoxa whitelyana,Heliodoxa schreibersii,Heliodoxa schreibersii
AVIBASE-73340764,Heliodoxa xanthogonys,Heliodoxa xanthogonys,Heliodoxa xanthogonys
AVIBASE-CFE2C8C8,Heliomaster constantii,Heliomaster constantii,Heliomaster constantii
AVIBASE-8E2B55E8,Heliomaster furcifer,Heliomaster furcifer,Heliomaster furcifer
AVIBASE-7DB659EF,Heliomaster longirostris,Heliomaster longirostris,Heliomaster longirostris
AVIBASE-CE6CB6B7,Heliomaster squamosus,Heliomaster squamosus,Heliomaster squamosus
AVIBASE-EC6869E2,Heliopais personatus,Heliopais personatus,Heliopais personatus
AVIBASE-097FAA36,Heliornis fulica,Heliornis fulica,Heliornis fulica
AVIBASE-EFBDAE18,Heliothryx auritus,Heliothryx auritus,Heliothryx auritus
AVIBASE-B70BC2CB,Heliothryx barroti,Heliothryx barroti,Heliothryx barroti
AVIBASE-3FACD55E,Hellmayrea gularis,Hellmayrea gularis,Hellmayrea gularis
AVIBASE-295C4CD6,Helmitheros vermivorum,Helmitheros vermivorum,Helmitheros vermivorum
AVIBASE-23956360,Hemicircus canente,Hemicircus canente,Hemicircus canente
AVIBASE-A2CD62E8,Hemicircus concretus,Hemicircus concretus,Hemicircus concretus
AVIBASE-C836FAAC,Hemicircus sordidus,Hemicircus concretus,Hemicircus concretus
AVIBASE-43F17FD6,Hemignathus affinis,Hemignathus affinis,Hemignathus lucidus
AVIBASE-FBE9861A,Hemignathus hanapepe,Hemignathus hanapepe,Hemignathus lucidus
AVIBASE-2019D40E,Hemignathus lucidus,Hemignathus lucidus,Hemignathus lucidus
AVIBASE-DDE78CC9,Hemignathus wilsoni,Hemignathus wilsoni,Hemignathus munroi
AVIBASE-71F12B23,Hemimacronyx chloris,Hemimacronyx chloris,Anthus chloris
AVIBASE-1819B63F,Hemiphaga chathamensis,Hemiphaga chathamensis,Hemiphaga novaeseelandiae
AVIBASE-335C2C80,Hemiphaga novaeseelandiae,Hemiphaga novaeseelandiae,Hemiphaga novaeseelandiae
AVIBASE-76477B32,Hemiprocne comata,Hemiprocne comata,Hemiprocne comata
AVIBASE-509C8FD4,Hemiprocne coronata,Hemiprocne coronata,Hemiprocne coronata
AVIBASE-9B8B422F,Hemiprocne longipennis,Hemiprocne longipennis,Hemiprocne longipennis
AVIBASE-C689BD7E,Hemiprocne mystacea,Hemiprocne mystacea,Hemiprocne mystacea
AVIBASE-98B4A716,Hemipus hirundinaceus,Hemipus hirundinaceus,Hemipus hirundinaceus
AVIBASE-B0066A99,Hemipus picatus,Hemipus picatus,Hemipus picatus
AVIBASE-D86EAD92,Hemitesia neumanni,Urosphena neumanni,Hemitesia neumanni
AVIBASE-E87512DF,Hemitesia pallidipes,Urosphena pallidipes,Cettia pallidipes
AVIBASE-A62F8926,Hemithraupis flavicollis,Hemithraupis flavicollis,Hemithraupis flavicollis
AVIBASE-0C58C65E,Hemithraupis guira,Hemithraupis guira,Hemithraupis guira
AVIBASE-58332419,Hemithraupis ruficapilla,Hemithraupis ruficapilla,Hemithraupis ruficapilla
AVIBASE-16CC6A73,Hemitriccus cinnamomeipectus,Hemitriccus cinnamomeipectus,Hemitriccus cinnamomeipectus
AVIBASE-287B92E9,Hemitriccus cohnhafti,Hemitriccus cohnhafti,Hemitriccus spodiops
AVIBASE-AA268B7C,Hemitriccus diops,Hemitriccus diops,Hemitriccus diops
AVIBASE-ABF9C0A0,Hemitriccus flammulatus,Hemitriccus flammulatus,Hemitriccus flammulatus
AVIBASE-6D4EB6D9,Hemitriccus furcatus,Hemitriccus furcatus,Hemitriccus furcatus
AVIBASE-DCD65D2A,Hemitriccus granadensis,Hemitriccus granadensis,Hemitriccus granadensis
AVIBASE-7B0D94FA,Hemitriccus griseipectus,Hemitriccus griseipectus,Hemitriccus griseipectus
AVIBASE-88B7BCFD,Hemitriccus inornatus,Hemitriccus inornatus,Hemitriccus inornatus
AVIBASE-7B213A40,Hemitriccus iohannis,Hemitriccus iohannis,Hemitriccus iohannis
AVIBASE-8DEC75BC,Hemitriccus josephinae,Hemitriccus josephinae,Hemitriccus josephinae
AVIBASE-4F4E9022,Hemitriccus kaempferi,Hemitriccus kaempferi,Hemitriccus kaempferi
AVIBASE-8B67256A,Hemitriccus margaritaceiventer,Hemitriccus margaritaceiventer,Hemitriccus margaritaceiventer
AVIBASE-93D764F6,Hemitriccus minimus,Hemitriccus minimus,Hemitriccus minimus
AVIBASE-67D5984B,Hemitriccus minor,Hemitriccus minor,Hemitriccus minor
AVIBASE-2B663C9F,Hemitriccus mirandae,Hemitriccus mirandae,Hemitriccus mirandae
AVIBASE-4D359426,Hemitriccus nidipendulus,Hemitriccus nidipendulus,Hemitriccus nidipendulus
AVIBASE-3B65A703,Hemitriccus obsoletus,Hemitriccus obsoletus,Hemitriccus obsoletus
AVIBASE-BB9BDDF8,Hemitriccus orbitatus,Hemitriccus orbitatus,Hemitriccus orbitatus
AVIBASE-447039A9,Hemitriccus rufigularis,Hemitriccus rufigularis,Hemitriccus rufigularis
AVIBASE-FFF096DB,Hemitriccus spodiops,Hemitriccus spodiops,Hemitriccus spodiops
AVIBASE-54EF3ACB,Hemitriccus striaticollis,Hemitriccus striaticollis,Hemitriccus striaticollis
AVIBASE-04CCE338,Hemitriccus zosterops,Hemitriccus zosterops,Hemitriccus zosterops
AVIBASE-5BAE0043,Hemixos castanonotus,Hemixos castanonotus,Hemixos castanonotus
AVIBASE-822717D8,Hemixos cinereus,Hemixos cinereus,Hemixos flavala
AVIBASE-482275EB,Hemixos connectens,Hemixos cinereus,Hemixos flavala
AVIBASE-32E65FB3,Hemixos flavala,Hemixos flavala,Hemixos flavala
AVIBASE-710EBAE8,Hemixos leucogrammicus,Pycnonotus leucogrammicus,Pycnonotus leucogrammicus
AVIBASE-36DD499F,Henicopernis infuscatus,Henicopernis infuscatus,Henicopernis infuscatus
AVIBASE-AC3B7AD4,Henicopernis longicauda,Henicopernis longicauda,Henicopernis longicauda
AVIBASE-A91318C0,Henicophaps albifrons,Henicophaps albifrons,Henicophaps albifrons
AVIBASE-0165D38B,Henicophaps foersteri,Henicophaps foersteri,Henicophaps foersteri
AVIBASE-BDC37153,Henicorhina anachoreta,Henicorhina anachoreta,Henicorhina leucophrys
AVIBASE-57420691,Henicorhina leucophrys,Henicorhina leucophrys,Henicorhina leucophrys
AVIBASE-5A62A484,Henicorhina leucoptera,Henicorhina leucoptera,Henicorhina leucoptera
AVIBASE-3563183F,Henicorhina leucosticta,Henicorhina leucosticta,Henicorhina leucosticta
AVIBASE-228BABC3,Henicorhina negreti,Henicorhina negreti,Henicorhina negreti
AVIBASE-24C90C1A,Herpetotheres cachinnans,Herpetotheres cachinnans,Herpetotheres cachinnans
AVIBASE-38B867FD,Herpsilochmus atricapillus,Herpsilochmus atricapillus,Herpsilochmus atricapillus
AVIBASE-009A3CAA,Herpsilochmus axillaris,Herpsilochmus axillaris,Herpsilochmus axillaris
AVIBASE-9442883E,Herpsilochmus dorsimaculatus,Herpsilochmus dorsimaculatus,Herpsilochmus dorsimaculatus
AVIBASE-2D649D9F,Herpsilochmus dugandi,Herpsilochmus dugandi,Herpsilochmus dugandi
AVIBASE-881FE108,Herpsilochmus gentryi,Herpsilochmus gentryi,Herpsilochmus gentryi
AVIBASE-EE3F7F41,Herpsilochmus longirostris,Herpsilochmus longirostris,Herpsilochmus longirostris
AVIBASE-57E1F692,Herpsilochmus motacilloides,Herpsilochmus motacilloides,Herpsilochmus motacilloides
AVIBASE-6E2505D7,Herpsilochmus parkeri,Herpsilochmus parkeri,Herpsilochmus parkeri
AVIBASE-277F57DE,Herpsilochmus pectoralis,Herpsilochmus pectoralis,Herpsilochmus pectoralis
AVIBASE-E6581183,Herpsilochmus pileatus,Herpsilochmus pileatus,Herpsilochmus pileatus
AVIBASE-A0975D6E,Herpsilochmus praedictus,Herpsilochmus praedictus,NA
AVIBASE-039291B6,Herpsilochmus roraimae,Herpsilochmus roraimae,Herpsilochmus roraimae
AVIBASE-94479EAE,Herpsilochmus rufimarginatus,Herpsilochmus rufimarginatus,Herpsilochmus rufimarginatus
AVIBASE-4E6C31E9,Herpsilochmus scapularis,Herpsilochmus frater,Herpsilochmus rufimarginatus
AVIBASE-2587F820,Herpsilochmus sellowi,Herpsilochmus sellowi,Herpsilochmus sellowi
AVIBASE-17487809,Herpsilochmus stictocephalus,Herpsilochmus stictocephalus,Herpsilochmus stictocephalus
AVIBASE-42B2013F,Herpsilochmus sticturus,Herpsilochmus sticturus,Herpsilochmus sticturus
AVIBASE-F1E7B851,Herpsilochmus stotzi,Herpsilochmus stotzi,NA
AVIBASE-5C079E0C,Hesperiphona abeillei,Coccothraustes abeillei,Coccothraustes abeillei
AVIBASE-C6B5497C,Hesperiphona vespertina,Coccothraustes vespertinus,Coccothraustes vespertinus
AVIBASE-9A003ACA,Heterocercus aurantiivertex,Heterocercus aurantiivertex,Heterocercus aurantiivertex
AVIBASE-08F2D7DF,Heterocercus flavivertex,Heterocercus flavivertex,Heterocercus flavivertex
AVIBASE-F8BBD894,Heterocercus linteatus,Heterocercus linteatus,Heterocercus linteatus
AVIBASE-216207A9,Heteromirafra archeri,Heteromirafra archeri,Heteromirafra sidamoensis
AVIBASE-216207A9,Heteromirafra archeri,Heteromirafra archeri,Heteromirafra archeri
AVIBASE-2B8E5C63,Heteromirafra ruddi,Heteromirafra ruddi,Heteromirafra ruddi
AVIBASE-E6B72B68,Heteromunia pectoralis,Heteromunia pectoralis,Heteromunia pectoralis
AVIBASE-1A2A03C3,Heteromyias albispecularis,Heteromyias albispecularis,Heteromyias albispecularis
AVIBASE-0B0E50E0,Heteromyias armiti,Heteromyias albispecularis,Heteromyias albispecularis
AVIBASE-6C122D2F,Heteromyias cinereifrons,Heteromyias cinereifrons,Heteromyias albispecularis
AVIBASE-5ACD60F4,Heteronetta atricapilla,Heteronetta atricapilla,Heteronetta atricapilla
AVIBASE-2487A80F,Heterophasia auricularis,Heterophasia auricularis,Heterophasia auricularis
AVIBASE-50BF5295,Heterophasia capistrata,Heterophasia capistrata,Heterophasia capistrata
AVIBASE-2869ADB4,Heterophasia desgodinsi,Heterophasia desgodinsi,Heterophasia desgodinsi
AVIBASE-3B369923,Heterophasia gracilis,Heterophasia gracilis,Heterophasia gracilis
AVIBASE-49E535FF,Heterophasia melanoleuca,Heterophasia melanoleuca,Heterophasia melanoleuca
AVIBASE-3C8820C7,Heterophasia picaoides,Heterophasia picaoides,Heterophasia picaoides
AVIBASE-F990AA6C,Heterophasia pulchella,Heterophasia pulchella,Heterophasia pulchella
AVIBASE-D2B68684,Heteroscenes pallidus,Cacomantis pallidus,Cuculus pallidus
AVIBASE-8004723E,Heterospingus rubrifrons,Heterospingus rubrifrons,Heterospingus rubrifrons
AVIBASE-D9B6353E,Heterospingus xanthopygius,Heterospingus xanthopygius,Heterospingus xanthopygius
AVIBASE-1BF89BB6,Heterotetrax humilis,Eupodotis humilis,Eupodotis humilis
AVIBASE-303DD648,Heterotetrax rueppelii,Eupodotis rueppelii,Eupodotis rueppellii
AVIBASE-199B6280,Heterotetrax vigorsii,Eupodotis vigorsii,Eupodotis vigorsii
AVIBASE-5D15D786,Heteroxenicus stellatus,Brachypteryx stellata,Brachypteryx stellata
AVIBASE-7DF00403,Hieraaetus ayresii,Hieraaetus ayresii,Hieraaetus ayresii
AVIBASE-1117758C,Hieraaetus morphnoides,Hieraaetus morphnoides,Hieraaetus morphnoides
AVIBASE-4B8CC285,Hieraaetus pennatus,Hieraaetus pennatus,Hieraaetus pennatus
AVIBASE-535F3C99,Hieraaetus wahlbergi,Hieraaetus wahlbergi,Aquila wahlbergi
AVIBASE-BB8B4113,Hieraaetus weiskei,Hieraaetus weiskei,Hieraaetus weiskei
AVIBASE-985D5E9E,Hierococcyx bocki,Hierococcyx bocki,Cuculus sparverioides
AVIBASE-FBCC3C2F,Hierococcyx fugax,Hierococcyx fugax,Cuculus fugax
AVIBASE-207B3537,Hierococcyx hyperythrus,Hierococcyx hyperythrus,Cuculus fugax
AVIBASE-099F2928,Hierococcyx nisicolor,Hierococcyx nisicolor,Cuculus fugax
AVIBASE-0A04334E,Hierococcyx pectoralis,Hierococcyx pectoralis,Cuculus fugax
AVIBASE-CC033E81,Hierococcyx sparverioides,Hierococcyx sparverioides,Cuculus sparverioides
AVIBASE-7B055529,Hierococcyx vagans,Hierococcyx vagans,Cuculus vagans
AVIBASE-0880DDC8,Hierococcyx varius,Hierococcyx varius,Cuculus varius
AVIBASE-109000B4,Himalayapsitta cyanocephala,Psittacula cyanocephala,Psittacula cyanocephala
AVIBASE-A72667DF,Himalayapsitta finschii,Psittacula finschii,Psittacula finschii
AVIBASE-5D7421A0,Himalayapsitta himalayana,Psittacula himalayana,Psittacula himalayana
AVIBASE-7FBB0C8D,Himalayapsitta roseata,Psittacula roseata,Psittacula roseata
AVIBASE-C2830C86,Himantopus himantopus,Himantopus leucocephalus,Himantopus leucocephalus
AVIBASE-3CAEB7CE,Himantopus himantopus,Himantopus himantopus,Himantopus himantopus
AVIBASE-D543132B,Himantopus himantopus,Himantopus mexicanus,Himantopus mexicanus
AVIBASE-C26304D6,Himantopus novaezelandiae,Himantopus novaezelandiae,Himantopus novaezelandiae
AVIBASE-8D6E495E,Himantornis haematopus,Himantornis haematopus,Himantornis haematopus
AVIBASE-4309F417,Himatione fraithii,Himatione fraithii,Himatione sanguinea
AVIBASE-374CF449,Himatione sanguinea,Himatione sanguinea,Himatione sanguinea
AVIBASE-869C978C,Hippolais icterina,Hippolais icterina,Hippolais icterina
AVIBASE-B10AD127,Hippolais languida,Hippolais languida,Hippolais languida
AVIBASE-791DED18,Hippolais olivetorum,Hippolais olivetorum,Hippolais olivetorum
AVIBASE-DCDD1BCA,Hippolais polyglotta,Hippolais polyglotta,Hippolais polyglotta
AVIBASE-EA55CA27,Hirundapus caudacutus,Hirundapus caudacutus,Hirundapus caudacutus
AVIBASE-0685479A,Hirundapus celebensis,Hirundapus celebensis,Hirundapus celebensis
AVIBASE-E4875B29,Hirundapus cochinchinensis,Hirundapus cochinchinensis,Hirundapus cochinchinensis
AVIBASE-468C27AD,Hirundapus giganteus,Hirundapus giganteus,Hirundapus giganteus
AVIBASE-FF75DFC5,Hirundinea bellicosa,Hirundinea ferruginea,Hirundinea ferruginea
AVIBASE-7B20FC9D,Hirundinea ferruginea,Hirundinea ferruginea,Hirundinea ferruginea
AVIBASE-42E93B64,Hirundo aethiopica,Hirundo aethiopica,Hirundo aethiopica
AVIBASE-E7755BD1,Hirundo albigularis,Hirundo albigularis,Hirundo albigularis
AVIBASE-B418B155,Hirundo angolensis,Hirundo angolensis,Hirundo angolensis
AVIBASE-CB7FB32A,Hirundo atrocaerulea,Hirundo atrocaerulea,Hirundo atrocaerulea
AVIBASE-0E5AB5F0,Hirundo dimidiata,Hirundo dimidiata,Hirundo dimidiata
AVIBASE-B9AC53DE,Hirundo javanica,Hirundo tahitica,Hirundo tahitica
AVIBASE-8FCDB881,Hirundo javanica,Hirundo domicola,Hirundo domicola
AVIBASE-29D93FC2,Hirundo leucosoma,Hirundo leucosoma,Hirundo leucosoma
AVIBASE-F401ECCF,Hirundo lucida,Hirundo lucida,Hirundo lucida
AVIBASE-BAAFB1BC,Hirundo megaensis,Hirundo megaensis,Hirundo megaensis
AVIBASE-F8F6B795,Hirundo neoxena,Hirundo neoxena,Hirundo neoxena
AVIBASE-0116C834,Hirundo nigrita,Hirundo nigrita,Hirundo nigrita
AVIBASE-10605B6E,Hirundo nigrorufa,Hirundo nigrorufa,Hirundo nigrorufa
AVIBASE-58C502EA,Hirundo rustica,Hirundo rustica,Hirundo rustica
AVIBASE-B79D6B3D,Hirundo smithii,Hirundo smithii,Hirundo smithii
AVIBASE-8C7E0230,Hirundo tahitica,Hirundo tahitica,Hirundo tahitica
AVIBASE-BCBD2EAE,Histrionicus histrionicus,Histrionicus histrionicus,Histrionicus histrionicus
AVIBASE-FD2FEFFD,Histurgops ruficauda,Histurgops ruficauda,Histurgops ruficaudus
AVIBASE-789DEC69,Hodgsonius phaenicuroides,Luscinia phaenicuroides,Hodgsonius phaenicuroides
AVIBASE-FC943B05,Hoploxypterus cayanus,Vanellus cayanus,Vanellus cayanus
AVIBASE-8009A6BC,Horizocerus albocristatus,Horizocerus albocristatus,Tropicranus albocristatus
AVIBASE-EBFEDFB3,Horizocerus cassini,Horizocerus albocristatus,Tropicranus albocristatus
AVIBASE-23FEF54E,Horizocerus granti,Horizocerus hartlaubi,Tockus hartlaubi
AVIBASE-66D85117,Horizocerus hartlaubi,Horizocerus hartlaubi,Tockus hartlaubi
AVIBASE-0A91A181,Horornis acanthizoides,Horornis acanthizoides,Cettia acanthizoides
AVIBASE-70419673,Horornis annae,Horornis annae,Cettia annae
AVIBASE-4B3D2096,Horornis brunnescens,Horornis brunnescens,Cettia brunnescens
AVIBASE-CF833D56,Horornis canturians,Horornis canturians,Cettia canturians
AVIBASE-D91319C4,Horornis carolinae,Horornis carolinae,Cettia carolinae
AVIBASE-7D1FD35D,Horornis diphone,Horornis diphone,Cettia diphone
AVIBASE-8C91ADCB,Horornis flavolivaceus,Horornis vulcanius,Cettia vulcania
AVIBASE-9AED6576,Horornis flavolivaceus,Horornis flavolivaceus,Cettia flavolivacea
AVIBASE-16508376,Horornis fortipes,Horornis fortipes,Cettia fortipes
AVIBASE-A974FAFE,Horornis haddeni,Horornis haddeni,Cettia haddeni
AVIBASE-DFE28E09,Horornis parens,Horornis parens,Cettia parens
AVIBASE-8CC7FC93,Horornis ruficapilla,Horornis ruficapilla,Cettia ruficapilla
AVIBASE-516D598B,Horornis seebohmi,Horornis seebohmi,Cettia seebohmi
AVIBASE-4E2CA7F7,Houbaropsis bengalensis,Houbaropsis bengalensis,Houbaropsis bengalensis
AVIBASE-D6E30413,Humblotia flavirostris,Humblotia flavirostris,Humblotia flavirostris
AVIBASE-D3FAE385,Hydrobates castro,Hydrobates castro,Oceanodroma castro
AVIBASE-B57A7ED2,Hydrobates cheimomnestes,Hydrobates cheimomnestes,Oceanodroma leucorhoa
AVIBASE-DD814006,Hydrobates furcatus,Hydrobates furcatus,Oceanodroma furcata
AVIBASE-04B43245,Hydrobates homochroa,Hydrobates homochroa,Oceanodroma homochroa
AVIBASE-5F5C5FD3,Hydrobates hornbyi,Hydrobates hornbyi,Oceanodroma hornbyi
AVIBASE-0F6A5DD6,Hydrobates jabejabe,Hydrobates jabejabe,Oceanodroma castro
AVIBASE-C5FB15C6,Hydrobates leucorhous,Hydrobates leucorhous,Oceanodroma leucorhoa
AVIBASE-6FC4B715,Hydrobates macrodactylus,Hydrobates macrodactyla,Oceanodroma leucorhoa
AVIBASE-326E50B4,Hydrobates markhami,Hydrobates markhami,Oceanodroma markhami
AVIBASE-6AA236DD,Hydrobates matsudairae,Hydrobates matsudairae,Oceanodroma matsudairae
AVIBASE-149499C6,Hydrobates melania,Hydrobates melania,Oceanodroma melania
AVIBASE-183CC218,Hydrobates microsoma,Hydrobates microsoma,Halocyptena microsoma
AVIBASE-80DE8670,Hydrobates monorhis,Hydrobates monorhis,Oceanodroma monorhis
AVIBASE-3E579E5B,Hydrobates monteiroi,Hydrobates monteiroi,Oceanodroma monteiroi
AVIBASE-E1638A37,Hydrobates pelagicus,Hydrobates pelagicus,Hydrobates pelagicus
AVIBASE-C794DCC7,Hydrobates socorroensis,Hydrobates socorroensis,Oceanodroma leucorhoa
AVIBASE-7BE70E1F,Hydrobates tethys,Hydrobates tethys,Oceanodroma tethys
AVIBASE-EDF95934,Hydrobates tristrami,Hydrobates tristrami,Oceanodroma tristrami
AVIBASE-18E79DA7,Hydrochous gigas,Hydrochous gigas,Hydrochous gigas
AVIBASE-F89FD6E3,Hydrocoloeus minutus,Hydrocoloeus minutus,Larus minutus
AVIBASE-6F672FA3,Hydrophasianus chirurgus,Hydrophasianus chirurgus,Hydrophasianus chirurgus
AVIBASE-BC06BC0D,Hydroprogne caspia,Hydroprogne caspia,Sterna caspia
AVIBASE-663835A6,Hydropsalis cayennensis,Hydropsalis cayennensis,Caprimulgus cayennensis
AVIBASE-27032D18,Hydropsalis climacocerca,Hydropsalis climacocerca,Hydropsalis climacocerca
AVIBASE-28045DA0,Hydropsalis maculicaudus,Hydropsalis maculicaudus,Caprimulgus maculicaudus
AVIBASE-29AAC222,Hydropsalis torquata,Hydropsalis torquata,Hydropsalis torquata
AVIBASE-3211B67B,Hydrornis baudii,Hydrornis baudii,Pitta baudii
AVIBASE-B8FF6A4A,Hydrornis caeruleus,Hydrornis caeruleus,Pitta caerulea
AVIBASE-37815E0C,Hydrornis cyaneus,Hydrornis cyaneus,Pitta cyanea
AVIBASE-1F56AB5C,Hydrornis elliotii,Hydrornis elliotii,Pitta elliotii
AVIBASE-FA65A7F3,Hydrornis guajanus,Hydrornis guajanus,Pitta guajana
AVIBASE-F79F5251,Hydrornis gurneyi,Hydrornis gurneyi,Pitta gurneyi
AVIBASE-6B071C03,Hydrornis irena,Hydrornis irena,Pitta guajana
AVIBASE-1026AAFD,Hydrornis nipalensis,Hydrornis nipalensis,Pitta nipalensis
AVIBASE-0C0DB1B2,Hydrornis oatesi,Hydrornis oatesi,Pitta oatesi
AVIBASE-C47B5627,Hydrornis phayrei,Hydrornis phayrei,Pitta phayrei
AVIBASE-38162B46,Hydrornis schneideri,Hydrornis schneideri,Pitta schneideri
AVIBASE-90ED68D3,Hydrornis schwaneri,Hydrornis schwaneri,Pitta guajana
AVIBASE-AC3A8E40,Hydrornis soror,Hydrornis soror,Pitta soror
AVIBASE-527A0279,Hylatomus fuscipennis,Dryocopus lineatus,Dryocopus lineatus
AVIBASE-37C7AB16,Hylatomus lineatus,Dryocopus lineatus,Dryocopus lineatus
AVIBASE-00635FF9,Hylatomus pileatus,Dryocopus pileatus,Dryocopus pileatus
AVIBASE-43089030,Hylatomus schulzii,Dryocopus schulzii,Dryocopus schulzi
AVIBASE-A56461ED,Hylexetastes perrotii,Hylexetastes perrotii,Hylexetastes uniformis
AVIBASE-A56461ED,Hylexetastes perrotii,Hylexetastes perrotii,Hylexetastes perrotii
AVIBASE-A56461ED,Hylexetastes perrotii,Hylexetastes perrotii,Hylexetastes brigidai
AVIBASE-8DA960E6,Hylexetastes stresemanni,Hylexetastes stresemanni,Hylexetastes stresemanni
AVIBASE-98BA31AA,Hylia prasina,Hylia prasina,Hylia prasina
AVIBASE-F840409E,Hyliota australis,Hyliota australis,Hyliota australis
AVIBASE-0F82D614,Hyliota flavigaster,Hyliota flavigaster,Hyliota flavigaster
AVIBASE-BC190F25,Hyliota usambara,Hyliota usambara,Hyliota usambara
AVIBASE-9187C7FC,Hyliota violacea,Hyliota violacea,Hyliota violacea
AVIBASE-8E1D9327,Hylocichla mustelina,Hylocichla mustelina,Hylocichla mustelina
AVIBASE-315A1AD2,Hylocitrea bonensis,Hylocitrea bonensis,Hylocitrea bonensis
AVIBASE-9E9FDF8D,Hylocitrea bonthaina,Hylocitrea bonensis,Hylocitrea bonensis
AVIBASE-64360684,Hylomanes momotula,Hylomanes momotula,Hylomanes momotula
AVIBASE-E6180714,Hylonympha macrocerca,Hylonympha macrocerca,Hylonympha macrocerca
AVIBASE-44A0A4E3,Hylopezus auricularis,Hylopezus auricularis,Hylopezus auricularis
AVIBASE-B7FFE09E,Hylopezus berlepschi,Myrmothera berlepschi,Hylopezus berlepschi
AVIBASE-FF02D7B1,Hylopezus dives,Myrmothera dives,Hylopezus dives
AVIBASE-601048C6,Hylopezus fulviventris,Myrmothera fulviventris,Hylopezus fulviventris
AVIBASE-5E70FF0F,Hylopezus macularius,Hylopezus paraensis,Hylopezus macularius
AVIBASE-CE02A627,Hylopezus macularius,Hylopezus macularius,Hylopezus macularius
AVIBASE-ED55CD26,Hylopezus macularius,Hylopezus whittakeri,Hylopezus macularius
AVIBASE-88C22F63,Hylopezus macularius,NA,Hylopezus macularius
AVIBASE-8B1CD00B,Hylopezus nattereri,Cryptopezus nattereri,Hylopezus nattereri
AVIBASE-F900EC2D,Hylopezus ochroleucus,Hylopezus ochroleucus,Hylopezus ochroleucus
AVIBASE-FC8137F0,Hylopezus perspicillatus,Hylopezus perspicillatus,Hylopezus perspicillatus
AVIBASE-7CA69E1B,Hylophilus amaurocephalus,Hylophilus amaurocephalus,Hylophilus amaurocephalus
AVIBASE-04FCFB94,Hylophilus brunneiceps,Hylophilus brunneiceps,Hylophilus brunneiceps
AVIBASE-02BAFB6D,Hylophilus flavipes,Hylophilus flavipes,Hylophilus flavipes
AVIBASE-FBB3152C,Hylophilus griseiventris,Hylophilus thoracicus,Hylophilus thoracicus
AVIBASE-BD305580,Hylophilus insularis,Hylophilus flavipes,Hylophilus flavipes
AVIBASE-2E5B2F9F,Hylophilus olivaceus,Hylophilus olivaceus,Hylophilus olivaceus
AVIBASE-18CB2D8A,Hylophilus pectoralis,Hylophilus pectoralis,Hylophilus pectoralis
AVIBASE-5F94B6F3,Hylophilus poicilotis,Hylophilus poicilotis,Hylophilus poicilotis
AVIBASE-4FB729B2,Hylophilus semicinereus,Hylophilus semicinereus,Hylophilus semicinereus
AVIBASE-D15CB55B,Hylophilus thoracicus,Hylophilus thoracicus,Hylophilus thoracicus
AVIBASE-1BF88ABD,Hylophilus viridiflavus,Hylophilus flavipes,Hylophilus flavipes
AVIBASE-87EC4643,Hylophylax naevioides,Hylophylax naevioides,Hylophylax naevioides
AVIBASE-363EDFA8,Hylophylax naevius,Hylophylax naevius,Hylophylax naevius
AVIBASE-C207B0AF,Hylophylax punctulatus,Hylophylax punctulatus,Hylophylax punctulatus
AVIBASE-60B48D34,Hylopsar cupreocauda,Hylopsar cupreocauda,Lamprotornis cupreocauda
AVIBASE-A8BD788E,Hylopsar purpureiceps,Hylopsar purpureiceps,Lamprotornis purpureiceps
AVIBASE-68A90F93,Hylorchilus navai,Hylorchilus navai,Hylorchilus navai
AVIBASE-A88A7607,Hylorchilus sumichrasti,Hylorchilus sumichrasti,Hylorchilus sumichrasti
AVIBASE-C7FB4E76,Hymenolaimus malacorhynchos,Hymenolaimus malacorhynchos,Hymenolaimus malacorhynchos
AVIBASE-D8733C22,Hymenops perspicillatus,Hymenops perspicillatus,Hymenops perspicillatus
AVIBASE-7970DC5F,Hypargos margaritatus,Hypargos margaritatus,Hypargos margaritatus
AVIBASE-50490520,Hypargos niveoguttatus,Hypargos niveoguttatus,Hypargos niveoguttatus
AVIBASE-31557605,Hypergerus atriceps,Hypergerus atriceps,Hypergerus atriceps
AVIBASE-7E41141D,Hypnelus bicinctus,Hypnelus ruficollis,Hypnelus ruficollis
AVIBASE-C98A8A1B,Hypnelus ruficollis,Hypnelus ruficollis,Hypnelus ruficollis
AVIBASE-C1CDE25A,Hypocnemis cantator,Hypocnemis cantator,Hypocnemis cantator
AVIBASE-81724331,Hypocnemis flavescens,Hypocnemis flavescens,Hypocnemis flavescens
AVIBASE-95FD0D6C,Hypocnemis hypoxantha,Hypocnemis hypoxantha,Hypocnemis hypoxantha
AVIBASE-A1A3EF0B,Hypocnemis ochrogyna,Hypocnemis ochrogyna,Hypocnemis ochrogyna
AVIBASE-8B45C539,Hypocnemis peruviana,Hypocnemis peruviana,Hypocnemis peruviana
AVIBASE-E911B7E9,Hypocnemis rondoni,Hypocnemis rondoni,Hypocnemis cantator
AVIBASE-9788D595,Hypocnemis striata,Hypocnemis striata,Hypocnemis striata
AVIBASE-9724D814,Hypocnemis subflava,Hypocnemis subflava,Hypocnemis subflava
AVIBASE-B2B3FA6B,Hypocnemoides maculicauda,Hypocnemoides maculicauda,Hypocnemoides maculicauda
AVIBASE-78853651,Hypocnemoides melanopogon,Hypocnemoides melanopogon,Hypocnemoides melanopogon
AVIBASE-D08193E0,Hypocolius ampelinus,Hypocolius ampelinus,Hypocolius ampelinus
AVIBASE-A6E996A8,Hypocryptadius cinnamomeus,Hypocryptadius cinnamomeus,Hypocryptadius cinnamomeus
AVIBASE-69C21555,Hypoedaleus guttatus,Hypoedaleus guttatus,Hypoedaleus guttatus
AVIBASE-65FE3697,Hypopyrrhus pyrohypogaster,Hypopyrrhus pyrohypogaster,Hypopyrrhus pyrohypogaster
AVIBASE-667C4DAB,Hypositta corallirostris,Hypositta corallirostris,Hypositta corallirostris
AVIBASE-BE7D254A,Hypotaenidia immaculata,Gallirallus woodfordi,Nesoclopeus woodfordi
AVIBASE-73EDAFFC,Hypotaenidia insignis,Gallirallus insignis,Gallirallus insignis
AVIBASE-4060A1CC,Hypotaenidia okinawae,Gallirallus okinawae,Gallirallus okinawae
AVIBASE-8E3F31AB,Hypotaenidia owstoni,Gallirallus owstoni,Gallirallus owstoni
AVIBASE-732D08C3,Hypotaenidia philippensis,Gallirallus philippensis,Gallirallus philippensis
AVIBASE-6BAC1873,Hypotaenidia rovianae,Gallirallus rovianae,Gallirallus rovianae
AVIBASE-A2D6E35A,Hypotaenidia sylvestris,Gallirallus sylvestris,Gallirallus sylvestris
AVIBASE-FF379387,Hypotaenidia tertia,Gallirallus woodfordi,Nesoclopeus woodfordi
AVIBASE-19FA27ED,Hypotaenidia torquata,Gallirallus torquatus,Gallirallus torquatus
AVIBASE-0269AE28,Hypotaenidia woodfordi,Gallirallus woodfordi,Nesoclopeus woodfordi
AVIBASE-0AC5BA0A,Hypothymis azurea,Hypothymis azurea,Hypothymis azurea
AVIBASE-86A673A1,Hypothymis coelestis,Hypothymis coelestis,Hypothymis coelestis
AVIBASE-9E86EF25,Hypothymis helenae,Hypothymis helenae,Hypothymis helenae
AVIBASE-289B069F,Hypothymis puella,Hypothymis puella,Hypothymis azurea
AVIBASE-712764DC,Hypsipetes affinis,Alophoixus affinis,Alophoixus affinis
AVIBASE-59BEAB80,Hypsipetes amaurotis,Hypsipetes amaurotis,Ixos amaurotis
AVIBASE-61540F2E,Hypsipetes aureus,Alophoixus aureus,Alophoixus affinis
AVIBASE-E55C03F8,Hypsipetes borbonicus,Hypsipetes borbonicus,Hypsipetes borbonicus
AVIBASE-24F99A8F,Hypsipetes catarmanensis,Hypsipetes everetti,Ixos everetti
AVIBASE-8EA40B11,Hypsipetes chloris,Alophoixus chloris,Alophoixus affinis
AVIBASE-5E2E4545,Hypsipetes crassirostris,Hypsipetes crassirostris,Hypsipetes crassirostris
AVIBASE-8A0F54C9,Hypsipetes everetti,Hypsipetes everetti,Ixos everetti
AVIBASE-4E74E6CC,Hypsipetes ganeesa,Hypsipetes ganeesa,Hypsipetes leucocephalus
AVIBASE-21FADED4,Hypsipetes harterti,Alophoixus longirostris,Alophoixus affinis
AVIBASE-D18AE87D,Hypsipetes haynaldi,Hypsipetes everetti,Ixos everetti
AVIBASE-B76214D7,Hypsipetes leucocephalus,Hypsipetes leucocephalus,Hypsipetes leucocephalus
AVIBASE-CB468573,Hypsipetes longirostris,Alophoixus longirostris,Alophoixus affinis
AVIBASE-9C8EFCC6,Hypsipetes lucasi,Alophoixus lucasi,Alophoixus affinis
AVIBASE-5089E131,Hypsipetes madagascariensis,Hypsipetes madagascariensis,Hypsipetes madagascariensis
AVIBASE-0A2ACE45,Hypsipetes moheliensis,Hypsipetes moheliensis,Hypsipetes parvirostris
AVIBASE-07BCEAC0,Hypsipetes mysticalis,Alophoixus mystacalis,Alophoixus affinis
AVIBASE-650CC5B3,Hypsipetes olivaceus,Hypsipetes olivaceus,Hypsipetes olivaceus
AVIBASE-105A8F99,Hypsipetes parvirostris,Hypsipetes parvirostris,Hypsipetes parvirostris
AVIBASE-6298D46A,Hypsipetes philippinus,Hypsipetes philippinus,Ixos philippinus
AVIBASE-C4890A33,Hypsipetes platenae,Alophoixus platenae,Alophoixus affinis
AVIBASE-BFD69DF2,Hypsipetes rufigularis,Hypsipetes rufigularis,Ixos rufigularis
AVIBASE-CE85FAB6,Hypsipetes siquijorensis,Hypsipetes siquijorensis,Ixos siquijorensis
AVIBASE-A3E5953D,Hypsipetes thompsoni,Hypsipetes thompsoni,Hypsipetes thompsoni
AVIBASE-0C1F2A47,Ibidorhyncha struthersii,Ibidorhyncha struthersii,Ibidorhyncha struthersii
AVIBASE-104A2994,Ibycter americanus,Ibycter americanus,Ibycter americanus
AVIBASE-734C73A9,Icteria virens,Icteria virens,Icteria virens
AVIBASE-6055C1FB,Icterus abeillei,Icterus abeillei,Icterus abeillei
AVIBASE-CC30267C,Icterus auratus,Icterus auratus,Icterus auratus
AVIBASE-A27737B7,Icterus auricapillus,Icterus auricapillus,Icterus auricapillus
AVIBASE-ED0ABA39,Icterus bonana,Icterus bonana,Icterus bonana
AVIBASE-7E65A952,Icterus bullockiorum,Icterus bullockii,Icterus bullockii
AVIBASE-D2DACB94,Icterus cayanensis,Icterus cayanensis,Icterus cayanensis
AVIBASE-379A7116,Icterus chrysater,Icterus chrysater,Icterus chrysater
AVIBASE-B9C44010,Icterus chrysocephalus,Icterus cayanensis,Icterus cayanensis
AVIBASE-4B32828D,Icterus croconotus,Icterus croconotus,Icterus croconotus
AVIBASE-526A3692,Icterus cucullatus,Icterus cucullatus,Icterus cucullatus
AVIBASE-4760A99A,Icterus dominicensis,Icterus dominicensis,Icterus dominicensis
AVIBASE-5E9777FB,Icterus fuertesi,Icterus spurius,Icterus spurius
AVIBASE-5110842F,Icterus galbula,Icterus galbula,Icterus galbula
AVIBASE-E7F4C5C9,Icterus graceannae,Icterus graceannae,Icterus graceannae
AVIBASE-13B1B968,Icterus graduacauda,Icterus graduacauda,Icterus graduacauda
AVIBASE-1F87083D,Icterus gularis,Icterus gularis,Icterus gularis
AVIBASE-B7C6DEB5,Icterus icterus,Icterus icterus,Icterus icterus
AVIBASE-24D0C888,Icterus jamacaii,Icterus jamacaii,Icterus jamacaii
AVIBASE-B196BC41,Icterus laudabilis,Icterus laudabilis,Icterus laudabilis
AVIBASE-4690E0C3,Icterus leucopteryx,Icterus leucopteryx,Icterus leucopteryx
AVIBASE-A7BA7359,Icterus maculialatus,Icterus maculialatus,Icterus maculialatus
AVIBASE-A965AA91,Icterus melanopsis,Icterus melanopsis,Icterus dominicensis
AVIBASE-2E74AF7D,Icterus mesomelas,Icterus mesomelas,Icterus mesomelas
AVIBASE-F20EFF95,Icterus nigrogularis,Icterus nigrogularis,Icterus nigrogularis
AVIBASE-C70AA182,Icterus northropi,Icterus northropi,Icterus dominicensis
AVIBASE-80F9BE4B,Icterus oberi,Icterus oberi,Icterus oberi
AVIBASE-9EE6D524,Icterus parisorum,Icterus parisorum,Icterus parisorum
AVIBASE-D8B8C2B9,Icterus pectoralis,Icterus pectoralis,Icterus pectoralis
AVIBASE-05284D57,Icterus portoricensis,Icterus portoricensis,Icterus dominicensis
AVIBASE-071A4C74,Icterus prosthemelas,Icterus prosthemelas,Icterus prosthemelas
AVIBASE-DA089C8E,Icterus pustulatus,Icterus pustulatus,Icterus pustulatus
AVIBASE-C9B58AFF,Icterus pyrrhopterus,Icterus pyrrhopterus,Icterus cayanensis
AVIBASE-E2014696,Icterus spurius,Icterus spurius,Icterus spurius
AVIBASE-87CD97E1,Icterus wagleri,Icterus wagleri,Icterus wagleri
AVIBASE-B7B03CB8,Icthyophaga humilis,Haliaeetus humilis,Ichthyophaga humilis
AVIBASE-4C057390,Icthyophaga ichthyaetus,Haliaeetus ichthyaetus,Ichthyophaga ichthyaetus
AVIBASE-28D7E7CC,Ictinaetus malaiensis,Ictinaetus malaiensis,Ictinaetus malayensis
AVIBASE-ACFC8EB6,Ictinia mississippiensis,Ictinia mississippiensis,Ictinia mississippiensis
AVIBASE-5A97BF27,Ictinia plumbea,Ictinia plumbea,Ictinia plumbea
AVIBASE-A040695E,Idiopsar brachyurus,Idiopsar brachyurus,Idiopsar brachyurus
AVIBASE-1A6C6F17,Iduna caligata,Iduna caligata,Hippolais caligata
AVIBASE-EBBD09CA,Iduna natalensis,Iduna natalensis,Chloropeta natalensis
AVIBASE-A7275096,Iduna opaca,Iduna opaca,Hippolais opaca
AVIBASE-BAE527A2,Iduna pallida,Iduna pallida,Hippolais pallida
AVIBASE-A8242804,Iduna rama,Iduna rama,Hippolais rama
AVIBASE-E999FD2D,Iduna similis,Iduna similis,Chloropeta similis
AVIBASE-433A907D,Ifrita kowaldi,Ifrita kowaldi,Ifrita kowaldi
AVIBASE-CFCE5A44,Ilicura militaris,Ilicura militaris,Ilicura militaris
AVIBASE-2D157C82,Illadopsis albipectus,Illadopsis albipectus,Illadopsis albipectus
AVIBASE-58BB1A14,Illadopsis cleaveri,Illadopsis cleaveri,Illadopsis cleaveri
AVIBASE-A14D3117,Illadopsis distans,Illadopsis rufipennis,Illadopsis rufipennis
AVIBASE-3805ACAD,Illadopsis fulvescens,Illadopsis fulvescens,Illadopsis fulvescens
AVIBASE-0058E798,Illadopsis puveli,Illadopsis puveli,Illadopsis puveli
AVIBASE-596BDE51,Illadopsis pyrrhoptera,Illadopsis pyrrhoptera,Illadopsis pyrrhoptera
AVIBASE-640FA04F,Illadopsis rufescens,Illadopsis rufescens,Illadopsis rufescens
AVIBASE-64078193,Illadopsis rufipennis,Illadopsis rufipennis,Illadopsis rufipennis
AVIBASE-874C8B3C,Illadopsis turdina,Illadopsis turdina,Ptyrticus turdinus
AVIBASE-ACD5DE47,Incana incana,Incana incana,Incana incana
AVIBASE-754AE5B4,Incaspiza laeta,Incaspiza laeta,Incaspiza laeta
AVIBASE-2BACA383,Incaspiza ortizi,Incaspiza ortizi,Incaspiza ortizi
AVIBASE-F41C2D53,Incaspiza personata,Incaspiza personata,Incaspiza personata
AVIBASE-5429C745,Incaspiza pulchra,Incaspiza pulchra,Incaspiza pulchra
AVIBASE-91991397,Incaspiza watkinsi,Incaspiza watkinsi,Incaspiza watkinsi
AVIBASE-BEADF66C,Indicator archipelagicus,Indicator archipelagicus,Indicator archipelagicus
AVIBASE-BFF3AA65,Indicator exilis,Indicator exilis,Indicator exilis
AVIBASE-862749B0,Indicator indicator,Indicator indicator,Indicator indicator
AVIBASE-499B3C64,Indicator maculatus,Indicator maculatus,Indicator maculatus
AVIBASE-5B74A911,Indicator meliphilus,Indicator meliphilus,Indicator meliphilus
AVIBASE-0AC6CF82,Indicator minor,Indicator conirostris,Indicator conirostris
AVIBASE-E9ED7248,Indicator minor,Indicator minor,Indicator minor
AVIBASE-C9DFE942,Indicator pumilio,Indicator pumilio,Indicator pumilio
AVIBASE-7EF4C99C,Indicator variegatus,Indicator variegatus,Indicator variegatus
AVIBASE-4373396F,Indicator willcocksi,Indicator willcocksi,Indicator willcocksi
AVIBASE-CBA33B09,Indicator xanthonotus,Indicator xanthonotus,Indicator xanthonotus
AVIBASE-DE77BA6A,Inezia caudata,Inezia caudata,Inezia caudata
AVIBASE-E938D049,Inezia inornata,Inezia inornata,Inezia inornata
AVIBASE-DA9DCEC1,Inezia subflava,Inezia subflava,Inezia subflava
AVIBASE-27411295,Inezia tenuirostris,Inezia tenuirostris,Inezia tenuirostris
AVIBASE-F3AFDDC3,Iodopleura fusca,Iodopleura fusca,Iodopleura fusca
AVIBASE-C12DB91E,Iodopleura isabellae,Iodopleura isabellae,Iodopleura isabellae
AVIBASE-57EC4803,Iodopleura pipra,Iodopleura pipra,Iodopleura pipra
AVIBASE-BD51402C,Iole charlottae,Iole charlottae,Iole olivacea
AVIBASE-88FC3084,Iole charlottae,Iole crypta,Iole olivacea
AVIBASE-F9E2A503,Iole finschii,Alophoixus finschii,Alophoixus finschii
AVIBASE-4763A554,Iole palawanensis,Iole palawanensis,Ixos palawanensis
AVIBASE-BD494C66,Iole propinqua,Iole propinqua,Iole propinqua
AVIBASE-804922A3,Iole viridescens,Iole viridescens,Iole virescens
AVIBASE-73BD4B29,Irania gutturalis,Irania gutturalis,Irania gutturalis
AVIBASE-570239AA,Irediparra gallinacea,Irediparra gallinacea,Irediparra gallinacea
AVIBASE-D27C14EE,Irena cyanogastra,Irena cyanogastra,Irena cyanogastra
AVIBASE-BFC86948,Irena puella,Irena puella,Irena puella
AVIBASE-052BB649,Irena tweeddalii,Irena puella,Irena puella
AVIBASE-098ABCAE,Iridophanes pulcherrimus,Iridophanes pulcherrimus,Iridophanes pulcherrimus
AVIBASE-845E3D86,Iridosornis analis,Iridosornis analis,Iridosornis analis
AVIBASE-28B96403,Iridosornis jelskii,Iridosornis jelskii,Iridosornis jelskii
AVIBASE-7999BD70,Iridosornis porphyrocephalus,Iridosornis porphyrocephalus,Iridosornis porphyrocephalus
AVIBASE-83B4D063,Iridosornis reinhardti,Iridosornis reinhardti,Iridosornis reinhardti
AVIBASE-699BDB3E,Iridosornis rufivertex,Iridosornis rufivertex,Iridosornis rufivertex
AVIBASE-29D98F31,Isleria guttata,Isleria guttata,Myrmotherula guttata
AVIBASE-DCF9CFE8,Isleria hauxwelli,Isleria hauxwelli,Myrmotherula hauxwelli
AVIBASE-7572F846,Islerothraupis cristata,Loriotus cristatus,Tachyphonus cristatus
AVIBASE-47CB5669,Islerothraupis luctuosa,Loriotus luctuosus,Tachyphonus luctuosus
AVIBASE-6C810114,Islerothraupis rufiventer,Loriotus rufiventer,Tachyphonus rufiventer
AVIBASE-9BE54916,Ispidina lecontei,Ispidina lecontei,Ceyx lecontei
AVIBASE-C0998BB9,Ispidina picta,Ispidina picta,Ceyx pictus
AVIBASE-FFF63987,Ithaginis cruentus,Ithaginis cruentus,Ithaginis cruentus
AVIBASE-31F7A690,Ixidia cyaniventris,Rubigula cyaniventris,Pycnonotus cyaniventris
AVIBASE-01D478BD,Ixidia erythropthalmos,Rubigula erythropthalmos,Pycnonotus erythropthalmos
AVIBASE-7F4011E2,Ixidia squamata,Rubigula squamata,Pycnonotus squamatus
AVIBASE-CBDC8AA3,Ixobrychus cinnamomeus,Ixobrychus cinnamomeus,Ixobrychus cinnamomeus
AVIBASE-32C3CEF7,Ixobrychus dubius,Ixobrychus dubius,Ixobrychus minutus
AVIBASE-E04AFC71,Ixobrychus eurhythmus,Ixobrychus eurhythmus,Ixobrychus eurhythmus
AVIBASE-0B361ED8,Ixobrychus exilis,Ixobrychus exilis,Ixobrychus exilis
AVIBASE-003BE0C5,Ixobrychus flavicollis,Ixobrychus flavicollis,Ixobrychus flavicollis
AVIBASE-097783CD,Ixobrychus involucris,Ixobrychus involucris,Ixobrychus involucris
AVIBASE-7AAD57AC,Ixobrychus minutus,Ixobrychus minutus,Ixobrychus minutus
AVIBASE-1BFBF5D5,Ixobrychus sinensis,Ixobrychus sinensis,Ixobrychus sinensis
AVIBASE-87EEBD3E,Ixobrychus sturmii,Ixobrychus sturmii,Ixobrychus sturmii
AVIBASE-33703E6F,Ixonotus guttatus,Ixonotus guttatus,Ixonotus guttatus
AVIBASE-58312873,Ixoreus naevius,Ixoreus naevius,Zoothera naevia
AVIBASE-0457ECD3,Ixos malaccensis,Ixos malaccensis,Ixos malaccensis
AVIBASE-473131CC,Ixos mcclellandii,Ixos mcclellandii,Hypsipetes mcclellandii
AVIBASE-0D2A9574,Ixos nicobariensis,Hypsipetes nicobariensis,Hypsipetes nicobariensis
AVIBASE-5AD8890F,Ixos sumatranus,Ixos virescens,Hypsipetes virescens
AVIBASE-92BF7060,Ixos virescens,Ixos virescens,Hypsipetes virescens
AVIBASE-49BD1F79,Jabiru mycteria,Jabiru mycteria,Jabiru mycteria
AVIBASE-4051B630,Jacamaralcyon tridactyla,Jacamaralcyon tridactyla,Jacamaralcyon tridactyla
AVIBASE-268D9909,Jacamerops aureus,Jacamerops aureus,Jacamerops aureus
AVIBASE-D324ED7D,Jacana jacana,Jacana jacana,Jacana jacana
AVIBASE-3E6F686E,Jacana spinosa,Jacana spinosa,Jacana spinosa
AVIBASE-15A1DBE8,Jubula lettii,Jubula lettii,Jubula lettii
AVIBASE-ED47BE9D,Junco bairdi,Junco bairdi,Junco phaeonotus
AVIBASE-05FF3C9B,Junco hyemalis,Junco hyemalis,Junco hyemalis
AVIBASE-31EB349A,Junco insularis,Junco insularis,Junco insularis
AVIBASE-D552A818,Junco phaeonotus,Junco phaeonotus,Junco phaeonotus
AVIBASE-22A64474,Junco vulcani,Junco vulcani,Junco vulcani
AVIBASE-93EC5E12,Jynx ruficollis,Jynx ruficollis,Jynx ruficollis
AVIBASE-B2E6AB9F,Jynx torquilla,Jynx torquilla,Jynx torquilla
AVIBASE-FC1BE879,Kakamega poliothorax,Kakamega poliothorax,Kakamega poliothorax
AVIBASE-3EEB66ED,Kaupifalco monogrammicus,Kaupifalco monogrammicus,Kaupifalco monogrammicus
AVIBASE-FD1036BD,Kempiella flavovirescens,Microeca flavovirescens,Microeca flavovirescens
AVIBASE-413503AF,Kempiella griseoceps,Microeca griseoceps,Microeca griseoceps
AVIBASE-52B32004,Kenopia striata,Kenopia striata,Kenopia striata
AVIBASE-67CA1D26,Ketupa flavipes,Ketupa flavipes,Ketupa flavipes
AVIBASE-C1AAB74D,Ketupa ketupu,Ketupa ketupu,Ketupa ketupu
AVIBASE-CFDF9E89,Ketupa zeylonensis,Ketupa zeylonensis,Ketupa zeylonensis
AVIBASE-D5038426,Kittacincla albiventris,Copsychus albiventris,Copsychus malabaricus
AVIBASE-93B8CF8F,Kittacincla cebuensis,Copsychus cebuensis,Copsychus cebuensis
AVIBASE-E80564C5,Kittacincla luzoniensis,Copsychus luzoniensis,Copsychus luzoniensis
AVIBASE-E5ABD6CB,Kittacincla malabarica,Copsychus malabaricus,Copsychus malabaricus
AVIBASE-E5ABD6CB,Kittacincla malabarica,Copsychus malabaricus,Copsychus stricklandii
AVIBASE-974AE5EC,Kittacincla nigra,Copsychus niger,Copsychus niger
AVIBASE-CEED5ACE,Kittacincla superciliaris,Copsychus superciliaris,Copsychus luzoniensis
AVIBASE-CFA062CB,Klais guimeti,Klais guimeti,Klais guimeti
AVIBASE-99C7090A,Kleinothraupis atropileus,Kleinothraupis atropileus,Hemispingus atropileus
AVIBASE-47292BC9,Kleinothraupis auricularis,Kleinothraupis atropileus,Hemispingus auricularis
AVIBASE-E176F6C4,Kleinothraupis calophrys,Kleinothraupis calophrys,Hemispingus calophrys
AVIBASE-7F89004D,Kleinothraupis parodii,Kleinothraupis parodii,Hemispingus parodii
AVIBASE-D0688762,Kleinothraupis reyi,Kleinothraupis reyi,Hemispingus reyi
AVIBASE-DD1519B0,Knipolegus aterrimus,Knipolegus aterrimus,Knipolegus aterrimus
AVIBASE-2E2543B4,Knipolegus cabanisi,Knipolegus cabanisi,Knipolegus signatus
AVIBASE-D83957BC,Knipolegus cyanirostris,Knipolegus cyanirostris,Knipolegus cyanirostris
AVIBASE-77477F0F,Knipolegus franciscanus,Knipolegus franciscanus,Knipolegus franciscanus
AVIBASE-09D7F8D2,Knipolegus heterogyna,Knipolegus aterrimus,Knipolegus aterrimus
AVIBASE-5CA4674C,Knipolegus hudsoni,Knipolegus hudsoni,Knipolegus hudsoni
AVIBASE-63720DC9,Knipolegus lophotes,Knipolegus lophotes,Knipolegus lophotes
AVIBASE-4116DF96,Knipolegus nigerrimus,Knipolegus nigerrimus,Knipolegus nigerrimus
AVIBASE-E95D2F87,Knipolegus orenocensis,Knipolegus orenocensis,Knipolegus orenocensis
AVIBASE-1115C355,Knipolegus poecilocercus,Knipolegus poecilocercus,Knipolegus poecilocercus
AVIBASE-AED66D49,Knipolegus poecilurus,Knipolegus poecilurus,Knipolegus poecilurus
AVIBASE-2E110335,Knipolegus sclateri,Knipolegus orenocensis,Knipolegus orenocensis
AVIBASE-3BEB2207,Knipolegus signatus,Knipolegus signatus,Knipolegus signatus
AVIBASE-013E99A8,Knipolegus striaticeps,Knipolegus striaticeps,Knipolegus striaticeps
AVIBASE-722187E9,Kupeornis chapini,Turdoides chapini,Kupeornis chapini
AVIBASE-AD7B6E81,Kupeornis gilberti,Turdoides gilberti,Kupeornis gilberti
AVIBASE-27E0131C,Kupeornis rufocinctus,Turdoides rufocinctus,Kupeornis rufocinctus
AVIBASE-7700E7E6,Kurochkinegramma hypogrammica,Kurochkinegramma hypogrammicum,Hypogramma hypogrammicum
AVIBASE-8F8E7160,Lacedo melanops,Lacedo pulchella,Lacedo pulchella
AVIBASE-7082A89B,Lacedo pulchella,Lacedo pulchella,Lacedo pulchella
AVIBASE-9ECA2AFB,Lafresnaya lafresnayi,Lafresnaya lafresnayi,Lafresnaya lafresnayi
AVIBASE-868766DD,Lagonosticta larvata,Lagonosticta larvata,Lagonosticta larvata
AVIBASE-42CBC191,Lagonosticta nigricollis,Lagonosticta larvata,Lagonosticta larvata
AVIBASE-995975D1,Lagonosticta nitidula,Lagonosticta nitidula,Lagonosticta nitidula
AVIBASE-27012CC9,Lagonosticta rara,Lagonosticta rara,Lagonosticta rara
AVIBASE-871F32D9,Lagonosticta rhodopareia,Lagonosticta rhodopareia,Lagonosticta rhodopareia
AVIBASE-8153E1B0,Lagonosticta rubricata,Lagonosticta rubricata,Lagonosticta rubricata
AVIBASE-C1898D74,Lagonosticta rubricata,Lagonosticta landanae,Lagonosticta landanae
AVIBASE-43FE4788,Lagonosticta rufopicta,Lagonosticta rufopicta,Lagonosticta rufopicta
AVIBASE-25D648E7,Lagonosticta sanguinodorsalis,Lagonosticta sanguinodorsalis,Lagonosticta sanguinodorsalis
AVIBASE-B4A4E4BF,Lagonosticta senegala,Lagonosticta senegala,Lagonosticta senegala
AVIBASE-D2EDC42A,Lagonosticta umbrinodorsalis,Lagonosticta umbrinodorsalis,Lagonosticta umbrinodorsalis
AVIBASE-93287BF3,Lagonosticta vinacea,Lagonosticta larvata,Lagonosticta larvata
AVIBASE-8AC4DC43,Lagonosticta virata,Lagonosticta virata,Lagonosticta virata
AVIBASE-FC3D07C6,Lagopus lagopus,Lagopus lagopus,Lagopus lagopus
AVIBASE-C53F4940,Lagopus leucura,Lagopus leucura,Lagopus leucura
AVIBASE-79B161B7,Lagopus muta,Lagopus muta,Lagopus muta
AVIBASE-F385D521,Lalage atrovirens,Lalage atrovirens,Lalage atrovirens
AVIBASE-52BB32BC,Lalage aurea,Lalage aurea,Lalage aurea
AVIBASE-E6314DEC,Lalage conjuncta,Lalage conjuncta,Lalage leucomela
AVIBASE-E501EAB3,Lalage fimbriata,Lalage fimbriata,Coracina fimbriata
AVIBASE-A6062F43,Lalage leucomela,Lalage leucomela,Lalage leucomela
AVIBASE-1EA7BE48,Lalage leucoptera,Lalage atrovirens,Lalage atrovirens
AVIBASE-A9CF79A7,Lalage leucopyga,Lalage leucopyga,Lalage leucopyga
AVIBASE-0F9E0A44,Lalage leucopygialis,Lalage leucopygialis,Lalage leucopygialis
AVIBASE-2AA040CE,Lalage maculosa,Lalage maculosa,Lalage maculosa
AVIBASE-16BE141C,Lalage melanoleuca,Lalage melanoleuca,Lalage melanoleuca
AVIBASE-58BC7F5D,Lalage melanoptera,Lalage melanoptera,Coracina melanoptera
AVIBASE-FAE71B8F,Lalage melaschistos,Lalage melaschistos,Coracina melaschistos
AVIBASE-E1C5A581,Lalage minor,Lalage melanoleuca,Lalage melanoleuca
AVIBASE-A97F6007,Lalage moesta,Lalage moesta,Lalage moesta
AVIBASE-8A9B1C25,Lalage newtoni,Lalage newtoni,Coracina newtoni
AVIBASE-84B32303,Lalage nigra,Lalage nigra,Lalage nigra
AVIBASE-F6CBC088,Lalage polioptera,Lalage polioptera,Coracina polioptera
AVIBASE-16FF90E9,Lalage sharpei,Lalage sharpei,Lalage sharpei
AVIBASE-3EDA596B,Lalage sueurii,Lalage sueurii,Lalage sueurii
AVIBASE-DFD1EAF6,Lalage tricolor,Lalage tricolor,Lalage tricolor
AVIBASE-C9ECEF90,Lalage typica,Lalage typica,Coracina typica
AVIBASE-474AA2CF,Lampornis amethystinus,Lampornis amethystinus,Lampornis amethystinus
AVIBASE-C3F849E6,Lampornis calolaemus,Lampornis calolaemus,Lampornis calolaemus
AVIBASE-12399C50,Lampornis castaneoventris,Lampornis castaneoventris,Lampornis castaneoventris
AVIBASE-AA0E632A,Lampornis cinereicauda,Lampornis castaneoventris,Lampornis castaneoventris
AVIBASE-97FB2BC9,Lampornis clemenciae,Lampornis clemenciae,Lampornis clemenciae
AVIBASE-2A90E635,Lampornis hemileucus,Lampornis hemileucus,Lampornis hemileucus
AVIBASE-4EF75683,Lampornis sybillae,Lampornis sybillae,Lampornis sybillae
AVIBASE-9A164FA0,Lampornis viridipallens,Lampornis viridipallens,Lampornis viridipallens
AVIBASE-AD61E929,Lamprolaima rhami,Lamprolaima rhami,Lamprolaima rhami
AVIBASE-20AD6203,Lamprolia klinesmithi,Lamprolia klinesmithi,Lamprolia victoriae
AVIBASE-41898F4D,Lamprolia victoriae,Lamprolia victoriae,Lamprolia victoriae
AVIBASE-1D065546,Lampropsar tanagrinus,Lampropsar tanagrinus,Lampropsar tanagrinus
AVIBASE-099CDCB9,Lamprospiza melanoleuca,Lamprospiza melanoleuca,Lamprospiza melanoleuca
AVIBASE-D5703E7A,Lamprotornis acuticaudus,Lamprotornis acuticaudus,Lamprotornis acuticaudus
AVIBASE-A77D4A77,Lamprotornis albicapillus,Lamprotornis albicapillus,Spreo albicapillus
AVIBASE-996AF595,Lamprotornis australis,Lamprotornis australis,Lamprotornis australis
AVIBASE-6135A721,Lamprotornis benguelensis,Lamprotornis mevesii,Lamprotornis mevesii
AVIBASE-C244BE28,Lamprotornis bicolor,Lamprotornis bicolor,Spreo bicolor
AVIBASE-56713D11,Lamprotornis caudatus,Lamprotornis caudatus,Lamprotornis caudatus
AVIBASE-AEEED5D0,Lamprotornis chalcurus,Lamprotornis chalcurus,Lamprotornis chalcurus
AVIBASE-7DDB347E,Lamprotornis chalybaeus,Lamprotornis chalybaeus,Lamprotornis chalybaeus
AVIBASE-0AA15ACA,Lamprotornis chloropterus,Lamprotornis chloropterus,Lamprotornis elisabeth
AVIBASE-0AA15ACA,Lamprotornis chloropterus,Lamprotornis chloropterus,Lamprotornis chloropterus
AVIBASE-4FF4CAF8,Lamprotornis fischeri,Lamprotornis fischeri,Spreo fischeri
AVIBASE-621F6E07,Lamprotornis hildebrandti,Lamprotornis hildebrandti,Lamprotornis hildebrandti
AVIBASE-86BC7EC3,Lamprotornis iris,Lamprotornis iris,Coccycolius iris
AVIBASE-75BAB34E,Lamprotornis mevesii,Lamprotornis mevesii,Lamprotornis mevesii
AVIBASE-57BBB7F1,Lamprotornis nitens,Lamprotornis nitens,Lamprotornis nitens
AVIBASE-A7EA21CA,Lamprotornis ornatus,Lamprotornis ornatus,Lamprotornis ornatus
AVIBASE-B92C3566,Lamprotornis pulcher,Lamprotornis pulcher,Lamprotornis pulcher
AVIBASE-6A0BA87A,Lamprotornis purpureus,Lamprotornis purpureus,Lamprotornis purpureus
AVIBASE-3BB2565D,Lamprotornis purpuroptera,Lamprotornis purpuroptera,Lamprotornis purpuroptera
AVIBASE-EE674721,Lamprotornis regius,Lamprotornis regius,Cosmopsarus regius
AVIBASE-B24A13C7,Lamprotornis shelleyi,Lamprotornis shelleyi,Lamprotornis shelleyi
AVIBASE-18B10CF9,Lamprotornis splendidus,Lamprotornis splendidus,Lamprotornis splendidus
AVIBASE-405CCAAE,Lamprotornis superbus,Lamprotornis superbus,Lamprotornis superbus
AVIBASE-6BFEA7BE,Lamprotornis unicolor,Lamprotornis unicolor,Cosmopsarus unicolor
AVIBASE-20521EC7,Lamprotornis violacior,Lamprotornis mevesii,Lamprotornis mevesii
AVIBASE-FBB58997,Laniarius aethiopicus,Laniarius major,Laniarius aethiopicus
AVIBASE-07F940AA,Laniarius aethiopicus,Laniarius major,Laniarius aethiopicus
AVIBASE-FBB58997,Laniarius aethiopicus,NA,Laniarius aethiopicus
AVIBASE-EB2CB5F5,Laniarius amboimensis,Laniarius amboimensis,Laniarius amboimensis
AVIBASE-9B33F957,Laniarius atrococcineus,Laniarius atrococcineus,Laniarius atrococcineus
AVIBASE-0D6B8ACA,Laniarius atroflavus,Laniarius atroflavus,Laniarius atroflavus
AVIBASE-5B3BD7A0,Laniarius barbarus,Laniarius barbarus,Laniarius barbarus
AVIBASE-1776533D,Laniarius bicolor,Laniarius bicolor,Laniarius bicolor
AVIBASE-EDE3A983,Laniarius brauni,Laniarius brauni,Laniarius brauni
AVIBASE-5E822C9C,Laniarius erythrogaster,Laniarius erythrogaster,Laniarius erythrogaster
AVIBASE-2849059D,Laniarius ferrugineus,Laniarius ferrugineus,Laniarius ferrugineus
AVIBASE-EA283BA8,Laniarius fuelleborni,Laniarius fuelleborni,Laniarius fuelleborni
AVIBASE-0868B50D,Laniarius funebris,Laniarius funebris,Laniarius funebris
AVIBASE-5E8D59E5,Laniarius holomelas,Laniarius holomelas,Laniarius poensis
AVIBASE-3402C9BB,Laniarius leucorhynchus,Laniarius leucorhynchus,Laniarius leucorhynchus
AVIBASE-5AF20251,Laniarius luehderi,Laniarius luehderi,Laniarius luehderi
AVIBASE-1E5D636D,Laniarius mufumbiri,Laniarius mufumbiri,Laniarius mufumbiri
AVIBASE-E7DC526A,Laniarius nigerrimus,Laniarius nigerrimus,Laniarius aethiopicus
AVIBASE-73E1A69A,Laniarius poensis,Laniarius poensis,Laniarius poensis
AVIBASE-C59DFD44,Laniarius ruficeps,Laniarius ruficeps,Laniarius ruficeps
AVIBASE-0133C47B,Laniarius sublacteus,Laniarius sublacteus,Laniarius aethiopicus
AVIBASE-E294BEED,Laniarius turatii,Laniarius turatii,Laniarius turatii
AVIBASE-B4B5F30E,Laniellus albonotatus,Laniellus albonotatus,Crocias albonotatus
AVIBASE-B4B5F30E,Laniellus langbianis,Laniellus langbianis,Crocias langbianis
AVIBASE-73808E99,Laniisoma buckleyi,Laniisoma elegans,Laniisoma buckleyi
AVIBASE-A13F03C6,Laniisoma elegans,Laniisoma elegans,Laniisoma elegans
AVIBASE-1D35BB7C,Lanio aurantius,Lanio aurantius,Lanio aurantius
AVIBASE-FD883BFD,Lanio fulvus,Lanio fulvus,Lanio fulvus
AVIBASE-B08CF996,Lanio leucothorax,Lanio leucothorax,Lanio leucothorax
AVIBASE-F2DED854,Lanio versicolor,Lanio versicolor,Lanio versicolor
AVIBASE-8C350908,Laniocera hypopyrra,Laniocera hypopyrra,Laniocera hypopyrra
AVIBASE-7609CE39,Laniocera rufescens,Laniocera rufescens,Laniocera rufescens
AVIBASE-7DF5859A,Lanioturdus torquatus,Lanioturdus torquatus,Lanioturdus torquatus
AVIBASE-76158864,Lanius borealis,Lanius borealis,Lanius excubitor
AVIBASE-A4C59A23,Lanius bucephalus,Lanius bucephalus,Lanius bucephalus
AVIBASE-836EDA33,Lanius cabanisi,Lanius cabanisi,Lanius cabanisi
AVIBASE-FFA65A47,Lanius collaris,Lanius collaris,Lanius marwitzi
AVIBASE-FFA65A47,Lanius collaris,Lanius collaris,Lanius collaris
AVIBASE-5792867A,Lanius collaris,Lanius humeralis,Lanius collaris
AVIBASE-66977B6C,Lanius collaris,NA,Lanius collaris
AVIBASE-F2CEFD1A,Lanius collurio,Lanius collurio,Lanius collurio
AVIBASE-EA411063,Lanius collurioides,Lanius collurioides,Lanius collurioides
AVIBASE-E4968582,Lanius cristatus,Lanius cristatus,Lanius cristatus
AVIBASE-64772F0F,Lanius dorsalis,Lanius dorsalis,Lanius dorsalis
AVIBASE-DB2501EE,Lanius excubitor,Lanius excubitor,Lanius excubitor
AVIBASE-02B6A30C,Lanius excubitoroides,Lanius excubitoroides,Lanius excubitoroides
AVIBASE-A804EABE,Lanius giganteus,Lanius giganteus,Lanius sphenocercus
AVIBASE-26DE1233,Lanius gubernator,Lanius gubernator,Lanius gubernator
AVIBASE-97166F72,Lanius isabellinus,Lanius isabellinus,Lanius isabellinus
AVIBASE-36171C2B,Lanius ludovicianus,Lanius ludovicianus,Lanius ludovicianus
AVIBASE-72387112,Lanius mackinnoni,Lanius mackinnoni,Lanius mackinnoni
AVIBASE-EDE09959,Lanius meridionalis,Lanius meridionalis,Lanius meridionalis
AVIBASE-8852337B,Lanius minor,Lanius minor,Lanius minor
AVIBASE-892BF67B,Lanius newtoni,Lanius newtoni,Lanius newtoni
AVIBASE-E90CC64A,Lanius nubicus,Lanius nubicus,Lanius nubicus
AVIBASE-EE7915A2,Lanius phoenicuroides,Lanius phoenicuroides,Lanius isabellinus
AVIBASE-69FC190B,Lanius schach,Lanius schach,Lanius schach
AVIBASE-7E70D490,Lanius senator,Lanius senator,Lanius senator
AVIBASE-F7932185,Lanius somalicus,Lanius somalicus,Lanius somalicus
AVIBASE-94A446EA,Lanius souzae,Lanius souzae,Lanius souzae
AVIBASE-7DEB77F3,Lanius sphenocercus,Lanius sphenocercus,Lanius sphenocercus
AVIBASE-DB5F2609,Lanius tephronotus,Lanius tephronotus,Lanius tephronotus
AVIBASE-73643138,Lanius tigrinus,Lanius tigrinus,Lanius tigrinus
AVIBASE-314A1AB9,Lanius validirostris,Lanius validirostris,Lanius validirostris
AVIBASE-FED81571,Lanius vittatus,Lanius vittatus,Lanius vittatus
AVIBASE-FF6C3B9C,Larosterna inca,Larosterna inca,Larosterna inca
AVIBASE-F002188E,Larus argentatus,Larus argentatus,Larus argentatus
AVIBASE-F6951FF7,Larus armenicus,Larus armenicus,Larus armenicus
AVIBASE-E2967A3F,Larus atlanticus,Larus atlanticus,Larus atlanticus
AVIBASE-6CDC3C9C,Larus atricilla,Leucophaeus atricilla,Larus atricilla
AVIBASE-F7B9355E,Larus audouinii,Ichthyaetus audouinii,Larus audouinii
AVIBASE-2864A5B0,Larus belcheri,Larus belcheri,Larus belcheri
AVIBASE-C2868E7A,Larus brunnicephalus,Chroicocephalus brunnicephalus,Larus brunnicephalus
AVIBASE-1E12A4D6,Larus bulleri,Chroicocephalus bulleri,Larus bulleri
AVIBASE-93CA037F,Larus cachinnans,Larus cachinnans,Larus cachinnans
AVIBASE-7FCE8A43,Larus californicus,Larus californicus,Larus californicus
AVIBASE-00DA9D91,Larus canus,Larus canus,Larus canus
AVIBASE-6EB497FA,Larus cirrocephalus,Chroicocephalus cirrocephalus,Larus cirrocephalus
AVIBASE-8C4CE60F,Larus crassirostris,Larus crassirostris,Larus crassirostris
AVIBASE-23863F65,Larus delawarensis,Larus delawarensis,Larus delawarensis
AVIBASE-E6536E4E,Larus dominicanus,Larus dominicanus,Larus dominicanus
AVIBASE-D97BE642,Larus fuliginosus,Leucophaeus fuliginosus,Larus fuliginosus
AVIBASE-2D52E3A5,Larus fuscus,Larus fuscus,Larus fuscus
AVIBASE-27CE7132,Larus genei,Chroicocephalus genei,Larus genei
AVIBASE-03AC32BA,Larus glaucescens,Larus glaucescens,Larus glaucescens
AVIBASE-FB4FCB27,Larus glaucoides,Larus glaucoides,Larus glaucoides
AVIBASE-FB4FCB27,Larus glaucoides,Larus glaucoides,Larus thayeri
AVIBASE-5941F453,Larus hartlaubii,Chroicocephalus hartlaubii,Larus hartlaubii
AVIBASE-6996D540,Larus heermanni,Larus heermanni,Larus heermanni
AVIBASE-67D43542,Larus hemprichii,Ichthyaetus hemprichii,Larus hemprichii
AVIBASE-A59FA446,Larus hyperboreus,Larus hyperboreus,Larus hyperboreus
AVIBASE-EF930CDC,Larus ichthyaetus,Ichthyaetus ichthyaetus,Larus ichthyaetus
AVIBASE-A7F240E3,Larus leucophthalmus,Ichthyaetus leucophthalmus,Larus leucophthalmus
AVIBASE-87E74BBF,Larus livens,Larus livens,Larus livens
AVIBASE-F8F183DD,Larus maculipennis,Chroicocephalus maculipennis,Larus maculipennis
AVIBASE-E826E9F3,Larus marinus,Larus marinus,Larus marinus
AVIBASE-052BFA8A,Larus melanocephalus,Ichthyaetus melanocephalus,Larus melanocephalus
AVIBASE-E074D706,Larus michahellis,Larus michahellis,Larus michahellis
AVIBASE-804CCA3A,Larus modestus,Leucophaeus modestus,Larus modestus
AVIBASE-AD086862,Larus novaehollandiae,Chroicocephalus novaehollandiae,Larus scopulinus
AVIBASE-AD086862,Larus novaehollandiae,Chroicocephalus novaehollandiae,Larus novaehollandiae
AVIBASE-575A3E3B,Larus occidentalis,Larus occidentalis,Larus occidentalis
AVIBASE-C08157E7,Larus pacificus,Larus pacificus,Larus pacificus
AVIBASE-0337440E,Larus philadelphia,Chroicocephalus philadelphia,Larus philadelphia
AVIBASE-57C93A74,Larus pipixcan,Leucophaeus pipixcan,Larus pipixcan
AVIBASE-166CE0D7,Larus relictus,Ichthyaetus relictus,Larus relictus
AVIBASE-FB02DD96,Larus ridibundus,Chroicocephalus ridibundus,Larus ridibundus
AVIBASE-456C7FAE,Larus schistisagus,Larus schistisagus,Larus schistisagus
AVIBASE-683C03D9,Larus scoresbii,Leucophaeus scoresbii,Leucophaeus scoresbii
AVIBASE-A971CBD4,Larus serranus,Chroicocephalus serranus,Larus serranus
AVIBASE-60F32AF8,Larus smithsonianus,Larus argentatus,Larus argentatus
AVIBASE-8535345B,Larus smithsonianus,Larus argentatus,Larus argentatus
AVIBASE-76E2708C,Larvivora akahige,Larvivora akahige,Erithacus akahige
AVIBASE-43B60493,Larvivora brunnea,Larvivora brunnea,Luscinia brunnea
AVIBASE-A8AA7E19,Larvivora cyane,Larvivora cyane,Luscinia cyane
AVIBASE-69346554,Larvivora komadori,Larvivora komadori,Erithacus komadori
AVIBASE-742C395C,Larvivora namiyei,Larvivora komadori,Erithacus komadori
AVIBASE-5C44B7AF,Larvivora ruficeps,Larvivora ruficeps,Luscinia ruficeps
AVIBASE-9C056398,Larvivora sibilans,Larvivora sibilans,Luscinia sibilans
AVIBASE-20940C94,Larvivora tanensis,Larvivora akahige,Erithacus akahige
AVIBASE-011EB942,Laterallus albigularis,Laterallus albigularis,Laterallus albigularis
AVIBASE-8ABC8268,Laterallus exilis,Laterallus exilis,Laterallus exilis
AVIBASE-B79D2D56,Laterallus flaviventer,Hapalocrex flaviventer,Porzana flaviventer
AVIBASE-C5DF08E7,Laterallus jamaicensis,Laterallus jamaicensis,Laterallus jamaicensis
AVIBASE-68948FC6,Laterallus leucopyrrhus,Laterallus leucopyrrhus,Laterallus leucopyrrhus
AVIBASE-288377C3,Laterallus levraudi,Laterallus levraudi,Laterallus levraudi
AVIBASE-2202698C,Laterallus melanophaius,Laterallus melanophaius,Laterallus melanophaius
AVIBASE-0712580C,Laterallus rogersi,Atlantisia rogersi,Atlantisia rogersi
AVIBASE-E75C88E2,Laterallus ruber,Laterallus ruber,Laterallus ruber
AVIBASE-B757AC6B,Laterallus spilonota,Laterallus spilonota,Laterallus spilonotus
AVIBASE-AB374CD7,Laterallus spilopterus,Porzana spiloptera,Porzana spiloptera
AVIBASE-07CC2FDB,Laterallus tuerosi,Laterallus jamaicensis,Laterallus tuerosi
AVIBASE-99374A39,Laterallus xenopterus,Laterallus xenopterus,Laterallus xenopterus
AVIBASE-F5E8A0CE,Lathamus discolor,Lathamus discolor,Lathamus discolor
AVIBASE-C150D25D,Lathrotriccus euleri,Lathrotriccus euleri,Lathrotriccus euleri
AVIBASE-F578E20D,Lathrotriccus griseipectus,Lathrotriccus griseipectus,Lathrotriccus griseipectus
AVIBASE-83DCEA75,Laticilla burnesii,Laticilla burnesii,Prinia burnesii
AVIBASE-B96E3F33,Laticilla cinerascens,Laticilla cinerascens,Prinia burnesii
AVIBASE-9971C83E,Legatus leucophaius,Legatus leucophaius,Legatus leucophaius
AVIBASE-3716A0FB,Leiopicus auriceps,Dendrocoptes auriceps,Dendrocopos auriceps
AVIBASE-CBBA6CB0,Leiopicus mahrattensis,Leiopicus mahrattensis,Dendrocopos mahrattensis
AVIBASE-504B2FD4,Leiopicus medius,Dendrocoptes medius,Dendrocopos medius
AVIBASE-932DB585,Leioptila annectens,Leioptila annectens,Heterophasia annectens
AVIBASE-FFF61080,Leiothlypis celata,Leiothlypis celata,Vermivora celata
AVIBASE-82F8890F,Leiothlypis crissalis,Leiothlypis crissalis,Vermivora crissalis
AVIBASE-E8EB3C96,Leiothlypis luciae,Leiothlypis luciae,Vermivora luciae
AVIBASE-D204A930,Leiothlypis peregrina,Leiothlypis peregrina,Vermivora peregrina
AVIBASE-183E5F90,Leiothlypis ruficapilla,Leiothlypis ruficapilla,Vermivora ruficapilla
AVIBASE-A97F14D0,Leiothlypis virginiae,Leiothlypis virginiae,Vermivora virginiae
AVIBASE-DA16A143,Leiothrix argentauris,Leiothrix argentauris,Leiothrix argentauris
AVIBASE-EDA24491,Leiothrix laurinae,Leiothrix argentauris,Leiothrix argentauris
AVIBASE-E147E79E,Leiothrix lutea,Leiothrix lutea,Leiothrix lutea
AVIBASE-BE7FA465,Leipoa ocellata,Leipoa ocellata,Leipoa ocellata
AVIBASE-822B2E03,Leistes bellicosus,Leistes bellicosus,Sturnella bellicosa
AVIBASE-E39D145D,Leistes defilippii,Leistes defilippii,Sturnella defilippii
AVIBASE-116A0791,Leistes loyca,Leistes loyca,Sturnella loyca
AVIBASE-5E08EF73,Leistes militaris,Leistes militaris,Sturnella militaris
AVIBASE-2A95552E,Leistes superciliaris,Leistes superciliaris,Sturnella superciliaris
AVIBASE-85E10874,Leonardina woodi,Leonardina woodi,Leonardina woodi
AVIBASE-C4376922,Lepidocolaptes affinis,Lepidocolaptes affinis,Lepidocolaptes affinis
AVIBASE-8210E3A3,Lepidocolaptes albolineatus,Lepidocolaptes albolineatus,Lepidocolaptes albolineatus
AVIBASE-1AC2BAC2,Lepidocolaptes angustirostris,Lepidocolaptes angustirostris,Lepidocolaptes angustirostris
AVIBASE-E41639E7,Lepidocolaptes duidae,Lepidocolaptes duidae,Lepidocolaptes albolineatus
AVIBASE-A9EF14E1,Lepidocolaptes falcinellus,Lepidocolaptes falcinellus,Lepidocolaptes falcinellus
AVIBASE-6D230722,Lepidocolaptes fatimalimae,Lepidocolaptes fatimalimae,Lepidocolaptes albolineatus
AVIBASE-43AC1D66,Lepidocolaptes fuscicapillus,Lepidocolaptes fuscicapillus,Lepidocolaptes albolineatus
AVIBASE-D6EF464B,Lepidocolaptes lacrymiger,Lepidocolaptes lacrymiger,Lepidocolaptes lacrymiger
AVIBASE-21A260F2,Lepidocolaptes leucogaster,Lepidocolaptes leucogaster,Lepidocolaptes leucogaster
AVIBASE-98E9CCDE,Lepidocolaptes neglectus,Lepidocolaptes affinis,Lepidocolaptes affinis
AVIBASE-65EA1A08,Lepidocolaptes souleyetii,Lepidocolaptes souleyetii,Lepidocolaptes souleyetii
AVIBASE-AEFE6D42,Lepidocolaptes squamatus,Lepidocolaptes squamatus,Lepidocolaptes squamatus
AVIBASE-653D9BD0,Lepidogrammus cumingi,Dasylophus cumingi,Phaenicophaeus cumingi
AVIBASE-9E75E6F9,Lepidopygia nana,Lepidopygia nana,Lonchura nana
AVIBASE-F4236ACB,Lepidothrix coeruleocapilla,Lepidothrix coeruleocapilla,Lepidothrix coeruleocapilla
AVIBASE-E44EC9A5,Lepidothrix coronata,Lepidothrix coronata,Lepidothrix coronata
AVIBASE-5852C9A8,Lepidothrix iris,Lepidothrix iris,Lepidothrix iris
AVIBASE-7BAF5701,Lepidothrix isidorei,Lepidothrix isidorei,Lepidothrix isidorei
AVIBASE-995CF40D,Lepidothrix nattereri,Lepidothrix nattereri,Lepidothrix nattereri
AVIBASE-33C4A8B0,Lepidothrix serena,Lepidothrix serena,Lepidothrix serena
AVIBASE-1717C993,Lepidothrix suavissima,Lepidothrix suavissima,Lepidothrix suavissima
AVIBASE-F70CF49B,Lepidothrix vilasboasi,Lepidothrix vilasboasi,Lepidothrix vilasboasi
AVIBASE-9E0B7CE9,Leptasthenura aegithaloides,Leptasthenura aegithaloides,Leptasthenura aegithaloides
AVIBASE-3367E902,Leptasthenura andicola,Leptasthenura andicola,Leptasthenura andicola
AVIBASE-30D40AFC,Leptasthenura berlepschi,Leptasthenura aegithaloides,Leptasthenura aegithaloides
AVIBASE-9FCDF434,Leptasthenura fuliginiceps,Leptasthenura fuliginiceps,Leptasthenura fuliginiceps
AVIBASE-0AD6DA40,Leptasthenura pallida,Leptasthenura aegithaloides,Leptasthenura aegithaloides
AVIBASE-0EFEB7DB,Leptasthenura pileata,Leptasthenura pileata,Leptasthenura pileata
AVIBASE-C93D57E9,Leptasthenura platensis,Leptasthenura platensis,Leptasthenura platensis
AVIBASE-8223568E,Leptasthenura setaria,Leptasthenura setaria,Leptasthenura setaria
AVIBASE-D44A8E2F,Leptasthenura striata,Leptasthenura striata,Leptasthenura striata
AVIBASE-83FBC2B3,Leptasthenura striolata,Leptasthenura striolata,Leptasthenura striolata
AVIBASE-309CCFF3,Leptasthenura xenothorax,Leptasthenura xenothorax,Leptasthenura xenothorax
AVIBASE-16EBA05A,Leptocoma aspasia,Leptocoma aspasia,Nectarinia aspasia
AVIBASE-F1495113,Leptocoma brasiliana,Leptocoma brasiliana,Nectarinia sperata
AVIBASE-ECF86816,Leptocoma calcostetha,Leptocoma calcostetha,Nectarinia calcostetha
AVIBASE-A9A975C7,Leptocoma juliae,Leptocoma sperata,Nectarinia sperata
AVIBASE-B5F1B635,Leptocoma minima,Leptocoma minima,Nectarinia minima
AVIBASE-10D43C0F,Leptocoma sperata,Leptocoma sperata,Nectarinia sperata
AVIBASE-9A13D986,Leptocoma zeylonica,Leptocoma zeylonica,Nectarinia zeylonica
AVIBASE-C2A2B363,Leptodon cayanensis,Leptodon cayanensis,Leptodon cayanensis
AVIBASE-D54F02A6,Leptodon forbesi,Leptodon forbesi,Leptodon forbesi
AVIBASE-42100244,Leptopoecile elegans,Leptopoecile elegans,Leptopoecile elegans
AVIBASE-FCAE5D9C,Leptopoecile sophiae,Leptopoecile sophiae,Leptopoecile sophiae
AVIBASE-0F4104DF,Leptopogon albidiventer,Leptopogon superciliaris,Leptopogon superciliaris
AVIBASE-61EA91A8,Leptopogon amaurocephalus,Leptopogon amaurocephalus,Leptopogon amaurocephalus
AVIBASE-5C461582,Leptopogon rufipectus,Leptopogon rufipectus,Leptopogon rufipectus
AVIBASE-16C172E1,Leptopogon superciliaris,Leptopogon superciliaris,Leptopogon superciliaris
AVIBASE-6B4B427B,Leptopogon taczanowskii,Leptopogon taczanowskii,Leptopogon taczanowskii
AVIBASE-AD014578,Leptopterus chabert,Leptopterus chabert,Leptopterus chabert
AVIBASE-03C0F97C,Leptoptilos crumenifer,Leptoptilos crumenifer,Leptoptilos crumeniferus
AVIBASE-81E1FC1C,Leptoptilos dubius,Leptoptilos dubius,Leptoptilos dubius
AVIBASE-74907154,Leptoptilos javanicus,Leptoptilos javanicus,Leptoptilos javanicus
AVIBASE-B6D7DD31,Leptosittaca branickii,Leptosittaca branickii,Leptosittaca branickii
AVIBASE-BCC6CD0D,Leptosomus discolor,Leptosomus discolor,Leptosomus discolor
AVIBASE-CC39ED20,Leptotila battyi,Leptotila plumbeiceps,Leptotila battyi
AVIBASE-34B0DFFA,Leptotila cassinii,Leptotila cassinii,Leptotila cassini
AVIBASE-52700241,Leptotila conoveri,Leptotila conoveri,Leptotila conoveri
AVIBASE-401B5C83,Leptotila jamaicensis,Leptotila jamaicensis,Leptotila jamaicensis
AVIBASE-BAB92B27,Leptotila megalura,Leptotila megalura,Leptotila megalura
AVIBASE-597CE4E8,Leptotila ochraceiventris,Leptotila ochraceiventris,Leptotila ochraceiventris
AVIBASE-D4CDB0EA,Leptotila pallida,Leptotila pallida,Leptotila pallida
AVIBASE-41E03340,Leptotila plumbeiceps,Leptotila plumbeiceps,Leptotila plumbeiceps
AVIBASE-684B9362,Leptotila rufaxilla,Leptotila rufaxilla,Leptotila rufaxilla
AVIBASE-6141E8C8,Leptotila verreauxi,Leptotila verreauxi,Leptotila verreauxi
AVIBASE-4A922076,Leptotila wellsi,Leptotila wellsi,Leptotila wellsi
AVIBASE-BB65071B,Leptotrygon veraguensis,Leptotrygon veraguensis,Geotrygon veraguensis
AVIBASE-AEC62A99,Lerwa lerwa,Lerwa lerwa,Lerwa lerwa
AVIBASE-5DEE6DC8,Lesbia nuna,Lesbia nuna,Lesbia nuna
AVIBASE-E90F598E,Lesbia victoriae,Lesbia victoriae,Lesbia victoriae
AVIBASE-1DF12516,Lessonia oreas,Lessonia oreas,Lessonia oreas
AVIBASE-644B907D,Lessonia rufa,Lessonia rufa,Lessonia rufa
AVIBASE-ECDD6FE6,Leucippus baeri,Thaumasius baeri,Leucippus baeri
AVIBASE-ACC50DCF,Leucippus chlorocercus,Talaphorus chlorocercus,Leucippus chlorocercus
AVIBASE-ACCC88A9,Leucippus fallax,Leucippus fallax,Leucippus fallax
AVIBASE-F09720C2,Leucippus taczanowskii,Thaumasius taczanowskii,Leucippus taczanowskii
AVIBASE-1A941EF8,Leucocarbo atriceps,Leucocarbo georgianus,Phalacrocorax atriceps
AVIBASE-405403BD,Leucocarbo atriceps,Leucocarbo atriceps,Phalacrocorax atriceps
AVIBASE-89CBCA28,Leucocarbo atriceps,Leucocarbo bransfieldensis,Phalacrocorax atriceps
AVIBASE-86B80955,Leucocarbo bougainvilliorum,Leucocarbo bougainvillii,Phalacrocorax bougainvillii
AVIBASE-961A9CE2,Leucocarbo campbelli,Leucocarbo campbelli,Phalacrocorax campbelli
AVIBASE-09D4D411,Leucocarbo carunculatus,Leucocarbo carunculatus,Phalacrocorax carunculatus
AVIBASE-483FA17D,Leucocarbo chalconotus,Leucocarbo chalconotus,Phalacrocorax chalconotus
AVIBASE-3B5B61A0,Leucocarbo colensoi,Leucocarbo colensoi,Phalacrocorax colensoi
AVIBASE-1EA575E0,Leucocarbo magellanicus,Leucocarbo magellanicus,Phalacrocorax magellanicus
AVIBASE-6EE1B0CE,Leucocarbo onslowi,Leucocarbo onslowi,Phalacrocorax onslowi
AVIBASE-0866195D,Leucocarbo ranfurlyi,Leucocarbo ranfurlyi,Phalacrocorax ranfurlyi
AVIBASE-C6DA25F4,Leucocarbo verrucosus,Leucocarbo verrucosus,Phalacrocorax atriceps
AVIBASE-DEB293EB,Leucochloris albicollis,Leucochloris albicollis,Leucochloris albicollis
AVIBASE-77845DAD,Leucogeranus leucogeranus,Leucogeranus leucogeranus,Grus leucogeranus
AVIBASE-6C74415D,Leuconotopicus albolarvatus,Dryobates albolarvatus,Picoides albolarvatus
AVIBASE-0DA5CC35,Leuconotopicus arizonae,Dryobates arizonae,Picoides arizonae
AVIBASE-0BFCAE79,Leuconotopicus borealis,Dryobates borealis,Picoides borealis
AVIBASE-5481FBB2,Leuconotopicus fumigatus,Dryobates fumigatus,Picoides fumigatus
AVIBASE-97F0A2DF,Leuconotopicus stricklandi,Dryobates stricklandi,Picoides stricklandi
AVIBASE-9D06AF89,Leuconotopicus villosus,Dryobates villosus,Picoides villosus
AVIBASE-21F464DE,Leucopeza semperi,Leucopeza semperi,Leucopeza semperi
AVIBASE-5E135F53,Leucopsar rothschildi,Leucopsar rothschildi,Leucopsar rothschildi
AVIBASE-0DDD022A,Leucopternis kuhli,Leucopternis kuhli,Leucopternis kuhli
AVIBASE-95D16974,Leucopternis melanops,Leucopternis melanops,Leucopternis melanops
AVIBASE-B4B9A3B4,Leucopternis semiplumbeus,Leucopternis semiplumbeus,Leucopternis semiplumbeus
AVIBASE-E91C72D9,Leucosarcia melanoleuca,Leucosarcia melanoleuca,Leucosarcia melanoleuca
AVIBASE-B150BF7F,Leucosticte arctoa,Leucosticte arctoa,Leucosticte arctoa
AVIBASE-A8F0BE19,Leucosticte atrata,Leucosticte atrata,Leucosticte atrata
AVIBASE-0B90527D,Leucosticte australis,Leucosticte australis,Leucosticte australis
AVIBASE-D12C9F11,Leucosticte brandti,Leucosticte brandti,Leucosticte brandti
AVIBASE-AC494997,Leucosticte nemoricola,Leucosticte nemoricola,Leucosticte nemoricola
AVIBASE-029491CD,Leucosticte tephrocotis,Leucosticte tephrocotis,Leucosticte tephrocotis
AVIBASE-F7CE0777,Lewinia mirifica,Lewinia mirifica,Lewinia mirifica
AVIBASE-C5AFD635,Lewinia muelleri,Lewinia muelleri,Lewinia muelleri
AVIBASE-8B6FB21F,Lewinia pectoralis,Lewinia pectoralis,Lewinia pectoralis
AVIBASE-139D3221,Lewinia striata,Lewinia striata,Gallirallus striatus
AVIBASE-D2F157E4,Lichenostomus cratitius,Lichenostomus cratitius,Lichenostomus cratitius
AVIBASE-6409E246,Lichenostomus melanops,Lichenostomus melanops,Lichenostomus melanops
AVIBASE-68C2B245,Lichmera alboauricularis,Lichmera alboauricularis,Lichmera alboauricularis
AVIBASE-03880005,Lichmera argentauris,Lichmera argentauris,Lichmera argentauris
AVIBASE-D5D7DA7E,Lichmera deningeri,Lichmera deningeri,Lichmera deningeri
AVIBASE-0D8B8C68,Lichmera flavicans,Lichmera flavicans,Lichmera flavicans
AVIBASE-80F7A230,Lichmera incana,Lichmera incana,Lichmera incana
AVIBASE-D198F053,Lichmera indistincta,Lichmera indistincta,Lichmera indistincta
AVIBASE-5B8A3CD6,Lichmera indistincta,Lichmera limbata,Lichmera limbata
AVIBASE-685B4E33,Lichmera lombokia,Lichmera lombokia,Lichmera lombokia
AVIBASE-9810164E,Lichmera monticola,Lichmera monticola,Lichmera monticola
AVIBASE-68F6A00C,Lichmera notabilis,Lichmera notabilis,Lichmera notabilis
AVIBASE-B5BB0FC3,Lichmera squamata,Lichmera squamata,Lichmera squamata
AVIBASE-0A762FF6,Limnoctites rectirostris,Limnoctites rectirostris,Limnoctites rectirostris
AVIBASE-4A3B2CFF,Limnodromus griseus,Limnodromus griseus,Limnodromus griseus
AVIBASE-CB343E43,Limnodromus scolopaceus,Limnodromus scolopaceus,Limnodromus scolopaceus
AVIBASE-B7E68EC8,Limnodromus semipalmatus,Limnodromus semipalmatus,Limnodromus semipalmatus
AVIBASE-1BD9ECB6,Limnornis curvirostris,Limnornis curvirostris,Limnornis curvirostris
AVIBASE-D3624203,Limnothlypis swainsonii,Limnothlypis swainsonii,Limnothlypis swainsonii
AVIBASE-249AE8DF,Limosa fedoa,Limosa fedoa,Limosa fedoa
AVIBASE-93013964,Limosa haemastica,Limosa haemastica,Limosa haemastica
AVIBASE-9A684C99,Limosa lapponica,Limosa lapponica,Limosa lapponica
AVIBASE-454B5CD5,Limosa limosa,Limosa limosa,Limosa limosa
AVIBASE-32635892,Linaria cannabina,Linaria cannabina,Carduelis cannabina
AVIBASE-6CD4E38E,Linaria flavirostris,Linaria flavirostris,Carduelis flavirostris
AVIBASE-3E8BDBBA,Linaria johannis,Linaria johannis,Carduelis johannis
AVIBASE-FFC77162,Linaria yemenensis,Linaria yemenensis,Carduelis yemenensis
AVIBASE-80B649D4,Linurgus olivaceus,Linurgus olivaceus,Linurgus olivaceus
AVIBASE-8D7B97E0,Liocichla bugunorum,Liocichla bugunorum,Liocichla bugunorum
AVIBASE-AB57523F,Liocichla omeiensis,Liocichla omeiensis,Liocichla omeiensis
AVIBASE-D0E844AC,Liocichla phoenicea,Liocichla phoenicea,Liocichla phoenicea
AVIBASE-9C498E1F,Liocichla ripponi,Liocichla ripponi,Liocichla phoenicea
AVIBASE-E1A2DAD9,Liocichla steerii,Liocichla steerii,Liocichla steerii
AVIBASE-42D184B0,Lioparus chrysotis,Lioparus chrysotis,Alcippe chrysotis
AVIBASE-C09A5A72,Liosceles thoracicus,Liosceles thoracicus,Liosceles thoracicus
AVIBASE-99978F19,Lipaugus ater,Lipaugus ater,Tijuca atra
AVIBASE-3E1D4D61,Lipaugus conditus,Lipaugus conditus,Tijuca condita
AVIBASE-DB7C4B4C,Lipaugus fuscocinereus,Lipaugus fuscocinereus,Lipaugus fuscocinereus
AVIBASE-56D22505,Lipaugus lanioides,Lipaugus lanioides,Lipaugus lanioides
AVIBASE-33D1F117,Lipaugus streptophorus,Lipaugus streptophorus,Lipaugus streptophorus
AVIBASE-EF5C2BE1,Lipaugus unirufus,Lipaugus unirufus,Lipaugus unirufus
AVIBASE-BE88CB54,Lipaugus uropygialis,Lipaugus uropygialis,Lipaugus uropygialis
AVIBASE-7F74A595,Lipaugus vociferans,Lipaugus vociferans,Lipaugus vociferans
AVIBASE-5309608B,Lipaugus weberi,Lipaugus weberi,Lipaugus weberi
AVIBASE-402E7401,Lissotis hartlaubii,Lissotis hartlaubii,Eupodotis hartlaubii
AVIBASE-562F4456,Lissotis melanogaster,Lissotis melanogaster,Eupodotis melanogaster
AVIBASE-1ED4FB4F,Loboparadisea sericea,Loboparadisea sericea,Loboparadisea sericea
AVIBASE-7B669DE9,Lobotos lobatus,Lobotos lobatus,Campephaga lobata
AVIBASE-D75CBDFB,Lobotos oriolinus,Lobotos oriolinus,Campephaga oriolina
AVIBASE-79B462A5,Lochmias nematura,Lochmias nematura,Lochmias nematura
AVIBASE-50E2882A,Locustella accentor,Locustella accentor,Bradypterus accentor
AVIBASE-AC14DBAB,Locustella alishanensis,Locustella alishanensis,Bradypterus alishanensis
AVIBASE-AD5B8488,Locustella amnicola,Helopsaltes amnicola,Locustella fasciolata
AVIBASE-3ED5F3FE,Locustella castanea,Locustella castanea,Bradypterus castaneus
AVIBASE-954948C3,Locustella castanea,Locustella disturbans,Bradypterus castaneus
AVIBASE-A86920C2,Locustella caudata,Locustella caudata,Bradypterus caudatus
AVIBASE-4C3CF429,Locustella certhiola,Helopsaltes certhiola,Locustella certhiola
AVIBASE-E2715929,Locustella chengi,Locustella chengi,NA
AVIBASE-A3DA71AE,Locustella davidi,Locustella davidi,Bradypterus davidi
AVIBASE-2F6F30EF,Locustella fasciolata,Helopsaltes fasciolatus,Locustella fasciolata
AVIBASE-2B020CA0,Locustella fluviatilis,Locustella fluviatilis,Locustella fluviatilis
AVIBASE-6F6DA65C,Locustella kashmirensis,Locustella kashmirensis,Bradypterus thoracicus
AVIBASE-10A37318,Locustella lanceolata,Locustella lanceolata,Locustella lanceolata
AVIBASE-2D46BB98,Locustella luscinioides,Locustella luscinioides,Locustella luscinioides
AVIBASE-79094AD6,Locustella luteoventris,Locustella luteoventris,Bradypterus luteoventris
AVIBASE-0EB857AC,Locustella major,Locustella major,Bradypterus major
AVIBASE-9D31EB97,Locustella mandelli,Locustella mandelli,Bradypterus mandelli
AVIBASE-C537F2F2,Locustella montis,Locustella montis,Bradypterus timorensis
AVIBASE-C537F2F2,Locustella montis,Locustella montis,Bradypterus montis
AVIBASE-BC0E4C9F,Locustella naevia,Locustella naevia,Locustella naevia
AVIBASE-3200EE86,Locustella ochotensis,Helopsaltes ochotensis,Locustella ochotensis
AVIBASE-4AADBF95,Locustella pleskei,Helopsaltes pleskei,Locustella pleskei
AVIBASE-07B21B75,Locustella portenta,Locustella portenta,NA
AVIBASE-0150666B,Locustella pryeri,Helopsaltes pryeri,Locustella pryeri
AVIBASE-E38055D6,Locustella seebohmi,Locustella seebohmi,Bradypterus seebohmi
AVIBASE-AD2C0444,Locustella tacsanowskia,Locustella tacsanowskia,Bradypterus tacsanowskius
AVIBASE-21589EE3,Locustella thoracica,Locustella thoracica,Bradypterus thoracicus
AVIBASE-7969608C,Loddigesia mirabilis,Loddigesia mirabilis,Loddigesia mirabilis
AVIBASE-5634598A,Lonchura atricapilla,Lonchura atricapilla,Lonchura atricapilla
AVIBASE-68DA304C,Lonchura caniceps,Lonchura caniceps,Lonchura caniceps
AVIBASE-468F5860,Lonchura castaneothorax,Lonchura castaneothorax,Lonchura castaneothorax
AVIBASE-E8A0ABCF,Lonchura ferruginosa,Lonchura ferruginosa,Lonchura ferruginosa
AVIBASE-E3DD5ABD,Lonchura flaviprymna,Lonchura flaviprymna,Lonchura flaviprymna
AVIBASE-0EF407D4,Lonchura forbesi,Lonchura forbesi,Lonchura forbesi
AVIBASE-F1F444EE,Lonchura fuscans,Lonchura fuscans,Lonchura fuscans
AVIBASE-BBD0A638,Lonchura fuscata,Padda fuscata,Padda fuscata
AVIBASE-083AA376,Lonchura grandis,Lonchura grandis,Lonchura grandis
AVIBASE-9107A335,Lonchura hunsteini,Lonchura hunsteini,Lonchura hunsteini
AVIBASE-84A01BC8,Lonchura hunsteini,Lonchura nigerrima,Lonchura nigerrima
AVIBASE-9138891C,Lonchura kelaarti,Lonchura kelaarti,Lonchura kelaarti
AVIBASE-63392C0E,Lonchura leucogastra,Lonchura leucogastra,Lonchura leucogastra
AVIBASE-C4445409,Lonchura leucogastroides,Lonchura leucogastroides,Lonchura leucogastroides
AVIBASE-6ECF5020,Lonchura leucosticta,Mayrimunia leucosticta,Lonchura leucosticta
AVIBASE-E92CE1F0,Lonchura maja,Lonchura maja,Lonchura maja
AVIBASE-937B5409,Lonchura malacca,Lonchura malacca,Lonchura malacca
AVIBASE-922C2DF2,Lonchura melaena,Lonchura melaena,Lonchura melaena
AVIBASE-F84846C3,Lonchura molucca,Lonchura molucca,Lonchura molucca
AVIBASE-497D7737,Lonchura montana,Lonchura montana,Lonchura montana
AVIBASE-21E64EAC,Lonchura monticola,Lonchura monticola,Lonchura monticola
AVIBASE-E9579BCC,Lonchura nevermanni,Lonchura nevermanni,Lonchura nevermanni
AVIBASE-549BEA0C,Lonchura oryzivora,Padda oryzivora,Padda oryzivora
AVIBASE-E25374DB,Lonchura pallida,Lonchura pallida,Lonchura pallida
AVIBASE-6D4F72B1,Lonchura punctulata,Lonchura punctulata,Lonchura punctulata
AVIBASE-497038CC,Lonchura quinticolor,Lonchura quinticolor,Lonchura quinticolor
AVIBASE-5E0856C9,Lonchura spectabilis,Lonchura spectabilis,Lonchura spectabilis
AVIBASE-22BE6FC5,Lonchura striata,Lonchura striata,Lonchura striata
AVIBASE-D8C80CAF,Lonchura stygia,Lonchura stygia,Lonchura stygia
AVIBASE-34A03C70,Lonchura teerinki,Lonchura teerinki,Lonchura teerinki
AVIBASE-982303AD,Lonchura tristissima,Mayrimunia tristissima,Lonchura tristissima
AVIBASE-D6BEA296,Lonchura vana,Lonchura vana,Lonchura vana
AVIBASE-14B9664A,Lophaetus occipitalis,Lophaetus occipitalis,Lophaetus occipitalis
AVIBASE-1FDA0172,Lophoceros alboterminatus,Lophoceros alboterminatus,Tockus alboterminatus
AVIBASE-336CB959,Lophoceros bradfieldi,Lophoceros bradfieldi,Tockus bradfieldi
AVIBASE-53D72911,Lophoceros camurus,Lophoceros camurus,Tockus camurus
AVIBASE-4B8F7AF5,Lophoceros fasciatus,Lophoceros fasciatus,Tockus fasciatus
AVIBASE-6D72B23C,Lophoceros hemprichii,Lophoceros hemprichii,Tockus hemprichii
AVIBASE-0CCD664D,Lophoceros nasutus,Lophoceros nasutus,Tockus nasutus
AVIBASE-235F0000,Lophoceros pallidirostris,Lophoceros pallidirostris,Tockus pallidirostris
AVIBASE-89218876,Lophoceros semifasciatus,Lophoceros fasciatus,Tockus fasciatus
AVIBASE-60E6081E,Lophodytes cucullatus,Lophodytes cucullatus,Lophodytes cucullatus
AVIBASE-E5D782FB,Lophoictinia isura,Lophoictinia isura,Lophoictinia isura
AVIBASE-B6416BD3,Lopholaimus antarcticus,Lopholaimus antarcticus,Lopholaimus antarcticus
AVIBASE-079F846A,Lophonetta specularioides,Lophonetta specularioides,Lophonetta specularioides
AVIBASE-E5531933,Lophophanes cristatus,Lophophanes cristatus,Parus cristatus
AVIBASE-85491713,Lophophanes dichrous,Lophophanes dichrous,Parus dichrous
AVIBASE-F57FA437,Lophophorus impejanus,Lophophorus impejanus,Lophophorus impejanus
AVIBASE-583D3E97,Lophophorus lhuysii,Lophophorus lhuysii,Lophophorus lhuysii
AVIBASE-298DEB8C,Lophophorus sclateri,Lophophorus sclateri,Lophophorus sclateri
AVIBASE-9E69DE40,Lophorina feminina,Lophorina superba,Lophorina superba
AVIBASE-4A27D2EB,Lophorina intercedens,Ptiloris intercedens,Ptiloris intercedens
AVIBASE-D3B4EDA8,Lophorina magnifica,Ptiloris magnificus,Ptiloris magnificus
AVIBASE-847EFC94,Lophorina minor,Lophorina minor,Lophorina superba
AVIBASE-612E3B48,Lophorina paradisea,Ptiloris paradiseus,Ptiloris paradiseus
AVIBASE-507F94D7,Lophorina superba,Lophorina niedda,Lophorina superba
AVIBASE-A19AD1E4,Lophorina victoriae,Ptiloris victoriae,Ptiloris victoriae
AVIBASE-277C3C50,Lophornis adorabilis,Lophornis adorabilis,Lophornis adorabilis
AVIBASE-B4FBA85D,Lophornis brachylophus,Lophornis brachylophus,Lophornis brachylophus
AVIBASE-32949A7C,Lophornis chalybeus,Lophornis chalybeus,Lophornis chalybeus
AVIBASE-043F6C71,Lophornis delattrei,Lophornis delattrei,Lophornis delattrei
AVIBASE-F643911E,Lophornis gouldii,Lophornis gouldii,Lophornis gouldii
AVIBASE-DA45F747,Lophornis helenae,Lophornis helenae,Lophornis helenae
AVIBASE-C2C5F2E3,Lophornis magnificus,Lophornis magnificus,Lophornis magnificus
AVIBASE-73CC49C7,Lophornis ornatus,Lophornis ornatus,Lophornis ornatus
AVIBASE-FF8E6E09,Lophornis pavoninus,Lophornis pavoninus,Lophornis pavoninus
AVIBASE-09271BAD,Lophornis stictolophus,Lophornis stictolophus,Lophornis stictolophus
AVIBASE-BF9C468D,Lophornis verreauxii,Lophornis verreauxii,Lophornis chalybeus
AVIBASE-065F5150,Lophospingus griseocristatus,Lophospingus griseocristatus,Lophospingus griseocristatus
AVIBASE-AD0D014C,Lophospingus pusillus,Lophospingus pusillus,Lophospingus pusillus
AVIBASE-4DC2A2BF,Lophostrix cristata,Lophostrix cristata,Lophostrix cristata
AVIBASE-F6DD994A,Lophotibis cristata,Lophotibis cristata,Lophotibis cristata
AVIBASE-968D57F9,Lophotis gindiana,Eupodotis gindiana,Eupodotis gindiana
AVIBASE-02BE4F8A,Lophotis ruficrista,Eupodotis ruficrista,Eupodotis ruficrista
AVIBASE-8F3D1E6F,Lophotis savilei,Eupodotis savilei,Eupodotis savilei
AVIBASE-5B7A0B33,Lophotriccus eulophotes,Lophotriccus eulophotes,Lophotriccus eulophotes
AVIBASE-AD336ABC,Lophotriccus galeatus,Lophotriccus galeatus,Lophotriccus galeatus
AVIBASE-ACC831CF,Lophotriccus pileatus,Lophotriccus pileatus,Lophotriccus pileatus
AVIBASE-85F4E491,Lophotriccus vitiosus,Lophotriccus vitiosus,Lophotriccus vitiosus
AVIBASE-BEB2A9A8,Lophotriorchis kienerii,Lophotriorchis kienerii,Lophotriorchis kienerii
AVIBASE-2CE71349,Lophura bulweri,Lophura bulweri,Lophura bulweri
AVIBASE-6805AC5A,Lophura diardi,Lophura diardi,Lophura diardi
AVIBASE-7F93B067,Lophura edwardsi,Lophura edwardsi,Lophura edwardsi
AVIBASE-EF966E96,Lophura erythrophthalma,Lophura erythrophthalma,Lophura erythrophthalma
AVIBASE-A2C24EB3,Lophura ignita,Lophura ignita,Lophura ignita
AVIBASE-0C6585C7,Lophura inornata,Lophura inornata,Lophura hoogerwerfi
AVIBASE-0C6585C7,Lophura inornata,Lophura inornata,Lophura inornata
AVIBASE-93A17734,Lophura leucomelanos,Lophura leucomelanos,Lophura leucomelanos
AVIBASE-D793F5FE,Lophura nycthemera,Lophura nycthemera,Lophura nycthemera
AVIBASE-B600ECBA,Lophura pyronota,Lophura erythrophthalma,Lophura erythrophthalma
AVIBASE-E811C037,Lophura rufa,Lophura ignita,Lophura ignita
AVIBASE-1EFA9BD0,Lophura swinhoii,Lophura swinhoii,Lophura swinhoii
AVIBASE-B03FE87A,Loriculus amabilis,Loriculus amabilis,Loriculus amabilis
AVIBASE-3506CDB5,Loriculus aurantiifrons,Loriculus aurantiifrons,Loriculus aurantiifrons
AVIBASE-424E35B4,Loriculus beryllinus,Loriculus beryllinus,Loriculus beryllinus
AVIBASE-390975E0,Loriculus catamene,Loriculus catamene,Loriculus catamene
AVIBASE-4E06EF1A,Loriculus exilis,Loriculus exilis,Loriculus exilis
AVIBASE-BB7D6891,Loriculus flosculus,Loriculus flosculus,Loriculus flosculus
AVIBASE-34FA84EF,Loriculus galgulus,Loriculus galgulus,Loriculus galgulus
AVIBASE-ACFBE74D,Loriculus philippensis,Loriculus philippensis,Loriculus philippensis
AVIBASE-429AFB0E,Loriculus pusillus,Loriculus pusillus,Loriculus pusillus
AVIBASE-B2D21F1D,Loriculus sclateri,Loriculus sclateri,Loriculus sclateri
AVIBASE-DF801E78,Loriculus stigmatus,Loriculus stigmatus,Loriculus stigmatus
AVIBASE-CE21EA2E,Loriculus tener,Loriculus tener,Loriculus tener
AVIBASE-A5FA764B,Loriculus vernalis,Loriculus vernalis,Loriculus vernalis
AVIBASE-3106EC1A,Lorius albidinucha,Lorius albidinucha,Lorius albidinucha
AVIBASE-8EFBF8E5,Lorius chlorocercus,Lorius chlorocercus,Lorius chlorocercus
AVIBASE-F720A7D5,Lorius domicella,Lorius domicella,Lorius domicella
AVIBASE-F33A63C5,Lorius garrulus,Lorius garrulus,Lorius garrulus
AVIBASE-E8065829,Lorius hypoinochrous,Lorius hypoinochrous,Lorius hypoinochrous
AVIBASE-451B7837,Lorius lory,Lorius lory,Lorius lory
AVIBASE-135564AA,Loxia curvirostra,Loxia curvirostra,Loxia curvirostra
AVIBASE-80C297E6,Loxia leucoptera,Loxia leucoptera,Loxia leucoptera
AVIBASE-30E7CF04,Loxia megaplaga,Loxia megaplaga,Loxia megaplaga
AVIBASE-CAAD3E23,Loxia pytyopsittacus,Loxia pytyopsittacus,Loxia pytyopsittacus
AVIBASE-74FCC44D,Loxia scotica,Loxia scotica,Loxia scotica
AVIBASE-AA768553,Loxigilla barbadensis,Loxigilla barbadensis,Loxigilla barbadensis
AVIBASE-B371AC33,Loxigilla noctis,Loxigilla noctis,Loxigilla noctis
AVIBASE-6B31D099,Loxioides bailleui,Loxioides bailleui,Loxioides bailleui
AVIBASE-68C45443,Loxipasser anoxanthus,Loxipasser anoxanthus,Loxipasser anoxanthus
AVIBASE-0F8900D1,Loxops caeruleirostris,Loxops caeruleirostris,Loxops caeruleirostris
AVIBASE-B690DF97,Loxops coccineus,Loxops coccineus,Loxops coccineus
AVIBASE-8904189E,Loxops ochraceus,Loxops ochraceus,Loxops coccineus
AVIBASE-742EC2F1,Lullula arborea,Lullula arborea,Lullula arborea
AVIBASE-FC8265D9,Lurocalis rufiventris,Lurocalis rufiventris,Lurocalis rufiventris
AVIBASE-518ADDBC,Lurocalis semitorquatus,Lurocalis semitorquatus,Lurocalis semitorquatus
AVIBASE-6EC66752,Luscinia luscinia,Luscinia luscinia,Luscinia luscinia
AVIBASE-7C7F0DEE,Luscinia megarhynchos,Luscinia megarhynchos,Luscinia megarhynchos
AVIBASE-3F31B1D6,Lybius chaplini,Lybius chaplini,Lybius chaplini
AVIBASE-0D419595,Lybius guifsobalito,Lybius guifsobalito,Lybius guifsobalito
AVIBASE-408639E6,Lybius leucocephalus,Lybius leucocephalus,Lybius leucocephalus
AVIBASE-E68E0A8E,Lybius leucogaster,Lybius leucocephalus,Lybius leucocephalus
AVIBASE-C477BEB1,Lybius rubrifacies,Lybius rubrifacies,Lybius rubrifacies
AVIBASE-B91DD3C8,Lybius senex,Lybius leucocephalus,Lybius leucocephalus
AVIBASE-8C50CB2D,Lybius torquatus,Lybius torquatus,Lybius torquatus
AVIBASE-E0ED3A27,Lybius undatus,Lybius undatus,Lybius undatus
AVIBASE-7DE8EBBA,Lybius vieilloti,Lybius vieilloti,Lybius vieilloti
AVIBASE-4BD91D48,Lycocorax obiensis,Lycocorax pyrrhopterus,Lycocorax pyrrhopterus
AVIBASE-EED2D4AE,Lycocorax pyrrhopterus,Lycocorax pyrrhopterus,Lycocorax pyrrhopterus
AVIBASE-1A15F0C6,Lymnocryptes minimus,Lymnocryptes minimus,Lymnocryptes minimus
AVIBASE-C5E15B31,Lyncornis macrotis,Lyncornis macrotis,Eurostopodus macrotis
AVIBASE-3DBEFCA5,Lyncornis temminckii,Lyncornis temminckii,Eurostopodus temminckii
AVIBASE-4ACE5613,Lyrurus mlokosiewiczi,Lyrurus mlokosiewiczi,Tetrao mlokosiewiczi
AVIBASE-D4441CD6,Lyrurus tetrix,Lyrurus tetrix,Tetrao tetrix
AVIBASE-174776FC,Macgregoria pulchra,Macgregoria pulchra,Macgregoria pulchra
AVIBASE-A7DBA3E6,Machaerirhynchus flaviventer,Machaerirhynchus flaviventer,Machaerirhynchus flaviventer
AVIBASE-7A20EBB0,Machaerirhynchus nigripectus,Machaerirhynchus nigripectus,Machaerirhynchus nigripectus
AVIBASE-D76775F3,Machaeropterus deliciosus,Machaeropterus deliciosus,Machaeropterus deliciosus
AVIBASE-CA46A1E1,Machaeropterus eckelberryi,Machaeropterus eckelberryi,Machaeropterus regulus
AVIBASE-F142A496,Machaeropterus pyrocephalus,Machaeropterus pyrocephalus,Machaeropterus pyrocephalus
AVIBASE-FCA41C81,Machaeropterus regulus,Machaeropterus regulus,Machaeropterus regulus
AVIBASE-B4FFD399,Machaeropterus striolatus,Machaeropterus striolatus,Machaeropterus regulus
AVIBASE-DAE4C523,Macheiramphus alcinus,Macheiramphus alcinus,Macheiramphus alcinus
AVIBASE-87874F97,Machetornis rixosa,Machetornis rixosa,Machetornis rixosa
AVIBASE-171B0084,Machlolophus holsti,Machlolophus holsti,Parus holsti
AVIBASE-ACF0445B,Machlolophus nuchalis,Machlolophus nuchalis,Parus nuchalis
AVIBASE-AEF498CA,Machlolophus spilonotus,Machlolophus spilonotus,Parus spilonotus
AVIBASE-F45DB0EB,Machlolophus xanthogenys,Machlolophus aplonotus,Parus xanthogenys
AVIBASE-885D7623,Machlolophus xanthogenys,Machlolophus xanthogenys,Parus xanthogenys
AVIBASE-B165F898,Mackenziaena leachii,Mackenziaena leachii,Mackenziaena leachii
AVIBASE-BE8716E0,Mackenziaena severa,Mackenziaena severa,Mackenziaena severa
AVIBASE-4778FAB7,Macroagelaius imthurni,Macroagelaius imthurni,Macroagelaius imthurni
AVIBASE-7290E17C,Macroagelaius subalaris,Macroagelaius subalaris,Macroagelaius subalaris
AVIBASE-7B3B8F2F,Macrocephalon maleo,Macrocephalon maleo,Macrocephalon maleo
AVIBASE-C1706A8B,Macronectes giganteus,Macronectes giganteus,Macronectes giganteus
AVIBASE-F504C8DE,Macronectes halli,Macronectes halli,Macronectes halli
AVIBASE-462272BA,Macronus ptilosus,Macronus ptilosus,Macronous ptilosus
AVIBASE-0CE8B173,Macronus striaticeps,Macronus striaticeps,Macronous striaticeps
AVIBASE-70129CB1,Macronyx ameliae,Macronyx ameliae,Macronyx ameliae
AVIBASE-F774B577,Macronyx aurantiigula,Macronyx aurantiigula,Macronyx aurantiigula
AVIBASE-CA742F9D,Macronyx capensis,Macronyx capensis,Macronyx capensis
AVIBASE-0D9BFED1,Macronyx croceus,Macronyx croceus,Macronyx croceus
AVIBASE-05AE5DFF,Macronyx flavicollis,Macronyx flavicollis,Macronyx flavicollis
AVIBASE-14CFB78A,Macronyx fuelleborni,Macronyx fuelleborni,Macronyx fuellebornii
AVIBASE-E05608A4,Macronyx grimwoodi,Macronyx grimwoodi,Macronyx grimwoodi
AVIBASE-FED54E53,Macronyx sharpei,Hemimacronyx sharpei,Macronyx sharpei
AVIBASE-9EFE07E9,Macropsalis forcipata,Macropsalis forcipata,Macropsalis forcipata
AVIBASE-FD516092,Macropygia amboinensis,Macropygia amboinensis,Macropygia amboinensis
AVIBASE-FD516092,Macropygia amboinensis,Macropygia doreya,Macropygia amboinensis
AVIBASE-4254A9CB,Macropygia emiliana,Macropygia emiliana,Macropygia emiliana
AVIBASE-EDF138FC,Macropygia macassariensis,Macropygia macassariensis,Macropygia magna
AVIBASE-A497EDE2,Macropygia mackinlayi,Macropygia mackinlayi,Macropygia mackinlayi
AVIBASE-E3CD28EA,Macropygia magna,Macropygia magna,Macropygia magna
AVIBASE-8BA75FED,Macropygia nigrirostris,Macropygia nigrirostris,Macropygia nigrirostris
AVIBASE-1CFF2F57,Macropygia phasianella,Macropygia phasianella,Macropygia phasianella
AVIBASE-890C54C3,Macropygia ruficeps,Macropygia ruficeps,Macropygia ruficeps
AVIBASE-DC1A2059,Macropygia rufipennis,Macropygia rufipennis,Macropygia rufipennis
AVIBASE-C1066969,Macropygia tenuirostris,Macropygia tenuirostris,Macropygia tenuirostris
AVIBASE-DA25D77D,Macropygia timorlaoensis,Macropygia timorlaoensis,Macropygia magna
AVIBASE-C0181886,Macropygia unchall,Macropygia unchall,Macropygia unchall
AVIBASE-E5CA98CA,Macrosphenus concolor,Macrosphenus concolor,Macrosphenus concolor
AVIBASE-931B81D9,Macrosphenus flavicans,Macrosphenus flavicans,Macrosphenus flavicans
AVIBASE-CE04A51B,Macrosphenus kempi,Macrosphenus kempi,Macrosphenus kempi
AVIBASE-D8BFA987,Macrosphenus kretschmeri,Macrosphenus kretschmeri,Macrosphenus kretschmeri
AVIBASE-AD967279,Macrosphenus pulitzeri,Macrosphenus pulitzeri,Macrosphenus pulitzeri
AVIBASE-BF2ABEE9,Madanga ruficollis,Madanga ruficollis,Madanga ruficollis
AVIBASE-55DDF05C,Magumma parva,Magumma parva,Hemignathus parvus
AVIBASE-B0AD6BC8,Malacocincla abbotti,Malacocincla abbotti,Malacocincla abbotti
AVIBASE-84378150,Malacocincla perspicillata,Malacocincla perspicillata,Malacocincla perspicillata
AVIBASE-0C21DA3C,Malacocincla sepiaria,Malacocincla sepiaria,Malacocincla sepiaria
AVIBASE-9941D6E1,Malaconotus alius,Malaconotus alius,Malaconotus alius
AVIBASE-641068BB,Malaconotus blanchoti,Malaconotus blanchoti,Malaconotus blanchoti
AVIBASE-2714B2A7,Malaconotus cruentus,Malaconotus cruentus,Malaconotus cruentus
AVIBASE-5C543B0A,Malaconotus gladiator,Malaconotus gladiator,Malaconotus gladiator
AVIBASE-ADFACA26,Malaconotus lagdeni,Malaconotus lagdeni,Malaconotus lagdeni
AVIBASE-AE3EFAF9,Malaconotus monteiri,Malaconotus monteiri,Malaconotus monteiri
AVIBASE-B7AA8B6E,Malacopteron affine,Malacopteron affine,Malacopteron affine
AVIBASE-BF217461,Malacopteron albogulare,Malacopteron albogulare,Malacopteron albogulare
AVIBASE-9AB7E1FF,Malacopteron cinereum,Malacopteron cinereum,Malacopteron cinereum
AVIBASE-7DB7D6CE,Malacopteron magnirostre,Malacopteron magnirostre,Malacopteron magnirostre
AVIBASE-A23AFA06,Malacopteron magnum,Malacopteron magnum,Malacopteron magnum
AVIBASE-BAA37492,Malacopteron palawanense,Malacopteron palawanense,Malacopteron palawanense
AVIBASE-0C9C7247,Malacoptila fulvogularis,Malacoptila fulvogularis,Malacoptila fulvogularis
AVIBASE-6D14FBBA,Malacoptila fusca,Malacoptila fusca,Malacoptila fusca
AVIBASE-F1599FFA,Malacoptila minor,Malacoptila striata,Malacoptila striata
AVIBASE-C1804C72,Malacoptila mystacalis,Malacoptila mystacalis,Malacoptila mystacalis
AVIBASE-46451CCE,Malacoptila panamensis,Malacoptila panamensis,Malacoptila panamensis
AVIBASE-ECC19533,Malacoptila rufa,Malacoptila rufa,Malacoptila rufa
AVIBASE-F767642A,Malacoptila semicincta,Malacoptila semicincta,Malacoptila semicincta
AVIBASE-289F54DE,Malacoptila striata,Malacoptila striata,Malacoptila striata
AVIBASE-FE03DD1E,Malacorhynchus membranaceus,Malacorhynchus membranaceus,Malacorhynchus membranaceus
AVIBASE-A1CA4EB2,Malcorus pectoralis,Malcorus pectoralis,Malcorus pectoralis
AVIBASE-974B0A63,Malia grata,Malia grata,Malia grata
AVIBASE-50D17C91,Malimbus ballmanni,Malimbus ballmanni,Malimbus ballmanni
AVIBASE-6E20B613,Malimbus cassini,Malimbus cassini,Malimbus cassini
AVIBASE-7B17318C,Malimbus coronatus,Malimbus coronatus,Malimbus coronatus
AVIBASE-A41AEDC9,Malimbus erythrogaster,Malimbus erythrogaster,Malimbus erythrogaster
AVIBASE-228DDFAD,Malimbus ibadanensis,Malimbus ibadanensis,Malimbus ibadanensis
AVIBASE-D0203B65,Malimbus malimbicus,Malimbus malimbicus,Malimbus malimbicus
AVIBASE-E27AFD14,Malimbus nitens,Malimbus nitens,Malimbus nitens
AVIBASE-EA26AF30,Malimbus racheliae,Malimbus racheliae,Malimbus racheliae
AVIBASE-960B56F2,Malimbus rubricollis,Malimbus rubricollis,Malimbus rubricollis
AVIBASE-13AA5A5C,Malimbus scutatus,Malimbus scutatus,Malimbus scutatus
AVIBASE-6D80F120,Malindangia mcgregori,Malindangia mcgregori,Coracina mcgregori
AVIBASE-17EAFC11,Malurus alboscapulatus,Malurus alboscapulatus,Malurus alboscapulatus
AVIBASE-02B9E930,Malurus amabilis,Malurus amabilis,Malurus amabilis
AVIBASE-549957F4,Malurus assimilis,Malurus assimilis,Malurus lamberti
AVIBASE-680AC77F,Malurus coronatus,Malurus coronatus,Malurus coronatus
AVIBASE-DAC72D07,Malurus cyaneus,Malurus cyaneus,Malurus cyaneus
AVIBASE-547E21A1,Malurus cyanocephalus,Malurus cyanocephalus,Malurus cyanocephalus
AVIBASE-378EF7E4,Malurus elegans,Malurus elegans,Malurus elegans
AVIBASE-468816FA,Malurus lamberti,Malurus lamberti,Malurus lamberti
AVIBASE-09FF44CF,Malurus leucopterus,Malurus leucopterus,Malurus leucopterus
AVIBASE-0E9290F8,Malurus melanocephalus,Malurus melanocephalus,Malurus melanocephalus
AVIBASE-41FCF199,Malurus pulcherrimus,Malurus pulcherrimus,Malurus pulcherrimus
AVIBASE-A334276B,Malurus splendens,Malurus splendens,Malurus splendens
AVIBASE-3C01B44C,Manacus aurantiacus,Manacus aurantiacus,Manacus aurantiacus
AVIBASE-9DF85999,Manacus candei,Manacus candei,Manacus candei
AVIBASE-091F833E,Manacus manacus,Manacus manacus,Manacus manacus
AVIBASE-84F26B47,Manacus vitellinus,Manacus vitellinus,Manacus vitellinus
AVIBASE-1A6B766A,Mandingoa nitidula,Mandingoa nitidula,Mandingoa nitidula
AVIBASE-A2D30980,Manorina flavigula,Manorina flavigula,Manorina flavigula
AVIBASE-585D688F,Manorina melanocephala,Manorina melanocephala,Manorina melanocephala
AVIBASE-7E6D62E4,Manorina melanophrys,Manorina melanophrys,Manorina melanophrys
AVIBASE-7661D9F4,Manorina melanotis,Manorina melanotis,Manorina melanotis
AVIBASE-DD65F272,Manucerthia mana,Loxops mana,Oreomystis mana
AVIBASE-A841C913,Manucodia ater,Manucodia ater,Manucodia ater
AVIBASE-80BAF2B9,Manucodia chalybatus,Manucodia chalybatus,Manucodia chalybatus
AVIBASE-657BF6D8,Manucodia comrii,Manucodia comrii,Manucodia comrii
AVIBASE-8563ADE6,Manucodia jobiensis,Manucodia jobiensis,Manucodia jobiensis
AVIBASE-D201EB72,Mareca americana,Mareca americana,Anas americana
AVIBASE-978D4485,Mareca falcata,Mareca falcata,Anas falcata
AVIBASE-15EE0D36,Mareca penelope,Mareca penelope,Anas penelope
AVIBASE-0B8AF41F,Mareca sibilatrix,Mareca sibilatrix,Anas sibilatrix
AVIBASE-C235A4D7,Mareca strepera,Mareca strepera,Anas strepera
AVIBASE-C1134C83,Margarobyas lawrencii,Margarobyas lawrencii,Gymnoglaux lawrencii
AVIBASE-844ABEC0,Margaroperdix madagarensis,Margaroperdix madagarensis,Margaroperdix madagascariensis
AVIBASE-C2A16FAE,Margarops fuscatus,Margarops fuscatus,Margarops fuscatus
AVIBASE-5D9734CE,Margarornis bellulus,Margarornis bellulus,Margarornis bellulus
AVIBASE-8FF7B7BB,Margarornis rubiginosus,Margarornis rubiginosus,Margarornis rubiginosus
AVIBASE-CDBA9E0C,Margarornis squamiger,Margarornis squamiger,Margarornis squamiger
AVIBASE-3AED50B1,Margarornis stellatus,Margarornis stellatus,Margarornis stellatus
AVIBASE-6362936E,Marmaronetta angustirostris,Marmaronetta angustirostris,Marmaronetta angustirostris
AVIBASE-A90F77DC,Maschalethraupis surinama,Tachyphonus surinamus,Tachyphonus surinamus
AVIBASE-2F4691A7,Masius chrysopterus,Masius chrysopterus,Masius chrysopterus
AVIBASE-0AE94E4B,Mayrornis lessoni,Mayrornis lessoni,Mayrornis lessoni
AVIBASE-074CF186,Mayrornis schistaceus,Mayrornis schistaceus,Mayrornis schistaceus
AVIBASE-F410F3C2,Mayrornis versicolor,Mayrornis versicolor,Mayrornis versicolor
AVIBASE-DB42555B,Mazaria propinqua,Mazaria propinqua,Synallaxis propinqua
AVIBASE-BC8996E2,Mearnsia novaeguineae,Mearnsia novaeguineae,Mearnsia novaeguineae
AVIBASE-5B67443F,Mearnsia picina,Mearnsia picina,Mearnsia picina
AVIBASE-6BE29C85,Mecocerculus calopterus,Mecocerculus calopterus,Mecocerculus calopterus
AVIBASE-C5B7FACC,Mecocerculus hellmayri,Mecocerculus hellmayri,Mecocerculus hellmayri
AVIBASE-AA12C545,Mecocerculus leucophrys,Mecocerculus leucophrys,Mecocerculus leucophrys
AVIBASE-95D9C295,Mecocerculus minor,Mecocerculus minor,Mecocerculus minor
AVIBASE-A8BB18CD,Mecocerculus poecilocercus,Mecocerculus poecilocercus,Mecocerculus poecilocercus
AVIBASE-15F3B9EC,Mecocerculus stictopterus,Mecocerculus stictopterus,Mecocerculus stictopterus
AVIBASE-18A968DB,Megabyas flammulatus,Megabyas flammulatus,Megabyas flammulatus
AVIBASE-3558066B,Megaceryle alcyon,Megaceryle alcyon,Megaceryle alcyon
AVIBASE-BE8DC16C,Megaceryle lugubris,Megaceryle lugubris,Megaceryle lugubris
AVIBASE-F51C1C4A,Megaceryle maxima,Megaceryle maxima,Megaceryle maxima
AVIBASE-5EFB075F,Megaceryle torquata,Megaceryle torquata,Megaceryle torquata
AVIBASE-770830AC,Megacrex inepta,Megacrex inepta,Megacrex inepta
AVIBASE-9DF07165,Megadyptes antipodes,Megadyptes antipodes,Megadyptes antipodes
AVIBASE-587D3DB6,Megalampitta gigantea,Melampitta gigantea,Melampitta gigantea
AVIBASE-58064CF2,Megaloprepia formosa,Ptilinopus bernsteinii,Ptilinopus bernsteinii
AVIBASE-1A279952,Megaloprepia magnifica,Ptilinopus magnificus,Ptilinopus magnificus
AVIBASE-9B658528,Megalurulus grosvenori,Cincloramphus grosvenori,Megalurulus grosvenori
AVIBASE-62B8ED27,Megalurulus llaneae,Cincloramphus llaneae,Megalurulus llaneae
AVIBASE-B67CE90E,Megalurulus mariae,Cincloramphus mariei,Megalurulus mariei
AVIBASE-AFE12556,Megalurulus rubiginosus,Cincloramphus rubiginosus,Megalurulus rubiginosus
AVIBASE-B211BC0D,Megalurulus rufus,Cincloramphus rufus,Trichocichla rufa
AVIBASE-7742FBED,Megalurulus turipavae,Cincloramphus whitneyi,Megalurulus whitneyi
AVIBASE-582FE962,Megalurulus whitneyi,Cincloramphus whitneyi,Megalurulus whitneyi
AVIBASE-CE6A2FED,Megalurus palustris,Megalurus palustris,Megalurus palustris
AVIBASE-034D904B,Megapodius bernsteinii,Megapodius bernsteinii,Megapodius bernsteinii
AVIBASE-A3FF8DCA,Megapodius cumingii,Megapodius cumingii,Megapodius cumingii
AVIBASE-FAE8B00D,Megapodius decollatus,Megapodius decollatus,Megapodius affinis
AVIBASE-5795BC17,Megapodius eremita,Megapodius eremita,Megapodius eremita
AVIBASE-25B64C4F,Megapodius freycinet,Megapodius freycinet,Megapodius freycinet
AVIBASE-8252F53B,Megapodius geelvinkianus,Megapodius geelvinkianus,Megapodius geelvinkianus
AVIBASE-E19BE428,Megapodius laperouse,Megapodius laperouse,Megapodius laperouse
AVIBASE-45EEB735,Megapodius layardi,Megapodius layardi,Megapodius layardi
AVIBASE-F4042498,Megapodius nicobariensis,Megapodius nicobariensis,Megapodius nicobariensis
AVIBASE-69BBDE32,Megapodius pritchardii,Megapodius pritchardii,Megapodius pritchardii
AVIBASE-73651931,Megapodius reinwardt,Megapodius reinwardt,Megapodius reinwardt
AVIBASE-8A966B18,Megapodius tenimberensis,Megapodius tenimberensis,Megapodius tenimberensis
AVIBASE-8118C647,Megarynchus pitangua,Megarynchus pitangua,Megarynchus pitangua
AVIBASE-F72A3AA5,Megascops albogularis,Megascops albogularis,Megascops albogularis
AVIBASE-A69062C8,Megascops asio,Megascops asio,Megascops asio
AVIBASE-C904ED78,Megascops atricapilla,Megascops atricapilla,Megascops atricapilla
AVIBASE-E474A4C4,Megascops barbarus,Megascops barbarus,Megascops barbarus
AVIBASE-E2B40A6E,Megascops choliba,Megascops choliba,Megascops choliba
AVIBASE-C24A665C,Megascops clarkii,Megascops clarkii,Megascops clarkii
AVIBASE-7235DAD7,Megascops colombianus,Megascops ingens,Megascops colombianus
AVIBASE-ABFEA300,Megascops cooperi,Megascops cooperi,Megascops cooperi
AVIBASE-74F795BB,Megascops gilesi,Megascops gilesi,Megascops choliba
AVIBASE-60622A87,Megascops guatemalae,Megascops guatemalae,Megascops guatemalae
AVIBASE-A910C62B,Megascops hoyi,Megascops hoyi,Megascops hoyi
AVIBASE-8FD41544,Megascops ingens,Megascops ingens,Megascops ingens
AVIBASE-89F8B6F5,Megascops kennicottii,Megascops kennicottii,Megascops kennicottii
AVIBASE-BAC655C3,Megascops koepckeae,Megascops koepckeae,Megascops koepckeae
AVIBASE-331C23BF,Megascops marshalli,Megascops marshalli,Megascops marshalli
AVIBASE-80A077C8,Megascops nudipes,Gymnasio nudipes,Megascops nudipes
AVIBASE-C2937B68,Megascops petersoni,Megascops petersoni,Megascops petersoni
AVIBASE-D103C517,Megascops roboratus,Megascops roboratus,Megascops roboratus
AVIBASE-2894618C,Megascops sanctaecatarinae,Megascops sanctaecatarinae,Megascops sanctaecatarinae
AVIBASE-1C5C4EBB,Megascops seductus,Megascops seductus,Megascops seductus
AVIBASE-2E2B24EB,Megascops trichopsis,Megascops trichopsis,Megascops trichopsis
AVIBASE-6880BD07,Megascops vermiculatus,Megascops centralis,Megascops guatemalae
AVIBASE-D7F23E22,Megascops vermiculatus,Megascops roraimae,Megascops guatemalae
AVIBASE-3481645D,Megascops vermiculatus,NA,Megascops guatemalae
AVIBASE-024EB09F,Megascops vermiculatus,Megascops guatemalae,Megascops guatemalae
AVIBASE-D33F0493,Megascops watsonii,Megascops watsonii,Megascops watsonii
AVIBASE-4FB0F5F3,Megastictus margaritatus,Megastictus margaritatus,Megastictus margaritatus
AVIBASE-0D0A9D98,Megatriorchis doriae,Megatriorchis doriae,Megatriorchis doriae
AVIBASE-D5387AC3,Megaxenops parnaguae,Megaxenops parnaguae,Megaxenops parnaguae
AVIBASE-B1C8FC63,Megazosterops palauensis,Megazosterops palauensis,Megazosterops palauensis
AVIBASE-C1941D4D,Meiglyptes grammithorax,Meiglyptes tristis,Meiglyptes tristis
AVIBASE-69BC6C53,Meiglyptes jugularis,Meiglyptes jugularis,Meiglyptes jugularis
AVIBASE-C24A0885,Meiglyptes tristis,Meiglyptes tristis,Meiglyptes tristis
AVIBASE-A858DD82,Meiglyptes tukki,Meiglyptes tukki,Meiglyptes tukki
AVIBASE-A920880B,Melaenornis annamarulae,Melaenornis annamarulae,Melaenornis annamarulae
AVIBASE-C25A248F,Melaenornis ardesiacus,Melaenornis ardesiacus,Melaenornis ardesiacus
AVIBASE-167C67BA,Melaenornis brunneus,Melaenornis brunneus,Dioptrornis brunneus
AVIBASE-373E54E6,Melaenornis chocolatinus,Melaenornis chocolatinus,Dioptrornis chocolatinus
AVIBASE-F188F8C8,Melaenornis edolioides,Melaenornis edolioides,Melaenornis edolioides
AVIBASE-3809131C,Melaenornis fischeri,Melaenornis fischeri,Dioptrornis fischeri
AVIBASE-D17B7DA0,Melaenornis herero,Melaenornis herero,Namibornis herero
AVIBASE-8A9A7AAA,Melaenornis pammelaina,Melaenornis pammelaina,Melaenornis pammelaina
AVIBASE-AB38EDFD,Melaenornis semipartitus,Melaenornis semipartitus,Empidornis semipartitus
AVIBASE-FD391374,Melaenornis silens,Melaenornis silens,Sigelus silens
AVIBASE-3F1AEE95,Melampitta lugubris,Melampitta lugubris,Melampitta lugubris
AVIBASE-9AC8AEA8,Melamprosops phaeosoma,Melamprosops phaeosoma,Melamprosops phaeosoma
AVIBASE-88C719E5,Melanerpes aurifrons,Melanerpes aurifrons,Melanerpes aurifrons
AVIBASE-5EEB01F7,Melanerpes cactorum,Melanerpes cactorum,Melanerpes cactorum
AVIBASE-5CA0BA87,Melanerpes candidus,Melanerpes candidus,Melanerpes candidus
AVIBASE-078557F2,Melanerpes carolinus,Melanerpes carolinus,Melanerpes carolinus
AVIBASE-CF141866,Melanerpes chrysauchen,Melanerpes chrysauchen,Melanerpes chrysauchen
AVIBASE-100C01C4,Melanerpes chrysogenys,Melanerpes chrysogenys,Melanerpes chrysogenys
AVIBASE-BFF72DFE,Melanerpes cruentatus,Melanerpes cruentatus,Melanerpes cruentatus
AVIBASE-448D91B7,Melanerpes erythrocephalus,Melanerpes erythrocephalus,Melanerpes erythrocephalus
AVIBASE-F90C0962,Melanerpes flavifrons,Melanerpes flavifrons,Melanerpes flavifrons
AVIBASE-7E327303,Melanerpes formicivorus,Melanerpes formicivorus,Melanerpes formicivorus
AVIBASE-21DB707D,Melanerpes herminieri,Melanerpes herminieri,Melanerpes herminieri
AVIBASE-5EE1961C,Melanerpes hoffmannii,Melanerpes hoffmannii,Melanerpes hoffmannii
AVIBASE-9CE9EDF7,Melanerpes hypopolius,Melanerpes hypopolius,Melanerpes hypopolius
AVIBASE-E7C9A1F5,Melanerpes lewis,Melanerpes lewis,Melanerpes lewis
AVIBASE-B63209E6,Melanerpes portoricensis,Melanerpes portoricensis,Melanerpes portoricensis
AVIBASE-8078C2CF,Melanerpes pucherani,Melanerpes pucherani,Melanerpes pucherani
AVIBASE-BD195A4B,Melanerpes pulcher,Melanerpes pulcher,Melanerpes pulcher
AVIBASE-3F247BBA,Melanerpes pygmaeus,Melanerpes pygmaeus,Melanerpes pygmaeus
AVIBASE-55134E01,Melanerpes radiolatus,Melanerpes radiolatus,Melanerpes radiolatus
AVIBASE-6F6D0E72,Melanerpes rubricapillus,Melanerpes rubricapillus,Melanerpes rubricapillus
AVIBASE-3E7320BD,Melanerpes striatus,Melanerpes striatus,Melanerpes striatus
AVIBASE-0B09B2B5,Melanerpes superciliaris,Melanerpes superciliaris,Melanerpes superciliaris
AVIBASE-377525FA,Melanerpes uropygialis,Melanerpes uropygialis,Melanerpes uropygialis
AVIBASE-3814F5D0,Melaniparus afer,Melaniparus afer,Parus afer
AVIBASE-C8880D28,Melaniparus albiventris,Melaniparus albiventris,Parus albiventris
AVIBASE-CB39188F,Melaniparus carpi,Melaniparus carpi,Parus carpi
AVIBASE-42478D2D,Melaniparus cinerascens,Melaniparus cinerascens,Parus cinerascens
AVIBASE-57C44300,Melaniparus fasciiventer,Melaniparus fasciiventer,Parus fasciiventer
AVIBASE-92FDBAF0,Melaniparus fringillinus,Melaniparus fringillinus,Parus fringillinus
AVIBASE-5C54F8C9,Melaniparus funereus,Melaniparus funereus,Parus funereus
AVIBASE-CC1DF030,Melaniparus griseiventris,Melaniparus griseiventris,Parus griseiventris
AVIBASE-5C70AA7D,Melaniparus guineensis,Melaniparus guineensis,Parus leucomelas
AVIBASE-BD4E697F,Melaniparus leucomelas,Melaniparus leucomelas,Parus leucomelas
AVIBASE-1A289D90,Melaniparus leuconotus,Melaniparus leuconotus,Parus leuconotus
AVIBASE-6EF0803B,Melaniparus niger,Melaniparus niger,Parus niger
AVIBASE-1CA37CDE,Melaniparus pallidiventris,Melaniparus rufiventris,Parus rufiventris
AVIBASE-A51F9290,Melaniparus rufiventris,Melaniparus rufiventris,Parus rufiventris
AVIBASE-610FFD8E,Melaniparus thruppi,Melaniparus thruppi,Parus thruppi
AVIBASE-B7B1A5DD,Melanitta americana,Melanitta americana,Melanitta nigra
AVIBASE-4800D6B6,Melanitta deglandi,Melanitta deglandi,Melanitta fusca
AVIBASE-BAF44E36,Melanitta fusca,Melanitta fusca,Melanitta fusca
AVIBASE-24698199,Melanitta nigra,Melanitta nigra,Melanitta nigra
AVIBASE-624078BA,Melanitta perspicillata,Melanitta perspicillata,Melanitta perspicillata
AVIBASE-1A601D86,Melanitta stejnegeri,Melanitta stejnegeri,Melanitta fusca
AVIBASE-30AA9CB6,Melanocharis arfakiana,Melanocharis arfakiana,Melanocharis arfakiana
AVIBASE-9ABE8154,Melanocharis longicauda,Melanocharis longicauda,Melanocharis longicauda
AVIBASE-98A83626,Melanocharis nigra,Melanocharis nigra,Melanocharis nigra
AVIBASE-4695BA79,Melanocharis striativentris,Melanocharis striativentris,Melanocharis striativentris
AVIBASE-DE3D9993,Melanocharis versteri,Melanocharis versteri,Melanocharis versteri
AVIBASE-2D6E3DBD,Melanochlora sultanea,Melanochlora sultanea,Melanochlora sultanea
AVIBASE-36780791,Melanocorypha bimaculata,Melanocorypha bimaculata,Melanocorypha bimaculata
AVIBASE-BDC24A8A,Melanocorypha calandra,Melanocorypha calandra,Melanocorypha calandra
AVIBASE-9AC67428,Melanocorypha maxima,Melanocorypha maxima,Melanocorypha maxima
AVIBASE-0D93B732,Melanocorypha mongolica,Melanocorypha mongolica,Melanocorypha mongolica
AVIBASE-811FC719,Melanocorypha yeltoniensis,Melanocorypha yeltoniensis,Melanocorypha yeltoniensis
AVIBASE-8116C254,Melanodera melanodera,Melanodera melanodera,Melanodera melanodera
AVIBASE-A8A3D702,Melanodera xanthogramma,Melanodera xanthogramma,Melanodera xanthogramma
AVIBASE-547BFE9C,Melanodryas cucullata,Melanodryas cucullata,Melanodryas cucullata
AVIBASE-F3FC656C,Melanodryas vittata,Melanodryas vittata,Melanodryas vittata
AVIBASE-42E4A8D9,Melanopareia elegans,Melanopareia elegans,Melanopareia elegans
AVIBASE-47E71FE1,Melanopareia maranonica,Melanopareia maranonica,Melanopareia maranonica
AVIBASE-B75A42C7,Melanopareia maximiliani,Melanopareia maximiliani,Melanopareia maximiliani
AVIBASE-CA4D206B,Melanopareia torquata,Melanopareia torquata,Melanopareia torquata
AVIBASE-7B454390,Melanoperdix niger,Melanoperdix niger,Melanoperdix niger
AVIBASE-240F0470,Melanoptila glabrirostris,Melanoptila glabrirostris,Melanoptila glabrirostris
AVIBASE-50C1E978,Melanorectes nigrescens,Melanorectes nigrescens,Pitohui nigrescens
AVIBASE-821B971F,Melanospiza bicolor,Melanospiza bicolor,Tiaris bicolor
AVIBASE-AAE04558,Melanospiza richardsoni,Melanospiza richardsoni,Melanospiza richardsoni
AVIBASE-C4D41592,Melanotis caerulescens,Melanotis caerulescens,Melanotis caerulescens
AVIBASE-67BFEEF0,Melanotis hypoleucus,Melanotis hypoleucus,Melanotis hypoleucus
AVIBASE-9C5ED06A,Meleagris gallopavo,Meleagris gallopavo,Meleagris gallopavo
AVIBASE-729BEC33,Meleagris ocellata,Meleagris ocellata,Meleagris ocellata
AVIBASE-4E9FEF0B,Meliarchus sclateri,Meliarchus sclateri,Melidectes sclateri
AVIBASE-C2B68BD8,Melichneutes robustus,Melichneutes robustus,Melichneutes robustus
AVIBASE-4EB37F7A,Melidectes belfordi,Melidectes belfordi,Melidectes belfordi
AVIBASE-9C7768D1,Melidectes foersteri,Melidectes foersteri,Melidectes foersteri
AVIBASE-D7B7F99D,Melidectes fuscus,Melidectes fuscus,Melidectes fuscus
AVIBASE-2742D234,Melidectes leucostephes,Melidectes leucostephes,Melidectes leucostephes
AVIBASE-3AD81505,Melidectes nouhuysi,Melidectes nouhuysi,Melidectes nouhuysi
AVIBASE-3C5F6124,Melidectes ochromelas,Melidectes ochromelas,Melidectes ochromelas
AVIBASE-957638DE,Melidectes princeps,Melidectes princeps,Melidectes princeps
AVIBASE-B0C5E33C,Melidectes rufocrissalis,Melidectes rufocrissalis,Melidectes rufocrissalis
AVIBASE-F945FBE3,Melidectes torquatus,Melidectes torquatus,Melidectes torquatus
AVIBASE-EC72DAC4,Melidora macrorrhina,Melidora macrorrhina,Melidora macrorrhina
AVIBASE-389FFA09,Melierax canorus,Melierax canorus,Melierax canorus
AVIBASE-D2AFD39B,Melierax metabates,Melierax metabates,Melierax metabates
AVIBASE-FA3A1F20,Melierax poliopterus,Melierax poliopterus,Melierax poliopterus
AVIBASE-8F2DCF5D,Melignomon eisentrauti,Melignomon eisentrauti,Melignomon eisentrauti
AVIBASE-AD7BD37A,Melignomon zenkeri,Melignomon zenkeri,Melignomon zenkeri
AVIBASE-A8B48179,Melilestes megarhynchus,Melilestes megarhynchus,Melilestes megarhynchus
AVIBASE-8E525496,Meliphacator provocator,Meliphacator provocator,Xanthotis provocator
AVIBASE-8E164E0F,Meliphaga aruensis,Meliphaga aruensis,Meliphaga aruensis
AVIBASE-1EDA991A,Meliphaga lewinii,Meliphaga lewinii,Meliphaga lewinii
AVIBASE-80CAC2CD,Meliphaga notata,Meliphaga notata,Meliphaga notata
AVIBASE-25F5A3A8,Melipotes ater,Melipotes ater,Melipotes ater
AVIBASE-44C8D624,Melipotes carolae,Melipotes carolae,Melipotes fumigatus
AVIBASE-CD8CB4D4,Melipotes fumigatus,Melipotes fumigatus,Melipotes fumigatus
AVIBASE-36762A28,Melipotes gymnops,Melipotes gymnops,Melipotes gymnops
AVIBASE-C976BB55,Melithreptus affinis,Melithreptus affinis,Melithreptus affinis
AVIBASE-650D1F07,Melithreptus albogularis,Melithreptus albogularis,Melithreptus albogularis
AVIBASE-08DADC05,Melithreptus brevirostris,Melithreptus brevirostris,Melithreptus brevirostris
AVIBASE-8D2780B9,Melithreptus chloropsis,Melithreptus chloropsis,Melithreptus lunatus
AVIBASE-8D322DD1,Melithreptus gularis,Melithreptus gularis,Melithreptus gularis
AVIBASE-052A0710,Melithreptus laetior,Melithreptus gularis,Melithreptus gularis
AVIBASE-E4C4AC31,Melithreptus lunatus,Melithreptus lunatus,Melithreptus lunatus
AVIBASE-4464B512,Melithreptus validirostris,Melithreptus validirostris,Melithreptus validirostris
AVIBASE-16F618F3,Melitograis gilolensis,Melitograis gilolensis,Melitograis gilolensis
AVIBASE-2AA5F01C,Mellisuga helenae,Mellisuga helenae,Mellisuga helenae
AVIBASE-84644567,Mellisuga minima,Mellisuga minima,Mellisuga minima
AVIBASE-6AEC3F15,Melloria quoyi,Cracticus quoyi,Cracticus quoyi
AVIBASE-1478AA79,Melocichla mentalis,Melocichla mentalis,Melocichla mentalis
AVIBASE-D17D101A,Melopsittacus undulatus,Melopsittacus undulatus,Melopsittacus undulatus
AVIBASE-4E192262,Melospiza georgiana,Melospiza georgiana,Melospiza georgiana
AVIBASE-AF49F890,Melospiza lincolnii,Melospiza lincolnii,Melospiza lincolnii
AVIBASE-A5F09E05,Melospiza melodia,Melospiza melodia,Melospiza melodia
AVIBASE-2C9B6D93,Melozone aberti,Melozone aberti,Pipilo aberti
AVIBASE-55F64B73,Melozone albicollis,Melozone albicollis,Pipilo albicollis
AVIBASE-36359AD1,Melozone biarcuata,Melozone biarcuata,Melozone biarcuata
AVIBASE-2B98D285,Melozone cabanisi,Melozone cabanisi,Melozone cabanisi
AVIBASE-B745D852,Melozone crissalis,Melozone crissalis,Pipilo crissalis
AVIBASE-FE69A9C4,Melozone fusca,Melozone fusca,Pipilo fuscus
AVIBASE-876C97F1,Melozone kieneri,Melozone kieneri,Melozone kieneri
AVIBASE-10596E74,Melozone leucotis,Melozone leucotis,Melozone leucotis
AVIBASE-A93FF062,Melozone occipitalis,Melozone leucotis,Melozone leucotis
AVIBASE-3FD76AAD,Mentocrex beankaensis,Mentocrex beankaensis,Canirallus kioloides
AVIBASE-047A7C80,Mentocrex kioloides,Mentocrex kioloides,Canirallus kioloides
AVIBASE-05554FAE,Menura alberti,Menura alberti,Menura alberti
AVIBASE-952F5682,Menura novaehollandiae,Menura novaehollandiae,Menura novaehollandiae
AVIBASE-C1068510,Merganetta armata,Merganetta armata,Merganetta armata
AVIBASE-F1F52036,Mergellus albellus,Mergellus albellus,Mergellus albellus
AVIBASE-407E2CA8,Mergus merganser,Mergus merganser,Mergus merganser
AVIBASE-9DAC1E8B,Mergus octosetaceus,Mergus octosetaceus,Mergus octosetaceus
AVIBASE-8DB64266,Mergus serrator,Mergus serrator,Mergus serrator
AVIBASE-561D77FF,Mergus squamatus,Mergus squamatus,Mergus squamatus
AVIBASE-34E92BE0,Meropogon forsteni,Meropogon forsteni,Meropogon forsteni
AVIBASE-03C4A0C9,Merops albicollis,Merops albicollis,Merops albicollis
AVIBASE-883932EE,Merops americanus,Merops americanus,Merops viridis
AVIBASE-66AA3934,Merops apiaster,Merops apiaster,Merops apiaster
AVIBASE-30238523,Merops boehmi,Merops boehmi,Merops boehmi
AVIBASE-4A34E9CE,Merops breweri,Merops breweri,Merops breweri
AVIBASE-38507A80,Merops bullockoides,Merops bullockoides,Merops bullockoides
AVIBASE-E6DC5DA1,Merops bulocki,Merops bulocki,Merops bulocki
AVIBASE-681DC913,Merops cyanophrys,Merops orientalis,Merops orientalis
AVIBASE-3B472CF5,Merops gularis,Merops gularis,Merops gularis
AVIBASE-910E6D86,Merops hirundineus,Merops hirundineus,Merops hirundineus
AVIBASE-D0C68FE0,Merops lafresnayii,Merops variegatus,Merops variegatus
AVIBASE-F8652F4F,Merops leschenaulti,Merops leschenaulti,Merops leschenaulti
AVIBASE-32E6DB03,Merops malimbicus,Merops malimbicus,Merops malimbicus
AVIBASE-51ADCEDC,Merops mentalis,Merops mentalis,Merops muelleri
AVIBASE-72CAA64D,Merops muelleri,Merops muelleri,Merops muelleri
AVIBASE-B34CB92A,Merops nubicoides,Merops nubicoides,Merops nubicoides
AVIBASE-2125426A,Merops nubicus,Merops nubicus,Merops nubicus
AVIBASE-B85B93BB,Merops oreobates,Merops oreobates,Merops oreobates
AVIBASE-759AD1FB,Merops orientalis,Merops orientalis,Merops orientalis
AVIBASE-3EDF8B55,Merops ornatus,Merops ornatus,Merops ornatus
AVIBASE-6EE45113,Merops persicus,Merops persicus,Merops persicus
AVIBASE-809951F0,Merops philippinus,Merops philippinus,Merops philippinus
AVIBASE-C0A68CA0,Merops pusillus,Merops pusillus,Merops pusillus
AVIBASE-AFA39D5A,Merops revoilii,Merops revoilii,Merops revoilii
AVIBASE-AC89B8FF,Merops superciliosus,Merops superciliosus,Merops superciliosus
AVIBASE-A90C512F,Merops variegatus,Merops variegatus,Merops variegatus
AVIBASE-457420DA,Merops viridis,Merops viridis,Merops viridis
AVIBASE-0AAA530E,Merops viridissimus,Merops orientalis,Merops orientalis
AVIBASE-0F9BA2F8,Merulaxis ater,Merulaxis ater,Merulaxis ater
AVIBASE-23A8692E,Merulaxis stresemanni,Merulaxis stresemanni,Merulaxis stresemanni
AVIBASE-08DD4E80,Mesembrinibis cayennensis,Mesembrinibis cayennensis,Mesembrinibis cayennensis
AVIBASE-9963109A,Mesitornis unicolor,Mesitornis unicolor,Mesitornis unicolor
AVIBASE-ABDA1FE5,Mesitornis variegatus,Mesitornis variegatus,Mesitornis variegatus
AVIBASE-5280B180,Metabolus godeffroyi,Monarcha godeffroyi,Monarcha godeffroyi
AVIBASE-5159D2D4,Metabolus rugensis,Metabolus rugensis,Metabolus rugensis
AVIBASE-52228B7B,Metabolus takatsukasae,Monarcha takatsukasae,Monarcha takatsukasae
AVIBASE-611C0D47,Metallura aeneocauda,Metallura aeneocauda,Metallura aeneocauda
AVIBASE-E301DB9E,Metallura baroni,Metallura baroni,Metallura baroni
AVIBASE-AC4A332A,Metallura eupogon,Metallura eupogon,Metallura eupogon
AVIBASE-5A77A647,Metallura iracunda,Metallura iracunda,Metallura iracunda
AVIBASE-48C9549A,Metallura odomae,Metallura odomae,Metallura odomae
AVIBASE-19A9FCEC,Metallura phoebe,Metallura phoebe,Metallura phoebe
AVIBASE-CD38DC4D,Metallura theresiae,Metallura theresiae,Metallura theresiae
AVIBASE-7AEDC014,Metallura tyrianthina,Metallura tyrianthina,Metallura tyrianthina
AVIBASE-8023D26D,Metallura williami,Metallura williami,Metallura williami
AVIBASE-CE89BE6D,Metopidius indicus,Metopidius indicus,Metopidius indicus
AVIBASE-6E14FE47,Metopothrix aurantiaca,Metopothrix aurantiaca,Metopothrix aurantiaca
AVIBASE-A12A84C3,Metriopelia aymara,Metriopelia aymara,Metriopelia aymara
AVIBASE-2F40A0F8,Metriopelia ceciliae,Metriopelia ceciliae,Metriopelia ceciliae
AVIBASE-C28815B3,Metriopelia melanoptera,Metriopelia melanoptera,Metriopelia melanoptera
AVIBASE-D6484023,Metriopelia morenoi,Metriopelia morenoi,Metriopelia morenoi
AVIBASE-C55F4BB0,Micrastur buckleyi,Micrastur buckleyi,Micrastur buckleyi
AVIBASE-780CB54B,Micrastur gilvicollis,Micrastur gilvicollis,Micrastur gilvicollis
AVIBASE-6A9FF1B8,Micrastur mintoni,Micrastur mintoni,Micrastur mintoni
AVIBASE-553F3A66,Micrastur mirandollei,Micrastur mirandollei,Micrastur mirandollei
AVIBASE-97461F73,Micrastur plumbeus,Micrastur plumbeus,Micrastur plumbeus
AVIBASE-846E1C25,Micrastur ruficollis,Micrastur ruficollis,Micrastur ruficollis
AVIBASE-8217BC4F,Micrastur semitorquatus,Micrastur semitorquatus,Micrastur semitorquatus
AVIBASE-D74BA965,Micrathene whitneyi,Micrathene whitneyi,Micrathene whitneyi
AVIBASE-0AA19250,Microbates cinereiventris,Microbates cinereiventris,Microbates cinereiventris
AVIBASE-2C4579F1,Microbates collaris,Microbates collaris,Microbates collaris
AVIBASE-E255DCE1,Microcarbo africanus,Microcarbo africanus,Phalacrocorax africanus
AVIBASE-446E8F9D,Microcarbo coronatus,Microcarbo coronatus,Phalacrocorax coronatus
AVIBASE-DF8F84C3,Microcarbo melanoleucos,Microcarbo melanoleucos,Phalacrocorax melanoleucos
AVIBASE-60EA3FA9,Microcarbo niger,Microcarbo niger,Phalacrocorax niger
AVIBASE-AFF49475,Microcarbo pygmaeus,Microcarbo pygmaeus,Phalacrocorax pygmeus
AVIBASE-E4221D69,Microcerculus bambla,Microcerculus bambla,Microcerculus bambla
AVIBASE-A7667D10,Microcerculus marginatus,Microcerculus marginatus,Microcerculus marginatus
AVIBASE-85F08EC1,Microcerculus philomela,Microcerculus philomela,Microcerculus philomela
AVIBASE-31AE7224,Microcerculus ustulatus,Microcerculus ustulatus,Microcerculus ustulatus
AVIBASE-B99E16AF,Microchera albocoronata,Microchera albocoronata,Microchera albocoronata
AVIBASE-FADB9F50,Microdynamis parva,Microdynamis parva,Microdynamis parva
AVIBASE-C5A5486E,Microeca fascinans,Microeca fascinans,Microeca fascinans
AVIBASE-ACCAFEAD,Microeca flavigaster,Microeca flavigaster,Microeca flavigaster
AVIBASE-00A4E68D,Microeca hemixantha,Microeca hemixantha,Microeca hemixantha
AVIBASE-8BDC8B1F,Microeca tormenti,Microeca flavigaster,Microeca flavigaster
AVIBASE-A4452EC1,Microhierax caerulescens,Microhierax caerulescens,Microhierax caerulescens
AVIBASE-31620C57,Microhierax erythrogenys,Microhierax erythrogenys,Microhierax erythrogenys
AVIBASE-1C041C1A,Microhierax fringillarius,Microhierax fringillarius,Microhierax fringillarius
AVIBASE-C538C440,Microhierax latifrons,Microhierax latifrons,Microhierax latifrons
AVIBASE-767A595E,Microhierax melanoleucos,Microhierax melanoleucos,Microhierax melanoleucos
AVIBASE-CE22ADAB,Microligea palustris,Microligea palustris,Microligea palustris
AVIBASE-E823AB2F,Micromacronus leytensis,Micromacronus leytensis,Micromacronus leytensis
AVIBASE-6E07BDBD,Micromacronus sordidus,Micromacronus sordidus,Micromacronus sordidus
AVIBASE-BF431930,Micromonacha lanceolata,Micromonacha lanceolata,Micromonacha lanceolata
AVIBASE-922DE9C1,Micronisus gabar,Micronisus gabar,Melierax gabar
AVIBASE-29B03FAE,Microparra capensis,Microparra capensis,Microparra capensis
AVIBASE-A73295FF,Micropsitta bruijnii,Micropsitta bruijnii,Micropsitta bruijnii
AVIBASE-F26F4039,Micropsitta finschii,Micropsitta finschii,Micropsitta finschii
AVIBASE-418B7FF3,Micropsitta geelvinkiana,Micropsitta geelvinkiana,Micropsitta geelvinkiana
AVIBASE-AC21DDDE,Micropsitta keiensis,Micropsitta keiensis,Micropsitta keiensis
AVIBASE-785A9333,Micropsitta meeki,Micropsitta meeki,Micropsitta meeki
AVIBASE-EA7A2CF8,Micropsitta pusio,Micropsitta pusio,Micropsitta pusio
AVIBASE-663A7CCA,Micropternus brachyurus,Micropternus brachyurus,Celeus brachyurus
AVIBASE-EAB820A0,Microptilotis albilineatus,Territornis albilineata,Meliphaga albilineata
AVIBASE-880E4134,Microptilotis albonotatus,Microptilotis albonotatus,Meliphaga albonotata
AVIBASE-52387582,Microptilotis analogus,Microptilotis analogus,Meliphaga analoga
AVIBASE-F8934B3A,Microptilotis cinereifrons,Microptilotis cinereifrons,Meliphaga gracilis
AVIBASE-2600BE0B,Microptilotis flavirictus,Microptilotis flavirictus,Meliphaga flavirictus
AVIBASE-ABCF8D10,Microptilotis fordianus,Territornis fordiana,Meliphaga albilineata
AVIBASE-6E7A4CBC,Microptilotis gracilis,Microptilotis gracilis,Meliphaga gracilis
AVIBASE-430D8437,Microptilotis imitatrix,Microptilotis imitatrix,Meliphaga gracilis
AVIBASE-AAD953A6,Microptilotis mimikae,Microptilotis mimikae,Meliphaga mimikae
AVIBASE-0C6603A9,Microptilotis montanus,Microptilotis montanus,Meliphaga montana
AVIBASE-65A09B9A,Microptilotis orientalis,Microptilotis orientalis,Meliphaga orientalis
AVIBASE-A8FF305A,Microptilotis reticulatus,Territornis reticulata,Meliphaga reticulata
AVIBASE-7623A65D,Microptilotis vicina,Microptilotis vicina,Meliphaga vicina
AVIBASE-0B09BDCD,Micropygia schomburgkii,Micropygia schomburgkii,Micropygia schomburgkii
AVIBASE-49D57DF3,Microrhopias quixensis,Microrhopias quixensis,Microrhopias quixensis
AVIBASE-947828AD,Microspingus alticola,Microspingus alticola,Poospiza alticola
AVIBASE-601710FE,Microspingus cabanisi,Microspingus cabanisi,Poospiza cabanisi
AVIBASE-A6C60FFB,Microspingus cinereus,Microspingus cinereus,Poospiza cinerea
AVIBASE-B9D99EE0,Microspingus erythrophrys,Microspingus erythrophrys,Poospiza erythrophrys
AVIBASE-563FA241,Microspingus lateralis,Microspingus lateralis,Poospiza lateralis
AVIBASE-BDF69BEE,Microspingus melanoleucus,Microspingus melanoleucus,Poospiza melanoleuca
AVIBASE-714BD85C,Microspingus pectoralis,Microspingus torquatus,Poospiza torquata
AVIBASE-19D5AECF,Microspingus torquatus,Microspingus torquatus,Poospiza torquata
AVIBASE-32FFBA87,Microspingus trifasciatus,Microspingus trifasciatus,Hemispingus trifasciatus
AVIBASE-661BA735,Microstilbon burmeisteri,Microstilbon burmeisteri,Microstilbon burmeisteri
AVIBASE-B36D1FAC,Microtarsus melanoleucos,Brachypodius melanoleucos,Pycnonotus melanoleucos
AVIBASE-4405C73D,Microxenops milleri,Microxenops milleri,Xenops milleri
AVIBASE-BA33DDD5,Milvago chimachima,Milvago chimachima,Milvago chimachima
AVIBASE-06D9A2C8,Milvus aegyptius,Milvus migrans,Milvus migrans
AVIBASE-06D9A2C8,Milvus migrans,Milvus migrans,Milvus migrans
AVIBASE-451D6FC8,Milvus milvus,Milvus milvus,Milvus milvus
AVIBASE-38961C3A,Mimus dorsalis,Mimus dorsalis,Mimus dorsalis
AVIBASE-1281617B,Mimus gilvus,Mimus gilvus,Mimus gilvus
AVIBASE-53B8B2E8,Mimus graysoni,Mimus graysoni,Mimus graysoni
AVIBASE-38C451EA,Mimus gundlachii,Mimus gundlachii,Mimus gundlachii
AVIBASE-BF9BFD26,Mimus longicaudatus,Mimus longicaudatus,Mimus longicaudatus
AVIBASE-87608314,Mimus macdonaldi,Mimus macdonaldi,Mimus macdonaldi
AVIBASE-23512589,Mimus melanotis,Mimus melanotis,Mimus melanotis
AVIBASE-1050FB29,Mimus parvulus,Mimus parvulus,Mimus parvulus
AVIBASE-ADEDDFD6,Mimus patagonicus,Mimus patagonicus,Mimus patagonicus
AVIBASE-7EFF698D,Mimus polyglottos,Mimus polyglottos,Mimus polyglottos
AVIBASE-F0CD0BD7,Mimus saturninus,Mimus saturninus,Mimus saturninus
AVIBASE-7EEE7E61,Mimus thenca,Mimus thenca,Mimus thenca
AVIBASE-1B4F109C,Mimus trifasciatus,Mimus trifasciatus,Mimus trifasciatus
AVIBASE-CE56D85A,Mimus triurus,Mimus triurus,Mimus triurus
AVIBASE-63449558,Minla ignotincta,Minla ignotincta,Minla ignotincta
AVIBASE-585791D1,Mino anais,Mino anais,Mino anais
AVIBASE-645D0A23,Mino dumontii,Mino dumontii,Mino dumontii
AVIBASE-2F1EB496,Mino kreffti,Mino kreffti,Mino dumontii
AVIBASE-E25CB1F1,Mionectes galbinus,Mionectes olivaceus,Mionectes olivaceus
AVIBASE-7379144B,Mionectes macconnelli,Mionectes macconnelli,Mionectes macconnelli
AVIBASE-0EFCDBB8,Mionectes oleagineus,Mionectes oleagineus,Mionectes oleagineus
AVIBASE-5396E3F3,Mionectes olivaceus,Mionectes olivaceus,Mionectes olivaceus
AVIBASE-5155A0DC,Mionectes roraimae,Mionectes roraimae,Mionectes macconnelli
AVIBASE-900B219B,Mionectes rufiventris,Mionectes rufiventris,Mionectes rufiventris
AVIBASE-9A4AE6AE,Mionectes striaticollis,Mionectes striaticollis,Mionectes striaticollis
AVIBASE-9C691722,Mirafra affinis,Mirafra affinis,Mirafra affinis
AVIBASE-32F78ABD,Mirafra africana,Mirafra africana,Mirafra africana
AVIBASE-8E612CF6,Mirafra albicauda,Mirafra albicauda,Mirafra albicauda
AVIBASE-CA07B8DE,Mirafra angolensis,Mirafra angolensis,Mirafra angolensis
AVIBASE-6E24D502,Mirafra apiata,Mirafra apiata,Mirafra apiata
AVIBASE-6F4F7281,Mirafra ashi,Mirafra ashi,Mirafra ashi
AVIBASE-86345D55,Mirafra assamica,Mirafra assamica,Mirafra assamica
AVIBASE-AB507233,Mirafra cheniana,Mirafra cheniana,Mirafra cheniana
AVIBASE-D0EAD8A3,Mirafra collaris,Mirafra collaris,Mirafra collaris
AVIBASE-67F96AAB,Mirafra cordofanica,Mirafra cordofanica,Mirafra cordofanica
AVIBASE-6249B61F,Mirafra erythrocephala,Mirafra erythrocephala,Mirafra erythrocephala
AVIBASE-A9DA95E4,Mirafra erythroptera,Mirafra erythroptera,Mirafra erythroptera
AVIBASE-8A1D5A9C,Mirafra fasciolata,Mirafra fasciolata,Mirafra apiata
AVIBASE-A3E077E6,Mirafra gilletti,Mirafra gilletti,Mirafra gilletti
AVIBASE-BAA83B0C,Mirafra hypermetra,Mirafra hypermetra,Mirafra hypermetra
AVIBASE-CC69CAE1,Mirafra javanica,Mirafra javanica,Mirafra javanica
AVIBASE-6B089785,Mirafra javanica,Mirafra cantillans,Mirafra cantillans
AVIBASE-CA5526E1,Mirafra microptera,Mirafra microptera,Mirafra microptera
AVIBASE-86E9D9F4,Mirafra passerina,Mirafra passerina,Mirafra passerina
AVIBASE-F22CCF78,Mirafra pulpa,Mirafra pulpa,Mirafra pulpa
AVIBASE-DA66F809,Mirafra rufa,Mirafra rufa,Mirafra rufa
AVIBASE-C49FA9A8,Mirafra rufocinnamomea,Mirafra rufocinnamomea,Mirafra rufocinnamomea
AVIBASE-F90063D3,Mirafra sharpii,Mirafra africana,Mirafra africana
AVIBASE-3F711542,Mirafra somalica,Mirafra somalica,Mirafra somalica
AVIBASE-4E61514C,Mirafra williamsi,Mirafra williamsi,Mirafra williamsi
AVIBASE-55DF722C,Mitrephanes olivaceus,Mitrephanes olivaceus,Mitrephanes olivaceus
AVIBASE-806301B3,Mitrephanes phaeocercus,Mitrephanes phaeocercus,Mitrephanes phaeocercus
AVIBASE-D59309B6,Mitrospingus cassinii,Mitrospingus cassinii,Mitrospingus cassinii
AVIBASE-C9AA6FC9,Mitrospingus oleagineus,Mitrospingus oleagineus,Mitrospingus oleagineus
AVIBASE-333D3213,Mitu mitu,Mitu mitu,Mitu mitu
AVIBASE-D24A7EA3,Mitu salvini,Mitu salvini,Mitu salvini
AVIBASE-5C20314D,Mitu tomentosum,Mitu tomentosum,Mitu tomentosum
AVIBASE-303C9D79,Mitu tuberosum,Mitu tuberosum,Mitu tuberosum
AVIBASE-A9C71560,Mixornis bornensis,Mixornis bornensis,Macronous bornensis
AVIBASE-13F6B3C1,Mixornis flavicollis,Mixornis flavicollis,Macronous flavicollis
AVIBASE-4E2700ED,Mixornis gularis,Mixornis gularis,Macronous gularis
AVIBASE-2804840D,Mixornis kelleyi,Mixornis kelleyi,Macronous kelleyi
AVIBASE-C468218F,Mixornis prillwitzi,Mixornis flavicollis,Macronous flavicollis
AVIBASE-4D207AF6,Mniotilta varia,Mniotilta varia,Mniotilta varia
AVIBASE-3ADCF52E,Modulatrix stictigula,Modulatrix stictigula,Modulatrix stictigula
AVIBASE-A117BD8B,Mohoua albicilla,Mohoua albicilla,Mohoua albicilla
AVIBASE-85C9C593,Mohoua novaeseelandiae,Mohoua novaeseelandiae,Mohoua novaeseelandiae
AVIBASE-F84E1C1E,Mohoua ochrocephala,Mohoua ochrocephala,Mohoua ochrocephala
AVIBASE-EAEEA093,Molothrus aeneus,Molothrus aeneus,Molothrus aeneus
AVIBASE-C21B323A,Molothrus armenti,Molothrus aeneus,Molothrus armenti
AVIBASE-1E1AB415,Molothrus ater,Molothrus ater,Molothrus ater
AVIBASE-AA779804,Molothrus bonariensis,Molothrus bonariensis,Molothrus bonariensis
AVIBASE-91375A56,Molothrus oryzivorus,Molothrus oryzivorus,Molothrus oryzivorus
AVIBASE-524DF588,Molothrus rufoaxillaris,Molothrus rufoaxillaris,Molothrus rufoaxillaris
AVIBASE-6CAC15FB,Momotus aequatorialis,Momotus aequatorialis,Momotus aequatorialis
AVIBASE-77D63A85,Momotus bahamensis,Momotus bahamensis,Momotus momota
AVIBASE-BB7A884C,Momotus coeruliceps,Momotus coeruliceps,Momotus momota
AVIBASE-AAADA063,Momotus lessonii,Momotus lessonii,Momotus momota
AVIBASE-16892443,Momotus mexicanus,Momotus mexicanus,Momotus mexicanus
AVIBASE-7CE7EB2F,Momotus momota,Momotus momota,Momotus momota
AVIBASE-0DB8CE98,Momotus subrufescens,Momotus subrufescens,Momotus momota
AVIBASE-CCB5FC35,Monachella coultasi,Monachella muelleriana,Monachella muelleriana
AVIBASE-06999DE0,Monachella muelleriana,Monachella muelleriana,Monachella muelleriana
AVIBASE-F0F742DC,Monarcha castaneiventris,Monarcha castaneiventris,Monarcha castaneiventris
AVIBASE-0FC48675,Monarcha castaneiventris,Monarcha erythrostictus,Monarcha erythrostictus
AVIBASE-F0F742DC,Monarcha castaneiventris,Monarcha castaneiventris,Monarcha erythrostictus
AVIBASE-3B7F9622,Monarcha cinerascens,Monarcha cinerascens,Monarcha cinerascens
AVIBASE-A9D5F566,Monarcha frater,Monarcha frater,Monarcha frater
AVIBASE-B1195D31,Monarcha megarhynchus,Monarcha castaneiventris,Monarcha castaneiventris
AVIBASE-6ADE606E,Monarcha melanopsis,Monarcha melanopsis,Monarcha melanopsis
AVIBASE-421C9B38,Monarcha richardsii,Monarcha richardsii,Monarcha richardsii
AVIBASE-6D285BEE,Monarcha ugiensis,Monarcha castaneiventris,Monarcha castaneiventris
AVIBASE-AD7DEF16,Monasa atra,Monasa atra,Monasa atra
AVIBASE-0C64158A,Monasa flavirostris,Monasa flavirostris,Monasa flavirostris
AVIBASE-567942CC,Monasa morphoeus,Monasa morphoeus,Monasa morphoeus
AVIBASE-BB158D41,Monasa nigrifrons,Monasa nigrifrons,Monasa nigrifrons
AVIBASE-E3662B23,Monias benschi,Monias benschi,Monias benschi
AVIBASE-E39255D9,Montecincla cachinnans,Montecincla cachinnans,Strophocincla cachinnans
AVIBASE-7BF8790B,Montecincla fairbanki,Montecincla fairbanki,Strophocincla fairbanki
AVIBASE-F192C0CB,Montecincla jerdoni,Montecincla jerdoni,Strophocincla cachinnans
AVIBASE-9D9DBBDC,Montecincla meridionalis,Montecincla meridionalis,Strophocincla cachinnans
AVIBASE-57DB5D4E,Monticola angolensis,Monticola angolensis,Monticola angolensis
AVIBASE-A20D777F,Monticola brevipes,Monticola brevipes,Monticola brevipes
AVIBASE-A84C5E18,Monticola cinclorhyncha,Monticola cinclorhyncha,Monticola cinclorhynchus
AVIBASE-6BE53CFC,Monticola erythronotus,Monticola sharpei,Monticola erythronotus
AVIBASE-CCC257D0,Monticola explorator,Monticola explorator,Monticola explorator
AVIBASE-AC6BC1EC,Monticola gularis,Monticola gularis,Monticola gularis
AVIBASE-7DFEBA9C,Monticola imerina,Monticola imerina,Monticola imerinus
AVIBASE-7305993C,Monticola rufiventris,Monticola rufiventris,Monticola rufiventris
AVIBASE-566669CC,Monticola rufocinereus,Monticola rufocinereus,Monticola rufocinereus
AVIBASE-22E11A7D,Monticola rupestris,Monticola rupestris,Monticola rupestris
AVIBASE-736D38E7,Monticola saxatilis,Monticola saxatilis,Monticola saxatilis
AVIBASE-6A984F97,Monticola semirufus,Thamnolaea semirufa,Myrmecocichla semirufa
AVIBASE-747DE096,Monticola sharpei,Monticola sharpei,Monticola sharpei
AVIBASE-41D76F4B,Monticola solitarius,Monticola solitarius,Monticola solitarius
AVIBASE-0039BCC0,Montifringilla adamsi,Montifringilla adamsi,Montifringilla adamsi
AVIBASE-D1C47869,Montifringilla henrici,Montifringilla henrici,Montifringilla nivalis
AVIBASE-3E389D03,Montifringilla nivalis,Montifringilla nivalis,Montifringilla nivalis
AVIBASE-BE08306A,Morococcyx erythropygus,Morococcyx erythropygus,Morococcyx erythropygus
AVIBASE-C39D115A,Morphnarchus princeps,Morphnarchus princeps,Leucopternis princeps
AVIBASE-E19434C9,Morphnus guianensis,Morphnus guianensis,Morphnus guianensis
AVIBASE-534FB490,Morus bassanus,Morus bassanus,Morus bassanus
AVIBASE-775E93D7,Morus capensis,Morus capensis,Morus capensis
AVIBASE-13610344,Morus serrator,Morus serrator,Morus serrator
AVIBASE-CE7D41A6,Motacilla aguimp,Motacilla aguimp,Motacilla aguimp
AVIBASE-400E032C,Motacilla alba,Motacilla alba,Motacilla alba
AVIBASE-4F2CC293,Motacilla capensis,Motacilla capensis,Motacilla capensis
AVIBASE-AE073221,Motacilla cinerea,Motacilla cinerea,Motacilla cinerea
AVIBASE-5B0295C1,Motacilla citreola,Motacilla citreola,Motacilla citreola
AVIBASE-747B3A52,Motacilla clara,Motacilla clara,Motacilla clara
AVIBASE-5983D677,Motacilla flava,Motacilla flava,Motacilla flava
AVIBASE-B034A3E6,Motacilla flaviventris,Motacilla flaviventris,Motacilla flaviventris
AVIBASE-B9F2A8B6,Motacilla grandis,Motacilla grandis,Motacilla grandis
AVIBASE-F75CF94C,Motacilla maderaspatensis,Motacilla maderaspatensis,Motacilla madaraspatensis
AVIBASE-FE9D807D,Motacilla samveasnae,Motacilla samveasnae,Motacilla samveasnae
AVIBASE-5487B650,Motacilla tschutschensis,Motacilla tschutschensis,Motacilla flava
AVIBASE-D1A1B007,Moupinia poecilotis,Moupinia poecilotis,Chrysomma poecilotis
AVIBASE-009C0626,Mulleripicus fuliginosus,Mulleripicus fuliginosus,Mulleripicus funebris
AVIBASE-8D1CF2FF,Mulleripicus fulvus,Mulleripicus fulvus,Mulleripicus fulvus
AVIBASE-9FDB05FE,Mulleripicus funebris,Mulleripicus funebris,Mulleripicus funebris
AVIBASE-F6ED89EE,Mulleripicus pulverulentus,Mulleripicus pulverulentus,Mulleripicus pulverulentus
AVIBASE-6E95C4A9,Muscicapa adusta,Muscicapa adusta,Muscicapa adusta
AVIBASE-77F0C62C,Muscicapa aquatica,Muscicapa aquatica,Muscicapa aquatica
AVIBASE-A962CA14,Muscicapa cassini,Muscicapa cassini,Muscicapa cassini
AVIBASE-585D0B1A,Muscicapa dauurica,Muscicapa dauurica,Muscicapa dauurica
AVIBASE-119680B1,Muscicapa dauurica,Muscicapa williamsoni,Muscicapa dauurica
AVIBASE-63CF1FD8,Muscicapa dauurica,NA,Muscicapa dauurica
AVIBASE-79574FC3,Muscicapa epulata,Muscicapa epulata,Muscicapa epulata
AVIBASE-2DA49BD5,Muscicapa ferruginea,Muscicapa ferruginea,Muscicapa ferruginea
AVIBASE-7387E828,Muscicapa gambagae,Muscicapa gambagae,Muscicapa gambagae
AVIBASE-B4FF5927,Muscicapa griseisticta,Muscicapa griseisticta,Muscicapa griseisticta
AVIBASE-472841E9,Muscicapa muttui,Muscicapa muttui,Muscicapa muttui
AVIBASE-71563862,Muscicapa randi,Muscicapa randi,Muscicapa randi
AVIBASE-C8814B4A,Muscicapa segregata,Muscicapa segregata,Muscicapa segregata
AVIBASE-E78D263C,Muscicapa sethsmithi,Muscicapa sethsmithi,Muscicapa sethsmithi
AVIBASE-BCB683C2,Muscicapa sibirica,Muscicapa sibirica,Muscicapa sibirica
AVIBASE-EE8206E7,Muscicapa striata,Muscicapa striata,Muscicapa striata
AVIBASE-C1450281,Muscigralla brevicauda,Muscigralla brevicauda,Muscigralla brevicauda
AVIBASE-F2935FD2,Muscipipra vetula,Muscipipra vetula,Muscipipra vetula
AVIBASE-B2B73C71,Muscisaxicola albifrons,Muscisaxicola albifrons,Muscisaxicola albifrons
AVIBASE-16B45960,Muscisaxicola albilora,Muscisaxicola albilora,Muscisaxicola albilora
AVIBASE-C0A4CA8F,Muscisaxicola alpinus,Muscisaxicola alpinus,Muscisaxicola alpinus
AVIBASE-362568A3,Muscisaxicola capistratus,Muscisaxicola capistratus,Muscisaxicola capistratus
AVIBASE-5B511416,Muscisaxicola cinereus,Muscisaxicola cinereus,Muscisaxicola cinereus
AVIBASE-D96C90B5,Muscisaxicola flavinucha,Muscisaxicola flavinucha,Muscisaxicola flavinucha
AVIBASE-61F27E71,Muscisaxicola fluviatilis,Syrtidicola fluviatilis,Muscisaxicola fluviatilis
AVIBASE-6B482E47,Muscisaxicola frontalis,Muscisaxicola frontalis,Muscisaxicola frontalis
AVIBASE-E97B3BEA,Muscisaxicola griseus,Muscisaxicola griseus,Muscisaxicola griseus
AVIBASE-7C4D58E9,Muscisaxicola juninensis,Muscisaxicola juninensis,Muscisaxicola juninensis
AVIBASE-604FFF1C,Muscisaxicola maclovianus,Muscisaxicola maclovianus,Muscisaxicola maclovianus
AVIBASE-DC8BFB79,Muscisaxicola maculirostris,Muscisaxicola maculirostris,Muscisaxicola maculirostris
AVIBASE-146D02D1,Muscisaxicola occipitalis,Muscisaxicola rufivertex,Muscisaxicola rufivertex
AVIBASE-2FC7B2A5,Muscisaxicola rufivertex,Muscisaxicola rufivertex,Muscisaxicola rufivertex
AVIBASE-2C7BA3A6,Musophaga rossae,Musophaga rossae,Musophaga rossae
AVIBASE-3893974C,Musophaga violacea,Musophaga violacea,Musophaga violacea
AVIBASE-6EFA5695,Myadestes coloratus,Myadestes coloratus,Myadestes coloratus
AVIBASE-6FD86A69,Myadestes elisabeth,Myadestes elisabeth,Myadestes elisabeth
AVIBASE-FE142904,Myadestes genibarbis,Myadestes genibarbis,Myadestes genibarbis
AVIBASE-C52EFB11,Myadestes lanaiensis,Myadestes lanaiensis,Myadestes lanaiensis
AVIBASE-F76226A8,Myadestes melanops,Myadestes melanops,Myadestes melanops
AVIBASE-A1C41A3F,Myadestes obscurus,Myadestes obscurus,Myadestes obscurus
AVIBASE-E4DF8DBE,Myadestes occidentalis,Myadestes occidentalis,Myadestes occidentalis
AVIBASE-62B955D3,Myadestes palmeri,Myadestes palmeri,Myadestes palmeri
AVIBASE-8FE62CA5,Myadestes ralloides,Myadestes ralloides,Myadestes ralloides
AVIBASE-5459228D,Myadestes townsendi,Myadestes townsendi,Myadestes townsendi
AVIBASE-E294A36A,Myadestes unicolor,Myadestes unicolor,Myadestes unicolor
AVIBASE-F7B5C386,Mycerobas affinis,Mycerobas affinis,Mycerobas affinis
AVIBASE-E3BD8022,Mycerobas carnipes,Mycerobas carnipes,Mycerobas carnipes
AVIBASE-91A4FA36,Mycerobas icterioides,Mycerobas icterioides,Mycerobas icterioides
AVIBASE-7AF5B51C,Mycerobas melanozanthos,Mycerobas melanozanthos,Mycerobas melanozanthos
AVIBASE-19196211,Mycteria americana,Mycteria americana,Mycteria americana
AVIBASE-44B6A65A,Mycteria cinerea,Mycteria cinerea,Mycteria cinerea
AVIBASE-4F92C892,Mycteria ibis,Mycteria ibis,Mycteria ibis
AVIBASE-547013E2,Mycteria leucocephala,Mycteria leucocephala,Mycteria leucocephala
AVIBASE-92CCC2A9,Myiagra albiventris,Myiagra albiventris,Myiagra albiventris
AVIBASE-CE626FAD,Myiagra alecto,Myiagra alecto,Myiagra alecto
AVIBASE-BF5FCA86,Myiagra atra,Myiagra atra,Myiagra atra
AVIBASE-D37D32F3,Myiagra azureocapilla,Myiagra azureocapilla,Myiagra azureocapilla
AVIBASE-9C27FAE0,Myiagra caledonica,Myiagra caledonica,Myiagra caledonica
AVIBASE-9B34EDF7,Myiagra castaneigularis,Myiagra castaneigularis,Myiagra azureocapilla
AVIBASE-17D07BD8,Myiagra cervinicauda,Myiagra cervinicauda,Myiagra cervinicauda
AVIBASE-BC87EEDE,Myiagra cervinicolor,Myiagra hebetior,Myiagra hebetior
AVIBASE-32EAD9E6,Myiagra cyanoleuca,Myiagra cyanoleuca,Myiagra cyanoleuca
AVIBASE-CA6E8F69,Myiagra eichhorni,Myiagra hebetior,Myiagra hebetior
AVIBASE-EE035E28,Myiagra erythrops,Myiagra erythrops,Myiagra erythrops
AVIBASE-84E82B76,Myiagra ferrocyanea,Myiagra ferrocyanea,Myiagra ferrocyanea
AVIBASE-052CD650,Myiagra galeata,Myiagra galeata,Myiagra galeata
AVIBASE-F33032D8,Myiagra hebetior,Myiagra hebetior,Myiagra hebetior
AVIBASE-D15675EE,Myiagra inquieta,Myiagra inquieta,Myiagra inquieta
AVIBASE-FC57A59E,Myiagra nana,Myiagra nana,Myiagra inquieta
AVIBASE-DD59969A,Myiagra oceanica,Myiagra oceanica,Myiagra oceanica
AVIBASE-164C3F46,Myiagra pluto,Myiagra pluto,Myiagra pluto
AVIBASE-CCCF40F2,Myiagra rubecula,Myiagra rubecula,Myiagra rubecula
AVIBASE-EAF37025,Myiagra ruficollis,Myiagra ruficollis,Myiagra ruficollis
AVIBASE-46DFA747,Myiagra vanikorensis,Myiagra vanikorensis,Myiagra vanikorensis
AVIBASE-FCF63BDD,Myiarchus antillarum,Myiarchus antillarum,Myiarchus antillarum
AVIBASE-AA902955,Myiarchus apicalis,Myiarchus apicalis,Myiarchus apicalis
AVIBASE-D0DB8932,Myiarchus barbirostris,Myiarchus barbirostris,Myiarchus barbirostris
AVIBASE-C7D1E218,Myiarchus cephalotes,Myiarchus cephalotes,Myiarchus cephalotes
AVIBASE-E0A04985,Myiarchus cinerascens,Myiarchus cinerascens,Myiarchus cinerascens
AVIBASE-8D6D5F2B,Myiarchus crinitus,Myiarchus crinitus,Myiarchus crinitus
AVIBASE-825CACEF,Myiarchus ferox,Myiarchus ferox,Myiarchus ferox
AVIBASE-5D12E97B,Myiarchus magnirostris,Myiarchus magnirostris,Myiarchus magnirostris
AVIBASE-DFF4AD06,Myiarchus nugator,Myiarchus nugator,Myiarchus nugator
AVIBASE-59A53D8B,Myiarchus nuttingi,Myiarchus nuttingi,Myiarchus nuttingi
AVIBASE-DBF55732,Myiarchus oberi,Myiarchus oberi,Myiarchus oberi
AVIBASE-2A2A4A6F,Myiarchus panamensis,Myiarchus panamensis,Myiarchus panamensis
AVIBASE-A5894F7C,Myiarchus phaeocephalus,Myiarchus phaeocephalus,Myiarchus phaeocephalus
AVIBASE-A7BEC2BF,Myiarchus sagrae,Myiarchus sagrae,Myiarchus sagrae
AVIBASE-65D6284F,Myiarchus semirufus,Myiarchus semirufus,Myiarchus semirufus
AVIBASE-638BF4C5,Myiarchus stolidus,Myiarchus stolidus,Myiarchus stolidus
AVIBASE-EF21F7B5,Myiarchus swainsoni,Myiarchus swainsoni,Myiarchus swainsoni
AVIBASE-3D57A982,Myiarchus tuberculifer,Myiarchus tuberculifer,Myiarchus tuberculifer
AVIBASE-FC9E06A0,Myiarchus tyrannulus,Myiarchus tyrannulus,Myiarchus tyrannulus
AVIBASE-DBD0D60A,Myiarchus validus,Myiarchus validus,Myiarchus validus
AVIBASE-A1288AF2,Myiarchus venezuelensis,Myiarchus venezuelensis,Myiarchus venezuelensis
AVIBASE-E920B48D,Myiarchus yucatanensis,Myiarchus yucatanensis,Myiarchus yucatanensis
AVIBASE-608B8260,Myiobius atricaudus,Myiobius atricaudus,Myiobius atricaudus
AVIBASE-EC9D7A78,Myiobius barbatus,Myiobius barbatus,Myiobius barbatus
AVIBASE-40F33966,Myiobius sulphureipygius,Myiobius sulphureipygius,Myiobius sulphureipygius
AVIBASE-9C468DC3,Myiobius villosus,Myiobius villosus,Myiobius villosus
AVIBASE-65DB5013,Myioborus albifacies,Myioborus albifacies,Myioborus albifacies
AVIBASE-5B59921E,Myioborus albifrons,Myioborus albifrons,Myioborus albifrons
AVIBASE-9E76EA56,Myioborus brunniceps,Myioborus brunniceps,Myioborus brunniceps
AVIBASE-56671CF3,Myioborus cardonai,Myioborus cardonai,Myioborus cardonai
AVIBASE-B19969D1,Myioborus castaneocapilla,Myioborus castaneocapilla,Myioborus castaneocapilla
AVIBASE-F78FAC04,Myioborus chrysops,Myioborus ornatus,Myioborus ornatus
AVIBASE-5B7A8931,Myioborus flavivertex,Myioborus flavivertex,Myioborus flavivertex
AVIBASE-A02798C6,Myioborus melanocephalus,Myioborus melanocephalus,Myioborus melanocephalus
AVIBASE-CB8A9437,Myioborus miniatus,Myioborus miniatus,Myioborus miniatus
AVIBASE-D291752B,Myioborus ornatus,Myioborus ornatus,Myioborus ornatus
AVIBASE-99FAC557,Myioborus pariae,Myioborus pariae,Myioborus pariae
AVIBASE-3255D987,Myioborus pictus,Myioborus pictus,Myioborus pictus
AVIBASE-7CE22946,Myioborus torquatus,Myioborus torquatus,Myioborus torquatus
AVIBASE-977CA271,Myiodynastes bairdii,Myiodynastes bairdii,Myiodynastes bairdii
AVIBASE-077E33E3,Myiodynastes chrysocephalus,Myiodynastes chrysocephalus,Myiodynastes chrysocephalus
AVIBASE-049A1D8F,Myiodynastes hemichrysus,Myiodynastes hemichrysus,Myiodynastes hemichrysus
AVIBASE-9DBB70D5,Myiodynastes luteiventris,Myiodynastes luteiventris,Myiodynastes luteiventris
AVIBASE-C9B114BE,Myiodynastes maculatus,Myiodynastes maculatus,Myiodynastes maculatus
AVIBASE-C28FFE3F,Myiodynastes solitarius,Myiodynastes maculatus,Myiodynastes maculatus
AVIBASE-3713C563,Myiomela cambodiana,Myiomela leucura,Cinclidium leucurum
AVIBASE-1C308E43,Myiomela diana,Myiomela diana,Cinclidium diana
AVIBASE-0691DA78,Myiomela leucura,Myiomela leucura,Cinclidium leucurum
AVIBASE-EA9AA95C,Myiopagis caniceps,Myiopagis caniceps,Myiopagis caniceps
AVIBASE-5423E1F8,Myiopagis cinerea,Myiopagis caniceps,Myiopagis caniceps
AVIBASE-321B1AA0,Myiopagis cotta,Myiopagis cotta,Myiopagis cotta
AVIBASE-890CA872,Myiopagis flavivertex,Myiopagis flavivertex,Myiopagis flavivertex
AVIBASE-54EC5236,Myiopagis gaimardii,Myiopagis gaimardii,Myiopagis gaimardii
AVIBASE-DF86AF36,Myiopagis olallai,Myiopagis olallai,Myiopagis olallai
AVIBASE-9D2A5860,Myiopagis parambae,Myiopagis caniceps,Myiopagis caniceps
AVIBASE-31842F4A,Myiopagis subplacens,Myiopagis subplacens,Myiopagis subplacens
AVIBASE-F219499B,Myiopagis viridicata,Myiopagis viridicata,Myiopagis viridicata
AVIBASE-3CD56839,Myiophobus crypterythrus,Myiophobus fasciatus,Myiophobus fasciatus
AVIBASE-512BC132,Myiophobus cryptoxanthus,Myiophobus cryptoxanthus,Myiophobus cryptoxanthus
AVIBASE-0402B179,Myiophobus fasciatus,Myiophobus fasciatus,Myiophobus fasciatus
AVIBASE-5D79CB29,Myiophobus flavicans,Myiophobus flavicans,Myiophobus flavicans
AVIBASE-E9903459,Myiophobus inornatus,Myiophobus inornatus,Myiophobus inornatus
AVIBASE-F9FB9FEE,Myiophobus phoenicomitra,Myiophobus phoenicomitra,Myiophobus phoenicomitra
AVIBASE-8B3AAC3B,Myiophobus roraimae,Myiophobus roraimae,Myiophobus roraimae
AVIBASE-A3E31B1F,Myiophobus rufescens,Myiophobus fasciatus,Myiophobus fasciatus
AVIBASE-FDD9A634,Myiopsitta luchsi,Myiopsitta monachus,Myiopsitta monachus
AVIBASE-35810386,Myiopsitta monachus,Myiopsitta monachus,Myiopsitta monachus
AVIBASE-D90821DF,Myiornis albiventris,Myiornis albiventris,Myiornis albiventris
AVIBASE-F238A131,Myiornis atricapillus,Myiornis atricapillus,Myiornis atricapillus
AVIBASE-20DB761B,Myiornis auricularis,Myiornis auricularis,Myiornis auricularis
AVIBASE-B452B696,Myiornis ecaudatus,Myiornis ecaudatus,Myiornis ecaudatus
AVIBASE-0E03869D,Myiotheretes fumigatus,Myiotheretes fumigatus,Myiotheretes fumigatus
AVIBASE-DF0FEF41,Myiotheretes fuscorufus,Myiotheretes fuscorufus,Myiotheretes fuscorufus
AVIBASE-EA2A3AC2,Myiotheretes pernix,Myiotheretes pernix,Myiotheretes pernix
AVIBASE-8200F58C,Myiotheretes striaticollis,Myiotheretes striaticollis,Myiotheretes striaticollis
AVIBASE-FFEF8EFD,Myiothlypis basilica,Myiothlypis basilica,Basileuterus basilicus
AVIBASE-A9B288AF,Myiothlypis bivittata,Myiothlypis bivittata,Basileuterus bivittatus
AVIBASE-3A4B5A93,Myiothlypis chlorophrys,Myiothlypis chrysogaster,Basileuterus chlorophrys
AVIBASE-661FFC6F,Myiothlypis chrysogaster,Myiothlypis chrysogaster,Basileuterus chrysogaster
AVIBASE-69D734FB,Myiothlypis cinereicollis,Myiothlypis cinereicollis,Basileuterus cinereicollis
AVIBASE-BA47292D,Myiothlypis conspicillata,Myiothlypis conspicillata,Basileuterus conspicillatus
AVIBASE-99F5D09F,Myiothlypis coronata,Myiothlypis coronata,Basileuterus coronatus
AVIBASE-597DE5D9,Myiothlypis euophrys,Myiothlypis luteoviridis,Basileuterus luteoviridis
AVIBASE-40BD9900,Myiothlypis flaveola,Myiothlypis flaveola,Basileuterus flaveolus
AVIBASE-A04DCB6C,Myiothlypis fraseri,Myiothlypis fraseri,Basileuterus fraseri
AVIBASE-0232E9DC,Myiothlypis fulvicauda,Myiothlypis fulvicauda,Phaeothlypis fulvicauda
AVIBASE-D65E2A9D,Myiothlypis leucoblephara,Myiothlypis leucoblephara,Basileuterus leucoblepharus
AVIBASE-27DCCC29,Myiothlypis leucophrys,Myiothlypis leucophrys,Basileuterus leucophrys
AVIBASE-4AC550CE,Myiothlypis luteoviridis,Myiothlypis luteoviridis,Basileuterus luteoviridis
AVIBASE-A80CFACA,Myiothlypis mesoleuca,Myiothlypis rivularis,Phaeothlypis rivularis
AVIBASE-3D4F2A70,Myiothlypis nigrocristata,Myiothlypis nigrocristata,Basileuterus nigrocristatus
AVIBASE-A80CFACA,Myiothlypis rivularis,Myiothlypis rivularis,Phaeothlypis rivularis
AVIBASE-C2548732,Myiothlypis roraimae,Myiothlypis bivittata,Basileuterus bivittatus
AVIBASE-BBD736B2,Myiothlypis signata,Myiothlypis signata,Basileuterus signatus
AVIBASE-F37E3E96,Myiothlypis striaticeps,Myiothlypis luteoviridis,Basileuterus luteoviridis
AVIBASE-8E5852C1,Myiotriccus ornatus,Myiotriccus ornatus,Myiotriccus ornatus
AVIBASE-75C915AF,Myiotriccus phoenicurus,Myiotriccus ornatus,Myiotriccus ornatus
AVIBASE-B384278C,Myiozetetes cayanensis,Myiozetetes cayanensis,Myiozetetes cayanensis
AVIBASE-DCCFF7D4,Myiozetetes granadensis,Myiozetetes granadensis,Myiozetetes granadensis
AVIBASE-D486B51A,Myiozetetes luteiventris,Myiozetetes luteiventris,Myiozetetes luteiventris
AVIBASE-468B520C,Myiozetetes similis,Myiozetetes similis,Myiozetetes similis
AVIBASE-F7B59EF7,Myophonus blighi,Myophonus blighi,Myophonus blighi
AVIBASE-5C64346C,Myophonus borneensis,Myophonus borneensis,Myophonus borneensis
AVIBASE-DE6C227D,Myophonus caeruleus,Myophonus caeruleus,Myophonus caeruleus
AVIBASE-0652AFB0,Myophonus castaneus,Myophonus castaneus,Myophonus castaneus
AVIBASE-7508D58D,Myophonus glaucinus,Myophonus glaucinus,Myophonus glaucinus
AVIBASE-1C4DA989,Myophonus horsfieldii,Myophonus horsfieldii,Myophonus horsfieldii
AVIBASE-5420A5B7,Myophonus insularis,Myophonus insularis,Myophonus insularis
AVIBASE-DF2951BF,Myophonus melanurus,Myophonus melanurus,Myophonus melanurus
AVIBASE-8B409B52,Myophonus robinsoni,Myophonus robinsoni,Myophonus robinsoni
AVIBASE-EFE9D5AA,Myornis senilis,Myornis senilis,Myornis senilis
AVIBASE-40373FE1,Myrmeciza longipes,Myrmeciza longipes,Myrmeciza longipes
AVIBASE-E09F7223,Myrmecocichla aethiops,Myrmecocichla aethiops,Myrmecocichla aethiops
AVIBASE-AC5FC9B9,Myrmecocichla arnotti,Myrmecocichla arnotti,Myrmecocichla arnoti
AVIBASE-400A83B9,Myrmecocichla formicivora,Myrmecocichla formicivora,Myrmecocichla formicivora
AVIBASE-1B6016EC,Myrmecocichla melaena,Myrmecocichla melaena,Myrmecocichla melaena
AVIBASE-3B26A7B2,Myrmecocichla monticola,Myrmecocichla monticola,Oenanthe monticola
AVIBASE-B55BADC1,Myrmecocichla nigra,Myrmecocichla nigra,Myrmecocichla nigra
AVIBASE-7631D1A3,Myrmecocichla tholloni,Myrmecocichla tholloni,Myrmecocichla tholloni
AVIBASE-B4F54E3D,Myrmelastes brunneiceps,Myrmelastes brunneiceps,Schistocichla brunneiceps
AVIBASE-4F04F723,Myrmelastes caurensis,Myrmelastes caurensis,Schistocichla caurensis
AVIBASE-345A6DFB,Myrmelastes humaythae,Myrmelastes humaythae,Schistocichla humaythae
AVIBASE-85D49ECB,Myrmelastes hyperythrus,Myrmelastes hyperythrus,Myrmeciza hyperythra
AVIBASE-9736A466,Myrmelastes leucostigma,Myrmelastes leucostigma,Schistocichla leucostigma
AVIBASE-29F66F57,Myrmelastes rufifacies,Myrmelastes rufifacies,Schistocichla rufifacies
AVIBASE-F30598FA,Myrmelastes saturatus,Myrmelastes saturatus,Schistocichla saturata
AVIBASE-3587F35B,Myrmelastes schistaceus,Myrmelastes schistaceus,Schistocichla schistacea
AVIBASE-B7B7F11C,Myrmia micrura,Myrmia micrura,Myrmia micrura
AVIBASE-C9620F9F,Myrmoborus leucophrys,Myrmoborus leucophrys,Myrmoborus leucophrys
AVIBASE-2EBCC761,Myrmoborus lophotes,Myrmoborus lophotes,Percnostola lophotes
AVIBASE-8484C800,Myrmoborus lugubris,Myrmoborus lugubris,Myrmoborus lugubris
AVIBASE-04CD9946,Myrmoborus melanurus,Myrmoborus melanurus,Myrmoborus melanurus
AVIBASE-F5CD9018,Myrmoborus myotherinus,Myrmoborus myotherinus,Myrmoborus myotherinus
AVIBASE-A1CB6912,Myrmochanes hemileucus,Myrmochanes hemileucus,Myrmochanes hemileucus
AVIBASE-C91B4325,Myrmoderus eowilsoni,Myrmoderus eowilsoni,Myrmeciza ferruginea
AVIBASE-228DEA40,Myrmoderus ferrugineus,Myrmoderus ferrugineus,Myrmeciza ferruginea
AVIBASE-0161CAAD,Myrmoderus loricatus,Myrmoderus loricatus,Myrmeciza loricata
AVIBASE-8926D22A,Myrmoderus ruficauda,Myrmoderus ruficauda,Myrmeciza ruficauda
AVIBASE-A17A24AF,Myrmoderus squamosus,Myrmoderus squamosus,Myrmeciza squamosa
AVIBASE-6877831A,Myrmophylax atrothorax,Myrmophylax atrothorax,Myrmeciza atrothorax
AVIBASE-0DEDC45C,Myrmorchilus strigilatus,Myrmorchilus strigilatus,Myrmorchilus strigilatus
AVIBASE-0CC1FD4A,Myrmornis stictoptera,Myrmornis torquata,Myrmornis torquata
AVIBASE-8074CD7D,Myrmornis torquata,Myrmornis torquata,Myrmornis torquata
AVIBASE-A54A1842,Myrmothera campanisona,Myrmothera campanisona,Myrmothera campanisona
AVIBASE-4C1F9C2A,Myrmothera campanisona,Myrmothera subcanescens,Myrmothera campanisona
AVIBASE-FEBA3A57,Myrmothera simplex,Myrmothera simplex,Myrmothera simplex
AVIBASE-662DB38F,Myrmotherula ambigua,Myrmotherula ambigua,Myrmotherula ambigua
AVIBASE-A5BD6149,Myrmotherula assimilis,Myrmotherula assimilis,Myrmotherula assimilis
AVIBASE-10BC73B2,Myrmotherula axillaris,Myrmotherula axillaris,Myrmotherula axillaris
AVIBASE-10BC73B2,Myrmotherula axillaris,Myrmotherula axillaris,Myrmotherula fluminensis
AVIBASE-0AA51604,Myrmotherula behni,Myrmotherula behni,Myrmotherula behni
AVIBASE-64B34CDD,Myrmotherula brachyura,Myrmotherula brachyura,Myrmotherula brachyura
AVIBASE-4B4619CD,Myrmotherula cherriei,Myrmotherula cherriei,Myrmotherula cherriei
AVIBASE-E2A877F7,Myrmotherula grisea,Myrmotherula grisea,Myrmotherula grisea
AVIBASE-20E51271,Myrmotherula ignota,Myrmotherula ignota,Myrmotherula ignota
AVIBASE-87FE9014,Myrmotherula iheringi,Myrmotherula iheringi,Myrmotherula iheringi
AVIBASE-BAD49093,Myrmotherula klagesi,Myrmotherula klagesi,Myrmotherula klagesi
AVIBASE-61451A0A,Myrmotherula longicauda,Myrmotherula longicauda,Myrmotherula longicauda
AVIBASE-C80BFFF7,Myrmotherula longipennis,Myrmotherula longipennis,Myrmotherula longipennis
AVIBASE-F859ED88,Myrmotherula luctuosa,Myrmotherula axillaris,Myrmotherula luctuosa
AVIBASE-3DD03F2C,Myrmotherula menetriesii,Myrmotherula menetriesii,Myrmotherula menetriesii
AVIBASE-5CCA0332,Myrmotherula minor,Myrmotherula minor,Myrmotherula minor
AVIBASE-EA002FFA,Myrmotherula multostriata,Myrmotherula multostriata,Myrmotherula multostriata
AVIBASE-9E1460BD,Myrmotherula pacifica,Myrmotherula pacifica,Myrmotherula pacifica
AVIBASE-CF8A3394,Myrmotherula schisticolor,Myrmotherula schisticolor,Myrmotherula schisticolor
AVIBASE-A5AC7DC8,Myrmotherula sclateri,Myrmotherula sclateri,Myrmotherula sclateri
AVIBASE-E26BC06E,Myrmotherula snowi,Myrmotherula snowi,Myrmotherula snowi
AVIBASE-69BFD823,Myrmotherula sunensis,Myrmotherula sunensis,Myrmotherula sunensis
AVIBASE-C6635857,Myrmotherula surinamensis,Myrmotherula surinamensis,Myrmotherula surinamensis
AVIBASE-1A166C56,Myrmotherula unicolor,Myrmotherula unicolor,Myrmotherula unicolor
AVIBASE-7C4DDF9C,Myrmotherula urosticta,Myrmotherula urosticta,Myrmotherula urosticta
AVIBASE-18D09F79,Myrtis fanny,Myrtis fanny,Myrtis fanny
AVIBASE-9E483E48,Mystacornis crossleyi,Mystacornis crossleyi,Mystacornis crossleyi
AVIBASE-FC002FE5,Myza celebensis,Myza celebensis,Myza celebensis
AVIBASE-1EF6616D,Myza sarasinorum,Myza sarasinorum,Myza sarasinorum
AVIBASE-D3DF1777,Myzomela adolphinae,Myzomela adolphinae,Myzomela adolphinae
AVIBASE-04AEB6A1,Myzomela albigula,Myzomela albigula,Myzomela albigula
AVIBASE-DA741383,Myzomela batjanensis,Myzomela chloroptera,Myzomela chloroptera
AVIBASE-5D40476F,Myzomela blasii,Myzomela blasii,Myzomela blasii
AVIBASE-C0A2527C,Myzomela boiei,Myzomela boiei,Myzomela boiei
AVIBASE-E1E72499,Myzomela caledonica,Myzomela caledonica,Myzomela caledonica
AVIBASE-6E4B550C,Myzomela cardinalis,Myzomela cardinalis,Myzomela cardinalis
AVIBASE-688F95A5,Myzomela cardinalis,Myzomela nigriventris,Myzomela cardinalis
AVIBASE-6A07BF3E,Myzomela cardinalis,NA,Myzomela cardinalis
AVIBASE-B2E92A37,Myzomela chermesina,Myzomela chermesina,Myzomela chermesina
AVIBASE-C319AD43,Myzomela chloroptera,Myzomela chloroptera,Myzomela chloroptera
AVIBASE-E98DDFE9,Myzomela cineracea,Myzomela cineracea,Myzomela cineracea
AVIBASE-C91CA2B0,Myzomela cruentata,Myzomela cruentata,Myzomela cruentata
AVIBASE-05676767,Myzomela dammermani,Myzomela dammermani,Myzomela dammermani
AVIBASE-4F526489,Myzomela eichhorni,Myzomela eichhorni,Myzomela eichhorni
AVIBASE-AE5588B1,Myzomela eques,Myzomela eques,Myzomela eques
AVIBASE-67493A7E,Myzomela erythrina,Myzomela cruentata,Myzomela cruentata
AVIBASE-CEE16E70,Myzomela erythrocephala,Myzomela erythrocephala,Myzomela erythrocephala
AVIBASE-A47273BD,Myzomela erythromelas,Myzomela erythromelas,Myzomela erythromelas
AVIBASE-50976CA4,Myzomela irianawidodoae,Myzomela irianawidodoae,NA
AVIBASE-4A7C2DE5,Myzomela jugularis,Myzomela jugularis,Myzomela jugularis
AVIBASE-3BFB057A,Myzomela kuehni,Myzomela kuehni,Myzomela kuehni
AVIBASE-C9057362,Myzomela lafargei,Myzomela lafargei,Myzomela lafargei
AVIBASE-5F44043D,Myzomela longirostris,Myzomela rosenbergii,Myzomela rosenbergii
AVIBASE-1CBF7214,Myzomela malaitae,Myzomela malaitae,Myzomela malaitae
AVIBASE-1F443304,Myzomela melanocephala,Myzomela melanocephala,Myzomela melanocephala
AVIBASE-F862BDE9,Myzomela nigrita,Myzomela nigrita,Myzomela nigrita
AVIBASE-94C17280,Myzomela obscura,Myzomela obscura,Myzomela obscura
AVIBASE-9FC95619,Myzomela pammelaena,Myzomela pammelaena,Myzomela pammelaena
AVIBASE-D3CD36A4,Myzomela prawiradilagae,Myzomela prawiradilagae,NA
AVIBASE-95FB462E,Myzomela pulchella,Myzomela pulchella,Myzomela pulchella
AVIBASE-75B19C28,Myzomela rosenbergii,Myzomela rosenbergii,Myzomela rosenbergii
AVIBASE-45B5DE59,Myzomela rubratra,Myzomela rubratra,Myzomela rubratra
AVIBASE-5E3027B3,Myzomela rubrobrunnea,Myzomela obscura,Myzomela obscura
AVIBASE-F1708B0F,Myzomela rubrotincta,Myzomela obscura,Myzomela obscura
AVIBASE-F3E41C51,Myzomela sanguinolenta,Myzomela sanguinolenta,Myzomela sanguinolenta
AVIBASE-96BC41B0,Myzomela sclateri,Myzomela sclateri,Myzomela sclateri
AVIBASE-9A3DA80E,Myzomela simplex,Myzomela obscura,Myzomela obscura
AVIBASE-03719E48,Myzomela tristrami,Myzomela tristrami,Myzomela tristrami
AVIBASE-B14D404B,Myzomela vulnerata,Myzomela vulnerata,Myzomela vulnerata
AVIBASE-ED10A266,Myzomela wahe,Myzomela wahe,NA
AVIBASE-F2E93F72,Myzomela wakoloensis,Myzomela wakoloensis,Myzomela wakoloensis
AVIBASE-4C29F3A8,Myzornis pyrrhoura,Myzornis pyrrhoura,Myzornis pyrrhoura
AVIBASE-BF3D3E26,NA,NA,Zosterops poliogastrus
AVIBASE-E53FC25C,NA,Catharus ustulatus,Catharus ustulatus
AVIBASE-BC5A9498,NA,Setophaga coronata,Dendroica coronata
AVIBASE-F1A7591B,NA,Psarocolius bifasciatus,Psarocolius bifasciatus
AVIBASE-33FBD873,NA,NA,Turdus hauxwelli
AVIBASE-8A6216CA,NA,NA,Sporophila bouvreuil
AVIBASE-BE5C3C11,NA,Xiphorhynchus ocellatus,Xiphorhynchus ocellatus
AVIBASE-E8B48699,NA,NA,Chlorochrysa calliparaea
AVIBASE-FED78DF7,NA,NA,Philesturnus carunculatus
AVIBASE-5F33823D,NA,NA,Sylvia cantillans
AVIBASE-D94C6177,NA,Myiodynastes maculatus,Myiodynastes maculatus
AVIBASE-658EF0D7,NA,NA,Petroica australis
AVIBASE-2F6F30EF,NA,NA,Locustella fasciolata
AVIBASE-B690DF97,NA,NA,Loxops coccineus
AVIBASE-6D6F6588,NA,NA,Zosterops cinereus
AVIBASE-1F85F07D,NA,Pitta maxima,Pitta maxima
AVIBASE-F8A8E284,NA,Neochmia phaeton,Neochmia phaeton
AVIBASE-468816FA,NA,NA,Malurus lamberti
AVIBASE-105A8F99,NA,NA,Hypsipetes parvirostris
AVIBASE-8F1CC6A2,NA,Cichlocolaptes leucophrus,Cichlocolaptes leucophrus
AVIBASE-AB4034D4,NA,Zosterops conspicillatus,Zosterops conspicillatus
AVIBASE-82B7D762,NA,Heinrichia calligyna,Heinrichia calligyna
AVIBASE-847717E2,NA,NA,Vireo olivaceus
AVIBASE-DA2B7379,NA,NA,Batis capensis
AVIBASE-75B49C25,NA,NA,Rhipidura javanica
AVIBASE-D8D10F2C,NA,Garrulus glandarius,Garrulus glandarius
AVIBASE-15B1F36E,NA,Platysmurus leucopterus,Platysmurus leucopterus
AVIBASE-15F017B7,NA,Trochocercus cyanomelas,Trochocercus cyanomelas
AVIBASE-9D0040D1,NA,NA,Rhipidura superciliaris
AVIBASE-0AC5BA0A,NA,NA,Hypothymis azurea
AVIBASE-41188242,NA,Terpsiphone cinnamomea,Terpsiphone cinnamomea
AVIBASE-F8ADA760,NA,Dicrurus hottentottus,Dicrurus hottentottus
AVIBASE-E16560EF,NA,Rhipidura rufiventris,Rhipidura rufiventris
AVIBASE-666BD58B,NA,Myiagra hebetior,Myiagra hebetior
AVIBASE-D13830CE,NA,Symposiachrus verticalis,Monarcha verticalis
NA,NA,NA,NA
AVIBASE-303D5356,NA,Lacedo pulchella,Lacedo pulchella
AVIBASE-5CF6F8EB,NA,Gracula religiosa,Gracula religiosa
AVIBASE-E410E9A6,NA,NA,Tephrodornis pondicerianus
AVIBASE-AC93609D,NA,Trogon elegans,Trogon elegans
AVIBASE-76C74B10,NA,NA,Nucifraga caryocatactes
AVIBASE-FBBBA943,NA,NA,Pica pica
AVIBASE-A52752EF,NA,NA,Aramides cajanea
AVIBASE-3948131B,NA,NA,Sarkidiornis melanotos
AVIBASE-00146574,NA,Treron calvus,Treron calvus
AVIBASE-AF75AC32,NA,NA,Tockus erythrorhynchus
AVIBASE-75600969,NA,Colaptes auratus,Colaptes auratus
AVIBASE-9151E0BA,NA,NA,Gallinago gallinago
AVIBASE-2042CD42,NA,NA,Dicrurus paradiseus
AVIBASE-DE1D2DF4,NA,NA,Rallus aquaticus
AVIBASE-05E5E8F6,NA,NA,Chalcophaps indica
AVIBASE-8535345B,NA,Larus argentatus,Larus argentatus
AVIBASE-CB3AF294,NA,Pteroglossus torquatus,Pteroglossus torquatus
AVIBASE-20DB2669,NA,NA,Aulacorhynchus prasinus
AVIBASE-BC6C3CCE,NA,Anas crecca,Anas crecca
AVIBASE-06D9A2C8,NA,NA,Milvus migrans
AVIBASE-457420DA,NA,NA,Merops viridis
AVIBASE-0562A30F,NA,Merops orientalis,Merops orientalis
AVIBASE-22562CEE,NA,Phaenicophaeus curvirostris,Phaenicophaeus curvirostris
AVIBASE-B30B6781,NA,NA,Halcyon smyrnensis
AVIBASE-228DEA40,NA,NA,Myrmeciza ferruginea
AVIBASE-EBC3B53B,NA,NA,Laniarius aethiopicus
AVIBASE-48789752,NA,Rhipidura verreauxi,Rhipidura verreauxi
AVIBASE-0CC66656,NA,NA,Lanius sphenocercus
AVIBASE-34D6EE78,NA,NA,Bubo virginianus
AVIBASE-9E69DE40,NA,NA,Lophorina superba
AVIBASE-A2F048C0,NA,NA,Circus spilonotus
AVIBASE-DE307326,NA,Lycocorax pyrrhopterus,Lycocorax pyrrhopterus
AVIBASE-FF3D837A,NA,NA,Calonectris diomedea
AVIBASE-9FCCD579,NA,Anisognathus igniventris,Anisognathus igniventris
AVIBASE-112F924B,NA,Oriolus cruentus,Oriolus cruentus
AVIBASE-D4CB1B89,NA,Phyllastrephus albigularis,Phyllastrephus albigularis
AVIBASE-30692E5A,NA,Turdus plumbeus,Turdus plumbeus
AVIBASE-A3538EDB,NA,Pericrocotus solaris,Pericrocotus solaris
AVIBASE-AF9B5051,NA,Monachella muelleriana,Monachella muelleriana
AVIBASE-8D562259,NA,NA,Platysteira castanea
AVIBASE-D64491E4,NA,Cercococcyx mechowi,Cercococcyx mechowi
AVIBASE-B7679B3F,NA,NA,Cyanoptila cyanomelana
AVIBASE-9CD4E6BB,NA,NA,Cracticus torquatus
AVIBASE-1B2E3813,NA,Sinosuthora brunnea,Paradoxornis brunneus
AVIBASE-79103D60,NA,Urocissa whiteheadi,Urocissa whiteheadi
AVIBASE-DB5D67FD,NA,Cyanolanius madagascarinus,Cyanolanius madagascarinus
AVIBASE-330BEC7E,NA,NA,Eremomela pusilla
AVIBASE-7DE15211,NA,NA,Theristicus melanopis
AVIBASE-E30B726A,NA,Myzomela cruentata,Myzomela cruentata
AVIBASE-71AE2656,NA,NA,Terpsiphone paradisi
AVIBASE-2241879F,NA,NA,Sturnus burmannicus
AVIBASE-83DCEA75,NA,NA,Prinia burnesii
AVIBASE-73E1A69A,NA,NA,Laniarius poensis
AVIBASE-B483CC1C,NA,NA,Acridotheres grandis
AVIBASE-CD18635A,NA,NA,Accipiter tachiro
AVIBASE-6B065C06,NA,Zosterops rendovae,Zosterops rendovae
AVIBASE-8B16299C,NA,Rhipidura cockerelli,Rhipidura cockerelli
AVIBASE-D5813CA4,NA,Guttera pucherani,Guttera pucherani
AVIBASE-409B6E6A,NA,Pachycephala simplex,Pachycephala simplex
AVIBASE-BA3865DD,NA,NA,Cinclosoma cinnamomeum
AVIBASE-72304E21,NA,Phaethornis griseogularis,Phaethornis griseogularis
AVIBASE-3B66D504,NA,Platysteira concreta,Platysteira concreta
AVIBASE-56790B57,NA,Buccanodon duchaillui,Buccanodon duchaillui
AVIBASE-4A1996C3,NA,Myzomela rosenbergii,Myzomela rosenbergii
AVIBASE-E9468157,NA,NA,Amazilia cyanifrons
AVIBASE-D37D32F3,NA,NA,Myiagra azureocapilla
AVIBASE-7DEB77F3,NA,NA,Lanius sphenocercus
AVIBASE-F3E4349D,NA,Psophocichla litsitsirupa,Psophocichla litsitsirupa
AVIBASE-2C2B5EE2,NA,NA,Ducula aenea
AVIBASE-8E5F469E,NA,Dicaeum hirundinaceum,Dicaeum hirundinaceum
AVIBASE-6AAA6132,NA,Selenidera reinwardtii,Selenidera reinwardtii
AVIBASE-BB9E2CA5,NA,Falcunculus frontatus,Falcunculus frontatus
AVIBASE-C1413BA8,NA,Serilophus lunatus,Serilophus lunatus
AVIBASE-D674D8F4,NA,Vireolanius leucotis,Vireolanius leucotis
AVIBASE-13B9C70F,NA,Dubusia taeniata,Dubusia taeniata
AVIBASE-AD73A859,NA,NA,Arremon taciturnus
AVIBASE-997E5F29,NA,Pomatorhinus ferruginosus,Pomatorhinus ferruginosus
AVIBASE-8A6C3156,NA,NA,Eurostopodus mystacalis
AVIBASE-A4E6B481,NA,Diopsittaca nobilis,Diopsittaca nobilis
AVIBASE-B70107D2,NA,Phacellodomus rufifrons,Phacellodomus rufifrons
AVIBASE-7FEDAAAB,NA,Pionites leucogaster,Pionites leucogaster
AVIBASE-93694BB5,NA,Ardea herodias,Ardea herodias
AVIBASE-58E25701,NA,Pipilo maculatus,Pipilo maculatus
AVIBASE-1D15CDDD,NA,Actenoides monachus,Actenoides monachus
AVIBASE-E3F00936,NA,NA,Geospiza difficilis
AVIBASE-1E0886D6,NA,Gallirallus woodfordi,Nesoclopeus woodfordi
AVIBASE-07D343CC,NA,Eurylaimus javanicus,Eurylaimus javanicus
AVIBASE-CD8CB4D4,NA,NA,Melipotes fumigatus
AVIBASE-659D6E44,NA,NA,Cyanopica cyanus
AVIBASE-4B54F25A,NA,NA,Dicrurus adsimilis
AVIBASE-BB0C3E76,NA,NA,Megalaima franklinii
AVIBASE-229575C0,NA,NA,Megalaima asiatica
AVIBASE-F1D6E36C,NA,NA,Calorhamphus fuliginosus
AVIBASE-4192820D,NA,NA,Megalaima australis
AVIBASE-6AED5E06,NA,Lampornis castaneoventris,Lampornis castaneoventris
AVIBASE-0DA1CA5D,NA,NA,Oreotrochilus estella
AVIBASE-37A12174,NA,NA,Strix aluco
AVIBASE-5CFA320E,NA,Ninox novaeseelandiae,Ninox novaeseelandiae
AVIBASE-DC8CC91D,NA,NA,Bubo africanus
AVIBASE-489F3A6A,NA,NA,Otus bakkamoena
AVIBASE-8B9017E8,NA,NA,Otus scops
AVIBASE-E603F9E5,Nannopsittaca dachilleae,Nannopsittaca dachilleae,Nannopsittaca dachilleae
AVIBASE-7F285393,Nannopsittaca panychlora,Nannopsittaca panychlora,Nannopsittaca panychlora
AVIBASE-3AC46C54,Nannopterum auritus,Nannopterum auritum,Phalacrocorax auritus
AVIBASE-56036504,Nannopterum brasilianus,Nannopterum brasilianum,Phalacrocorax brasilianus
AVIBASE-CEA9048D,Nannopterum harrisi,Nannopterum harrisi,Phalacrocorax harrisi
AVIBASE-F8F526E4,Napothera epilepidota,Napothera epilepidota,Napothera epilepidota
AVIBASE-C74E7545,Nasica longirostris,Nasica longirostris,Nasica longirostris
AVIBASE-0D52DFC7,Neafrapus boehmi,Neafrapus boehmi,Neafrapus boehmi
AVIBASE-4CB38AE8,Neafrapus cassini,Neafrapus cassini,Neafrapus cassini
AVIBASE-131038AD,Necrosyrtes monachus,Necrosyrtes monachus,Necrosyrtes monachus
AVIBASE-F500EA53,Nectarinia bocagii,Nectarinia bocagii,Nectarinia bocagii
AVIBASE-26F27894,Nectarinia famosa,Nectarinia famosa,Nectarinia famosa
AVIBASE-D91BCC1B,Nectarinia johnstoni,Nectarinia johnstoni,Nectarinia johnstoni
AVIBASE-D4F9B273,Nectarinia kilimensis,Nectarinia kilimensis,Nectarinia kilimensis
AVIBASE-0F533AC6,Nectarinia purpureiventris,Nectarinia purpureiventris,Nectarinia purpureiventris
AVIBASE-FAFA576B,Nectarinia tacazze,Nectarinia tacazze,Nectarinia tacazze
AVIBASE-B112B157,Nemosia pileata,Nemosia pileata,Nemosia pileata
AVIBASE-D9A06584,Nemosia rourei,Nemosia rourei,Nemosia rourei
AVIBASE-FA5A25B2,Neochen jubata,Oressochen jubatus,Neochen jubata
AVIBASE-FAC6FDBA,Neochmia evangelinae,Neochmia phaeton,Neochmia phaeton
AVIBASE-80FEE3DC,Neochmia modesta,Aidemosyne modesta,Neochmia modesta
AVIBASE-27E88DB9,Neochmia phaeton,Neochmia phaeton,Neochmia phaeton
AVIBASE-FC54497E,Neochmia ruficauda,Bathilda ruficauda,Neochmia ruficauda
AVIBASE-4359B503,Neochmia temporalis,Neochmia temporalis,Neochmia temporalis
AVIBASE-3F941452,Neocichla gutturalis,Neocichla gutturalis,Neocichla gutturalis
AVIBASE-0BD37CDF,Neocossyphus poensis,Neocossyphus poensis,Neocossyphus poensis
AVIBASE-90FDC4CC,Neocossyphus rufus,Neocossyphus rufus,Neocossyphus rufus
AVIBASE-E016F3AC,Neocrex colombiana,Mustelirallus colombianus,Neocrex colombiana
AVIBASE-993DE54F,Neocrex erythrops,Mustelirallus erythrops,Neocrex erythrops
AVIBASE-65C3F16E,Neoctantes niger,Neoctantes niger,Neoctantes niger
AVIBASE-E35838E3,Neodrepanis coruscans,Neodrepanis coruscans,Neodrepanis coruscans
AVIBASE-07471818,Neodrepanis hypoxantha,Neodrepanis hypoxantha,Neodrepanis hypoxantha
AVIBASE-6977F1E6,Neolalage banksiana,Neolalage banksiana,Neolalage banksiana
AVIBASE-B7F05102,Neolestes torquatus,Neolestes torquatus,Neolestes torquatus
AVIBASE-73BC0382,Neomixis pallidior,Neomixis striatigula,Neomixis striatigula
AVIBASE-F4BF9645,Neomixis striatigula,Neomixis striatigula,Neomixis striatigula
AVIBASE-62D4A4C8,Neomixis tenella,Neomixis tenella,Neomixis tenella
AVIBASE-CF4FB76D,Neomixis viridis,Neomixis viridis,Neomixis viridis
AVIBASE-6B6C661C,Neomorphus geoffroyi,Neomorphus squamiger,Neomorphus squamiger
AVIBASE-28261C35,Neomorphus geoffroyi,Neomorphus geoffroyi,Neomorphus geoffroyi
AVIBASE-CE4505F8,Neomorphus pucheranii,Neomorphus pucheranii,Neomorphus pucheranii
AVIBASE-AD3195D1,Neomorphus radiolosus,Neomorphus radiolosus,Neomorphus radiolosus
AVIBASE-712BCA85,Neomorphus rufipennis,Neomorphus rufipennis,Neomorphus rufipennis
AVIBASE-5937195C,Neopelma aurifrons,Neopelma aurifrons,Neopelma aurifrons
AVIBASE-CBFD1721,Neopelma chrysocephalum,Neopelma chrysocephalum,Neopelma chrysocephalum
AVIBASE-83354540,Neopelma chrysolophum,Neopelma chrysolophum,Neopelma chrysolophum
AVIBASE-A0796435,Neopelma pallescens,Neopelma pallescens,Neopelma pallescens
AVIBASE-AC2FFCAC,Neopelma sulphureiventer,Neopelma sulphureiventer,Neopelma sulphureiventer
AVIBASE-1AED683B,Neophedina cincta,Neophedina cincta,Riparia cincta
AVIBASE-7FB356E8,Neophema chrysogaster,Neophema chrysogaster,Neophema chrysogaster
AVIBASE-DEEC38A7,Neophema chrysostoma,Neophema chrysostoma,Neophema chrysostoma
AVIBASE-9E8F1FEB,Neophema elegans,Neophema elegans,Neophema elegans
AVIBASE-B148FE32,Neophema petrophila,Neophema petrophila,Neophema petrophila
AVIBASE-6F2C5E7B,Neophema pulchella,Neophema pulchella,Neophema pulchella
AVIBASE-E26391B5,Neophema splendida,Neophema splendida,Neophema splendida
AVIBASE-6D3480A6,Neophron percnopterus,Neophron percnopterus,Neophron percnopterus
AVIBASE-81362B15,Neopipo cinnamomea,Neopipo cinnamomea,Neopipo cinnamomea
AVIBASE-3CB1B8E8,Neopsephotus bourkii,Neophema bourkii,Neopsephotus bourkii
AVIBASE-4B8D4F6C,Neopsittacus musschenbroekii,Neopsittacus musschenbroekii,Neopsittacus musschenbroekii
AVIBASE-7A03D2D9,Neopsittacus pullicauda,Neopsittacus pullicauda,Neopsittacus pullicauda
AVIBASE-D4F1F491,Neosuthora davidiana,Neosuthora davidiana,Paradoxornis davidianus
AVIBASE-218F91B6,Neothraupis fasciata,Neothraupis fasciata,Neothraupis fasciata
AVIBASE-4FDBC0CB,Neotis denhami,Neotis denhami,Neotis denhami
AVIBASE-4971D1EF,Neotis heuglinii,Neotis heuglinii,Neotis heuglinii
AVIBASE-FB9132DC,Neotis ludwigii,Neotis ludwigii,Neotis ludwigii
AVIBASE-22160251,Neotis nuba,Neotis nuba,Neotis nuba
AVIBASE-86F38EB3,Neoxolmis rufiventris,Neoxolmis rufiventris,Neoxolmis rufiventris
AVIBASE-0A2158CA,Nephelomyias lintoni,Nephelomyias lintoni,Myiophobus lintoni
AVIBASE-8F6BF05C,Nephelomyias ochraceiventris,Nephelomyias ochraceiventris,Myiophobus ochraceiventris
AVIBASE-BF1FED0E,Nephelomyias pulcher,Nephelomyias pulcher,Myiophobus pulcher
AVIBASE-E44AF02D,Nephelornis oneilli,Nephelornis oneilli,Nephelornis oneilli
AVIBASE-8251FDDB,Nesasio solomonensis,Asio solomonensis,Nesasio solomonensis
AVIBASE-D9E1EA36,Nesillas brevicaudata,Nesillas brevicaudata,Nesillas brevicaudata
AVIBASE-F530CA35,Nesillas lantzii,Nesillas lantzii,Nesillas lantzii
AVIBASE-0525E604,Nesillas mariae,Nesillas mariae,Nesillas mariae
AVIBASE-B31940E1,Nesillas typica,Nesillas typica,Nesillas typica
AVIBASE-D7C20246,Nesillas typica,Nesillas longicaudata,Nesillas longicaudata
AVIBASE-99453701,Nesocharis ansorgei,Nesocharis ansorgei,Nesocharis ansorgei
AVIBASE-2AD189C1,Nesocharis capistrata,Delacourella capistrata,Nesocharis capistrata
AVIBASE-BD9A8EF4,Nesocharis shelleyi,Nesocharis shelleyi,Nesocharis shelleyi
AVIBASE-72680E64,Nesoctites micromegas,Nesoctites micromegas,Nesoctites micromegas
AVIBASE-602F4DD0,Nesoenas mayeri,Nesoenas mayeri,Nesoenas mayeri
AVIBASE-CDDEA7EB,Nesoenas picturatus,Streptopelia picturata,Nesoenas picturata
AVIBASE-89BF14AC,Nesofregetta fuliginosa,Nesofregetta fuliginosa,Nesofregetta fuliginosa
AVIBASE-00D11273,Nesophlox evelynae,Nesophlox evelynae,Calliphlox evelynae
AVIBASE-0CE9F483,Nesophlox lyrura,Nesophlox lyrura,Calliphlox evelynae
AVIBASE-F8918F08,Nesopsar nigerrimus,Nesopsar nigerrimus,Nesopsar nigerrimus
AVIBASE-CAD27557,Nesoptilotis flavicollis,Nesoptilotis flavicollis,Lichenostomus flavicollis
AVIBASE-6897E78D,Nesoptilotis leucotis,Nesoptilotis leucotis,Lichenostomus leucotis
AVIBASE-055C562F,Nesospingus speculiferus,Nesospingus speculiferus,Nesospingus speculiferus
AVIBASE-AED9D220,Nesospiza acunhae,Nesospiza acunhae,Nesospiza acunhae
AVIBASE-4DB8A059,Nesospiza questi,Nesospiza questi,Nesospiza questi
AVIBASE-DEF2D638,Nesospiza wilkinsi,Nesospiza wilkinsi,Nesospiza wilkinsi
AVIBASE-A0091FEC,Nesotriccus ridgwayi,Nesotriccus ridgwayi,Nesotriccus ridgwayi
AVIBASE-B6353CFD,Nestor meridionalis,Nestor meridionalis,Nestor meridionalis
AVIBASE-D2E2AE57,Nestor notabilis,Nestor notabilis,Nestor notabilis
AVIBASE-36C0242E,Netta erythrophthalma,Netta erythrophthalma,Netta erythrophthalma
AVIBASE-03A3B616,Netta peposaca,Netta peposaca,Netta peposaca
AVIBASE-3EC2CDA9,Netta rufina,Netta rufina,Netta rufina
AVIBASE-EC7C1618,Nettapus auritus,Nettapus auritus,Nettapus auritus
AVIBASE-90AAE188,Nettapus coromandelianus,Nettapus coromandelianus,Nettapus coromandelianus
AVIBASE-D040868F,Nettapus pulchellus,Nettapus pulchellus,Nettapus pulchellus
AVIBASE-57F73C4A,Newtonia amphichroa,Newtonia amphichroa,Newtonia amphichroa
AVIBASE-E4B78086,Newtonia archboldi,Newtonia archboldi,Newtonia archboldi
AVIBASE-4C71BFD5,Newtonia brunneicauda,Newtonia brunneicauda,Newtonia brunneicauda
AVIBASE-B42659F8,Newtonia fanovanae,Newtonia fanovanae,Newtonia fanovanae
AVIBASE-6413CE1A,Nicator chloris,Nicator chloris,Nicator chloris
AVIBASE-7066D2F1,Nicator gularis,Nicator gularis,Nicator gularis
AVIBASE-E386D2EB,Nicator vireo,Nicator vireo,Nicator vireo
AVIBASE-DB5ABCFC,Nicopsitta calthrapae,Psittacula calthrapae,Psittacula calthropae
AVIBASE-378A591F,Nicopsitta columboides,Psittacula columboides,Psittacula columboides
AVIBASE-AD1CBF5A,Nigrita bicolor,Nigrita bicolor,Nigrita bicolor
AVIBASE-B15F4C49,Nigrita canicapillus,Nigrita canicapillus,Nigrita canicapillus
AVIBASE-F3B46894,Nigrita fusconotus,Nigrita fusconotus,Nigrita fusconotus
AVIBASE-AE4727FB,Nigrita luteifrons,Nigrita luteifrons,Nigrita luteifrons
AVIBASE-967545BC,Nilaus afer,Nilaus afer,Nilaus afer
AVIBASE-CD06F87E,Niltava davidi,Niltava davidi,Niltava davidi
AVIBASE-75234D1E,Niltava grandis,Niltava grandis,Niltava grandis
AVIBASE-AE0A8E40,Niltava macgrigoriae,Niltava macgrigoriae,Niltava macgrigoriae
AVIBASE-ACBC2BB0,Niltava oatesi,Niltava vivida,Niltava vivida
AVIBASE-72E5DD5A,Niltava sumatrana,Niltava sumatrana,Niltava sumatrana
AVIBASE-7FBCFF87,Niltava sundara,Niltava sundara,Niltava sundara
AVIBASE-7D6DCAC3,Niltava vivida,Niltava vivida,Niltava vivida
AVIBASE-719451A5,Ninox affinis,Ninox affinis,Ninox affinis
AVIBASE-AB4EA9A7,Ninox boobook,Ninox boobook,Ninox boobook
AVIBASE-BF2E6226,Ninox burhani,Ninox burhani,Ninox burhani
AVIBASE-E7FB486F,Ninox connivens,Ninox connivens,Ninox connivens
AVIBASE-EF2010E1,Ninox forbesi,Ninox forbesi,Ninox squamipila
AVIBASE-8FB53639,Ninox granti,Ninox jacquinoti,Ninox jacquinoti
AVIBASE-0A01E336,Ninox hantu,Ninox hantu,Ninox squamipila
AVIBASE-6634B781,Ninox hypogramma,Ninox hypogramma,Ninox squamipila
AVIBASE-CF8433FC,Ninox ios,Ninox ios,Ninox ios
AVIBASE-20687BEA,Ninox jacquinoti,Ninox jacquinoti,Ninox jacquinoti
AVIBASE-A6052ECB,Ninox japonica,Ninox japonica,Ninox scutulata
AVIBASE-2ED1B123,Ninox leucopsis,Ninox novaeseelandiae,Ninox novaeseelandiae
AVIBASE-42ABCF92,Ninox leventisi,Ninox leventisi,Ninox philippensis
AVIBASE-B901A687,Ninox malaitae,Ninox jacquinoti,Ninox jacquinoti
AVIBASE-1DC414D2,Ninox meeki,Ninox meeki,Ninox meeki
AVIBASE-7076C12B,Ninox mindorensis,Ninox mindorensis,Ninox philippensis
AVIBASE-7A047750,Ninox natalis,Ninox natalis,Ninox natalis
AVIBASE-E8E9C26D,Ninox novaeseelandiae,Ninox novaeseelandiae,Ninox novaeseelandiae
AVIBASE-2EE2D67A,Ninox obscura,Ninox obscura,Ninox scutulata
AVIBASE-2A4B7EB7,Ninox ochracea,Ninox ochracea,Ninox ochracea
AVIBASE-1C14F946,Ninox odiosa,Ninox odiosa,Ninox odiosa
AVIBASE-181430F4,Ninox philippensis,Ninox philippensis,Ninox philippensis
AVIBASE-3E83E4BB,Ninox punctulata,Ninox punctulata,Ninox punctulata
AVIBASE-344F50D2,Ninox randi,Ninox randi,Ninox scutulata
AVIBASE-EA06B173,Ninox reyi,Ninox reyi,Ninox philippensis
AVIBASE-AB7D1006,Ninox roseoaxillaris,Ninox jacquinoti,Ninox jacquinoti
AVIBASE-EB43852E,Ninox rudolfi,Ninox rudolfi,Ninox rudolfi
AVIBASE-0A4EC595,Ninox rufa,Ninox rufa,Ninox rufa
AVIBASE-1243079D,Ninox rumseyi,Ninox rumseyi,Ninox philippensis
AVIBASE-A5AC4024,Ninox scutulata,Ninox scutulata,Ninox scutulata
AVIBASE-581CA4FF,Ninox spilocephala,Ninox spilocephala,Ninox philippensis
AVIBASE-E27F2664,Ninox spilonotus,Ninox spilonotus,Ninox philippensis
AVIBASE-4FA9994A,Ninox squamipila,Ninox squamipila,Ninox squamipila
AVIBASE-2DF7793A,Ninox strenua,Ninox strenua,Ninox strenua
AVIBASE-1BE72E49,Ninox sumbaensis,Ninox sumbaensis,Ninox sumbaensis
AVIBASE-0EBDC907,Ninox theomacha,Ninox theomacha,Ninox theomacha
AVIBASE-9564C804,Ninox variegata,Ninox variegata,Ninox variegata
AVIBASE-3E328C3C,Nipponia nippon,Nipponia nippon,Nipponia nippon
AVIBASE-76745280,Nisaetus alboniger,Nisaetus alboniger,Nisaetus alboniger
AVIBASE-A4AB4FBA,Nisaetus bartelsi,Nisaetus bartelsi,Nisaetus bartelsi
AVIBASE-2C0FA6E3,Nisaetus cirrhatus,Nisaetus cirrhatus,Nisaetus cirrhatus
AVIBASE-FF57DFD2,Nisaetus floris,Nisaetus floris,Nisaetus floris
AVIBASE-4A033B09,Nisaetus lanceolatus,Nisaetus lanceolatus,Nisaetus lanceolatus
AVIBASE-42B300D2,Nisaetus nanus,Nisaetus nanus,Nisaetus nanus
AVIBASE-38856722,Nisaetus nipalensis,Nisaetus kelaarti,Nisaetus nipalensis
AVIBASE-9EA9701E,Nisaetus nipalensis,Nisaetus nipalensis,Nisaetus nipalensis
AVIBASE-7E5E739E,Nisaetus philippensis,Nisaetus philippensis,Nisaetus philippensis
AVIBASE-573C98D5,Nisaetus pinskeri,Nisaetus pinskeri,Nisaetus philippensis
AVIBASE-B6EF6AA0,Nok hualon,Nok hualon,Pycnonotus hualon
AVIBASE-98C6F885,Nomonyx dominicus,Nomonyx dominicus,Nomonyx dominicus
AVIBASE-77C2E107,Nonnula amaurocephala,Nonnula amaurocephala,Nonnula amaurocephala
AVIBASE-76D78C1C,Nonnula brunnea,Nonnula brunnea,Nonnula brunnea
AVIBASE-DCC2CCEB,Nonnula frontalis,Nonnula frontalis,Nonnula frontalis
AVIBASE-5A555E8C,Nonnula rubecula,Nonnula rubecula,Nonnula rubecula
AVIBASE-C6EC8B37,Nonnula ruficapilla,Nonnula ruficapilla,Nonnula ruficapilla
AVIBASE-5452880D,Nonnula sclateri,Nonnula sclateri,Nonnula sclateri
AVIBASE-8AFC47C9,Northiella haematogaster,Northiella haematogaster,Northiella haematogaster
AVIBASE-6CC108F6,Notharchus hyperrhynchus,Notharchus hyperrhynchus,Notharchus hyperrhynchus
AVIBASE-19CE1F0F,Notharchus macrorhynchos,Notharchus macrorhynchos,Notharchus macrorhynchos
AVIBASE-6CA1819D,Notharchus ordii,Notharchus ordii,Notharchus ordii
AVIBASE-E2F43007,Notharchus pectoralis,Notharchus pectoralis,Notharchus pectoralis
AVIBASE-28CD5EBC,Notharchus subtectus,Notharchus tectus,Notharchus tectus
AVIBASE-5D3D72E1,Notharchus swainsoni,Notharchus swainsoni,Notharchus swainsoni
AVIBASE-53879CD7,Notharchus tectus,Notharchus tectus,Notharchus tectus
AVIBASE-66C31E09,Nothocercus bonapartei,Nothocercus bonapartei,Nothocercus bonapartei
AVIBASE-5FB99321,Nothocercus julius,Nothocercus julius,Nothocercus julius
AVIBASE-68E763AE,Nothocercus nigrocapillus,Nothocercus nigrocapillus,Nothocercus nigrocapillus
AVIBASE-B4CC6C9F,Nothocrax urumutum,Nothocrax urumutum,Nothocrax urumutum
AVIBASE-4C8BCEC2,Nothoprocta cinerascens,Nothoprocta cinerascens,Nothoprocta cinerascens
AVIBASE-F68CA24D,Nothoprocta curvirostris,Nothoprocta curvirostris,Nothoprocta curvirostris
AVIBASE-286A2FBA,Nothoprocta ornata,Nothoprocta ornata,Nothoprocta ornata
AVIBASE-7A66539A,Nothoprocta pentlandii,Nothoprocta pentlandii,Nothoprocta pentlandii
AVIBASE-F900EE88,Nothoprocta perdicaria,Nothoprocta perdicaria,Nothoprocta perdicaria
AVIBASE-368EC295,Nothoprocta taczanowskii,Nothoprocta taczanowskii,Nothoprocta taczanowskii
AVIBASE-458340C7,Nothura boraquira,Nothura boraquira,Nothura boraquira
AVIBASE-F7D16275,Nothura darwinii,Nothura darwinii,Nothura darwinii
AVIBASE-03C3DDFB,Nothura maculosa,Nothura maculosa,Nothura maculosa
AVIBASE-03C3DDFB,Nothura maculosa,Nothura maculosa,Nothura chacoensis
AVIBASE-99D7964C,Nothura minor,Nothura minor,Nothura minor
AVIBASE-8A8E833D,Notiomystis cincta,Notiomystis cincta,Notiomystis cincta
AVIBASE-40781028,Notopholia corusca,Notopholia corusca,Lamprotornis corruscus
AVIBASE-D9B001DF,Nucifraga caryocatactes,Nucifraga caryocatactes,Nucifraga caryocatactes
AVIBASE-D1FC2D6B,Nucifraga columbiana,Nucifraga columbiana,Nucifraga columbiana
AVIBASE-2AF8ECCE,Nucifraga hemispila,Nucifraga caryocatactes,Nucifraga caryocatactes
AVIBASE-8D0D1D1C,Nucifraga multipunctata,Nucifraga multipunctata,Nucifraga caryocatactes
AVIBASE-5284C27B,Numenius americanus,Numenius americanus,Numenius americanus
AVIBASE-3BB5CBA6,Numenius arquata,Numenius arquata,Numenius arquata
AVIBASE-FB9305DB,Numenius borealis,Numenius borealis,Numenius borealis
AVIBASE-DAF8F22B,Numenius madagascariensis,Numenius madagascariensis,Numenius madagascariensis
AVIBASE-C00E1EB8,Numenius minutus,Numenius minutus,Numenius minutus
AVIBASE-F9305BAA,Numenius phaeopus,Numenius phaeopus,Numenius phaeopus
AVIBASE-2507326E,Numenius tahitiensis,Numenius tahitiensis,Numenius tahitiensis
AVIBASE-7A35DE81,Numenius tenuirostris,Numenius tenuirostris,Numenius tenuirostris
AVIBASE-1044B438,Numida meleagris,Numida meleagris,Numida meleagris
AVIBASE-C6772490,Nyctanassa violacea,Nyctanassa violacea,Nyctanassa violacea
AVIBASE-407292B2,Nyctibius aethereus,Nyctibius aethereus,Nyctibius aethereus
AVIBASE-EBEFFDBF,Nyctibius grandis,Nyctibius grandis,Nyctibius grandis
AVIBASE-7333ADB3,Nyctibius griseus,Nyctibius griseus,Nyctibius griseus
AVIBASE-5F312992,Nyctibius jamaicensis,Nyctibius jamaicensis,Nyctibius jamaicensis
AVIBASE-46E2FA49,Nyctibius leucopterus,Nyctibius leucopterus,Nyctibius leucopterus
AVIBASE-29C4EF9C,Nyctibius maculosus,Nyctibius maculosus,Nyctibius maculosus
AVIBASE-FDD00863,Nycticorax caledonicus,Nycticorax caledonicus,Nycticorax caledonicus
AVIBASE-6BB94D7E,Nycticorax nycticorax,Nycticorax nycticorax,Nycticorax nycticorax
AVIBASE-585E1D52,Nycticryphes semicollaris,Nycticryphes semicollaris,Rostratula semicollaris
AVIBASE-F2CB69EC,Nyctidromus albicollis,Nyctidromus albicollis,Nyctidromus albicollis
AVIBASE-D3D48681,Nyctidromus anthonyi,Nyctidromus anthonyi,Caprimulgus anthonyi
AVIBASE-4175CC34,Nyctiphrynus mcleodii,Nyctiphrynus mcleodii,Nyctiphrynus mcleodii
AVIBASE-F546974F,Nyctiphrynus ocellatus,Nyctiphrynus ocellatus,Nyctiphrynus ocellatus
AVIBASE-A7CDF961,Nyctiphrynus rosenbergi,Nyctiphrynus rosenbergi,Nyctiphrynus rosenbergi
AVIBASE-AD1A73F6,Nyctiphrynus yucatanicus,Nyctiphrynus yucatanicus,Nyctiphrynus yucatanicus
AVIBASE-B0169763,Nyctipolus hirundinaceus,Nyctipolus hirundinaceus,Caprimulgus hirundinaceus
AVIBASE-63F4EDD0,Nyctipolus nigrescens,Nyctipolus nigrescens,Caprimulgus nigrescens
AVIBASE-73F8FC01,Nyctiprogne leucopyga,Nyctiprogne leucopyga,Nyctiprogne leucopyga
AVIBASE-966B3BB3,Nyctiprogne vielliardi,Nyctiprogne vielliardi,Nyctiprogne vielliardi
AVIBASE-793BF787,Nyctyornis amictus,Nyctyornis amictus,Nyctyornis amictus
AVIBASE-5C15B5FC,Nyctyornis athertoni,Nyctyornis athertoni,Nyctyornis athertoni
AVIBASE-FDAEA60A,Nymphicus hollandicus,Nymphicus hollandicus,Nymphicus hollandicus
AVIBASE-C10F8D95,Nystactes noanamae,Bucco noanamae,Bucco noanamae
AVIBASE-EE7CBD36,Nystactes tamatia,Bucco tamatia,Bucco tamatia
AVIBASE-10A76478,Nystalus chacuru,Nystalus chacuru,Nystalus chacuru
AVIBASE-B591C29D,Nystalus maculatus,Nystalus maculatus,Nystalus maculatus
AVIBASE-4B154EA6,Nystalus radiatus,Nystalus radiatus,Nystalus radiatus
AVIBASE-012084A9,Nystalus striolatus,Nystalus obamai,Nystalus striolatus
AVIBASE-427AF246,Nystalus striolatus,Nystalus striolatus,Nystalus striolatus
AVIBASE-427AF246,Nystalus striolatus,NA,Nystalus striolatus
AVIBASE-934FEF66,Oceanites gracilis,Oceanites gracilis,Oceanites gracilis
AVIBASE-D295D249,Oceanites oceanicus,Oceanites oceanicus,Oceanites oceanicus
AVIBASE-7A8599C2,Oceanites pincoyae,Oceanites pincoyae,NA
AVIBASE-452A3DF7,Ochetorhynchus andaecola,Ochetorhynchus andaecola,Ochetorhynchus andaecola
AVIBASE-C04BE0E8,Ochetorhynchus melanurus,Ochetorhynchus melanurus,Ochetorhynchus melanura
AVIBASE-814FF12C,Ochetorhynchus phoenicurus,Ochetorhynchus phoenicurus,Ochetorhynchus phoenicurus
AVIBASE-4E40F359,Ochetorhynchus ruficaudus,Ochetorhynchus ruficaudus,Ochetorhynchus ruficaudus
AVIBASE-5E381EA4,Ochthoeca cinnamomeiventris,Ochthoeca cinnamomeiventris,Ochthoeca cinnamomeiventris
AVIBASE-1FDE49DF,Ochthoeca fumicolor,Ochthoeca fumicolor,Ochthoeca fumicolor
AVIBASE-C0949BA5,Ochthoeca leucophrys,Ochthoeca leucophrys,Ochthoeca leucophrys
AVIBASE-DEB8EAC8,Ochthoeca nigrita,Ochthoeca cinnamomeiventris,Ochthoeca nigrita
AVIBASE-9A5ACC7C,Ochthoeca oenanthoides,Ochthoeca oenanthoides,Ochthoeca oenanthoides
AVIBASE-AA1E1D68,Ochthoeca piurae,Ochthoeca piurae,Ochthoeca piurae
AVIBASE-15FF866A,Ochthoeca rufipectoralis,Ochthoeca rufipectoralis,Ochthoeca rufipectoralis
AVIBASE-38AAAD74,Ochthoeca salvini,Tumbezia salvini,Tumbezia salvini
AVIBASE-11773DB9,Ochthoeca superciliosa,Ochthoeca fumicolor,Ochthoeca fumicolor
AVIBASE-DAF56766,Ochthoeca thoracica,Ochthoeca cinnamomeiventris,Ochthoeca thoracica
AVIBASE-BFE83634,Ochthornis littoralis,Ochthornis littoralis,Ochthornis littoralis
AVIBASE-D3ECED63,Ocreatus underwoodii,Ocreatus underwoodii,Ocreatus underwoodii
AVIBASE-FD5AD57F,Ocyceros birostris,Ocyceros birostris,Ocyceros birostris
AVIBASE-51D20ACB,Ocyceros gingalensis,Ocyceros gingalensis,Ocyceros gingalensis
AVIBASE-2BE24F91,Ocyceros griseus,Ocyceros griseus,Ocyceros griseus
AVIBASE-245D312A,Ocyphaps lophotes,Ocyphaps lophotes,Ocyphaps lophotes
AVIBASE-C45218DF,Odontophorus atrifrons,Odontophorus atrifrons,Odontophorus atrifrons
AVIBASE-80200CD9,Odontophorus balliviani,Odontophorus balliviani,Odontophorus balliviani
AVIBASE-46499ABF,Odontophorus capueira,Odontophorus capueira,Odontophorus capueira
AVIBASE-062EC06C,Odontophorus columbianus,Odontophorus columbianus,Odontophorus columbianus
AVIBASE-0E67D7FC,Odontophorus dialeucos,Odontophorus dialeucos,Odontophorus dialeucos
AVIBASE-DCE5A946,Odontophorus erythrops,Odontophorus erythrops,Odontophorus erythrops
AVIBASE-B41E681C,Odontophorus gujanensis,Odontophorus gujanensis,Odontophorus gujanensis
AVIBASE-B0E77189,Odontophorus guttatus,Odontophorus guttatus,Odontophorus guttatus
AVIBASE-D8BFC2F1,Odontophorus hyperythrus,Odontophorus hyperythrus,Odontophorus hyperythrus
AVIBASE-C874DFDD,Odontophorus leucolaemus,Odontophorus leucolaemus,Odontophorus leucolaemus
AVIBASE-344EF5E2,Odontophorus melanonotus,Odontophorus melanonotus,Odontophorus melanonotus
AVIBASE-DE957D9D,Odontophorus melanotis,Odontophorus melanotis,Odontophorus melanotis
AVIBASE-F761F6C4,Odontophorus speciosus,Odontophorus speciosus,Odontophorus speciosus
AVIBASE-B2112708,Odontophorus stellatus,Odontophorus stellatus,Odontophorus stellatus
AVIBASE-744EE96B,Odontophorus strophium,Odontophorus strophium,Odontophorus strophium
AVIBASE-E59FF7D2,Odontorchilus branickii,Odontorchilus branickii,Odontorchilus branickii
AVIBASE-DAD468AA,Odontorchilus cinereus,Odontorchilus cinereus,Odontorchilus cinereus
AVIBASE-7D6F12FE,Odontospiza griseicapilla,Spermestes griseicapilla,Lonchura griseicapilla
AVIBASE-9861C51E,Oedistoma iliolophus,Oedistoma iliolophus,Toxorhamphus iliolophus
AVIBASE-18A38979,Oedistoma pygmaeum,Oedistoma pygmaeum,Oedistoma pygmaeum
AVIBASE-DDC2CC92,Oena capensis,Oena capensis,Oena capensis
AVIBASE-CC3B0B59,Oenanthe albifrons,Oenanthe albifrons,Myrmecocichla albifrons
AVIBASE-95C1E715,Oenanthe albonigra,Oenanthe albonigra,Oenanthe albonigra
AVIBASE-DB59BA9E,Oenanthe bottae,Oenanthe bottae,Oenanthe bottae
AVIBASE-E749750A,Oenanthe chrysopygia,Oenanthe chrysopygia,Oenanthe chrysopygia
AVIBASE-A3148129,Oenanthe cypriaca,Oenanthe cypriaca,Oenanthe cypriaca
AVIBASE-078BC0ED,Oenanthe deserti,Oenanthe deserti,Oenanthe deserti
AVIBASE-B2C33E06,Oenanthe dubia,Oenanthe dubia,Cercomela dubia
AVIBASE-CD8DEBE3,Oenanthe familiaris,Oenanthe familiaris,Cercomela familiaris
AVIBASE-3A712A25,Oenanthe finschii,Oenanthe finschii,Oenanthe finschii
AVIBASE-19ADEF8A,Oenanthe frenata,Oenanthe bottae,Oenanthe bottae
AVIBASE-F8995B0A,Oenanthe fusca,Oenanthe fusca,Cercomela fusca
AVIBASE-6ADB636C,Oenanthe heuglinii,Oenanthe heuglini,Oenanthe bottae
AVIBASE-CBB94183,Oenanthe hispanica,Oenanthe hispanica,Oenanthe hispanica
AVIBASE-DF26171F,Oenanthe hispanica,Oenanthe melanoleuca,Oenanthe hispanica
AVIBASE-E6C6F746,Oenanthe isabellina,Oenanthe isabellina,Oenanthe isabellina
AVIBASE-CAFA98EE,Oenanthe leucopyga,Oenanthe leucopyga,Oenanthe leucopyga
AVIBASE-1C98EA2F,Oenanthe leucura,Oenanthe leucura,Oenanthe leucura
AVIBASE-5396F9FB,Oenanthe lugens,Oenanthe lugubris,Oenanthe lugens
AVIBASE-3CA06BE3,Oenanthe lugens,Oenanthe lugentoides,Oenanthe lugentoides
AVIBASE-9EE7BF1C,Oenanthe lugens,Oenanthe lugens,Oenanthe lugens
AVIBASE-10E5B18E,Oenanthe melanura,Oenanthe melanura,Cercomela melanura
AVIBASE-A9ADB78D,Oenanthe moesta,Oenanthe moesta,Oenanthe moesta
AVIBASE-17F2D08C,Oenanthe monacha,Oenanthe monacha,Oenanthe monacha
AVIBASE-AB031597,Oenanthe oenanthe,Oenanthe oenanthe,Oenanthe oenanthe
AVIBASE-631D27EF,Oenanthe phillipsi,Oenanthe phillipsi,Oenanthe phillipsi
AVIBASE-F0CB79C0,Oenanthe picata,Oenanthe picata,Oenanthe picata
AVIBASE-E6BD3258,Oenanthe pileata,Oenanthe pileata,Oenanthe pileata
AVIBASE-2FB34D83,Oenanthe pleschanka,Oenanthe pleschanka,Oenanthe pleschanka
AVIBASE-DA3F40DB,Oenanthe scotocerca,Oenanthe scotocerca,Cercomela scotocerca
AVIBASE-3983013B,Oenanthe seebohmi,Oenanthe oenanthe,Oenanthe oenanthe
AVIBASE-FB719320,Oenanthe xanthoprymna,Oenanthe xanthoprymna,Oenanthe xanthoprymna
AVIBASE-BCCB23F5,Ognorhynchus icterotis,Ognorhynchus icterotis,Ognorhynchus icterotis
AVIBASE-81FE137C,Oncostoma cinereigulare,Oncostoma cinereigulare,Oncostoma cinereigulare
AVIBASE-709BBA1D,Oncostoma olivaceum,Oncostoma olivaceum,Oncostoma olivaceum
AVIBASE-C3D6FB50,Oneillornis lunulatus,Oneillornis lunulatus,Gymnopithys lunulatus
AVIBASE-CE51E244,Oneillornis salvini,Oneillornis salvini,Gymnopithys salvini
AVIBASE-B3461BEC,Onychognathus albirostris,Onychognathus albirostris,Onychognathus albirostris
AVIBASE-9F79E839,Onychognathus blythii,Onychognathus blythii,Onychognathus blythii
AVIBASE-9AD060AA,Onychognathus frater,Onychognathus frater,Onychognathus frater
AVIBASE-01D755E8,Onychognathus fulgidus,Onychognathus fulgidus,Onychognathus fulgidus
AVIBASE-508D5CA2,Onychognathus morio,Onychognathus morio,Onychognathus morio
AVIBASE-975D0D5D,Onychognathus nabouroup,Onychognathus nabouroup,Onychognathus nabouroup
AVIBASE-DB82ABEA,Onychognathus neumanni,Onychognathus neumanni,Onychognathus neumanni
AVIBASE-E8DEABBD,Onychognathus salvadorii,Onychognathus salvadorii,Onychognathus salvadorii
AVIBASE-F2C7AA06,Onychognathus tenuirostris,Onychognathus tenuirostris,Onychognathus tenuirostris
AVIBASE-0EDF9145,Onychognathus tristramii,Onychognathus tristramii,Onychognathus tristramii
AVIBASE-E11D6D66,Onychognathus walleri,Onychognathus walleri,Onychognathus walleri
AVIBASE-BEE4F34A,Onychoprion aleuticus,Onychoprion aleuticus,Sterna aleutica
AVIBASE-E6518B9D,Onychoprion anaethetus,Onychoprion anaethetus,Sterna anaethetus
AVIBASE-3E7F825D,Onychoprion fuscatus,Onychoprion fuscatus,Sterna fuscata
AVIBASE-1A965D60,Onychoprion lunatus,Onychoprion lunatus,Sterna lunata
AVIBASE-659CF5C6,Onychorhynchus coronatus,Onychorhynchus coronatus,Onychorhynchus coronatus
AVIBASE-AD9B9B18,Onychorhynchus mexicanus,Onychorhynchus coronatus,Onychorhynchus mexicanus
AVIBASE-98BD71E2,Onychorhynchus occidentalis,Onychorhynchus coronatus,Onychorhynchus occidentalis
AVIBASE-D12A2E74,Onychorhynchus swainsoni,Onychorhynchus coronatus,Onychorhynchus swainsoni
AVIBASE-B0303029,Onychostruthus taczanowskii,Montifringilla taczanowskii,Montifringilla taczanowskii
AVIBASE-1EDD86FF,Ophrysia superciliosa,Ophrysia superciliosa,NA
AVIBASE-7E83A1B3,Opisthocomus hoazin,Opisthocomus hoazin,Opisthocomus hoazin
AVIBASE-42C0AED1,Opisthoprora euryptera,Opisthoprora euryptera,Opisthoprora euryptera
AVIBASE-0B23929D,Oporornis agilis,Oporornis agilis,Oporornis agilis
AVIBASE-B8992864,Orchesticus abeillei,Orchesticus abeillei,Orchesticus abeillei
AVIBASE-7343F8F3,Oreocharis arfaki,Oreocharis arfaki,Oreocharis arfaki
AVIBASE-DB856F78,Oreocossypha isabellae,Cossypha isabellae,Cossypha isabellae
AVIBASE-588549DA,Oreoica gutturalis,Oreoica gutturalis,Oreoica gutturalis
AVIBASE-91FD087B,Oreolais pulcher,Oreolais pulcher,Oreolais pulchra
AVIBASE-4016F61E,Oreolais ruwenzorii,Oreolais ruwenzorii,Oreolais ruwenzorii
AVIBASE-2CFFFB8A,Oreomystis bairdi,Oreomystis bairdi,Oreomystis bairdi
AVIBASE-D598D0EB,Oreonympha albolimbata,Oreonympha nobilis,Oreonympha nobilis
AVIBASE-CB2CE584,Oreonympha nobilis,Oreonympha nobilis,Oreonympha nobilis
AVIBASE-9584A5CA,Oreophasis derbianus,Oreophasis derbianus,Oreophasis derbianus
AVIBASE-0B870352,Oreophilais robertsi,Oreophilais robertsi,Prinia robertsi
AVIBASE-C9754B38,Oreopholus ruficollis,Oreopholus ruficollis,Oreopholus ruficollis
AVIBASE-DA3AD600,Oreopsar bolivianus,Oreopsar bolivianus,Oreopsar bolivianus
AVIBASE-67482255,Oreopsittacus arfaki,Oreopsittacus arfaki,Oreopsittacus arfaki
AVIBASE-680E7394,Oreornis chrysogenys,Oreornis chrysogenys,Oreornis chrysogenys
AVIBASE-171E91FF,Oreortyx pictus,Oreortyx pictus,Oreortyx pictus
AVIBASE-F6DF700B,Oreoscoptes montanus,Oreoscoptes montanus,Oreoscoptes montanus
AVIBASE-A902336F,Oreoscopus gutturalis,Oreoscopus gutturalis,Oreoscopus gutturalis
AVIBASE-069E414F,Oreostruthus fuliginosus,Oreostruthus fuliginosus,Oreostruthus fuliginosus
AVIBASE-03561EAE,Oreothlypis gutturalis,Oreothlypis gutturalis,Parula gutturalis
AVIBASE-2BC547FD,Oreothlypis superciliosa,Oreothlypis superciliosa,Parula superciliosa
AVIBASE-807C7CA4,Oreothraupis arremonops,Oreothraupis arremonops,Oreothraupis arremonops
AVIBASE-E187A21B,Oreotrochilus adela,Oreotrochilus adela,Oreotrochilus adela
AVIBASE-49B76084,Oreotrochilus chimborazo,Oreotrochilus chimborazo,Oreotrochilus chimborazo
AVIBASE-0DA1CA5D,Oreotrochilus estella,Oreotrochilus estella,Oreotrochilus estella
AVIBASE-927CB5B7,Oreotrochilus leucopleurus,Oreotrochilus leucopleurus,Oreotrochilus leucopleurus
AVIBASE-2385057C,Oreotrochilus melanogaster,Oreotrochilus melanogaster,Oreotrochilus melanogaster
AVIBASE-CFFF4296,Oreotrochilus stolzmanni,Oreotrochilus stolzmanni,Oreotrochilus estella
AVIBASE-C2591EC1,Origma solitaria,Origma solitaria,Origma solitaria
AVIBASE-68E5CE2D,Oriolia bernieri,Oriolia bernieri,Oriolia bernieri
AVIBASE-4867DAFC,Oriolus albiloris,Oriolus albiloris,Oriolus albiloris
AVIBASE-D4866EAE,Oriolus auratus,Oriolus auratus,Oriolus auratus
AVIBASE-E3BC547E,Oriolus bouroensis,Oriolus bouroensis,Oriolus bouroensis
AVIBASE-418C7CCB,Oriolus brachyrynchus,Oriolus brachyrynchus,Oriolus brachyrhynchus
AVIBASE-CC216A71,Oriolus chinensis,Oriolus chinensis,Oriolus chinensis
AVIBASE-4321596C,Oriolus chlorocephalus,Oriolus chlorocephalus,Oriolus chlorocephalus
AVIBASE-3D1CC341,Oriolus consanguineus,Oriolus cruentus,Oriolus cruentus
AVIBASE-911FAD1A,Oriolus crassirostris,Oriolus crassirostris,Oriolus crassirostris
AVIBASE-556DF2D6,Oriolus cruentus,Oriolus cruentus,Oriolus cruentus
AVIBASE-D48FFFDD,Oriolus decipiens,Oriolus decipiens,Oriolus bouroensis
AVIBASE-997885E0,Oriolus finschi,Oriolus melanotis,Oriolus melanotis
AVIBASE-37DF1792,Oriolus flavocinctus,Oriolus flavocinctus,Oriolus flavocinctus
AVIBASE-1E7E73E5,Oriolus forsteni,Oriolus forsteni,Oriolus forsteni
AVIBASE-50716C00,Oriolus hosii,Oriolus hosii,Oriolus hosii
AVIBASE-D25D1A71,Oriolus isabellae,Oriolus isabellae,Oriolus isabellae
AVIBASE-4C263A0E,Oriolus kundoo,Oriolus kundoo,Oriolus oriolus
AVIBASE-BE62734A,Oriolus larvatus,Oriolus larvatus,Oriolus larvatus
AVIBASE-352298C3,Oriolus melanotis,Oriolus melanotis,Oriolus melanotis
AVIBASE-5CB04D17,Oriolus mellianus,Oriolus mellianus,Oriolus mellianus
AVIBASE-B6BCAD32,Oriolus monacha,Oriolus monacha,Oriolus monacha
AVIBASE-DBBB162B,Oriolus nigripennis,Oriolus nigripennis,Oriolus nigripennis
AVIBASE-92A772BB,Oriolus oriolus,Oriolus oriolus,Oriolus oriolus
AVIBASE-95A2F6E7,Oriolus percivali,Oriolus percivali,Oriolus percivali
AVIBASE-53E4D2F9,Oriolus phaeochromus,Oriolus phaeochromus,Oriolus phaeochromus
AVIBASE-068516BB,Oriolus sagittatus,Oriolus sagittatus,Oriolus sagittatus
AVIBASE-64FE17FB,Oriolus steerii,Oriolus steerii,Oriolus steerii
AVIBASE-78DA4BAF,Oriolus szalayi,Oriolus szalayi,Oriolus szalayi
AVIBASE-4ABC6B29,Oriolus tenuirostris,Oriolus tenuirostris,Oriolus tenuirostris
AVIBASE-11093B09,Oriolus traillii,Oriolus traillii,Oriolus traillii
AVIBASE-B4F2D2F7,Oriolus xanthonotus,Oriolus xanthonotus,Oriolus xanthonotus
AVIBASE-E931F073,Oriolus xanthornus,Oriolus xanthornus,Oriolus xanthornus
AVIBASE-A0B9829C,Oriturus superciliosus,Oriturus superciliosus,Oriturus superciliosus
AVIBASE-BF566659,Ornithion brunneicapillus,Ornithion brunneicapillus,Ornithion brunneicapillus
AVIBASE-E02C0DF3,Ornithion inerme,Ornithion inerme,Ornithion inerme
AVIBASE-27D4FC77,Ornithion semiflavum,Ornithion semiflavum,Ornithion semiflavum
AVIBASE-6F4799F6,Ornorectes cristatus,Ornorectes cristatus,Pitohui cristatus
AVIBASE-DED23735,Oroanassa magnifica,Gorsachius magnificus,Gorsachius magnificus
AVIBASE-0760A6D2,Orochelidon andecola,Orochelidon andecola,Haplochelidon andecola
AVIBASE-863A0FD8,Orochelidon flavipes,Orochelidon flavipes,Notiochelidon flavipes
AVIBASE-61CC48FF,Orochelidon murina,Orochelidon murina,Notiochelidon murina
AVIBASE-7C8C422A,Ortalis araucuan,Ortalis araucuan,Ortalis guttata
AVIBASE-497B576C,Ortalis canicollis,Ortalis canicollis,Ortalis canicollis
AVIBASE-3760C5DC,Ortalis cinereiceps,Ortalis cinereiceps,Ortalis cinereiceps
AVIBASE-1F58D15F,Ortalis columbiana,Ortalis columbiana,Ortalis guttata
AVIBASE-7B8E0E0F,Ortalis erythroptera,Ortalis erythroptera,Ortalis erythroptera
AVIBASE-B679EB0C,Ortalis garrula,Ortalis garrula,Ortalis garrula
AVIBASE-E14D2BC4,Ortalis guttata,Ortalis guttata,Ortalis guttata
AVIBASE-36D6CAB7,Ortalis leucogastra,Ortalis leucogastra,Ortalis leucogastra
AVIBASE-E0BC6A2E,Ortalis motmot,Ortalis motmot,Ortalis motmot
AVIBASE-98FC9EB9,Ortalis poliocephala,Ortalis poliocephala,Ortalis poliocephala
AVIBASE-E6447877,Ortalis ruficauda,Ortalis ruficauda,Ortalis ruficauda
AVIBASE-407F8A84,Ortalis squamata,Ortalis squamata,Ortalis guttata
AVIBASE-D2E6C1C1,Ortalis superciliaris,Ortalis superciliaris,Ortalis superciliaris
AVIBASE-F4F49CCB,Ortalis vetula,Ortalis vetula,Ortalis vetula
AVIBASE-1C856C25,Ortalis wagleri,Ortalis wagleri,Ortalis wagleri
AVIBASE-C016E9A0,Orthogonys chloricterus,Orthogonys chloricterus,Orthogonys chloricterus
AVIBASE-47D76046,Orthonyx novaeguineae,Orthonyx novaeguineae,Orthonyx novaeguineae
AVIBASE-A738F49A,Orthonyx spaldingii,Orthonyx spaldingii,Orthonyx spaldingii
AVIBASE-C6BB3E17,Orthonyx temminckii,Orthonyx temminckii,Orthonyx temminckii
AVIBASE-9A5F4D95,Orthopsittaca manilatus,Orthopsittaca manilatus,Orthopsittaca manilata
AVIBASE-47928606,Orthorhyncus cristatus,Orthorhyncus cristatus,Orthorhyncus cristatus
AVIBASE-69618EFB,Orthotomus atrogularis,Orthotomus atrogularis,Orthotomus atrogularis
AVIBASE-DADD146F,Orthotomus castaneiceps,Orthotomus castaneiceps,Orthotomus castaneiceps
AVIBASE-95A9CD5E,Orthotomus chaktomuk,Orthotomus chaktomuk,Orthotomus atrogularis
AVIBASE-8E1757E6,Orthotomus chloronotus,Orthotomus chloronotus,Orthotomus castaneiceps
AVIBASE-F3513134,Orthotomus cinereiceps,Orthotomus cinereiceps,Orthotomus cinereiceps
AVIBASE-CF23E48F,Orthotomus derbianus,Orthotomus derbianus,Orthotomus derbianus
AVIBASE-06F95A32,Orthotomus frontalis,Orthotomus frontalis,Orthotomus frontalis
AVIBASE-DD80D268,Orthotomus nigriceps,Orthotomus nigriceps,Orthotomus nigriceps
AVIBASE-6C405431,Orthotomus ruficeps,Orthotomus ruficeps,Orthotomus ruficeps
AVIBASE-E669B7A2,Orthotomus samarensis,Orthotomus samarensis,Orthotomus samarensis
AVIBASE-57FE408F,Orthotomus sepium,Orthotomus sepium,Orthotomus sepium
AVIBASE-D127FAAF,Orthotomus sericeus,Orthotomus sericeus,Orthotomus sericeus
AVIBASE-AF5B727B,Orthotomus sutorius,Orthotomus sutorius,Orthotomus sutorius
AVIBASE-8E5252EB,Ortygospiza atricollis,Ortygospiza atricollis,Ortygospiza fuscocrissa
AVIBASE-8E5252EB,Ortygospiza atricollis,Ortygospiza atricollis,Ortygospiza atricollis
AVIBASE-8E5252EB,Ortygospiza atricollis,Ortygospiza atricollis,Ortygospiza gabonensis
AVIBASE-B605A049,Ortyxelos meiffrenii,Ortyxelos meiffrenii,Ortyxelos meiffrenii
AVIBASE-F197D25F,Otidiphaps aruensis,Otidiphaps nobilis,Otidiphaps nobilis
AVIBASE-F8AAD9E7,Otidiphaps cervicalis,Otidiphaps nobilis,Otidiphaps nobilis
AVIBASE-857C5AD5,Otidiphaps insularis,Otidiphaps nobilis,Otidiphaps nobilis
AVIBASE-409ADAA1,Otidiphaps nobilis,Otidiphaps nobilis,Otidiphaps nobilis
AVIBASE-C6F33176,Otis tarda,Otis tarda,Otis tarda
AVIBASE-4435BAA4,Otocichla mupinensis,Otocichla mupinensis,Turdus mupinensis
AVIBASE-B25E9418,Otus alfredi,Otus alfredi,Otus alfredi
AVIBASE-29998B5F,Otus alius,Otus alius,Otus alius
AVIBASE-3351369D,Otus angelinae,Otus angelinae,Otus angelinae
AVIBASE-489F3A6A,Otus bakkamoena,Otus bakkamoena,Otus bakkamoena
AVIBASE-8E1E400D,Otus balli,Otus balli,Otus balli
AVIBASE-BE2C3A1F,Otus beccarii,Otus beccarii,Otus beccarii
AVIBASE-1F80C7AB,Otus brookii,Otus brookii,Otus brookii
AVIBASE-08C90B0F,Otus brucei,Otus brucei,Otus brucei
AVIBASE-427BC65A,Otus capnodes,Otus capnodes,Otus capnodes
AVIBASE-8AC9C51A,Otus collari,Otus collari,Otus collari
AVIBASE-616A1359,Otus cyprius,Otus cyprius,Otus scops
AVIBASE-3B290974,Otus elegans,Otus elegans,Otus elegans
AVIBASE-312BF279,Otus enganensis,Otus enganensis,Otus enganensis
AVIBASE-000E026B,Otus everetti,Otus everetti,Otus megalotis
AVIBASE-D745D124,Otus feae,Otus senegalensis,Otus senegalensis
AVIBASE-FDDACB60,Otus fuliginosus,Otus fuliginosus,Otus fuliginosus
AVIBASE-D3CA5C26,Otus gurneyi,Otus gurneyi,Mimizuku gurneyi
AVIBASE-991885F0,Otus hartlaubi,Otus hartlaubi,Otus hartlaubi
AVIBASE-9CD0C8FE,Otus icterorhynchus,Otus icterorhynchus,Otus icterorhynchus
AVIBASE-0A22AE9B,Otus insularis,Otus insularis,Otus insularis
AVIBASE-75194A63,Otus ireneae,Otus ireneae,Otus ireneae
AVIBASE-A5AE0987,Otus jolandae,Otus jolandae,Otus magicus
AVIBASE-E7BDCB92,Otus lempiji,Otus lempiji,Otus lempiji
AVIBASE-9EC1DBC6,Otus lettia,Otus lettia,Otus lettia
AVIBASE-71F9BF41,Otus longicornis,Otus longicornis,Otus longicornis
AVIBASE-A83F14B2,Otus magicus,Otus magicus,Otus magicus
AVIBASE-08454DFF,Otus manadensis,Otus manadensis,Otus manadensis
AVIBASE-C310E372,Otus mantananensis,Otus mantananensis,Otus mantananensis
AVIBASE-2DF19EB2,Otus mayottensis,Otus mayottensis,Otus mayottensis
AVIBASE-7D1ACC3E,Otus megalotis,Otus megalotis,Otus megalotis
AVIBASE-5DB57235,Otus mendeni,Otus manadensis,Otus manadensis
AVIBASE-55EE7DEF,Otus mentawi,Otus mentawi,Otus mentawi
AVIBASE-96AC0528,Otus mindorensis,Otus mindorensis,Otus mindorensis
AVIBASE-4F10E91D,Otus mirus,Otus mirus,Otus mirus
AVIBASE-EDFC0AD6,Otus moheliensis,Otus moheliensis,Otus moheliensis
AVIBASE-E311114A,Otus nigrorum,Otus nigrorum,Otus megalotis
AVIBASE-FB19E285,Otus pamelae,Otus pamelae,Otus senegalensis
AVIBASE-A7509E6E,Otus pauliani,Otus pauliani,Otus pauliani
AVIBASE-1044DCBD,Otus pembaensis,Otus pembaensis,Otus pembaensis
AVIBASE-7380A531,Otus rufescens,Otus rufescens,Otus rufescens
AVIBASE-C64380C6,Otus rutilus,Otus rutilus,Otus rutilus
AVIBASE-9615535E,Otus rutilus,Otus madagascariensis,Otus rutilus
AVIBASE-379A4F94,Otus sagittatus,Otus sagittatus,Otus sagittatus
AVIBASE-2C7AA154,Otus scops,Otus scops,Otus scops
AVIBASE-BFE3F4EA,Otus semitorques,Otus semitorques,Otus semitorques
AVIBASE-F0AA4FE4,Otus senegalensis,Otus senegalensis,Otus senegalensis
AVIBASE-07BB7971,Otus siaoensis,Otus siaoensis,Otus siaoensis
AVIBASE-171CE5C6,Otus silvicola,Otus silvicola,Otus silvicola
AVIBASE-82846EEB,Otus socotranus,Otus socotranus,Otus senegalensis
AVIBASE-A0AD0888,Otus spilocephalus,Otus spilocephalus,Otus spilocephalus
AVIBASE-61264002,Otus sulaensis,Otus sulaensis,Otus manadensis
AVIBASE-DD855E67,Otus sunia,Otus sunia,Otus sunia
AVIBASE-B4C59425,Otus tempestatis,Otus magicus,Otus magicus
AVIBASE-03502D31,Otus thilohoffmanni,Otus thilohoffmanni,Otus thilohoffmanni
AVIBASE-CD22C7D7,Otus umbra,Otus umbra,Otus umbra
AVIBASE-8670BFA8,Oxylabes madagascariensis,Oxylabes madagascariensis,Oxylabes madagascariensis
AVIBASE-2B7764F8,Oxypogon cyanolaemus,Oxypogon cyanolaemus,Oxypogon guerinii
AVIBASE-5C67D209,Oxypogon guerinii,Oxypogon guerinii,Oxypogon guerinii
AVIBASE-D750141B,Oxypogon lindenii,Oxypogon lindenii,Oxypogon guerinii
AVIBASE-876F6202,Oxypogon stuebelii,Oxypogon stuebelii,Oxypogon guerinii
AVIBASE-BE501122,Oxyruncus cristatus,Oxyruncus cristatus,Oxyruncus cristatus
AVIBASE-672BA2DA,Oxyura australis,Oxyura australis,Oxyura australis
AVIBASE-3DB916F5,Oxyura ferruginea,Oxyura ferruginea,Oxyura jamaicensis
AVIBASE-675EEA7F,Oxyura jamaicensis,Oxyura jamaicensis,Oxyura jamaicensis
AVIBASE-2E40EF2C,Oxyura leucocephala,Oxyura leucocephala,Oxyura leucocephala
AVIBASE-1C2F4E80,Oxyura maccoa,Oxyura maccoa,Oxyura maccoa
AVIBASE-079A8245,Oxyura vittata,Oxyura vittata,Oxyura vittata
AVIBASE-082CFCAE,Pachycare flavogriseum,Pachycare flavogriseum,Pachycare flavogriseum
AVIBASE-AB5815F4,Pachycephala albiventris,Pachycephala albiventris,Pachycephala albiventris
AVIBASE-C969AFEC,Pachycephala arctitorquis,Pachycephala arctitorquis,Pachycephala arctitorquis
AVIBASE-F852672F,Pachycephala aurea,Pachycephala aurea,Pachycephala aurea
AVIBASE-CC0F4D34,Pachycephala caledonica,Pachycephala caledonica,Pachycephala caledonica
AVIBASE-FDD9B522,Pachycephala cinerea,Pachycephala cinerea,Pachycephala grisola
AVIBASE-F095FFBE,Pachycephala feminina,Pachycephala feminina,Pachycephala pectoralis
AVIBASE-DA48640C,Pachycephala flavifrons,Pachycephala flavifrons,Pachycephala flavifrons
AVIBASE-BDEFD28A,Pachycephala fulvotincta,Pachycephala fulvotincta,Pachycephala pectoralis
AVIBASE-409B6E6A,Pachycephala griseiceps,Pachycephala simplex,Pachycephala simplex
AVIBASE-01907039,Pachycephala griseonota,Pachycephala griseonota,Pachycephala griseonota
AVIBASE-FB40EA21,Pachycephala homeyeri,Pachycephala homeyeri,Pachycephala homeyeri
AVIBASE-2F4882E1,Pachycephala hyperythra,Pachycephala hyperythra,Pachycephala hyperythra
AVIBASE-D99B20DF,Pachycephala hypoxantha,Pachycephala hypoxantha,Pachycephala hypoxantha
AVIBASE-D59EAEF7,Pachycephala implicata,Pachycephala implicata,Pachycephala implicata
AVIBASE-631D64E0,Pachycephala inornata,Pachycephala inornata,Pachycephala inornata
AVIBASE-E4276EE4,Pachycephala jacquinoti,Pachycephala jacquinoti,Pachycephala jacquinoti
AVIBASE-A6E44BBF,Pachycephala lanioides,Pachycephala lanioides,Pachycephala lanioides
AVIBASE-3E96E081,Pachycephala leucogastra,Pachycephala leucogastra,Pachycephala leucogastra
AVIBASE-B22B9BD5,Pachycephala lorentzi,Pachycephala lorentzi,Pachycephala lorentzi
AVIBASE-D6B9FCEC,Pachycephala melanura,Pachycephala melanura,Pachycephala melanura
AVIBASE-5309CD6A,Pachycephala mentalis,Pachycephala mentalis,Pachycephala pectoralis
AVIBASE-396BBD58,Pachycephala meyeri,Pachycephala meyeri,Pachycephala meyeri
AVIBASE-F1D4D8D5,Pachycephala modesta,Pachycephala modesta,Pachycephala modesta
AVIBASE-76AD04B7,Pachycephala monacha,Pachycephala monacha,Pachycephala monacha
AVIBASE-EF3BEE97,Pachycephala nudigula,Pachycephala nudigula,Pachycephala nudigula
AVIBASE-AB08B1DE,Pachycephala olivacea,Pachycephala olivacea,Pachycephala olivacea
AVIBASE-0A158873,Pachycephala orioloides,Pachycephala orioloides,Pachycephala pectoralis
AVIBASE-E9D37202,Pachycephala orpheus,Pachycephala orpheus,Pachycephala orpheus
AVIBASE-1679A6CE,Pachycephala par,Pachycephala macrorhyncha,Pachycephala pectoralis
AVIBASE-17A62E61,Pachycephala pectoralis,Pachycephala pectoralis,Pachycephala pectoralis
AVIBASE-BBE89E11,Pachycephala pectoralis,Pachycephala macrorhyncha,Pachycephala pectoralis
AVIBASE-13B1CB11,Pachycephala pectoralis,Pachycephala citreogaster,Pachycephala pectoralis
AVIBASE-8F42FC31,Pachycephala phaionota,Pachycephala phaionota,Pachycephala phaionota
AVIBASE-5E75CBEF,Pachycephala philippinensis,Pachycephala philippinensis,Pachycephala philippinensis
AVIBASE-76644DFB,Pachycephala richardsi,Pachycephala richardsi,Pachycephala implicata
AVIBASE-0ABCDD1C,Pachycephala rufiventris,Pachycephala rufiventris,Pachycephala rufiventris
AVIBASE-112C6BA3,Pachycephala rufogularis,Pachycephala rufogularis,Pachycephala rufogularis
AVIBASE-E548C5FC,Pachycephala schlegelii,Pachycephala schlegelii,Pachycephala schlegelii
AVIBASE-409B6E6A,Pachycephala simplex,Pachycephala simplex,Pachycephala simplex
AVIBASE-8DA085FD,Pachycephala soror,Pachycephala soror,Pachycephala soror
AVIBASE-19C021C4,Pachycephala sulfuriventer,Pachycephala sulfuriventer,Pachycephala sulfuriventer
AVIBASE-21B46047,Pachycephala tenebrosa,Pachycephala tenebrosa,Colluricincla tenebrosa
AVIBASE-FF5968A9,Pachycephala teysmanni,Pachycephala fulvotincta,Pachycephala pectoralis
AVIBASE-F2D3460D,Pachycephala vitiensis,Pachycephala vitiensis,Pachycephala pectoralis
AVIBASE-096C4DA1,Pachycephalopsis hattamensis,Pachycephalopsis hattamensis,Pachycephalopsis hattamensis
AVIBASE-3907E9E9,Pachycephalopsis poliosoma,Pachycephalopsis poliosoma,Pachycephalopsis poliosoma
AVIBASE-2AD52363,Pachycoccyx audeberti,Pachycoccyx audeberti,Pachycoccyx audeberti
AVIBASE-0D885A80,Pachyptila belcheri,Pachyptila belcheri,Pachyptila belcheri
AVIBASE-FF7A685E,Pachyptila crassirostris,Pachyptila crassirostris,Pachyptila crassirostris
AVIBASE-105C306C,Pachyptila desolata,Pachyptila desolata,Pachyptila desolata
AVIBASE-A8433A58,Pachyptila macgillivrayi,Pachyptila salvini,Pachyptila salvini
AVIBASE-A819451A,Pachyptila salvini,Pachyptila salvini,Pachyptila salvini
AVIBASE-ED1DDABB,Pachyptila turtur,Pachyptila turtur,Pachyptila turtur
AVIBASE-93860B9B,Pachyptila vittata,Pachyptila vittata,Pachyptila vittata
AVIBASE-D7CCEB96,Pachyramphus aglaiae,Pachyramphus aglaiae,Pachyramphus aglaiae
AVIBASE-0F9B6F63,Pachyramphus albogriseus,Pachyramphus albogriseus,Pachyramphus albogriseus
AVIBASE-3A6FE3D7,Pachyramphus castaneus,Pachyramphus castaneus,Pachyramphus castaneus
AVIBASE-BBABBA53,Pachyramphus cinnamomeus,Pachyramphus cinnamomeus,Pachyramphus cinnamomeus
AVIBASE-4E9CE72A,Pachyramphus griseigularis,Pachyramphus viridis,Pachyramphus viridis
AVIBASE-5B66BF7C,Pachyramphus homochrous,Pachyramphus homochrous,Pachyramphus homochrous
AVIBASE-822932F3,Pachyramphus major,Pachyramphus major,Pachyramphus major
AVIBASE-FC849C19,Pachyramphus marginatus,Pachyramphus marginatus,Pachyramphus marginatus
AVIBASE-58599303,Pachyramphus minor,Pachyramphus minor,Pachyramphus minor
AVIBASE-7D41A02F,Pachyramphus niger,Pachyramphus niger,Pachyramphus niger
AVIBASE-CE997BBD,Pachyramphus polychopterus,Pachyramphus polychopterus,Pachyramphus polychopterus
AVIBASE-69D111A7,Pachyramphus rufus,Pachyramphus rufus,Pachyramphus rufus
AVIBASE-FECCFDAF,Pachyramphus spodiurus,Pachyramphus spodiurus,Pachyramphus spodiurus
AVIBASE-14726786,Pachyramphus surinamus,Pachyramphus surinamus,Pachyramphus surinamus
AVIBASE-62E100BF,Pachyramphus uropygialis,Pachyramphus major,Pachyramphus major
AVIBASE-DE6F8886,Pachyramphus validus,Pachyramphus validus,Pachyramphus validus
AVIBASE-69B72BD0,Pachyramphus versicolor,Pachyramphus versicolor,Pachyramphus versicolor
AVIBASE-5D61BA65,Pachyramphus viridis,Pachyramphus viridis,Pachyramphus viridis
AVIBASE-5CD02C41,Pachyramphus xanthogenys,Pachyramphus viridis,Pachyramphus xanthogenys
AVIBASE-05336066,Pachysylvia aurantiifrons,Pachysylvia aurantiifrons,Hylophilus aurantiifrons
AVIBASE-58274D5F,Pachysylvia decurtata,Pachysylvia decurtata,Hylophilus decurtatus
AVIBASE-CCF80099,Pachysylvia hypochrysea,Vireo hypochryseus,Vireo hypochryseus
AVIBASE-7FE65F39,Pachysylvia hypoxantha,Pachysylvia hypoxantha,Hylophilus hypoxanthus
AVIBASE-66B55F55,Pachysylvia muscicapina,Pachysylvia muscicapina,Hylophilus muscicapinus
AVIBASE-204918E7,Pachysylvia semibrunnea,Pachysylvia semibrunnea,Hylophilus semibrunneus
AVIBASE-BB999943,Pagodroma nivea,Pagodroma nivea,Pagodroma nivea
AVIBASE-FED91A1F,Pagophila eburnea,Pagophila eburnea,Pagophila eburnea
AVIBASE-1021FA92,Palaeornis eupatria,Psittacula eupatria,Psittacula eupatria
AVIBASE-A643D860,Palmeria dolei,Palmeria dolei,Palmeria dolei
AVIBASE-EF6293B7,Paludipasser locustella,Paludipasser locustella,Ortygospiza locustella
AVIBASE-1327AC55,Pandion haliaetus,Pandion haliaetus,Pandion haliaetus
AVIBASE-09E88F83,Panterpe insignis,Panterpe insignis,Panterpe insignis
AVIBASE-7D59F91D,Panurus biarmicus,Panurus biarmicus,Panurus biarmicus
AVIBASE-9E39F33E,Panyptila cayennensis,Panyptila cayennensis,Panyptila cayennensis
AVIBASE-88679F12,Panyptila sanctihieronymi,Panyptila sanctihieronymi,Panyptila sanctihieronymi
AVIBASE-92A2CCFC,Papasula abbotti,Papasula abbotti,Papasula abbotti
AVIBASE-8C150371,Parabuteo leucorrhous,Parabuteo leucorrhous,Buteo leucorrhous
AVIBASE-FBED1927,Parabuteo unicinctus,Parabuteo unicinctus,Parabuteo unicinctus
AVIBASE-1652D541,Paraclaravis geoffroyi,Paraclaravis geoffroyi,Claravis godefrida
AVIBASE-B3FE23FB,Paraclaravis mondetoura,Paraclaravis mondetoura,Claravis mondetoura
AVIBASE-1444D04F,Paradigalla brevicauda,Paradigalla brevicauda,Paradigalla brevicauda
AVIBASE-F911AF79,Paradigalla carunculata,Paradigalla carunculata,Paradigalla carunculata
AVIBASE-4977903D,Paradisaea apoda,Paradisaea apoda,Paradisaea apoda
AVIBASE-E7BFC77A,Paradisaea decora,Paradisaea decora,Paradisaea decora
AVIBASE-24369C90,Paradisaea guilielmi,Paradisaea guilielmi,Paradisaea guilielmi
AVIBASE-A5CF883E,Paradisaea minor,Paradisaea minor,Paradisaea minor
AVIBASE-BD094FE6,Paradisaea raggiana,Paradisaea raggiana,Paradisaea raggiana
AVIBASE-2215C01D,Paradisaea rubra,Paradisaea rubra,Paradisaea rubra
AVIBASE-4EF0FE4A,Paradisornis rudolphi,Paradisaea rudolphi,Paradisaea rudolphi
AVIBASE-664698E5,Paradoxornis flavirostris,Paradoxornis flavirostris,Paradoxornis flavirostris
AVIBASE-C922CECC,Paradoxornis guttaticollis,Paradoxornis guttaticollis,Paradoxornis guttaticollis
AVIBASE-88560BE4,Paradoxornis heudei,Calamornis heudei,Paradoxornis heudei
AVIBASE-A927C1AE,Paragallinula angulata,Paragallinula angulata,Gallinula angulata
AVIBASE-42023AF5,Paramythia montium,Paramythia montium,Paramythia montium
AVIBASE-9F080815,Paramythia olivacea,Paramythia montium,Paramythia montium
AVIBASE-15DACC11,Pardaliparus amabilis,Periparus amabilis,Parus amabilis
AVIBASE-EF7D309C,Pardaliparus elegans,Periparus elegans,Parus elegans
AVIBASE-219D942F,Pardaliparus venustulus,Periparus venustulus,Parus venustulus
AVIBASE-54C12F34,Pardalotus punctatus,Pardalotus punctatus,Pardalotus punctatus
AVIBASE-EAB686DF,Pardalotus quadragintus,Pardalotus quadragintus,Pardalotus quadragintus
AVIBASE-83FCEF52,Pardalotus rubricatus,Pardalotus rubricatus,Pardalotus rubricatus
AVIBASE-747BFF64,Pardalotus striatus,Pardalotus striatus,Pardalotus striatus
AVIBASE-E202D760,Pardirallus maculatus,Pardirallus maculatus,Pardirallus maculatus
AVIBASE-01FE1D04,Pardirallus nigricans,Pardirallus nigricans,Pardirallus nigricans
AVIBASE-E20AD288,Pardirallus sanguinolentus,Pardirallus sanguinolentus,Pardirallus sanguinolentus
AVIBASE-B24640E2,Pareudiastes pacificus,Gallinula pacifica,NA
AVIBASE-81D7CF63,Pareudiastes silvestris,Gallinula silvestris,Gallinula silvestris
AVIBASE-7B2BF947,Parkerthraustes humeralis,Parkerthraustes humeralis,Parkerthraustes humeralis
AVIBASE-7AB0F3A4,Parkesia motacilla,Parkesia motacilla,Seiurus motacilla
AVIBASE-709AF716,Parkesia noveboracensis,Parkesia noveboracensis,Seiurus noveboracensis
AVIBASE-39D5C361,Parmoptila jamesoni,Parmoptila jamesoni,Parmoptila jamesoni
AVIBASE-6B6E52A1,Parmoptila rubrifrons,Parmoptila rubrifrons,Parmoptila rubrifrons
AVIBASE-06C33419,Parmoptila woodhousei,Parmoptila woodhousei,Parmoptila woodhousei
AVIBASE-2D96ABDD,Paroaria baeri,Paroaria baeri,Paroaria baeri
AVIBASE-E7AC0F28,Paroaria capitata,Paroaria capitata,Paroaria capitata
AVIBASE-03CE3B88,Paroaria coronata,Paroaria coronata,Paroaria coronata
AVIBASE-37DD749C,Paroaria dominicana,Paroaria dominicana,Paroaria dominicana
AVIBASE-5617D13D,Paroaria gularis,Paroaria gularis,Paroaria gularis
AVIBASE-D3859FE2,Paroaria nigrogenis,Paroaria nigrogenis,Paroaria gularis
AVIBASE-B1400E68,Parophasma galinieri,Sylvia galinieri,Parophasma galinieri
AVIBASE-9BD21181,Paroreomyza maculata,Paroreomyza maculata,Paroreomyza maculata
AVIBASE-D94752EA,Paroreomyza montana,Paroreomyza montana,Paroreomyza montana
AVIBASE-60679E85,Parotia berlepschi,Parotia berlepschi,Parotia carolae
AVIBASE-2CEE58D1,Parotia carolae,Parotia carolae,Parotia carolae
AVIBASE-5F5A22B4,Parotia lawesii,Parotia lawesii,Parotia lawesii
AVIBASE-5F5A22B4,Parotia lawesii,Parotia lawesii,Parotia helenae
AVIBASE-9E0C32C5,Parotia sefilata,Parotia sefilata,Parotia sefilata
AVIBASE-29679CC7,Parotia wahnesi,Parotia wahnesi,Parotia wahnesi
AVIBASE-E15BC0CB,Parus major,Parus major,Parus major
AVIBASE-C512DE4F,Parus major,Parus minor,Parus major
AVIBASE-99CF4A04,Parus major,Parus cinereus,Parus major
AVIBASE-4E1C5625,Parus monticolus,Parus monticolus,Parus monticolus
AVIBASE-17AC96E0,Passer ammodendri,Passer ammodendri,Passer ammodendri
AVIBASE-1D25E0DB,Passer castanopterus,Passer castanopterus,Passer castanopterus
AVIBASE-469D6B56,Passer cinnamomeus,Passer cinnamomeus,Passer rutilans
AVIBASE-A3D20D11,Passer cordofanicus,Passer cordofanicus,Passer cordofanicus
AVIBASE-7EB3ECC4,Passer diffusus,Passer diffusus,Passer diffusus
AVIBASE-240E3390,Passer domesticus,Passer domesticus,Passer domesticus
AVIBASE-D8F2F78B,Passer eminibey,Passer eminibey,Passer eminibey
AVIBASE-24E0C8A6,Passer euchlorus,Passer euchlorus,Passer euchlorus
AVIBASE-AABF0A3A,Passer flaveolus,Passer flaveolus,Passer flaveolus
AVIBASE-DB4998D1,Passer gongonensis,Passer gongonensis,Passer gongonensis
AVIBASE-E10D0809,Passer griseus,Passer griseus,Passer griseus
AVIBASE-BE010552,Passer hemileucus,Passer hemileucus,Passer hemileucus
AVIBASE-5A8E09A1,Passer hispaniolensis,Passer hispaniolensis,Passer hispaniolensis
AVIBASE-ECD1267B,Passer iagoensis,Passer iagoensis,Passer iagoensis
AVIBASE-E2E3F3F4,Passer insularis,Passer insularis,Passer insularis
AVIBASE-3718C3F9,Passer italiae,Passer italiae,Passer domesticus
AVIBASE-4C373DA1,Passer luteus,Passer luteus,Passer luteus
AVIBASE-DEE88DF6,Passer melanurus,Passer melanurus,Passer melanurus
AVIBASE-7D19D9ED,Passer moabiticus,Passer moabiticus,Passer moabiticus
AVIBASE-C22FBF8D,Passer montanus,Passer montanus,Passer montanus
AVIBASE-3E2EFDA6,Passer motitensis,Passer motitensis,Passer motitensis
AVIBASE-E60EFA61,Passer pyrrhonotus,Passer pyrrhonotus,Passer pyrrhonotus
AVIBASE-DBAB527C,Passer rufocinctus,Passer rufocinctus,Passer rufocinctus
AVIBASE-126E0CFA,Passer shelleyi,Passer shelleyi,Passer shelleyi
AVIBASE-B4037E8F,Passer simplex,Passer simplex,Passer simplex
AVIBASE-2B55E679,Passer suahelicus,Passer suahelicus,Passer suahelicus
AVIBASE-F375B25B,Passer swainsonii,Passer swainsonii,Passer swainsonii
AVIBASE-246789A2,Passer zarudnyi,Passer zarudnyi,Passer simplex
AVIBASE-67EFC061,Passerculus bairdii,Centronyx bairdii,Ammodramus bairdii
AVIBASE-3C974C47,Passerculus guttatus,Passerculus sandwichensis,Passerculus sandwichensis
AVIBASE-CDA2F827,Passerculus henslowii,Centronyx henslowii,Ammodramus henslowii
AVIBASE-249F7C3C,Passerculus rostratus,Passerculus sandwichensis,Passerculus sandwichensis
AVIBASE-1A2CCEDE,Passerculus sanctorum,Passerculus sandwichensis,Passerculus sandwichensis
AVIBASE-31CE00C7,Passerculus sandwichensis,Passerculus sandwichensis,Passerculus sandwichensis
AVIBASE-2A86F9C9,Passerella arborea,Spizelloides arborea,Spizella arborea
AVIBASE-0B1B2EB6,Passerella iliaca,Passerella iliaca,Passerella iliaca
AVIBASE-82ACE0AF,Passerella megarhyncha,Passerella iliaca,Passerella iliaca
AVIBASE-15BD1543,Passerella schistacea,Passerella iliaca,Passerella iliaca
AVIBASE-2D663DC8,Passerella unalaschcensis,Passerella iliaca,Passerella iliaca
AVIBASE-9F67F3AF,Passerina amoena,Passerina amoena,Passerina amoena
AVIBASE-A7A75EA1,Passerina caerulea,Passerina caerulea,Passerina caerulea
AVIBASE-0BDB87DE,Passerina ciris,Passerina ciris,Passerina ciris
AVIBASE-043F337A,Passerina cyanea,Passerina cyanea,Passerina cyanea
AVIBASE-FCD5D1E4,Passerina leclancherii,Passerina leclancherii,Passerina leclancherii
AVIBASE-00634D72,Passerina rositae,Passerina rositae,Passerina rositae
AVIBASE-1680EFDE,Passerina versicolor,Passerina versicolor,Passerina versicolor
AVIBASE-24208346,Pastor roseus,Pastor roseus,Sturnus roseus
AVIBASE-3B008E78,Patagioenas albilinea,Patagioenas fasciata,Patagioenas fasciata
AVIBASE-9DAE7539,Patagioenas albipennis,Patagioenas maculosa,Patagioenas maculosa
AVIBASE-2BD38691,Patagioenas araucana,Patagioenas araucana,Patagioenas araucana
AVIBASE-05E3F3DF,Patagioenas caribaea,Patagioenas caribaea,Patagioenas caribaea
AVIBASE-A8908194,Patagioenas cayennensis,Patagioenas cayennensis,Patagioenas cayennensis
AVIBASE-A87AEB78,Patagioenas corensis,Patagioenas corensis,Patagioenas corensis
AVIBASE-0693123F,Patagioenas fasciata,Patagioenas fasciata,Patagioenas fasciata
AVIBASE-31ACA998,Patagioenas fasciata,Patagioenas fasciata,Patagioenas fasciata
AVIBASE-F8174D40,Patagioenas flavirostris,Patagioenas flavirostris,Patagioenas flavirostris
AVIBASE-A057002F,Patagioenas goodsoni,Patagioenas goodsoni,Patagioenas goodsoni
AVIBASE-C4BD9E16,Patagioenas inornata,Patagioenas inornata,Patagioenas inornata
AVIBASE-5F571C8A,Patagioenas leucocephala,Patagioenas leucocephala,Patagioenas leucocephala
AVIBASE-CC3675BF,Patagioenas maculosa,Patagioenas maculosa,Patagioenas maculosa
AVIBASE-1D706BD0,Patagioenas nigrirostris,Patagioenas nigrirostris,Patagioenas nigrirostris
AVIBASE-2328CDB8,Patagioenas oenops,Patagioenas oenops,Patagioenas oenops
AVIBASE-C7405D19,Patagioenas picazuro,Patagioenas picazuro,Patagioenas picazuro
AVIBASE-CD161B09,Patagioenas plumbea,Patagioenas plumbea,Patagioenas plumbea
AVIBASE-3EAF0903,Patagioenas speciosa,Patagioenas speciosa,Patagioenas speciosa
AVIBASE-D15BB73D,Patagioenas squamosa,Patagioenas squamosa,Patagioenas squamosa
AVIBASE-F4F72BD9,Patagioenas subvinacea,Patagioenas subvinacea,Patagioenas subvinacea
AVIBASE-59067C71,Patagona gigas,Patagona gigas,Patagona gigas
AVIBASE-8F41C0ED,Pauxi koepckeae,Pauxi koepckeae,Pauxi unicornis
AVIBASE-04689F34,Pauxi pauxi,Pauxi pauxi,Pauxi pauxi
AVIBASE-FB925C9B,Pauxi unicornis,Pauxi unicornis,Pauxi unicornis
AVIBASE-A8C34DC9,Pavo cristatus,Pavo cristatus,Pavo cristatus
AVIBASE-990B9171,Pavo muticus,Pavo muticus,Pavo muticus
AVIBASE-1CE50BE8,Pedionomus torquatus,Pedionomus torquatus,Pedionomus torquatus
AVIBASE-E9DF118E,Pelagodroma marina,Pelagodroma marina,Pelagodroma marina
AVIBASE-19C28D92,Pelargopsis amauroptera,Pelargopsis amauroptera,Pelargopsis amauroptera
AVIBASE-2B0E883A,Pelargopsis capensis,Pelargopsis capensis,Pelargopsis capensis
AVIBASE-7CF2B1F8,Pelargopsis melanorhyncha,Pelargopsis melanorhyncha,Pelargopsis melanorhyncha
AVIBASE-770BA3E8,Pelecanoides garnotii,Pelecanoides garnotii,Pelecanoides garnotii
AVIBASE-1838EC86,Pelecanoides georgicus,Pelecanoides georgicus,Pelecanoides georgicus
AVIBASE-C849C714,Pelecanoides magellani,Pelecanoides magellani,Pelecanoides magellani
AVIBASE-8A40716A,Pelecanoides urinatrix,Pelecanoides urinatrix,Pelecanoides urinatrix
AVIBASE-1838EC86,Pelecanoides whenuahouensis,Pelecanoides georgicus,Pelecanoides georgicus
AVIBASE-507E4975,Pelecanus conspicillatus,Pelecanus conspicillatus,Pelecanus conspicillatus
AVIBASE-7C6D8BA2,Pelecanus crispus,Pelecanus crispus,Pelecanus crispus
AVIBASE-866903B9,Pelecanus erythrorhynchos,Pelecanus erythrorhynchos,Pelecanus erythrorhynchos
AVIBASE-F59AB6B3,Pelecanus occidentalis,Pelecanus occidentalis,Pelecanus occidentalis
AVIBASE-8BAFB01E,Pelecanus onocrotalus,Pelecanus onocrotalus,Pelecanus onocrotalus
AVIBASE-793E3F20,Pelecanus philippensis,Pelecanus philippensis,Pelecanus philippensis
AVIBASE-8D24E93C,Pelecanus rufescens,Pelecanus rufescens,Pelecanus rufescens
AVIBASE-13048FE0,Pelecanus thagus,Pelecanus thagus,Pelecanus thagus
AVIBASE-0EA1D390,Peliperdix albogularis,Campocolinus albogularis,Francolinus albogularis
AVIBASE-ECD7C1D8,Peliperdix coqui,Campocolinus coqui,Francolinus coqui
AVIBASE-E11585DB,Peliperdix lathami,Peliperdix lathami,Francolinus lathami
AVIBASE-CE6D7D2F,Peliperdix schlegelii,Campocolinus schlegelii,Francolinus schlegelii
AVIBASE-E91198DD,Pellorneum albiventre,Pellorneum albiventre,Pellorneum albiventre
AVIBASE-492BAC9A,Pellorneum capistratum,Pellorneum capistratum,Pellorneum capistratum
AVIBASE-17132E4C,Pellorneum fuscocapillus,Pellorneum fuscocapillus,Pellorneum fuscocapillus
AVIBASE-D5C80DD0,Pellorneum nigrocapitatum,Pellorneum capistratum,Pellorneum capistratum
AVIBASE-A9D2D8D4,Pellorneum palustre,Pellorneum palustre,Pellorneum palustre
AVIBASE-D6800997,Pellorneum ruficeps,Pellorneum ruficeps,Pellorneum ruficeps
AVIBASE-C1DC658F,Peltohyas australis,Peltohyas australis,Charadrius australis
AVIBASE-4EE509C8,Peltops blainvillii,Peltops blainvillii,Peltops blainvillii
AVIBASE-E9C26F0E,Peltops montanus,Peltops montanus,Peltops montanus
AVIBASE-D10D229A,Penelope albipennis,Penelope albipennis,Penelope albipennis
AVIBASE-540D21F5,Penelope argyrotis,Penelope argyrotis,Penelope argyrotis
AVIBASE-89605A18,Penelope barbata,Penelope barbata,Penelope barbata
AVIBASE-D3E64B50,Penelope dabbenei,Penelope dabbenei,Penelope dabbenei
AVIBASE-1D1EDAF0,Penelope jacquacu,Penelope jacquacu,Penelope jacquacu
AVIBASE-7DDADC44,Penelope jacucaca,Penelope jacucaca,Penelope jacucaca
AVIBASE-B08C691D,Penelope marail,Penelope marail,Penelope marail
AVIBASE-6CF279AC,Penelope montagnii,Penelope montagnii,Penelope montagnii
AVIBASE-BF379105,Penelope obscura,Penelope obscura,Penelope obscura
AVIBASE-1CE8F9FE,Penelope ochrogaster,Penelope ochrogaster,Penelope ochrogaster
AVIBASE-BA3D0CC1,Penelope ortoni,Penelope ortoni,Penelope ortoni
AVIBASE-2296FCC4,Penelope perspicax,Penelope perspicax,Penelope perspicax
AVIBASE-474C532A,Penelope pileata,Penelope pileata,Penelope pileata
AVIBASE-01A38979,Penelope purpurascens,Penelope purpurascens,Penelope purpurascens
AVIBASE-28799734,Penelope superciliaris,Penelope superciliaris,Penelope superciliaris
AVIBASE-12D638FA,Penelopides affinis,Penelopides affinis,Penelopides affinis
AVIBASE-A6F198A6,Penelopides affinis,Penelopides samarensis,Penelopides samarensis
AVIBASE-FB6FE713,Penelopides manillae,Penelopides manillae,Penelopides manillae
AVIBASE-ED3D5F4C,Penelopides mindorensis,Penelopides mindorensis,Penelopides mindorensis
AVIBASE-56D5A470,Penelopides panini,Penelopides panini,Penelopides panini
AVIBASE-E627D25F,Penelopina nigra,Penelopina nigra,Penelopina nigra
AVIBASE-F87556C7,Peneoenanthe pulverulenta,Eopsaltria pulverulenta,Eopsaltria pulverulenta
AVIBASE-08F565B0,Peneothello bimaculata,Peneothello bimaculata,Peneothello bimaculata
AVIBASE-9B423379,Peneothello cryptoleuca,Peneothello cryptoleuca,Peneothello cryptoleuca
AVIBASE-D9B11F63,Peneothello cyanus,Peneothello cyanus,Peneothello cyanus
AVIBASE-456CEEC0,Peneothello sigillata,Peneothello sigillata,Peneothello sigillatus
AVIBASE-83E8F82F,Percnostola arenarum,Percnostola arenarum,Percnostola arenarum
AVIBASE-B8FE31D0,Percnostola rufifrons,Percnostola rufifrons,Percnostola rufifrons
AVIBASE-177160F1,Perdicula argoondah,Perdicula argoondah,Perdicula argoondah
AVIBASE-32413666,Perdicula asiatica,Perdicula asiatica,Perdicula asiatica
AVIBASE-8E9DF823,Perdicula erythrorhyncha,Perdicula erythrorhyncha,Perdicula erythrorhyncha
AVIBASE-19031FF7,Perdicula manipurensis,Perdicula manipurensis,Perdicula manipurensis
AVIBASE-0923A272,Perdix dauurica,Perdix dauurica,Perdix dauurica
AVIBASE-ABB81DC6,Perdix hodgsoniae,Perdix hodgsoniae,Perdix hodgsoniae
AVIBASE-C013A20E,Perdix perdix,Perdix perdix,Perdix perdix
AVIBASE-B94D96D9,Pericrocotus albifrons,Pericrocotus albifrons,Pericrocotus erythropygius
AVIBASE-68CAEE4C,Pericrocotus brevirostris,Pericrocotus brevirostris,Pericrocotus brevirostris
AVIBASE-150830DD,Pericrocotus cantonensis,Pericrocotus cantonensis,Pericrocotus cantonensis
AVIBASE-B5C1302B,Pericrocotus cinnamomeus,Pericrocotus cinnamomeus,Pericrocotus cinnamomeus
AVIBASE-622DB161,Pericrocotus divaricatus,Pericrocotus divaricatus,Pericrocotus divaricatus
AVIBASE-47EBC51F,Pericrocotus erythropygius,Pericrocotus erythropygius,Pericrocotus erythropygius
AVIBASE-8F319AD8,Pericrocotus ethologus,Pericrocotus ethologus,Pericrocotus ethologus
AVIBASE-BE3E7AFD,Pericrocotus flammeus,Pericrocotus speciosus,Pericrocotus flammeus
AVIBASE-1B2C7B12,Pericrocotus flammeus,Pericrocotus flammeus,Pericrocotus flammeus
AVIBASE-7F97F882,Pericrocotus flammeus,NA,Pericrocotus flammeus
AVIBASE-A63A4586,Pericrocotus igneus,Pericrocotus igneus,Pericrocotus igneus
AVIBASE-B9BAB929,Pericrocotus lansbergei,Pericrocotus lansbergei,Pericrocotus lansbergei
AVIBASE-5648364D,Pericrocotus miniatus,Pericrocotus miniatus,Pericrocotus miniatus
AVIBASE-687B1F7D,Pericrocotus montanus,Pericrocotus solaris,Pericrocotus solaris
AVIBASE-DC3BACCD,Pericrocotus roseus,Pericrocotus roseus,Pericrocotus roseus
AVIBASE-1D6B5F8A,Pericrocotus solaris,Pericrocotus solaris,Pericrocotus solaris
AVIBASE-EB0A9E59,Pericrocotus tegimae,Pericrocotus tegimae,Pericrocotus tegimae
AVIBASE-166CD440,Periparus ater,Periparus ater,Parus ater
AVIBASE-D5567296,Periparus rubidiventris,Periparus rubidiventris,Parus rubidiventris
AVIBASE-59DFB1CC,Periparus rufonuchalis,Periparus rufonuchalis,Parus rufonuchalis
AVIBASE-69A6E32F,Perisoreus canadensis,Perisoreus canadensis,Perisoreus canadensis
AVIBASE-43E62467,Perisoreus infaustus,Perisoreus infaustus,Perisoreus infaustus
AVIBASE-19033BD5,Perisoreus internigrans,Perisoreus internigrans,Perisoreus internigrans
AVIBASE-5E05CF2C,Perissocephalus tricolor,Perissocephalus tricolor,Perissocephalus tricolor
AVIBASE-ED5A7E8F,Pernis apivorus,Pernis apivorus,Pernis apivorus
AVIBASE-16CC2698,Pernis celebensis,Pernis celebensis,Pernis celebensis
AVIBASE-1192205B,Pernis ptilorhynchus,Pernis ptilorhynchus,Pernis ptilorhyncus
AVIBASE-2588C5AF,Pernis steerei,Pernis steerei,Pernis celebensis
AVIBASE-7FB74396,Petrochelidon ariel,Petrochelidon ariel,Hirundo ariel
AVIBASE-A4062482,Petrochelidon fluvicola,Petrochelidon fluvicola,Hirundo fluvicola
AVIBASE-79A1EDEC,Petrochelidon fulva,Petrochelidon fulva,Petrochelidon fulva
AVIBASE-CF1BEA6B,Petrochelidon nigricans,Petrochelidon nigricans,Hirundo nigricans
AVIBASE-BBDD34B2,Petrochelidon perdita,Petrochelidon perdita,Hirundo perdita
AVIBASE-AC11EBBB,Petrochelidon preussi,Petrochelidon preussi,Hirundo preussi
AVIBASE-F5C181CA,Petrochelidon pyrrhonota,Petrochelidon pyrrhonota,Petrochelidon pyrrhonota
AVIBASE-D134B7F0,Petrochelidon rufigula,Petrochelidon rufigula,Hirundo rufigula
AVIBASE-C7A573E6,Petrochelidon rufocollaris,Petrochelidon rufocollaris,Petrochelidon rufocollaris
AVIBASE-7D1AE743,Petrochelidon spilodera,Petrochelidon spilodera,Hirundo spilodera
AVIBASE-D7B7C65F,Petroica archboldi,Petroica archboldi,Petroica archboldi
AVIBASE-658EF0D7,Petroica australis,Petroica australis,Petroica australis
AVIBASE-C752BDF3,Petroica bivittata,Petroica bivittata,Petroica bivittata
AVIBASE-082099D1,Petroica boodang,Petroica boodang,Petroica multicolor
AVIBASE-94D6C03B,Petroica dannefaerdi,Petroica macrocephala,Petroica macrocephala
AVIBASE-A70DE4FC,Petroica goodenovii,Petroica goodenovii,Petroica goodenovii
AVIBASE-1E93BEE8,Petroica longipes,Petroica longipes,Petroica australis
AVIBASE-F69C1AC7,Petroica macrocephala,Petroica macrocephala,Petroica macrocephala
AVIBASE-CC3C088D,Petroica multicolor,Petroica multicolor,Petroica multicolor
AVIBASE-D3766504,Petroica phoenicea,Petroica phoenicea,Petroica phoenicea
AVIBASE-757B71A3,Petroica pusilla,Petroica pusilla,Petroica multicolor
AVIBASE-517E978A,Petroica rodinogaster,Petroica rodinogaster,Petroica rodinogaster
AVIBASE-8CB75D93,Petroica rosea,Petroica rosea,Petroica rosea
AVIBASE-329E7E89,Petroica traversi,Petroica traversi,Petroica traversi
AVIBASE-F8748F12,Petronia petronia,Petronia petronia,Petronia petronia
AVIBASE-5AC3491A,Petrophassa albipennis,Petrophassa albipennis,Petrophassa albipennis
AVIBASE-9D10537C,Petrophassa rufipennis,Petrophassa rufipennis,Petrophassa rufipennis
AVIBASE-DAD22BB6,Peucaea aestivalis,Peucaea aestivalis,Aimophila aestivalis
AVIBASE-F4C9CD76,Peucaea botterii,Peucaea botterii,Aimophila botterii
AVIBASE-FC84F301,Peucaea carpalis,Peucaea carpalis,Aimophila carpalis
AVIBASE-B58AFD6E,Peucaea cassinii,Peucaea cassinii,Aimophila cassinii
AVIBASE-97A80683,Peucaea humeralis,Peucaea humeralis,Aimophila humeralis
AVIBASE-08253F98,Peucaea mystacalis,Peucaea mystacalis,Aimophila mystacalis
AVIBASE-B0C2CA36,Peucaea ruficauda,Peucaea ruficauda,Aimophila ruficauda
AVIBASE-97AF502B,Peucaea sumichrasti,Peucaea sumichrasti,Aimophila sumichrasti
AVIBASE-9D945327,Peucedramus taeniatus,Peucedramus taeniatus,Peucedramus taeniatus
AVIBASE-EF23B33C,Pezopetes capitalis,Pezopetes capitalis,Pezopetes capitalis
AVIBASE-A05AB2B9,Pezoporus occidentalis,Pezoporus occidentalis,Pezoporus occidentalis
AVIBASE-50C8A5CF,Pezoporus wallicus,Pezoporus wallicus,Pezoporus wallicus
AVIBASE-EC7D724B,Phacellodomus dorsalis,Phacellodomus dorsalis,Phacellodomus dorsalis
AVIBASE-E1BA166E,Phacellodomus erythrophthalmus,Phacellodomus erythrophthalmus,Phacellodomus erythrophthalmus
AVIBASE-829AE151,Phacellodomus ferrugineigula,Phacellodomus ferrugineigula,Phacellodomus ferrugineigula
AVIBASE-C9C15885,Phacellodomus inornatus,Phacellodomus rufifrons,Phacellodomus inornatus
AVIBASE-59CA2B1D,Phacellodomus maculipectus,Phacellodomus maculipectus,Phacellodomus maculipectus
AVIBASE-ABE64671,Phacellodomus ruber,Phacellodomus ruber,Phacellodomus ruber
AVIBASE-6CAD1796,Phacellodomus rufifrons,Phacellodomus rufifrons,Phacellodomus rufifrons
AVIBASE-189CA0ED,Phacellodomus rufifrons,Phacellodomus rufifrons,Phacellodomus rufifrons
AVIBASE-B70107D2,Phacellodomus rufifrons,Phacellodomus rufifrons,Phacellodomus rufifrons
AVIBASE-01BB9F45,Phacellodomus sibilatrix,Phacellodomus sibilatrix,Phacellodomus sibilatrix
AVIBASE-1C846670,Phacellodomus striaticeps,Phacellodomus striaticeps,Phacellodomus striaticeps
AVIBASE-4DF195DB,Phacellodomus striaticollis,Phacellodomus striaticollis,Phacellodomus striaticollis
AVIBASE-529F2C76,Phaenicophaeus curvirostris,Phaenicophaeus curvirostris,Phaenicophaeus curvirostris
AVIBASE-FCE039DC,Phaenicophaeus diardi,Phaenicophaeus diardi,Phaenicophaeus diardi
AVIBASE-C3BD8307,Phaenicophaeus oeneicaudus,Phaenicophaeus curvirostris,Phaenicophaeus curvirostris
AVIBASE-E868D55C,Phaenicophaeus pyrrhocephalus,Phaenicophaeus pyrrhocephalus,Phaenicophaeus pyrrhocephalus
AVIBASE-104B295D,Phaenicophaeus sumatranus,Phaenicophaeus sumatranus,Phaenicophaeus sumatranus
AVIBASE-147BEFCD,Phaenicophaeus tristis,Phaenicophaeus tristis,Phaenicophaeus tristis
AVIBASE-6E40B45B,Phaenicophaeus viridirostris,Phaenicophaeus viridirostris,Phaenicophaeus viridirostris
AVIBASE-0979B6B9,Phaenicophilus palmarum,Phaenicophilus palmarum,Phaenicophilus palmarum
AVIBASE-D3C190C7,Phaenicophilus poliocephalus,Phaenicophilus poliocephalus,Phaenicophilus poliocephalus
AVIBASE-C2AB74DB,Phaenostictus mcleannani,Phaenostictus mcleannani,Phaenostictus mcleannani
AVIBASE-F2D76F95,Phaeomyias murina,Phaeomyias murina,Phaeomyias murina
AVIBASE-3F1D228C,Phaeomyias tumbezana,Phaeomyias murina,Phaeomyias tumbezana
AVIBASE-7EE005BD,Phaethon aethereus,Phaethon aethereus,Phaethon aethereus
AVIBASE-1D07B501,Phaethon lepturus,Phaethon lepturus,Phaethon lepturus
AVIBASE-C412CD62,Phaethon rubricauda,Phaethon rubricauda,Phaethon rubricauda
AVIBASE-B5AA306A,Phaethornis aethopygus,Phaethornis aethopygus,Phaethornis longuemareus
AVIBASE-0636BA02,Phaethornis anthophilus,Phaethornis anthophilus,Phaethornis anthophilus
AVIBASE-BF1FDF21,Phaethornis atrimentalis,Phaethornis atrimentalis,Phaethornis atrimentalis
AVIBASE-F7DEB8B1,Phaethornis augusti,Phaethornis augusti,Phaethornis augusti
AVIBASE-A5F512AD,Phaethornis baroni,Phaethornis longirostris,Phaethornis longirostris
AVIBASE-D666062A,Phaethornis bourcieri,Phaethornis bourcieri,Phaethornis bourcieri
AVIBASE-8AB95776,Phaethornis eurynome,Phaethornis eurynome,Phaethornis eurynome
AVIBASE-8373BE52,Phaethornis griseogularis,Phaethornis griseogularis,Phaethornis griseogularis
AVIBASE-5C47DAE8,Phaethornis guy,Phaethornis guy,Phaethornis guy
AVIBASE-2FA996CE,Phaethornis hispidus,Phaethornis hispidus,Phaethornis hispidus
AVIBASE-6B680669,Phaethornis idaliae,Phaethornis idaliae,Phaethornis idaliae
AVIBASE-EB1D2D33,Phaethornis koepckeae,Phaethornis koepckeae,Phaethornis koepckeae
AVIBASE-273F3EBE,Phaethornis longirostris,Phaethornis longirostris,Phaethornis longirostris
AVIBASE-95CAE4C3,Phaethornis longuemareus,Phaethornis longuemareus,Phaethornis longuemareus
AVIBASE-7CD76C6B,Phaethornis major,Phaethornis bourcieri,Phaethornis bourcieri
AVIBASE-97C2A2A4,Phaethornis malaris,Phaethornis malaris,Phaethornis malaris
AVIBASE-64C06E6B,Phaethornis mexicanus,Phaethornis mexicanus,Phaethornis longirostris
AVIBASE-9397CA04,Phaethornis nattereri,Phaethornis nattereri,Phaethornis nattereri
AVIBASE-ACCDFD22,Phaethornis philippii,Phaethornis philippii,Phaethornis philippii
AVIBASE-FE15C28A,Phaethornis porcullae,Phaethornis griseogularis,Phaethornis griseogularis
AVIBASE-3338E424,Phaethornis pretrei,Phaethornis pretrei,Phaethornis pretrei
AVIBASE-1EAB2C48,Phaethornis ruber,Phaethornis ruber,Phaethornis ruber
AVIBASE-D7585C3D,Phaethornis rupurumii,Phaethornis rupurumii,Phaethornis rupurumii
AVIBASE-B9A214AC,Phaethornis squalidus,Phaethornis squalidus,Phaethornis squalidus
AVIBASE-2FF56FC2,Phaethornis striigularis,Phaethornis striigularis,Phaethornis striigularis
AVIBASE-98F9AA07,Phaethornis stuarti,Phaethornis stuarti,Phaethornis stuarti
AVIBASE-4D3CD91A,Phaethornis subochraceus,Phaethornis subochraceus,Phaethornis subochraceus
AVIBASE-0F0B7973,Phaethornis superciliosus,Phaethornis superciliosus,Phaethornis superciliosus
AVIBASE-F8E58273,Phaethornis syrmatophorus,Phaethornis syrmatophorus,Phaethornis syrmatophorus
AVIBASE-0D34BFF1,Phaethornis yaruqui,Phaethornis yaruqui,Phaethornis yaruqui
AVIBASE-C3C30D03,Phaetusa simplex,Phaetusa simplex,Phaetusa simplex
AVIBASE-BD929CBC,Phainopepla nitens,Phainopepla nitens,Phainopepla nitens
AVIBASE-2AF8DBBD,Phainoptila melanoxantha,Phainoptila melanoxantha,Phainoptila melanoxantha
AVIBASE-AE61BF48,Phalacrocorax capensis,Phalacrocorax capensis,Phalacrocorax capensis
AVIBASE-EF2F3A05,Phalacrocorax capillatus,Phalacrocorax capillatus,Phalacrocorax capillatus
AVIBASE-3DF5C587,Phalacrocorax carbo,Phalacrocorax carbo,Phalacrocorax carbo
AVIBASE-5B0295B2,Phalacrocorax featherstoni,Phalacrocorax featherstoni,Phalacrocorax featherstoni
AVIBASE-100C8781,Phalacrocorax fuscescens,Phalacrocorax fuscescens,Phalacrocorax fuscescens
AVIBASE-2D189E70,Phalacrocorax fuscicollis,Phalacrocorax fuscicollis,Phalacrocorax fuscicollis
AVIBASE-37D2AC51,Phalacrocorax neglectus,Phalacrocorax neglectus,Phalacrocorax neglectus
AVIBASE-7947E603,Phalacrocorax nigrogularis,Phalacrocorax nigrogularis,Phalacrocorax nigrogularis
AVIBASE-CB10D093,Phalacrocorax punctatus,Phalacrocorax punctatus,Phalacrocorax punctatus
AVIBASE-DA51102A,Phalacrocorax sulcirostris,Phalacrocorax sulcirostris,Phalacrocorax sulcirostris
AVIBASE-E5FAABD0,Phalacrocorax varius,Phalacrocorax varius,Phalacrocorax varius
AVIBASE-D621FFC6,Phalaenoptilus nuttallii,Phalaenoptilus nuttallii,Phalaenoptilus nuttallii
AVIBASE-18A19380,Phalaropus fulicarius,Phalaropus fulicarius,Phalaropus fulicarius
AVIBASE-E6F3BA54,Phalaropus lobatus,Phalaropus lobatus,Phalaropus lobatus
AVIBASE-51018EF4,Phalcoboenus albogularis,Phalcoboenus albogularis,Phalcoboenus albogularis
AVIBASE-7D9FC709,Phalcoboenus australis,Phalcoboenus australis,Phalcoboenus australis
AVIBASE-4E716ECB,Phalcoboenus carunculatus,Phalcoboenus carunculatus,Phalcoboenus carunculatus
AVIBASE-919D7CD8,Phalcoboenus chimango,Milvago chimango,Milvago chimango
AVIBASE-736B022C,Phalcoboenus megalopterus,Phalcoboenus megalopterus,Phalcoboenus megalopterus
AVIBASE-A80D4FC6,Phapitreron amethystinus,Phapitreron amethystinus,Phapitreron amethystinus
AVIBASE-52286EF3,Phapitreron brevirostris,Phapitreron leucotis,Phapitreron leucotis
AVIBASE-43A48647,Phapitreron brunneiceps,Phapitreron brunneiceps,Phapitreron brunneiceps
AVIBASE-ADE5FE2C,Phapitreron cinereiceps,Phapitreron cinereiceps,Phapitreron cinereiceps
AVIBASE-DF9C629B,Phapitreron frontalis,Phapitreron amethystinus,Phapitreron amethystinus
AVIBASE-62F7778F,Phapitreron leucotis,Phapitreron leucotis,Phapitreron leucotis
AVIBASE-A8A5F2FC,Phapitreron maculipectus,Phapitreron amethystinus,Phapitreron amethystinus
AVIBASE-5B745F61,Phapitreron nigrorum,Phapitreron leucotis,Phapitreron leucotis
AVIBASE-8D30DDA6,Phaps chalcoptera,Phaps chalcoptera,Phaps chalcoptera
AVIBASE-020BE546,Phaps elegans,Phaps elegans,Phaps elegans
AVIBASE-9560088E,Phaps histrionica,Phaps histrionica,Phaps histrionica
AVIBASE-A968CFA7,Pharomachrus antisianus,Pharomachrus antisianus,Pharomachrus antisianus
AVIBASE-BD445FFB,Pharomachrus auriceps,Pharomachrus auriceps,Pharomachrus auriceps
AVIBASE-A3896AE9,Pharomachrus fulgidus,Pharomachrus fulgidus,Pharomachrus fulgidus
AVIBASE-1F414281,Pharomachrus mocinno,Pharomachrus mocinno,Pharomachrus mocinno
AVIBASE-020537E1,Pharomachrus pavoninus,Pharomachrus pavoninus,Pharomachrus pavoninus
AVIBASE-2FA39DCD,Phasianus colchicus,Phasianus colchicus,Phasianus colchicus
AVIBASE-22C500C0,Phasianus versicolor,Phasianus colchicus,Phasianus versicolor
AVIBASE-6C7BEEC6,Phedina borbonica,Phedina borbonica,Phedina borbonica
AVIBASE-118ACEB7,Phedinopsis brazzae,Phedina brazzae,Phedina brazzae
AVIBASE-0BFE075B,Phegornis mitchellii,Phegornis mitchellii,Phegornis mitchellii
AVIBASE-A9828586,Phelpsia inornata,Phelpsia inornata,Phelpsia inornatus
AVIBASE-488CD1D8,Pheucticus aureoventris,Pheucticus aureoventris,Pheucticus aureoventris
AVIBASE-B653A80B,Pheucticus chrysogaster,Pheucticus chrysogaster,Pheucticus chrysogaster
AVIBASE-F600592A,Pheucticus chrysopeplus,Pheucticus chrysopeplus,Pheucticus chrysopeplus
AVIBASE-7C2FCB13,Pheucticus ludovicianus,Pheucticus ludovicianus,Pheucticus ludovicianus
AVIBASE-824361E5,Pheucticus melanocephalus,Pheucticus melanocephalus,Pheucticus melanocephalus
AVIBASE-88213AF2,Pheucticus tibialis,Pheucticus tibialis,Pheucticus tibialis
AVIBASE-2258FAE9,Pheugopedius atrogularis,Pheugopedius atrogularis,Thryothorus atrogularis
AVIBASE-E9CB2D0D,Pheugopedius columbianus,Pheugopedius sclateri,Thryothorus sclateri
AVIBASE-FB669B0D,Pheugopedius coraya,Pheugopedius coraya,Thryothorus coraya
AVIBASE-09EBF75E,Pheugopedius eisenmanni,Pheugopedius eisenmanni,Thryothorus eisenmanni
AVIBASE-B24D2A00,Pheugopedius euophrys,Pheugopedius euophrys,Thryothorus euophrys
AVIBASE-9335AB39,Pheugopedius fasciatoventris,Pheugopedius fasciatoventris,Thryothorus fasciatoventris
AVIBASE-5F71C217,Pheugopedius felix,Pheugopedius felix,Thryothorus felix
AVIBASE-5D5C6D51,Pheugopedius genibarbis,Pheugopedius genibarbis,Thryothorus genibarbis
AVIBASE-18253ACC,Pheugopedius maculipectus,Pheugopedius maculipectus,Thryothorus maculipectus
AVIBASE-A5AADBF7,Pheugopedius mystacalis,Pheugopedius mystacalis,Thryothorus mystacalis
AVIBASE-2A489303,Pheugopedius paucimaculatus,Pheugopedius sclateri,Thryothorus sclateri
AVIBASE-13450F63,Pheugopedius rutilus,Pheugopedius rutilus,Thryothorus rutilus
AVIBASE-92A6502D,Pheugopedius schulenbergi,Pheugopedius euophrys,Thryothorus euophrys
AVIBASE-E9B8A81C,Pheugopedius sclateri,Pheugopedius sclateri,Thryothorus sclateri
AVIBASE-123847EA,Pheugopedius spadix,Pheugopedius spadix,Thryothorus spadix
AVIBASE-B5B3D9A7,Phibalura boliviana,Phibalura flavirostris,Phibalura flavirostris
AVIBASE-64133581,Phibalura flavirostris,Phibalura flavirostris,Phibalura flavirostris
AVIBASE-5F807D3C,Phigys solitarius,Vini solitarius,Phigys solitarius
AVIBASE-DAD1050F,Philemon albitorques,Philemon albitorques,Philemon albitorques
AVIBASE-54042625,Philemon argenticeps,Philemon argenticeps,Philemon argenticeps
AVIBASE-35B1D549,Philemon brassi,Philemon brassi,Philemon brassi
AVIBASE-9EDE54C8,Philemon buceroides,Philemon buceroides,Philemon novaeguineae
AVIBASE-9EDE54C8,Philemon buceroides,Philemon buceroides,Philemon buceroides
AVIBASE-A8A2AE86,Philemon citreogularis,Philemon citreogularis,Philemon citreogularis
AVIBASE-8B30AF0C,Philemon cockerelli,Philemon cockerelli,Philemon cockerelli
AVIBASE-6AD860B6,Philemon corniculatus,Philemon corniculatus,Philemon corniculatus
AVIBASE-44D2690A,Philemon diemenensis,Philemon diemenensis,Philemon diemenensis
AVIBASE-92F2C662,Philemon eichhorni,Philemon eichhorni,Philemon eichhorni
AVIBASE-FAAC2F6A,Philemon fuscicapillus,Philemon fuscicapillus,Philemon fuscicapillus
AVIBASE-2F4D34AB,Philemon inornatus,Philemon inornatus,Philemon inornatus
AVIBASE-372AFBF8,Philemon kisserensis,Philemon kisserensis,Philemon kisserensis
AVIBASE-E6D08CA4,Philemon meyeri,Philemon meyeri,Philemon meyeri
AVIBASE-FDBFA772,Philemon moluccensis,Philemon moluccensis,Philemon moluccensis
AVIBASE-BB8D13A9,Philemon plumigenis,Philemon plumigenis,Philemon moluccensis
AVIBASE-479CACC3,Philemon subcorniculatus,Philemon subcorniculatus,Philemon subcorniculatus
AVIBASE-B4722276,Philentoma pyrhoptera,Philentoma pyrhoptera,Philentoma pyrhoptera
AVIBASE-5D96E28C,Philentoma velata,Philentoma velata,Philentoma velata
AVIBASE-90A9B4AC,Philepitta castanea,Philepitta castanea,Philepitta castanea
AVIBASE-C0927887,Philepitta schlegeli,Philepitta schlegeli,Philepitta schlegeli
AVIBASE-FED78DF7,Philesturnus carunculatus,Philesturnus carunculatus,Philesturnus carunculatus
AVIBASE-431D32F7,Philesturnus rufusater,Philesturnus rufusater,Philesturnus carunculatus
AVIBASE-7799DC8B,Philetairus socius,Philetairus socius,Philetairus socius
AVIBASE-5B0BE8AD,Philohydor lictor,Pitangus lictor,Pitangus lictor
AVIBASE-4DE41E52,Philortyx fasciatus,Philortyx fasciatus,Philortyx fasciatus
AVIBASE-1BE0A8B1,Philydor atricapillus,Philydor atricapillus,Philydor atricapillus
AVIBASE-D4E8559F,Philydor erythrocercum,Philydor erythrocercum,Philydor erythrocercum
AVIBASE-74802DF9,Philydor erythropterum,Dendroma erythroptera,Philydor erythropterum
AVIBASE-C1A0DE39,Philydor fuscipenne,Philydor fuscipenne,Philydor fuscipenne
AVIBASE-6CCCB10A,Philydor novaesi,Philydor novaesi,Philydor novaesi
AVIBASE-0ADC0218,Philydor pyrrhodes,Philydor pyrrhodes,Philydor pyrrhodes
AVIBASE-A9CCA8B6,Philydor rufum,Dendroma rufa,Philydor rufum
AVIBASE-89289A1D,Phimosus infuscatus,Phimosus infuscatus,Phimosus infuscatus
AVIBASE-1154B900,Phlegopsis borbae,Phlegopsis borbae,Skutchia borbae
AVIBASE-17870D49,Phlegopsis erythroptera,Phlegopsis erythroptera,Phlegopsis erythroptera
AVIBASE-6FC078E5,Phlegopsis nigromaculata,Phlegopsis nigromaculata,Phlegopsis nigromaculata
AVIBASE-769104DC,Phleocryptes melanops,Phleocryptes melanops,Phleocryptes melanops
AVIBASE-BDFF6CEB,Phlogophilus harterti,Phlogophilus harterti,Phlogophilus harterti
AVIBASE-F231A8EA,Phlogophilus hemileucurus,Phlogophilus hemileucurus,Phlogophilus hemileucurus
AVIBASE-D5D7DE60,Phodilus assimilis,Phodilus assimilis,Phodilus badius
AVIBASE-F14E4D45,Phodilus badius,Phodilus badius,Phodilus badius
AVIBASE-07C0389D,Phodilus prigoginei,Phodilus prigoginei,Phodilus prigoginei
AVIBASE-B5565AD8,Phoebastria albatrus,Phoebastria albatrus,Phoebastria albatrus
AVIBASE-98FB6D4B,Phoebastria immutabilis,Phoebastria immutabilis,Phoebastria immutabilis
AVIBASE-1BC289CB,Phoebastria irrorata,Phoebastria irrorata,Phoebastria irrorata
AVIBASE-EE8ECB1D,Phoebastria nigripes,Phoebastria nigripes,Phoebastria nigripes
AVIBASE-4976BF1D,Phoebetria fusca,Phoebetria fusca,Phoebetria fusca
AVIBASE-1819ECCE,Phoebetria palpebrata,Phoebetria palpebrata,Phoebetria palpebrata
AVIBASE-8AA20D56,Phoenicircus carnifex,Phoenicircus carnifex,Phoenicircus carnifex
AVIBASE-34A7416A,Phoenicircus nigricollis,Phoenicircus nigricollis,Phoenicircus nigricollis
AVIBASE-B06A9079,Phoeniconaias minor,Phoeniconaias minor,Phoeniconaias minor
AVIBASE-F85B3F92,Phoenicoparrus andinus,Phoenicoparrus andinus,Phoenicoparrus andinus
AVIBASE-5E41A832,Phoenicoparrus jamesi,Phoenicoparrus jamesi,Phoenicoparrus jamesi
AVIBASE-4F28673C,Phoenicopterus chilensis,Phoenicopterus chilensis,Phoenicopterus chilensis
AVIBASE-0F9B5174,Phoenicopterus roseus,Phoenicopterus roseus,Phoenicopterus roseus
AVIBASE-E3FF6313,Phoenicopterus ruber,Phoenicopterus ruber,Phoenicopterus ruber
AVIBASE-D1FFB474,Phoeniculus bollei,Phoeniculus bollei,Phoeniculus bollei
AVIBASE-76FAC9A5,Phoeniculus damarensis,Phoeniculus damarensis,Phoeniculus damarensis
AVIBASE-28CACA8F,Phoeniculus purpureus,Phoeniculus purpureus,Phoeniculus purpureus
AVIBASE-68A80086,Phoeniculus somaliensis,Phoeniculus somaliensis,Phoeniculus somaliensis
AVIBASE-40DEDD83,Phoenicurus alaschanicus,Phoenicurus alaschanicus,Phoenicurus alaschanicus
AVIBASE-E859E499,Phoenicurus auroreus,Phoenicurus auroreus,Phoenicurus auroreus
AVIBASE-4DB42DF9,Phoenicurus bicolor,Phoenicurus bicolor,Rhyacornis bicolor
AVIBASE-DDD9AFC2,Phoenicurus coeruleocephala,Phoenicurus coeruleocephala,Phoenicurus caeruleocephala
AVIBASE-3B01E171,Phoenicurus erythrogastrus,Phoenicurus erythrogastrus,Phoenicurus erythrogastrus
AVIBASE-03E448A1,Phoenicurus erythronotus,Phoenicurus erythronotus,Phoenicurus erythronotus
AVIBASE-F6732792,Phoenicurus frontalis,Phoenicurus frontalis,Phoenicurus frontalis
AVIBASE-1850B440,Phoenicurus fuliginosus,Phoenicurus fuliginosus,Rhyacornis fuliginosa
AVIBASE-015533E2,Phoenicurus hodgsoni,Phoenicurus hodgsoni,Phoenicurus hodgsoni
AVIBASE-D2E75830,Phoenicurus leucocephalus,Phoenicurus leucocephalus,Chaimarrornis leucocephalus
AVIBASE-7A8D10C0,Phoenicurus moussieri,Phoenicurus moussieri,Phoenicurus moussieri
AVIBASE-612B5C24,Phoenicurus ochruros,Phoenicurus ochruros,Phoenicurus ochruros
AVIBASE-06DD9D95,Phoenicurus phoenicurus,Phoenicurus phoenicurus,Phoenicurus phoenicurus
AVIBASE-B28F28BC,Phoenicurus schisticeps,Phoenicurus schisticeps,Phoenicurus schisticeps
AVIBASE-D6F2837E,Pholia sharpii,Pholia sharpii,Cinnyricinclus sharpii
AVIBASE-798648B9,Pholidornis rushiae,Pholidornis rushiae,Pholidornis rushiae
AVIBASE-6A8C578A,Phonipara canora,Phonipara canora,Tiaris canorus
AVIBASE-2B543348,Phonygammus keraudrenii,Phonygammus keraudrenii,Manucodia keraudrenii
AVIBASE-23670191,Phragmacia substriata,Phragmacia substriata,Phragmacia substriata
AVIBASE-EFF9D06A,Phrygilus atriceps,Phrygilus atriceps,Phrygilus atriceps
AVIBASE-453C47FD,Phrygilus gayi,Phrygilus gayi,Phrygilus gayi
AVIBASE-107D1380,Phrygilus patagonicus,Phrygilus patagonicus,Phrygilus patagonicus
AVIBASE-3AEE36D0,Phrygilus punensis,Phrygilus punensis,Phrygilus punensis
AVIBASE-F7513719,Phylidonyris niger,Phylidonyris niger,Phylidonyris niger
AVIBASE-DF9A1A25,Phylidonyris novaehollandiae,Phylidonyris novaehollandiae,Phylidonyris novaehollandiae
AVIBASE-220D80CB,Phylidonyris pyrrhopterus,Phylidonyris pyrrhopterus,Phylidonyris pyrrhopterus
AVIBASE-0B46DD95,Phyllaemulor bracteatus,Nyctibius bracteatus,Nyctibius bracteatus
AVIBASE-0179C599,Phyllanthus atripennis,Turdoides atripennis,Phyllanthus atripennis
AVIBASE-B79B29C4,Phyllanthus bohndorffi,Turdoides atripennis,Phyllanthus atripennis
AVIBASE-60C54BA1,Phyllanthus rubiginosus,Turdoides atripennis,Phyllanthus atripennis
AVIBASE-CEE94E55,Phyllastrephus albigula,Phyllastrephus albigula,Phyllastrephus debilis
AVIBASE-7927D0DD,Phyllastrephus albigularis,Phyllastrephus albigularis,Phyllastrephus albigularis
AVIBASE-D5A35997,Phyllastrephus baumanni,Phyllastrephus baumanni,Phyllastrephus baumanni
AVIBASE-24F71192,Phyllastrephus cabanisi,Phyllastrephus cabanisi,Phyllastrephus cabanisi
AVIBASE-7CE29E0E,Phyllastrephus cerviniventris,Phyllastrephus cerviniventris,Phyllastrephus cerviniventris
AVIBASE-FA137697,Phyllastrephus debilis,Phyllastrephus debilis,Phyllastrephus debilis
AVIBASE-2DA2C52F,Phyllastrephus fischeri,Phyllastrephus fischeri,Phyllastrephus fischeri
AVIBASE-651384DF,Phyllastrephus flavostriatus,Phyllastrephus flavostriatus,Phyllastrephus flavostriatus
AVIBASE-146387FC,Phyllastrephus fulviventris,Phyllastrephus fulviventris,Phyllastrephus fulviventris
AVIBASE-2E3D5AAF,Phyllastrephus hypochloris,Phyllastrephus hypochloris,Phyllastrephus hypochloris
AVIBASE-DD741082,Phyllastrephus icterinus,Phyllastrephus icterinus,Phyllastrephus leucolepis
AVIBASE-DD741082,Phyllastrephus icterinus,Phyllastrephus icterinus,Phyllastrephus icterinus
AVIBASE-4B94ECF0,Phyllastrephus lorenzi,Phyllastrephus lorenzi,Phyllastrephus lorenzi
AVIBASE-B6EA8FA2,Phyllastrephus poensis,Phyllastrephus poensis,Phyllastrephus poensis
AVIBASE-04A5B0F9,Phyllastrephus poliocephalus,Phyllastrephus poliocephalus,Phyllastrephus poliocephalus
AVIBASE-29820AD9,Phyllastrephus strepitans,Phyllastrephus strepitans,Phyllastrephus strepitans
AVIBASE-07FD1D4C,Phyllastrephus terrestris,Phyllastrephus terrestris,Phyllastrephus terrestris
AVIBASE-C47F378C,Phyllastrephus viridiceps,Phyllastrephus albigularis,Phyllastrephus albigularis
AVIBASE-1D1C9EDA,Phyllastrephus xavieri,Phyllastrephus xavieri,Phyllastrephus xavieri
AVIBASE-39C48CCA,Phyllergates cucullatus,Phyllergates cucullatus,Orthotomus cuculatus
AVIBASE-CB0748F4,Phyllergates heterolaemus,Phyllergates heterolaemus,Orthotomus heterolaemus
AVIBASE-DFC5A27D,Phyllolais pulchella,Phyllolais pulchella,Phyllolais pulchella
AVIBASE-F61CF239,Phyllomyias burmeisteri,Phyllomyias burmeisteri,Phyllomyias burmeisteri
AVIBASE-68EA03E8,Phyllomyias cinereiceps,Phyllomyias cinereiceps,Phyllomyias cinereiceps
AVIBASE-EAD28B9F,Phyllomyias fasciatus,Phyllomyias fasciatus,Phyllomyias fasciatus
AVIBASE-54373895,Phyllomyias griseiceps,Phyllomyias griseiceps,Phyllomyias griseiceps
AVIBASE-4EE55690,Phyllomyias griseocapilla,Phyllomyias griseocapilla,Phyllomyias griseocapilla
AVIBASE-52BBDAD6,Phyllomyias nigrocapillus,Phyllomyias nigrocapillus,Phyllomyias nigrocapillus
AVIBASE-9501B20C,Phyllomyias plumbeiceps,Phyllomyias plumbeiceps,Phyllomyias plumbeiceps
AVIBASE-FF3533CF,Phyllomyias reiseri,Phyllomyias reiseri,Phyllomyias reiseri
AVIBASE-0C78B9BD,Phyllomyias sclateri,Phyllomyias sclateri,Phyllomyias sclateri
AVIBASE-42B683D1,Phyllomyias urichi,Phyllomyias urichi,Phyllomyias urichi
AVIBASE-CE406BCB,Phyllomyias uropygialis,Phyllomyias uropygialis,Phyllomyias uropygialis
AVIBASE-EF42C6C6,Phyllomyias virescens,Phyllomyias virescens,Phyllomyias virescens
AVIBASE-2BB17633,Phyllomyias weedeni,Phyllomyias weedeni,Phyllomyias weedeni
AVIBASE-86DEA2A6,Phyllomyias zeledoni,Phyllomyias burmeisteri,Phyllomyias zeledoni
AVIBASE-E7EEE08D,Phyllomyias zeledoni,Phyllomyias burmeisteri,Phyllomyias zeledoni
AVIBASE-F6C138EF,Phylloscartes beckeri,Phylloscartes beckeri,Phylloscartes beckeri
AVIBASE-E7BECBF1,Phylloscartes ceciliae,Phylloscartes ceciliae,Phylloscartes ceciliae
AVIBASE-E2C97418,Phylloscartes difficilis,Phylloscartes difficilis,Phylloscartes difficilis
AVIBASE-7AA4B39B,Phylloscartes flaviventris,Phylloscartes flaviventris,Phylloscartes flaviventris
AVIBASE-A9D39709,Phylloscartes flavovirens,Phylloscartes flavovirens,Phylloscartes flavovirens
AVIBASE-4618EFE9,Phylloscartes gualaquizae,Phylloscartes gualaquizae,Phylloscartes gualaquizae
AVIBASE-97DCD1A5,Phylloscartes kronei,Phylloscartes kronei,Phylloscartes kronei
AVIBASE-52DFC50E,Phylloscartes nigrifrons,Phylloscartes nigrifrons,Phylloscartes nigrifrons
AVIBASE-32A18E56,Phylloscartes oustaleti,Phylloscartes oustaleti,Phylloscartes oustaleti
AVIBASE-00DDD5CE,Phylloscartes parkeri,Phylloscartes parkeri,Phylloscartes parkeri
AVIBASE-2A9B45E1,Phylloscartes paulista,Phylloscartes paulista,Phylloscartes paulista
AVIBASE-34B5008C,Phylloscartes roquettei,Phylloscartes roquettei,Phylloscartes roquettei
AVIBASE-DD6FEA78,Phylloscartes superciliaris,Phylloscartes superciliaris,Phylloscartes superciliaris
AVIBASE-478AB66D,Phylloscartes sylviolus,Phylloscartes sylviolus,Phylloscartes sylviolus
AVIBASE-C5957BA1,Phylloscartes ventralis,Phylloscartes ventralis,Phylloscartes ventralis
AVIBASE-D7F10E84,Phylloscartes virescens,Phylloscartes virescens,Phylloscartes virescens
AVIBASE-E0C31BA6,Phylloscopus affinis,Phylloscopus affinis,Phylloscopus affinis
AVIBASE-E0C31BA6,Phylloscopus affinis,NA,Phylloscopus affinis
AVIBASE-0480ACAC,Phylloscopus amoenus,Phylloscopus amoenus,Phylloscopus amoenus
AVIBASE-B763DEC5,Phylloscopus armandii,Phylloscopus armandii,Phylloscopus armandii
AVIBASE-C00674ED,Phylloscopus bonelli,Phylloscopus bonelli,Phylloscopus bonelli
AVIBASE-ECFC7E6C,Phylloscopus borealis,Phylloscopus borealis,Phylloscopus borealis
AVIBASE-21AA0D1D,Phylloscopus borealoides,Phylloscopus borealoides,Phylloscopus borealoides
AVIBASE-132E0773,Phylloscopus budongoensis,Phylloscopus budongoensis,Phylloscopus budongoensis
AVIBASE-D83BD358,Phylloscopus burkii,Phylloscopus burkii,Seicercus burkii
AVIBASE-C24A5DDC,Phylloscopus calciatilis,Phylloscopus calciatilis,NA
AVIBASE-AAD30068,Phylloscopus canariensis,Phylloscopus canariensis,Phylloscopus canariensis
AVIBASE-758EC511,Phylloscopus cantator,Phylloscopus cantator,Phylloscopus cantator
AVIBASE-F1DD5495,Phylloscopus castaniceps,Phylloscopus castaniceps,Seicercus castaniceps
AVIBASE-6CD6A624,Phylloscopus cebuensis,Phylloscopus cebuensis,Phylloscopus cebuensis
AVIBASE-5D488808,Phylloscopus chloronotus,Phylloscopus chloronotus,Phylloscopus chloronotus
AVIBASE-0B7734A6,Phylloscopus claudiae,Phylloscopus claudiae,Phylloscopus claudiae
AVIBASE-458C8CBE,Phylloscopus collybita,Phylloscopus collybita,Phylloscopus collybita
AVIBASE-2D272F5A,Phylloscopus coronatus,Phylloscopus coronatus,Phylloscopus coronatus
AVIBASE-FFD86E74,Phylloscopus emeiensis,Phylloscopus emeiensis,Phylloscopus emeiensis
AVIBASE-90C6C0C9,Phylloscopus emilsalimi,Phylloscopus poliocephalus,NA
AVIBASE-CF467708,Phylloscopus examinandus,Phylloscopus examinandus,Phylloscopus borealis
AVIBASE-75889921,Phylloscopus forresti,Phylloscopus forresti,Phylloscopus forresti
AVIBASE-54BE5060,Phylloscopus fuligiventer,Phylloscopus fuligiventer,Phylloscopus fuligiventer
AVIBASE-96819591,Phylloscopus fuscatus,Phylloscopus fuscatus,Phylloscopus fuscatus
AVIBASE-C1BD4698,Phylloscopus goodsoni,Phylloscopus goodsoni,Phylloscopus goodsoni
AVIBASE-4534CB0D,Phylloscopus grammiceps,Phylloscopus grammiceps,Seicercus grammiceps
AVIBASE-37DD095F,Phylloscopus griseolus,Phylloscopus griseolus,Phylloscopus griseolus
AVIBASE-EFE75F2E,Phylloscopus hainanus,Phylloscopus hainanus,Phylloscopus hainanus
AVIBASE-7CECD0FB,Phylloscopus herberti,Phylloscopus herberti,Phylloscopus herberti
AVIBASE-BC391A83,Phylloscopus humei,Phylloscopus humei,Phylloscopus humei
AVIBASE-12EE678E,Phylloscopus ibericus,Phylloscopus ibericus,Phylloscopus ibericus
AVIBASE-87D743DD,Phylloscopus ijimae,Phylloscopus ijimae,Phylloscopus ijimae
AVIBASE-0C120038,Phylloscopus inornatus,Phylloscopus inornatus,Phylloscopus inornatus
AVIBASE-81E5B0CF,Phylloscopus intensior,Phylloscopus intensior,Phylloscopus davisoni
AVIBASE-1B17E3C3,Phylloscopus intermedius,Phylloscopus intermedius,Seicercus affinis
AVIBASE-D234BA9D,Phylloscopus kansuensis,Phylloscopus kansuensis,Phylloscopus kansuensis
AVIBASE-A75DF142,Phylloscopus laetus,Phylloscopus laetus,Phylloscopus laetus
AVIBASE-A10F5F87,Phylloscopus laurae,Phylloscopus laurae,Phylloscopus laurae
AVIBASE-E3DFBF9B,Phylloscopus maculipennis,Phylloscopus maculipennis,Phylloscopus maculipennis
AVIBASE-E25490A1,Phylloscopus maforensis,Phylloscopus maforensis,Phylloscopus poliocephalus
AVIBASE-C31573A5,Phylloscopus magnirostris,Phylloscopus magnirostris,Phylloscopus magnirostris
AVIBASE-0BD8476A,Phylloscopus misoriensis,Phylloscopus misoriensis,Phylloscopus poliocephalus
AVIBASE-1AFEC004,Phylloscopus montis,Phylloscopus montis,Seicercus montis
AVIBASE-116192F7,Phylloscopus neglectus,Phylloscopus neglectus,Phylloscopus neglectus
AVIBASE-3542C46B,Phylloscopus nitidus,Phylloscopus nitidus,Phylloscopus nitidus
AVIBASE-9517BF86,Phylloscopus occipitalis,Phylloscopus occipitalis,Phylloscopus occipitalis
AVIBASE-36A98202,Phylloscopus ogilviegranti,Phylloscopus ogilviegranti,Phylloscopus ogilviegranti
AVIBASE-A80ACEA2,Phylloscopus olivaceus,Phylloscopus olivaceus,Phylloscopus olivaceus
AVIBASE-86B50297,Phylloscopus omeiensis,Phylloscopus omeiensis,Seicercus omeiensis
AVIBASE-666F9FC9,Phylloscopus orientalis,Phylloscopus orientalis,Phylloscopus orientalis
AVIBASE-38C788AE,Phylloscopus plumbeitarsus,Phylloscopus plumbeitarsus,Phylloscopus trochiloides
AVIBASE-3E0F39AF,Phylloscopus poliocephalus,Phylloscopus makirensis,Phylloscopus makirensis
AVIBASE-E786627E,Phylloscopus poliocephalus,Phylloscopus poliocephalus,Phylloscopus poliocephalus
AVIBASE-C8AB31F2,Phylloscopus poliogenys,Phylloscopus poliogenys,Seicercus poliogenys
AVIBASE-789702E0,Phylloscopus presbytes,Phylloscopus presbytes,Phylloscopus presbytes
AVIBASE-943E36CA,Phylloscopus proregulus,Phylloscopus proregulus,Phylloscopus proregulus
AVIBASE-56F0521E,Phylloscopus pulcher,Phylloscopus pulcher,Phylloscopus pulcher
AVIBASE-1219F329,Phylloscopus reguloides,Phylloscopus reguloides,Phylloscopus reguloides
AVIBASE-93C31E93,Phylloscopus ricketti,Phylloscopus ricketti,Phylloscopus ricketti
AVIBASE-9D5FE97B,Phylloscopus rotiensis,Phylloscopus rotiensis,Phylloscopus presbytes
AVIBASE-F6B77E64,Phylloscopus ruficapilla,Phylloscopus ruficapilla,Phylloscopus ruficapilla
AVIBASE-34C3A112,Phylloscopus sarasinorum,Phylloscopus sarasinorum,Phylloscopus sarasinorum
AVIBASE-9A536399,Phylloscopus schwarzi,Phylloscopus schwarzi,Phylloscopus schwarzi
AVIBASE-572C4C7F,Phylloscopus sibilatrix,Phylloscopus sibilatrix,Phylloscopus sibilatrix
AVIBASE-F05BA180,Phylloscopus sindianus,Phylloscopus sindianus,Phylloscopus sindianus
AVIBASE-65EA17D9,Phylloscopus soror,Phylloscopus soror,Seicercus soror
AVIBASE-362F86E4,Phylloscopus suaramerdu,Phylloscopus poliocephalus,NA
AVIBASE-CACE0EBE,Phylloscopus subaffinis,Phylloscopus subaffinis,Phylloscopus subaffinis
AVIBASE-3827F740,Phylloscopus subviridis,Phylloscopus subviridis,Phylloscopus subviridis
AVIBASE-97638612,Phylloscopus sumatrensis,Phylloscopus grammiceps,Seicercus grammiceps
AVIBASE-D0FA2385,Phylloscopus tenellipes,Phylloscopus tenellipes,Phylloscopus tenellipes
AVIBASE-5ED14FEA,Phylloscopus tephrocephalus,Phylloscopus tephrocephalus,Seicercus tephrocephalus
AVIBASE-B7173913,Phylloscopus tristis,Phylloscopus collybita,Phylloscopus collybita
AVIBASE-6CDC4FFC,Phylloscopus trivirgatus,Phylloscopus trivirgatus,Phylloscopus trivirgatus
AVIBASE-23EF1BD9,Phylloscopus trochiloides,Phylloscopus trochiloides,Phylloscopus trochiloides
AVIBASE-88F4B969,Phylloscopus trochilus,Phylloscopus trochilus,Phylloscopus trochilus
AVIBASE-EA9942E7,Phylloscopus tytleri,Phylloscopus tytleri,Phylloscopus tytleri
AVIBASE-E22B8495,Phylloscopus umbrovirens,Phylloscopus umbrovirens,Phylloscopus umbrovirens
AVIBASE-6A26566D,Phylloscopus valentini,Phylloscopus valentini,Seicercus valentini
AVIBASE-6011D298,Phylloscopus whistleri,Phylloscopus whistleri,Seicercus whistleri
AVIBASE-C794AF7E,Phylloscopus xanthodryas,Phylloscopus xanthodryas,Phylloscopus borealis
AVIBASE-AA897420,Phylloscopus xanthoschistos,Phylloscopus xanthoschistos,Phylloscopus xanthoschistos
AVIBASE-5A696583,Phylloscopus yunnanensis,Phylloscopus yunnanensis,Phylloscopus yunnanensis
AVIBASE-0251A809,Phytotoma raimondii,Phytotoma raimondii,Phytotoma raimondii
AVIBASE-D0CCD452,Phytotoma rara,Phytotoma rara,Phytotoma rara
AVIBASE-D4C50D3B,Phytotoma rutila,Phytotoma rutila,Phytotoma rutila
AVIBASE-6AA111B5,Piaya cayana,Piaya cayana,Piaya cayana
AVIBASE-1AE8B7CD,Piaya melanogaster,Piaya melanogaster,Piaya melanogaster
AVIBASE-239A7DE6,Piaya mexicana,Piaya cayana,Piaya cayana
AVIBASE-381534F5,Pica asirensis,Pica asirensis,Pica pica
AVIBASE-640D71AA,Pica hudsonia,Pica hudsonia,Pica hudsonia
AVIBASE-3FA7E460,Pica mauritanica,Pica mauritanica,Pica pica
AVIBASE-538A9CA7,Pica nutalli,Pica nuttalli,Pica nuttalli
AVIBASE-FBBBA943,Pica pica,Pica pica,Pica pica
AVIBASE-45E78660,Pica pica,NA,Pica pica
AVIBASE-30365337,Picathartes gymnocephalus,Picathartes gymnocephalus,Picathartes gymnocephalus
AVIBASE-C9B244E1,Picathartes oreas,Picathartes oreas,Picathartes oreas
AVIBASE-6BDADC9C,Picoides arcticus,Picoides arcticus,Picoides arcticus
AVIBASE-5A4F2DF6,Picoides canicapillus,Yungipicus canicapillus,Dendrocopos canicapillus
AVIBASE-68A24A4D,Picoides funebris,Picoides tridactylus,Picoides tridactylus
AVIBASE-6347258A,Picoides kizuki,Yungipicus kizuki,Dendrocopos kizuki
AVIBASE-1A7D3F29,Picoides maculatus,Yungipicus maculatus,Dendrocopos maculatus
AVIBASE-BAC6337B,Picoides moluccensis,Yungipicus moluccensis,Dendrocopos moluccensis
AVIBASE-DB8E1EC2,Picoides nanus,Yungipicus nanus,Dendrocopos nanus
AVIBASE-8AEE3731,Picoides ramsayi,Yungipicus ramsayi,Dendrocopos ramsayi
AVIBASE-4FDB8D83,Picoides temminckii,Yungipicus temminckii,Dendrocopos temminckii
AVIBASE-05B8A4F1,Picoides tridactylus,Picoides tridactylus,Picoides tridactylus
AVIBASE-6D2680D0,Picoides tridactylus,Picoides dorsalis,Picoides dorsalis
AVIBASE-00CCDD79,Piculus aurulentus,Piculus aurulentus,Piculus aurulentus
AVIBASE-5C2BF5D0,Piculus callopterus,Piculus callopterus,Piculus callopterus
AVIBASE-3EB825D5,Piculus chrysochloros,Piculus chrysochloros,Piculus chrysochloros
AVIBASE-7DC1431E,Piculus flavigula,Piculus flavigula,Piculus flavigula
AVIBASE-B18AF355,Piculus leucolaemus,Piculus leucolaemus,Piculus leucolaemus
AVIBASE-276D7F5E,Piculus litae,Piculus litae,Piculus litae
AVIBASE-F68D8D7F,Piculus simplex,Piculus simplex,Piculus simplex
AVIBASE-5725BD3D,Picumnus albosquamatus,Picumnus albosquamatus,Picumnus albosquamatus
AVIBASE-5095CDB1,Picumnus aurifrons,Picumnus aurifrons,Picumnus aurifrons
AVIBASE-8F8E0C78,Picumnus castelnau,Picumnus castelnau,Picumnus castelnau
AVIBASE-5945045B,Picumnus cinnamomeus,Picumnus cinnamomeus,Picumnus cinnamomeus
AVIBASE-81D359BF,Picumnus cirratus,Picumnus cirratus,Picumnus cirratus
AVIBASE-4E4CAAFD,Picumnus dorbignyanus,Picumnus dorbignyanus,Picumnus dorbignyanus
AVIBASE-8D12FB60,Picumnus exilis,Picumnus exilis,Picumnus exilis
AVIBASE-482F119E,Picumnus fulvescens,Picumnus limae,Picumnus fulvescens
AVIBASE-A8A08F59,Picumnus fuscus,Picumnus fuscus,Picumnus fuscus
AVIBASE-2A87E89C,Picumnus granadensis,Picumnus granadensis,Picumnus granadensis
AVIBASE-2458C837,Picumnus innominatus,Picumnus innominatus,Picumnus innominatus
AVIBASE-53386238,Picumnus lafresnayi,Picumnus lafresnayi,Picumnus lafresnayi
AVIBASE-482F119E,Picumnus limae,Picumnus limae,Picumnus limae
AVIBASE-3E2A08BA,Picumnus minutissimus,Picumnus minutissimus,Picumnus minutissimus
AVIBASE-2F1E9B61,Picumnus nebulosus,Picumnus nebulosus,Picumnus nebulosus
AVIBASE-7C5E211B,Picumnus nigropunctatus,Picumnus squamulatus,Picumnus nigropunctatus
AVIBASE-B190788A,Picumnus olivaceus,Picumnus olivaceus,Picumnus olivaceus
AVIBASE-EF29D637,Picumnus pumilus,Picumnus pumilus,Picumnus pumilus
AVIBASE-13CA5483,Picumnus pygmaeus,Picumnus pygmaeus,Picumnus pygmaeus
AVIBASE-15C88984,Picumnus rufiventris,Picumnus rufiventris,Picumnus rufiventris
AVIBASE-1C0BC077,Picumnus sclateri,Picumnus sclateri,Picumnus sclateri
AVIBASE-58A28C6E,Picumnus spilogaster,Picumnus spilogaster,Picumnus spilogaster
AVIBASE-7C5E211B,Picumnus squamulatus,Picumnus squamulatus,Picumnus squamulatus
AVIBASE-2722C728,Picumnus steindachneri,Picumnus steindachneri,Picumnus steindachneri
AVIBASE-70C56ABF,Picumnus subtilis,Picumnus subtilis,Picumnus subtilis
AVIBASE-52B00F21,Picumnus temminckii,Picumnus temminckii,Picumnus temminckii
AVIBASE-1411CF3B,Picumnus varzeae,Picumnus varzeae,Picumnus varzeae
AVIBASE-F60C59CD,Picus awokera,Picus awokera,Picus awokera
AVIBASE-132636AC,Picus canus,Picus canus,Picus canus
AVIBASE-E9C639F2,Picus chlorolophus,Picus chlorolophus,Picus chlorolophus
AVIBASE-2C7043CD,Picus dedemi,Picus canus,Picus canus
AVIBASE-12CA8603,Picus erythropygius,Picus erythropygius,Picus erythropygius
AVIBASE-C81F1BCA,Picus guerini,Picus canus,Picus canus
AVIBASE-3425FAE7,Picus puniceus,Picus puniceus,Picus puniceus
AVIBASE-D7A3CD4F,Picus rabieri,Picus rabieri,Picus rabieri
AVIBASE-3D0793B8,Picus sharpei,Picus sharpei,Picus viridis
AVIBASE-886871E9,Picus squamatus,Picus squamatus,Picus squamatus
AVIBASE-42CF31E9,Picus vaillantii,Picus vaillantii,Picus vaillantii
AVIBASE-FDE08471,Picus viridanus,Picus viridanus,Picus viridanus
AVIBASE-A01014FF,Picus viridis,Picus viridis,Picus viridis
AVIBASE-6808E3D4,Picus vittatus,Picus vittatus,Picus vittatus
AVIBASE-8B89B332,Picus xanthopygaeus,Picus xanthopygaeus,Picus xanthopygaeus
AVIBASE-19469DE7,Piezorina cinerea,Piezorina cinerea,Piezorhina cinerea
AVIBASE-9A0A9C74,Pilherodius pileatus,Pilherodius pileatus,Pilherodius pileatus
AVIBASE-8EB0AB41,Pinarochroa sordida,Pinarochroa sordida,Cercomela sordida
AVIBASE-148AA192,Pinarocorys erythropygia,Pinarocorys erythropygia,Pinarocorys erythropygia
AVIBASE-511C1E5A,Pinarocorys nigricans,Pinarocorys nigricans,Pinarocorys nigricans
AVIBASE-82F77F7B,Pinaroloxias inornata,Pinaroloxias inornata,Pinaroloxias inornata
AVIBASE-ECCFBEB5,Pinarornis plumosus,Pinarornis plumosus,Pinarornis plumosus
AVIBASE-83AC4DAD,Pinicola enucleator,Pinicola enucleator,Pinicola enucleator
AVIBASE-37377F33,Pionites leucogaster,Pionites leucogaster,Pionites leucogaster
AVIBASE-C0827011,Pionites melanocephalus,Pionites melanocephalus,Pionites melanocephalus
AVIBASE-24CCA473,Pionites xanthomerius,Pionites leucogaster,Pionites leucogaster
AVIBASE-9456EA1A,Pionites xanthurus,Pionites leucogaster,Pionites leucogaster
AVIBASE-7E10A5B9,Pionopsitta pileata,Pionopsitta pileata,Pionopsitta pileata
AVIBASE-3B0B6BD9,Pionus chalcopterus,Pionus chalcopterus,Pionus chalcopterus
AVIBASE-1A87E3A9,Pionus fuscus,Pionus fuscus,Pionus fuscus
AVIBASE-FAC09D76,Pionus maximiliani,Pionus maximiliani,Pionus maximiliani
AVIBASE-F9814D52,Pionus menstruus,Pionus menstruus,Pionus menstruus
AVIBASE-09F13424,Pionus reichenowi,Pionus menstruus,Pionus menstruus
AVIBASE-F1202D11,Pionus senilis,Pionus senilis,Pionus senilis
AVIBASE-9EBE8B16,Pionus seniloides,Pionus tumultuosus,Pionus tumultuosus
AVIBASE-7BAAE4E3,Pionus sordidus,Pionus sordidus,Pionus sordidus
AVIBASE-BF66BBFC,Pionus tumultuosus,Pionus tumultuosus,Pionus tumultuosus
AVIBASE-B261EA96,Pipile cujubi,Pipile cujubi,Pipile cujubi
AVIBASE-0440B291,Pipile cumanensis,Pipile cumanensis,Pipile cumanensis
AVIBASE-601C4D19,Pipile grayi,Pipile cumanensis,Pipile cumanensis
AVIBASE-DA1A931A,Pipile jacutinga,Pipile jacutinga,Pipile jacutinga
AVIBASE-9D2FC800,Pipile pipile,Pipile pipile,Pipile pipile
AVIBASE-45D829B3,Pipilo chlorurus,Pipilo chlorurus,Pipilo chlorurus
AVIBASE-6090278A,Pipilo erythrophthalmus,Pipilo erythrophthalmus,Pipilo erythrophthalmus
AVIBASE-58E25701,Pipilo maculatus,Pipilo maculatus,Pipilo maculatus
AVIBASE-3900E731,Pipilo ocai,Pipilo ocai,Pipilo ocai
AVIBASE-26AB0890,Pipilo socorroensis,Pipilo maculatus,Pipilo maculatus
AVIBASE-DD78BCB6,Pipra aureola,Pipra aureola,Pipra aureola
AVIBASE-8FB9A452,Pipra fasciicauda,Pipra fasciicauda,Pipra fasciicauda
AVIBASE-3B5C0E15,Pipra filicauda,Pipra filicauda,Pipra filicauda
AVIBASE-123A0473,Pipraeidea bonariensis,Rauenia bonariensis,Thraupis bonariensis
AVIBASE-C8013B91,Pipraeidea darwinii,Rauenia bonariensis,Thraupis bonariensis
AVIBASE-F403E113,Pipraeidea melanonota,Pipraeidea melanonota,Pipraeidea melanonota
AVIBASE-492611EA,Pipreola arcuata,Pipreola arcuata,Pipreola arcuata
AVIBASE-BD7AF085,Pipreola aureopectus,Pipreola aureopectus,Pipreola aureopectus
AVIBASE-97CB16E9,Pipreola chlorolepidota,Pipreola chlorolepidota,Pipreola chlorolepidota
AVIBASE-B8C056DE,Pipreola formosa,Pipreola formosa,Pipreola formosa
AVIBASE-AACC949D,Pipreola frontalis,Pipreola frontalis,Pipreola frontalis
AVIBASE-CE224C6D,Pipreola intermedia,Pipreola intermedia,Pipreola intermedia
AVIBASE-3793CD75,Pipreola jucunda,Pipreola jucunda,Pipreola jucunda
AVIBASE-2B9CF96A,Pipreola lubomirskii,Pipreola lubomirskii,Pipreola lubomirskii
AVIBASE-027CD8FC,Pipreola pulchra,Pipreola pulchra,Pipreola pulchra
AVIBASE-FCFD1688,Pipreola riefferii,Pipreola riefferii,Pipreola riefferii
AVIBASE-6E45ED79,Pipreola squamipectus,Pipreola frontalis,Pipreola frontalis
AVIBASE-145B20DB,Pipreola whitelyi,Pipreola whitelyi,Pipreola whitelyi
AVIBASE-74EC83F7,Piprites chloris,Piprites chloris,Piprites chloris
AVIBASE-8CED4737,Piprites griseiceps,Piprites griseiceps,Piprites griseiceps
AVIBASE-680DC17D,Piprites pileata,Piprites pileata,Piprites pileata
AVIBASE-3C3C23CA,Piranga bidentata,Piranga bidentata,Piranga bidentata
AVIBASE-26AED277,Piranga erythrocephala,Piranga erythrocephala,Piranga erythrocephala
AVIBASE-6AA879E6,Piranga flava,Piranga flava,Piranga flava
AVIBASE-2FA3743B,Piranga hepatica,Piranga flava,Piranga lutea
AVIBASE-0C8A1792,Piranga hepatica,Piranga flava,Piranga hepatica
AVIBASE-2FA3743B,Piranga hepatica,Piranga flava,Piranga hepatica
AVIBASE-083E787F,Piranga hepatica,Piranga flava,Piranga lutea
AVIBASE-083E787F,Piranga hepatica,Piranga flava,Piranga hepatica
AVIBASE-CA0D68AE,Piranga leucoptera,Piranga leucoptera,Piranga leucoptera
AVIBASE-0ADA5F17,Piranga ludoviciana,Piranga ludoviciana,Piranga ludoviciana
AVIBASE-42101632,Piranga olivacea,Piranga olivacea,Piranga olivacea
AVIBASE-34CA36B2,Piranga roseogularis,Piranga roseogularis,Piranga roseogularis
AVIBASE-891798D9,Piranga rubra,Piranga rubra,Piranga rubra
AVIBASE-0830FB52,Piranga rubriceps,Piranga rubriceps,Piranga rubriceps
AVIBASE-9C883C7B,Pitangus sulphuratus,Pitangus sulphuratus,Pitangus sulphuratus
AVIBASE-B3B046EC,Pithecophaga jefferyi,Pithecophaga jefferyi,Pithecophaga jefferyi
AVIBASE-A7350D05,Pithys albifrons,Pithys albifrons,Pithys albifrons
AVIBASE-2F653920,Pithys castaneus,Pithys castaneus,Pithys castaneus
AVIBASE-9A3A0C23,Pitohui cerviniventris,Pitohui cerviniventris,Pitohui kirhocephalus
AVIBASE-0D6D5373,Pitohui dichrous,Pitohui dichrous,Pitohui dichrous
AVIBASE-AAB44A3F,Pitohui kirhocephalus,Pitohui kirhocephalus,Pitohui kirhocephalus
AVIBASE-66F43F9C,Pitohui uropygialis,Pitohui uropygialis,Pitohui kirhocephalus
AVIBASE-FE28BDF4,Pitta anerythra,Pitta anerythra,Pitta anerythra
AVIBASE-373286B2,Pitta angolensis,Pitta angolensis,Pitta angolensis
AVIBASE-DE63114F,Pitta brachyura,Pitta brachyura,Pitta brachyura
AVIBASE-86D1B826,Pitta elegans,Pitta concinna,Pitta elegans
AVIBASE-91D71187,Pitta iris,Pitta iris,Pitta iris
AVIBASE-ACA84FE1,Pitta maxima,Pitta maxima,Pitta maxima
AVIBASE-B882013B,Pitta megarhyncha,Pitta megarhyncha,Pitta megarhyncha
AVIBASE-AA127B89,Pitta moluccensis,Pitta moluccensis,Pitta moluccensis
AVIBASE-31AD96DC,Pitta morotaiensis,Pitta maxima,Pitta maxima
AVIBASE-8B66425E,Pitta novaeguineae,Pitta sordida,Pitta sordida
AVIBASE-0ECBA406,Pitta nympha,Pitta nympha,Pitta nympha
AVIBASE-C43C7532,Pitta reichenowi,Pitta reichenowi,Pitta reichenowi
AVIBASE-9699DD8E,Pitta rosenbergii,Pitta sordida,Pitta sordida
AVIBASE-8B66425E,Pitta sordida,Pitta sordida,Pitta sordida
AVIBASE-7B5AEE20,Pitta steerii,Pitta steerii,Pitta steerii
AVIBASE-19D5681E,Pitta superba,Pitta superba,Pitta superba
AVIBASE-1A23027E,Pitta versicolor,Pitta versicolor,Pitta versicolor
AVIBASE-DC49C290,Pittasoma michleri,Pittasoma michleri,Pittasoma michleri
AVIBASE-98B2F147,Pittasoma rufopileatum,Pittasoma rufopileatum,Pittasoma rufopileatum
AVIBASE-5B196640,Pityriasis gymnocephala,Pityriasis gymnocephala,Pityriasis gymnocephala
AVIBASE-70924157,Platalea ajaja,Platalea ajaja,Platalea ajaja
AVIBASE-F86BB1D3,Platalea alba,Platalea alba,Platalea alba
AVIBASE-62A22779,Platalea flavipes,Platalea flavipes,Platalea flavipes
AVIBASE-A0A584C1,Platalea leucorodia,Platalea leucorodia,Platalea leucorodia
AVIBASE-DFD1DDFF,Platalea minor,Platalea minor,Platalea minor
AVIBASE-DEAF523A,Platalea regia,Platalea regia,Platalea regia
AVIBASE-CEF31CF5,Platycercus adscitus,Platycercus adscitus,Platycercus adscitus
AVIBASE-DCC3878A,Platycercus caledonicus,Platycercus caledonicus,Platycercus caledonicus
AVIBASE-C343ED67,Platycercus elegans,Platycercus elegans,Platycercus elegans
AVIBASE-69F0C9FF,Platycercus eximius,Platycercus eximius,Platycercus eximius
AVIBASE-D514DE80,Platycercus icterotis,Platycercus icterotis,Platycercus icterotis
AVIBASE-4BEAE23B,Platycercus venustus,Platycercus venustus,Platycercus venustus
AVIBASE-0C6B4B57,Platylophus galericulatus,Platylophus galericulatus,Platylophus galericulatus
AVIBASE-187B9AAD,Platyrinchus albogularis,Platyrinchus mystaceus,Platyrinchus mystaceus
AVIBASE-BEA50A11,Platyrinchus cancrominus,Platyrinchus cancrominus,Platyrinchus cancrominus
AVIBASE-E411C4C0,Platyrinchus coronatus,Platyrinchus coronatus,Platyrinchus coronatus
AVIBASE-DF470AA2,Platyrinchus flavigularis,Platyrinchus flavigularis,Platyrinchus flavigularis
AVIBASE-55B471DF,Platyrinchus leucoryphus,Platyrinchus leucoryphus,Platyrinchus leucoryphus
AVIBASE-EBAE6077,Platyrinchus mystaceus,Platyrinchus mystaceus,Platyrinchus mystaceus
AVIBASE-5A40987F,Platyrinchus platyrhynchos,Platyrinchus platyrhynchos,Platyrinchus platyrhynchos
AVIBASE-38DF7456,Platyrinchus saturatus,Platyrinchus saturatus,Platyrinchus saturatus
AVIBASE-93908467,Platysmurus aterrimus,Platysmurus leucopterus,Platysmurus leucopterus
AVIBASE-26DBCCE0,Platysmurus leucopterus,Platysmurus leucopterus,Platysmurus leucopterus
AVIBASE-1FF6DD40,Platyspiza crassirostris,Platyspiza crassirostris,Platyspiza crassirostris
AVIBASE-E8A10389,Platysteira albifrons,Platysteira albifrons,Platysteira albifrons
AVIBASE-E15225F1,Platysteira cyanea,Platysteira cyanea,Platysteira cyanea
AVIBASE-95172DDC,Platysteira laticincta,Platysteira laticincta,Platysteira laticincta
AVIBASE-16935B44,Platysteira peltata,Platysteira peltata,Platysteira peltata
AVIBASE-37E7828E,Plectorhyncha lanceolata,Plectorhyncha lanceolata,Plectorhyncha lanceolata
AVIBASE-85BA79C0,Plectrophenax hyperboreus,Plectrophenax hyperboreus,Plectrophenax hyperboreus
AVIBASE-9BEBC025,Plectrophenax nivalis,Plectrophenax nivalis,Plectrophenax nivalis
AVIBASE-EB01B24C,Plectropterus gambensis,Plectropterus gambensis,Plectropterus gambensis
AVIBASE-FD2B0309,Plegadis chihi,Plegadis chihi,Plegadis chihi
AVIBASE-D4540F88,Plegadis falcinellus,Plegadis falcinellus,Plegadis falcinellus
AVIBASE-A3ED02A0,Plegadis ridgwayi,Plegadis ridgwayi,Plegadis ridgwayi
AVIBASE-553BC5D4,Plesiodryas albonotata,Poecilodryas albonotata,Poecilodryas albonotata
AVIBASE-5011E123,Plocepasser donaldsoni,Plocepasser donaldsoni,Plocepasser donaldsoni
AVIBASE-94C71DF6,Plocepasser mahali,Plocepasser mahali,Plocepasser mahali
AVIBASE-B8B882AE,Plocepasser rufoscapulatus,Plocepasser rufoscapulatus,Plocepasser rufoscapulatus
AVIBASE-2C504059,Plocepasser superciliosus,Plocepasser superciliosus,Plocepasser superciliosus
AVIBASE-E6E4F15D,Ploceus albinucha,Ploceus albinucha,Ploceus albinucha
AVIBASE-63A997EA,Ploceus alienus,Ploceus alienus,Ploceus alienus
AVIBASE-7BB02508,Ploceus angolensis,Ploceus angolensis,Ploceus angolensis
AVIBASE-2C42345F,Ploceus aurantius,Ploceus aurantius,Ploceus aurantius
AVIBASE-79264A96,Ploceus aureonucha,Ploceus aureonucha,Ploceus aureonucha
AVIBASE-6E00B2C6,Ploceus badius,Ploceus badius,Ploceus badius
AVIBASE-BE1FE156,Ploceus baglafecht,Ploceus baglafecht,Ploceus baglafecht
AVIBASE-8F52076C,Ploceus bannermani,Ploceus bannermani,Ploceus bannermani
AVIBASE-8395D0B4,Ploceus batesi,Ploceus batesi,Ploceus batesi
AVIBASE-AE1F2524,Ploceus benghalensis,Ploceus benghalensis,Ploceus benghalensis
AVIBASE-42F3647E,Ploceus bertrandi,Ploceus bertrandi,Ploceus bertrandi
AVIBASE-70312286,Ploceus bicolor,Ploceus bicolor,Ploceus bicolor
AVIBASE-F40197D6,Ploceus bojeri,Ploceus bojeri,Ploceus bojeri
AVIBASE-2D3998EE,Ploceus brachypterus,Ploceus nigricollis,Ploceus nigricollis
AVIBASE-98820857,Ploceus burnieri,Ploceus burnieri,Ploceus burnieri
AVIBASE-9526D2F3,Ploceus capensis,Ploceus capensis,Ploceus capensis
AVIBASE-2379E3EB,Ploceus castaneiceps,Ploceus castaneiceps,Ploceus castaneiceps
AVIBASE-3F347626,Ploceus castaneofuscus,Ploceus nigerrimus,Ploceus nigerrimus
AVIBASE-F9FB0226,Ploceus castanops,Ploceus castanops,Ploceus castanops
AVIBASE-E8AA9E1C,Ploceus cucullatus,Ploceus cucullatus,Ploceus cucullatus
AVIBASE-2E4A97D9,Ploceus dichrocephalus,Ploceus dichrocephalus,Ploceus dichrocephalus
AVIBASE-C34E4EF3,Ploceus dorsomaculatus,Ploceus dorsomaculatus,Ploceus dorsomaculatus
AVIBASE-3A590685,Ploceus flavipes,Ploceus flavipes,Ploceus flavipes
AVIBASE-9F7489D0,Ploceus galbula,Ploceus galbula,Ploceus galbula
AVIBASE-2A2CC7B3,Ploceus golandi,Ploceus golandi,Ploceus golandi
AVIBASE-9569D117,Ploceus grandis,Ploceus grandis,Ploceus grandis
AVIBASE-D8E67602,Ploceus heuglini,Ploceus heuglini,Ploceus heuglini
AVIBASE-1203E244,Ploceus hypoxanthus,Ploceus hypoxanthus,Ploceus hypoxanthus
AVIBASE-C649EA57,Ploceus insignis,Ploceus insignis,Ploceus insignis
AVIBASE-E069A0BB,Ploceus intermedius,Ploceus intermedius,Ploceus intermedius
AVIBASE-DF0759C0,Ploceus jacksoni,Ploceus jacksoni,Ploceus jacksoni
AVIBASE-EF5ED87B,Ploceus katangae,Ploceus katangae,Ploceus katangae
AVIBASE-1373D324,Ploceus luteolus,Ploceus luteolus,Ploceus luteolus
AVIBASE-29FF745B,Ploceus manyar,Ploceus manyar,Ploceus manyar
AVIBASE-47903D44,Ploceus megarhynchus,Ploceus megarhynchus,Ploceus megarhynchus
AVIBASE-19D053B3,Ploceus melanocephalus,Ploceus melanocephalus,Ploceus melanocephalus
AVIBASE-B38CE692,Ploceus melanogaster,Ploceus melanogaster,Ploceus melanogaster
AVIBASE-263E6762,Ploceus nelicourvi,Ploceus nelicourvi,Ploceus nelicourvi
AVIBASE-ECDFEAF6,Ploceus nicolli,Ploceus nicolli,Ploceus nicolli
AVIBASE-20D915AD,Ploceus nigerrimus,Ploceus nigerrimus,Ploceus nigerrimus
AVIBASE-55997100,Ploceus nigricollis,Ploceus nigricollis,Ploceus nigricollis
AVIBASE-9FB7D020,Ploceus nigrimentus,Ploceus nigrimentus,Ploceus nigrimentus
AVIBASE-CA4839B2,Ploceus ocularis,Ploceus ocularis,Ploceus ocularis
AVIBASE-6B5D78CE,Ploceus olivaceiceps,Ploceus olivaceiceps,Ploceus olivaceiceps
AVIBASE-36C24C3D,Ploceus pelzelni,Ploceus pelzelni,Ploceus pelzelni
AVIBASE-03DE2091,Ploceus philippinus,Ploceus philippinus,Ploceus philippinus
AVIBASE-38D07CD0,Ploceus preussi,Ploceus preussi,Ploceus preussi
AVIBASE-CFC74E20,Ploceus princeps,Ploceus princeps,Ploceus princeps
AVIBASE-A23369E3,Ploceus reichardi,Ploceus reichardi,Ploceus reichardi
AVIBASE-01BFAE61,Ploceus rubiginosus,Ploceus rubiginosus,Ploceus rubiginosus
AVIBASE-B4E50529,Ploceus ruweti,Ploceus ruweti,Ploceus ruweti
AVIBASE-E979E67D,Ploceus sakalava,Ploceus sakalava,Ploceus sakalava
AVIBASE-A1709D2B,Ploceus sanctithomae,Ploceus sanctithomae,Ploceus sanctithomae
AVIBASE-4DC2B23C,Ploceus spekei,Ploceus spekei,Ploceus spekei
AVIBASE-4436DD6C,Ploceus spekeoides,Ploceus spekeoides,Ploceus spekeoides
AVIBASE-86BEAFA6,Ploceus subaureus,Ploceus subaureus,Ploceus subaureus
AVIBASE-23CA12EF,Ploceus subpersonatus,Ploceus subpersonatus,Ploceus subpersonatus
AVIBASE-0405CA69,Ploceus superciliosus,Pachyphantes superciliosus,Ploceus superciliosus
AVIBASE-6A84BDB8,Ploceus taeniopterus,Ploceus taeniopterus,Ploceus taeniopterus
AVIBASE-476A437E,Ploceus temporalis,Ploceus temporalis,Ploceus temporalis
AVIBASE-BE85C81E,Ploceus tricolor,Ploceus tricolor,Ploceus tricolor
AVIBASE-7904C526,Ploceus upembae,Ploceus katangae,Ploceus katangae
AVIBASE-A36C5049,Ploceus velatus,Ploceus velatus,Ploceus velatus
AVIBASE-FC6C191F,Ploceus vitellinus,Ploceus vitellinus,Ploceus vitellinus
AVIBASE-341298B9,Ploceus weynsi,Ploceus weynsi,Ploceus weynsi
AVIBASE-2D86B0D2,Ploceus xanthops,Ploceus xanthops,Ploceus xanthops
AVIBASE-E72166BD,Ploceus xanthopterus,Ploceus xanthopterus,Ploceus xanthopterus
AVIBASE-25A20BA6,Pluvialis apricaria,Pluvialis apricaria,Pluvialis apricaria
AVIBASE-2143A852,Pluvialis dominica,Pluvialis dominica,Pluvialis dominica
AVIBASE-07C11CF3,Pluvialis fulva,Pluvialis fulva,Pluvialis fulva
AVIBASE-27903EF7,Pluvialis squatarola,Pluvialis squatarola,Pluvialis squatarola
AVIBASE-FB5103C9,Pluvianellus socialis,Pluvianellus socialis,Pluvianellus socialis
AVIBASE-1B28A4B6,Pluvianus aegyptius,Pluvianus aegyptius,Pluvianus aegyptius
AVIBASE-340BBC4E,Pnoepyga albiventer,Pnoepyga albiventer,Pnoepyga albiventer
AVIBASE-61908368,Pnoepyga formosana,Pnoepyga formosana,Pnoepyga formosana
AVIBASE-F2E7531F,Pnoepyga immaculata,Pnoepyga immaculata,Pnoepyga immaculata
AVIBASE-EBDB2EF8,Pnoepyga pusilla,Pnoepyga pusilla,Pnoepyga pusilla
AVIBASE-A9003A7B,Podargus ocellatus,Podargus ocellatus,Podargus ocellatus
AVIBASE-BA1D64E2,Podargus papuensis,Podargus papuensis,Podargus papuensis
AVIBASE-8500F130,Podargus strigoides,Podargus strigoides,Podargus strigoides
AVIBASE-46DECAEE,Podica senegalensis,Podica senegalensis,Podica senegalensis
AVIBASE-018B3169,Podiceps auritus,Podiceps auritus,Podiceps auritus
AVIBASE-8F269702,Podiceps cristatus,Podiceps cristatus,Podiceps cristatus
AVIBASE-A17592A3,Podiceps gallardoi,Podiceps gallardoi,Podiceps gallardoi
AVIBASE-1CBD2CED,Podiceps grisegena,Podiceps grisegena,Podiceps grisegena
AVIBASE-79EB0827,Podiceps juninensis,Podiceps occipitalis,Podiceps occipitalis
AVIBASE-EA53492B,Podiceps major,Podiceps major,Podiceps major
AVIBASE-32DCEC14,Podiceps nigricollis,Podiceps nigricollis,Podiceps nigricollis
AVIBASE-CEF706B0,Podiceps occipitalis,Podiceps occipitalis,Podiceps occipitalis
AVIBASE-BB1BF3D9,Podiceps taczanowskii,Podiceps taczanowskii,Podiceps taczanowskii
AVIBASE-9A8E55D0,Podilymbus podiceps,Podilymbus podiceps,Podilymbus podiceps
AVIBASE-D0BB7612,Podoces biddulphi,Podoces biddulphi,Podoces biddulphi
AVIBASE-AF49B4CF,Podoces hendersoni,Podoces hendersoni,Podoces hendersoni
AVIBASE-3137BF2B,Podoces panderi,Podoces panderi,Podoces panderi
AVIBASE-6F3A7C95,Podoces pleskei,Podoces pleskei,Podoces pleskei
AVIBASE-B1F0CC82,Poecile atricapillus,Poecile atricapillus,Parus atricapillus
AVIBASE-F941AAD3,Poecile carolinensis,Poecile carolinensis,Parus carolinensis
AVIBASE-67504FA2,Poecile cinctus,Poecile cinctus,Parus cinctus
AVIBASE-057C6607,Poecile davidi,Poecile davidi,Parus davidi
AVIBASE-DE0971C1,Poecile gambeli,Poecile gambeli,Parus gambeli
AVIBASE-68887DE7,Poecile hudsonicus,Poecile hudsonicus,Parus hudsonicus
AVIBASE-A14068AA,Poecile hypermelaenus,Poecile hypermelaenus,Parus hypermelaenus
AVIBASE-C3670DBE,Poecile hyrcanus,Poecile hyrcanus,Parus lugubris
AVIBASE-CEC34DA4,Poecile lugubris,Poecile lugubris,Parus lugubris
AVIBASE-F963401E,Poecile montanus,Poecile montanus,Parus montanus
AVIBASE-523763E5,Poecile palustris,Poecile palustris,Parus palustris
AVIBASE-FF592882,Poecile rufescens,Poecile rufescens,Parus rufescens
AVIBASE-E0270E9E,Poecile sclateri,Poecile sclateri,Parus sclateri
AVIBASE-7C21AB68,Poecile superciliosus,Poecile superciliosus,Parus superciliosus
AVIBASE-F87BD3E7,Poecile weigoldicus,Poecile weigoldicus,Parus montanus
AVIBASE-789991C9,Poecilodryas brachyura,Poecilodryas brachyura,Poecilodryas brachyura
AVIBASE-055E5B40,Poecilodryas cerviniventris,Poecilodryas cerviniventris,Poecilodryas cerviniventris
AVIBASE-A4623B67,Poecilodryas hypoleuca,Poecilodryas hypoleuca,Poecilodryas hypoleuca
AVIBASE-09BEFD87,Poecilodryas superciliosa,Poecilodryas superciliosa,Poecilodryas superciliosa
AVIBASE-4BEBB090,Poecilotriccus albifacies,Poecilotriccus albifacies,Poecilotriccus albifacies
AVIBASE-A4A6DEC1,Poecilotriccus calopterus,Poecilotriccus calopterus,Poecilotriccus calopterus
AVIBASE-978B53CA,Poecilotriccus capitalis,Poecilotriccus capitalis,Poecilotriccus capitalis
AVIBASE-7B80B483,Poecilotriccus fumifrons,Poecilotriccus fumifrons,Poecilotriccus fumifrons
AVIBASE-106B40D1,Poecilotriccus latirostris,Poecilotriccus latirostris,Poecilotriccus latirostris
AVIBASE-DB8D17D3,Poecilotriccus luluae,Poecilotriccus luluae,Poecilotriccus luluae
AVIBASE-712D944F,Poecilotriccus plumbeiceps,Poecilotriccus plumbeiceps,Poecilotriccus plumbeiceps
AVIBASE-6E0EF5A3,Poecilotriccus pulchellus,Poecilotriccus pulchellus,Poecilotriccus pulchellus
AVIBASE-E353EA71,Poecilotriccus ruficeps,Poecilotriccus ruficeps,Poecilotriccus ruficeps
AVIBASE-E847F0D4,Poecilotriccus russatus,Poecilotriccus russatus,Poecilotriccus russatus
AVIBASE-6D460666,Poecilotriccus senex,Poecilotriccus senex,Poecilotriccus senex
AVIBASE-579EA7EA,Poecilotriccus sylvia,Poecilotriccus sylvia,Poecilotriccus sylvia
AVIBASE-1350773F,Poeoptera femoralis,Poeoptera femoralis,Cinnyricinclus femoralis
AVIBASE-295B9665,Poeoptera kenricki,Poeoptera kenricki,Poeoptera kenricki
AVIBASE-E2FB8C49,Poeoptera lugubris,Poeoptera lugubris,Poeoptera lugubris
AVIBASE-AEC1B69C,Poeoptera stuhlmanni,Poeoptera stuhlmanni,Poeoptera stuhlmanni
AVIBASE-1C1BB52B,Poephila acuticauda,Poephila acuticauda,Poephila acuticauda
AVIBASE-72840F17,Poephila cincta,Poephila cincta,Poephila cincta
AVIBASE-6642D95D,Poephila personata,Poephila personata,Poephila personata
AVIBASE-90373466,Pogoniulus atroflavus,Pogoniulus atroflavus,Pogoniulus atroflavus
AVIBASE-9EA74ADA,Pogoniulus bilineatus,Pogoniulus bilineatus,Pogoniulus bilineatus
AVIBASE-2F467821,Pogoniulus chrysoconus,Pogoniulus chrysoconus,Pogoniulus chrysoconus
AVIBASE-2D822644,Pogoniulus coryphaea,Pogoniulus coryphaea,Pogoniulus coryphaeus
AVIBASE-7BEB0003,Pogoniulus leucomystax,Pogoniulus leucomystax,Pogoniulus leucomystax
AVIBASE-D1E3DE2E,Pogoniulus makawai,Pogoniulus bilineatus,Pogoniulus makawai
AVIBASE-A4CF3B9E,Pogoniulus pusillus,Pogoniulus pusillus,Pogoniulus pusillus
AVIBASE-EEA161A8,Pogoniulus scolopaceus,Pogoniulus scolopaceus,Pogoniulus scolopaceus
AVIBASE-5238FF10,Pogoniulus simplex,Pogoniulus simplex,Pogoniulus simplex
AVIBASE-523991EF,Pogoniulus subsulphureus,Pogoniulus subsulphureus,Pogoniulus subsulphureus
AVIBASE-230A0342,Pogonocichla stellata,Pogonocichla stellata,Pogonocichla stellata
AVIBASE-439FE608,Pogonornis bidentatus,Lybius bidentatus,Lybius bidentatus
AVIBASE-B3031527,Pogonornis dubius,Lybius dubius,Lybius dubius
AVIBASE-2E7F7440,Pogonornis macclounii,Lybius minor,Lybius minor
AVIBASE-724266B4,Pogonornis melanopterus,Lybius melanopterus,Lybius melanopterus
AVIBASE-03E74ADD,Pogonornis minor,Lybius minor,Lybius minor
AVIBASE-7A3818D8,Pogonornis rolleti,Lybius rolleti,Lybius rolleti
AVIBASE-CBB4CE4D,Pogonotriccus chapmani,Phylloscartes chapmani,Phylloscartes chapmani
AVIBASE-D1765326,Pogonotriccus eximius,Phylloscartes eximius,Phylloscartes eximius
AVIBASE-565C6A2F,Pogonotriccus lanyoni,Phylloscartes lanyoni,Phylloscartes lanyoni
AVIBASE-060A7FB7,Pogonotriccus ophthalmicus,Phylloscartes ophthalmicus,Phylloscartes ophthalmicus
AVIBASE-884A2A84,Pogonotriccus orbitalis,Phylloscartes orbitalis,Phylloscartes orbitalis
AVIBASE-0FE016C3,Pogonotriccus poecilotis,Phylloscartes poecilotis,Phylloscartes poecilotis
AVIBASE-2D4F8B2B,Pogonotriccus venezuelanus,Phylloscartes venezuelanus,Phylloscartes venezuelanus
AVIBASE-6C96E81B,Poicephalus crassus,Poicephalus crassus,Poicephalus crassus
AVIBASE-4A039821,Poicephalus cryptoxanthus,Poicephalus cryptoxanthus,Poicephalus cryptoxanthus
AVIBASE-8413D9A5,Poicephalus flavifrons,Poicephalus flavifrons,Poicephalus flavifrons
AVIBASE-0EB10DB3,Poicephalus fuscicollis,Poicephalus fuscicollis,Poicephalus robustus
AVIBASE-83D329B5,Poicephalus gulielmi,Poicephalus gulielmi,Poicephalus gulielmi
AVIBASE-0ECD9D58,Poicephalus meyeri,Poicephalus meyeri,Poicephalus meyeri
AVIBASE-2F4B17A7,Poicephalus robustus,Poicephalus robustus,Poicephalus robustus
AVIBASE-E37F25F7,Poicephalus rueppellii,Poicephalus rueppellii,Poicephalus rueppellii
AVIBASE-69661C7D,Poicephalus rufiventris,Poicephalus rufiventris,Poicephalus rufiventris
AVIBASE-D7F9C6B5,Poicephalus senegalus,Poicephalus senegalus,Poicephalus senegalus
AVIBASE-1636D621,Poikilocarbo gaimardi,Poikilocarbo gaimardi,Phalacrocorax gaimardi
AVIBASE-FDA2E4A3,Polemaetus bellicosus,Polemaetus bellicosus,Polemaetus bellicosus
AVIBASE-6C137D3A,Polihierax insignis,Polihierax insignis,Polihierax insignis
AVIBASE-3B52D2B8,Polihierax semitorquatus,Polihierax semitorquatus,Polihierax semitorquatus
AVIBASE-64866E2A,Poliocephalus poliocephalus,Poliocephalus poliocephalus,Poliocephalus poliocephalus
AVIBASE-5DE62468,Poliocephalus rufopectus,Poliocephalus rufopectus,Poliocephalus rufopectus
AVIBASE-53288223,Poliocrania exsul,Poliocrania exsul,Myrmeciza exsul
AVIBASE-22CDCC04,Poliocrania maculifer,Poliocrania exsul,Myrmeciza exsul
AVIBASE-D083C7B8,Poliolais lopezi,Poliolais lopezi,Poliolais lopezi
AVIBASE-58147836,Poliolophus urostictus,Brachypodius urostictus,Pycnonotus urostictus
AVIBASE-50735F3E,Polioptila albiloris,Polioptila albiloris,Polioptila albiloris
AVIBASE-A15C5071,Polioptila caerulea,Polioptila caerulea,Polioptila caerulea
AVIBASE-A0015FD7,Polioptila californica,Polioptila californica,Polioptila californica
AVIBASE-B47F0D81,Polioptila dumicola,Polioptila dumicola,Polioptila dumicola
AVIBASE-6909DD14,Polioptila guianensis,Polioptila paraensis,Polioptila guianensis
AVIBASE-64EC317B,Polioptila guianensis,Polioptila guianensis,Polioptila guianensis
AVIBASE-73B2C287,Polioptila guianensis,Polioptila facilis,Polioptila guianensis
AVIBASE-CB41276B,Polioptila lactea,Polioptila lactea,Polioptila lactea
AVIBASE-70D28286,Polioptila lembeyei,Polioptila lembeyei,Polioptila lembeyei
AVIBASE-A039EC13,Polioptila maior,Polioptila plumbea,Polioptila plumbea
AVIBASE-C05CE29C,Polioptila melanura,Polioptila melanura,Polioptila melanura
AVIBASE-A6C81FC1,Polioptila nigriceps,Polioptila nigriceps,Polioptila nigriceps
AVIBASE-45304071,Polioptila plumbea,Polioptila plumbea,Polioptila plumbea
AVIBASE-70A56DCB,Polioptila plumbea,Polioptila bilineata,Polioptila plumbea
AVIBASE-07742DD4,Polioptila schistaceigula,Polioptila schistaceigula,Polioptila schistaceigula
AVIBASE-FDB9861B,Polioxolmis rufipennis,Cnemarchus rufipennis,Polioxolmis rufipennis
AVIBASE-0513AFBF,Polyboroides radiatus,Polyboroides radiatus,Polyboroides radiatus
AVIBASE-C505EA72,Polyboroides typus,Polyboroides typus,Polyboroides typus
AVIBASE-EA348366,Polyonymus caroli,Polyonymus caroli,Polyonymus caroli
AVIBASE-824E5471,Polyplectron bicalcaratum,Polyplectron bicalcaratum,Polyplectron bicalcaratum
AVIBASE-BC793E06,Polyplectron chalcurum,Polyplectron chalcurum,Polyplectron chalcurum
AVIBASE-9BB6A6B4,Polyplectron germaini,Polyplectron germaini,Polyplectron germaini
AVIBASE-B79C272A,Polyplectron inopinatum,Polyplectron inopinatum,Polyplectron inopinatum
AVIBASE-F6DD2F7E,Polyplectron katsumatae,Polyplectron katsumatae,Polyplectron katsumatae
AVIBASE-DBFC1B0C,Polyplectron malacense,Polyplectron malacense,Polyplectron malacense
AVIBASE-A71A69A5,Polyplectron napoleonis,Polyplectron napoleonis,Polyplectron napoleonis
AVIBASE-2F560EC7,Polyplectron schleiermacheri,Polyplectron schleiermacheri,Polyplectron schleiermacheri
AVIBASE-BA07D016,Polysticta stelleri,Polysticta stelleri,Polysticta stelleri
AVIBASE-5439BFE4,Polystictus pectoralis,Polystictus pectoralis,Polystictus pectoralis
AVIBASE-AECDB141,Polystictus superciliaris,Polystictus superciliaris,Polystictus superciliaris
AVIBASE-B606EC46,Polytelis alexandrae,Polytelis alexandrae,Polytelis alexandrae
AVIBASE-6F2B75C0,Polytelis anthopeplus,Polytelis anthopeplus,Polytelis anthopeplus
AVIBASE-CF255B3F,Polytelis swainsonii,Polytelis swainsonii,Polytelis swainsonii
AVIBASE-D78E94DF,Polytmus guainumbi,Polytmus guainumbi,Polytmus guainumbi
AVIBASE-E424717B,Polytmus milleri,Polytmus milleri,Polytmus milleri
AVIBASE-5CA2331E,Polytmus theresiae,Polytmus theresiae,Polytmus theresiae
AVIBASE-B494521A,Pomarea dimidiata,Pomarea dimidiata,Pomarea dimidiata
AVIBASE-4E66CF41,Pomarea fluxa,Pomarea fluxa,Pomarea iphis
AVIBASE-F20787D1,Pomarea iphis,Pomarea iphis,Pomarea iphis
AVIBASE-F7B01321,Pomarea mendozae,Pomarea mendozae,Pomarea mendozae
AVIBASE-555F96E9,Pomarea mira,Pomarea mira,Pomarea mendozae
AVIBASE-3B79D946,Pomarea nigra,Pomarea nigra,Pomarea nigra
AVIBASE-20DE8C44,Pomarea nukuhivae,Pomarea nukuhivae,Pomarea mendozae
AVIBASE-01C20C03,Pomarea whitneyi,Pomarea whitneyi,Pomarea whitneyi
AVIBASE-67CF1812,Pomatorhinus ferruginosus,Pomatorhinus ferruginosus,Pomatorhinus ferruginosus
AVIBASE-212FC793,Pomatorhinus horsfieldii,Pomatorhinus horsfieldii,Pomatorhinus horsfieldii
AVIBASE-8E59544F,Pomatorhinus melanurus,Pomatorhinus melanurus,Pomatorhinus melanurus
AVIBASE-0DFC1D72,Pomatorhinus montanus,Pomatorhinus montanus,Pomatorhinus montanus
AVIBASE-A37AFA6B,Pomatorhinus musicus,Pomatorhinus musicus,Pomatorhinus musicus
AVIBASE-37488194,Pomatorhinus ochraceiceps,Pomatorhinus ochraceiceps,Pomatorhinus ochraceiceps
AVIBASE-997E5F29,Pomatorhinus phayrei,Pomatorhinus ferruginosus,Pomatorhinus ferruginosus
AVIBASE-52B6BCA0,Pomatorhinus ruficollis,Pomatorhinus ruficollis,Pomatorhinus ruficollis
AVIBASE-E2E9A295,Pomatorhinus schisticeps,Pomatorhinus schisticeps,Pomatorhinus schisticeps
AVIBASE-F2705CFE,Pomatorhinus superciliaris,Pomatorhinus superciliaris,Xiphirhynchus superciliaris
AVIBASE-EAE93DF4,Pomatostomus halli,Pomatostomus halli,Pomatostomus halli
AVIBASE-3931158F,Pomatostomus ruficeps,Pomatostomus ruficeps,Pomatostomus ruficeps
AVIBASE-F21DB41D,Pomatostomus superciliosus,Pomatostomus superciliosus,Pomatostomus superciliosus
AVIBASE-B783AA95,Pomatostomus temporalis,Pomatostomus temporalis,Pomatostomus temporalis
AVIBASE-EF8973E3,Poodytes albolimbatus,Poodytes albolimbatus,Megalurus albolimbatus
AVIBASE-BA50CCD7,Poodytes carteri,Poodytes carteri,Eremiornis carteri
AVIBASE-462CF36B,Poodytes caudatus,Poodytes punctatus,Bowdleria punctata
AVIBASE-297C0D49,Poodytes gramineus,Poodytes gramineus,Megalurus gramineus
AVIBASE-5CB472D1,Poodytes punctatus,Poodytes punctatus,Bowdleria punctata
AVIBASE-A0CF86E4,Poodytes rufescens,Poodytes rufescens,Bowdleria punctata
AVIBASE-3647E146,Pooecetes gramineus,Pooecetes gramineus,Pooecetes gramineus
AVIBASE-A98353A5,Poospiza baeri,Poospiza baeri,Compsospiza baeri
AVIBASE-A1341C78,Poospiza boliviana,Poospiza boliviana,Poospiza boliviana
AVIBASE-170A9190,Poospiza garleppi,Poospiza garleppi,Compsospiza garleppi
AVIBASE-BF1EC1CD,Poospiza goeringi,Poospiza goeringi,Hemispingus goeringi
AVIBASE-2C01F88A,Poospiza hispaniolensis,Poospiza hispaniolensis,Poospiza hispaniolensis
AVIBASE-6166BBAF,Poospiza nigrorufa,Poospiza nigrorufa,Poospiza nigrorufa
AVIBASE-8C5C626F,Poospiza ornata,Poospiza ornata,Poospiza ornata
AVIBASE-EB4AE071,Poospiza rubecula,Poospiza rubecula,Poospiza rubecula
AVIBASE-F7BAA7DC,Poospiza rufosuperciliaris,Poospiza rufosuperciliaris,Hemispingus rufosuperciliaris
AVIBASE-8EF24ACB,Poospiza whitii,Poospiza whitii,Poospiza whitii
AVIBASE-86A7F715,Poospizopsis caesar,Poospizopsis caesar,Poospiza caesar
AVIBASE-F8CFE8C9,Poospizopsis hypocondria,Poospizopsis hypochondria,Poospiza hypochondria
AVIBASE-53288666,Porphyrio alleni,Porphyrio alleni,Porphyrio alleni
AVIBASE-1CE84B66,Porphyrio flavirostris,Porphyrio flavirostris,Porphyrio flavirostris
AVIBASE-6001C6A8,Porphyrio hochstetteri,Porphyrio hochstetteri,Porphyrio hochstetteri
AVIBASE-72A4F8EB,Porphyrio martinicus,Porphyrio martinica,Porphyrio martinica
AVIBASE-B9E73FA9,Porphyrio porphyrio,Porphyrio indicus,Porphyrio porphyrio
AVIBASE-865C039E,Porphyrio porphyrio,Porphyrio madagascariensis,Porphyrio porphyrio
AVIBASE-AC1E791E,Porphyrio porphyrio,NA,Porphyrio porphyrio
AVIBASE-43AF4EA8,Porphyriops melanops,Porphyriops melanops,Gallinula melanops
AVIBASE-0B8453B7,Porphyrolaema porphyrolaema,Porphyrolaema porphyrolaema,Porphyrolaema porphyrolaema
AVIBASE-17B1CAD5,Porphyrospiza caerulescens,Rhopospina caerulescens,Porphyrospiza caerulescens
AVIBASE-65A6922D,Porzana albicollis,Mustelirallus albicollis,Porzana albicollis
AVIBASE-2CC21529,Porzana carolina,Porzana carolina,Porzana carolina
AVIBASE-BE9214E6,Porzana fasciata,Anurolimnas fasciatus,Anurolimnas fasciatus
AVIBASE-C1F82F7A,Porzana fluminea,Porzana fluminea,Porzana fluminea
AVIBASE-460708F9,Porzana porzana,Porzana porzana,Porzana porzana
AVIBASE-B023E378,Premnoplex brunnescens,Premnoplex brunnescens,Premnoplex brunnescens
AVIBASE-74407F20,Premnoplex pariae,Premnoplex tatei,Premnoplex tatei
AVIBASE-01450385,Premnoplex tatei,Premnoplex tatei,Premnoplex tatei
AVIBASE-039C6E39,Premnornis guttuliger,Premnornis guttuliger,Premnornis guttuligera
AVIBASE-50E2CC40,Primolius auricollis,Primolius auricollis,Primolius auricollis
AVIBASE-5162EBDF,Primolius couloni,Primolius couloni,Primolius couloni
AVIBASE-A6B715E5,Primolius maracana,Primolius maracana,Primolius maracana
AVIBASE-9A72741D,Prinia atrogularis,Prinia atrogularis,Prinia atrogularis
AVIBASE-C54D2FEE,Prinia bairdii,Prinia bairdii,Prinia bairdii
AVIBASE-AC892456,Prinia buchanani,Prinia buchanani,Prinia buchanani
AVIBASE-4FF9ECC8,Prinia cinereocapilla,Prinia cinereocapilla,Prinia cinereocapilla
AVIBASE-FD81168B,Prinia crinigera,Prinia crinigera,Prinia crinigera
AVIBASE-C67FD539,Prinia erythroptera,Prinia erythroptera,Heliolais erythropterus
AVIBASE-49F183EA,Prinia familiaris,Prinia familiaris,Prinia familiaris
AVIBASE-10988568,Prinia flavicans,Prinia flavicans,Prinia flavicans
AVIBASE-3745AE94,Prinia flaviventris,Prinia flaviventris,Prinia flaviventris
AVIBASE-1CB41EB5,Prinia fluviatilis,Prinia fluviatilis,Prinia fluviatilis
AVIBASE-F8885790,Prinia gracilis,Prinia gracilis,Prinia gracilis
AVIBASE-C29B19D7,Prinia hodgsonii,Prinia hodgsonii,Prinia hodgsonii
AVIBASE-36261312,Prinia hypoxantha,Prinia hypoxantha,Prinia hypoxantha
AVIBASE-465145E5,Prinia inornata,Prinia inornata,Prinia inornata
AVIBASE-0BF01CE3,Prinia khasiana,Prinia atrogularis,Prinia atrogularis
AVIBASE-4CDA27A3,Prinia maculosa,Prinia maculosa,Prinia maculosa
AVIBASE-843FF082,Prinia molleri,Prinia molleri,Prinia molleri
AVIBASE-DCC58CA1,Prinia polychroa,Prinia cooki,Prinia polychroa
AVIBASE-E6FA239A,Prinia polychroa,Prinia polychroa,Prinia polychroa
AVIBASE-892900C9,Prinia rufescens,Prinia rufescens,Prinia rufescens
AVIBASE-D8177CEC,Prinia rufifrons,Prinia rufifrons,Spiloptila rufifrons
AVIBASE-0E6F19BB,Prinia socialis,Prinia socialis,Prinia socialis
AVIBASE-319F6754,Prinia somalica,Prinia somalica,Prinia somalica
AVIBASE-8D5A3CB1,Prinia sonitans,Prinia flaviventris,Prinia flaviventris
AVIBASE-63F72CA7,Prinia subflava,Prinia subflava,Prinia subflava
AVIBASE-9F434A62,Prinia superciliaris,Prinia superciliaris,Prinia atrogularis
AVIBASE-7939B436,Prinia sylvatica,Prinia sylvatica,Prinia sylvatica
AVIBASE-5B2086A6,Prioniturus discurus,Prioniturus discurus,Prioniturus discurus
AVIBASE-379431D7,Prioniturus flavicans,Prioniturus flavicans,Prioniturus flavicans
AVIBASE-B6F6A196,Prioniturus luconensis,Prioniturus luconensis,Prioniturus luconensis
AVIBASE-00AECE2A,Prioniturus mada,Prioniturus mada,Prioniturus mada
AVIBASE-A14016B7,Prioniturus mindorensis,Prioniturus mindorensis,Prioniturus discurus
AVIBASE-1EA06986,Prioniturus montanus,Prioniturus montanus,Prioniturus montanus
AVIBASE-932EBDB4,Prioniturus platenae,Prioniturus platenae,Prioniturus platenae
AVIBASE-23917E7B,Prioniturus platurus,Prioniturus platurus,Prioniturus platurus
AVIBASE-003D8AAD,Prioniturus verticalis,Prioniturus verticalis,Prioniturus verticalis
AVIBASE-0EB4C4A1,Prioniturus waterstradti,Prioniturus waterstradti,Prioniturus waterstradti
AVIBASE-8387A208,Prionochilus maculatus,Prionochilus maculatus,Prionochilus maculatus
AVIBASE-27665659,Prionochilus olivaceus,Prionochilus olivaceus,Prionochilus olivaceus
AVIBASE-C52E5D09,Prionochilus percussus,Prionochilus percussus,Prionochilus percussus
AVIBASE-AB5413A0,Prionochilus plateni,Prionochilus plateni,Prionochilus plateni
AVIBASE-A6B4FA85,Prionochilus thoracicus,Prionochilus thoracicus,Prionochilus thoracicus
AVIBASE-9C17341F,Prionochilus xanthopygius,Prionochilus xanthopygius,Prionochilus xanthopygius
AVIBASE-98C0C634,Prionodura newtoniana,Amblyornis newtoniana,Prionodura newtoniana
AVIBASE-523B438A,Prionops alberti,Prionops alberti,Prionops alberti
AVIBASE-B1EF3E4F,Prionops caniceps,Prionops caniceps,Prionops caniceps
AVIBASE-A7E4E1E5,Prionops gabela,Prionops gabela,Prionops gabela
AVIBASE-3996ECD0,Prionops plumatus,Prionops plumatus,Prionops plumatus
AVIBASE-1F2F7323,Prionops poliolophus,Prionops poliolophus,Prionops poliolophus
AVIBASE-5B9EA71C,Prionops retzii,Prionops retzii,Prionops retzii
AVIBASE-1B2AF453,Prionops rufiventris,Prionops rufiventris,Prionops rufiventris
AVIBASE-E27EEDC5,Prionops scopifrons,Prionops scopifrons,Prionops scopifrons
AVIBASE-0FB04758,Priotelus temnurus,Priotelus temnurus,Priotelus temnurus
AVIBASE-ADC0F261,Probosciger aterrimus,Probosciger aterrimus,Probosciger aterrimus
AVIBASE-9058051F,Procarduelis nipalensis,Procarduelis nipalensis,Carpodacus nipalensis
AVIBASE-35EB45A0,Procellaria aequinoctialis,Procellaria aequinoctialis,Procellaria aequinoctialis
AVIBASE-843C1B86,Procellaria cinerea,Procellaria cinerea,Procellaria cinerea
AVIBASE-F2ED14C9,Procellaria conspicillata,Procellaria conspicillata,Procellaria conspicillata
AVIBASE-DB67DB1F,Procellaria parkinsoni,Procellaria parkinsoni,Procellaria parkinsoni
AVIBASE-9057992B,Procellaria westlandica,Procellaria westlandica,Procellaria westlandica
AVIBASE-756A7501,Procnias albus,Procnias albus,Procnias albus
AVIBASE-C5682CE4,Procnias averano,Procnias averano,Procnias averano
AVIBASE-B5B626C7,Procnias nudicollis,Procnias nudicollis,Procnias nudicollis
AVIBASE-7818C61C,Procnias tricarunculatus,Procnias tricarunculatus,Procnias tricarunculatus
AVIBASE-7884F0D6,Prodotiscus insignis,Prodotiscus insignis,Prodotiscus insignis
AVIBASE-8DB3F1A2,Prodotiscus regulus,Prodotiscus regulus,Prodotiscus regulus
AVIBASE-B20CDCE3,Prodotiscus zambesiae,Prodotiscus zambesiae,Prodotiscus zambesiae
AVIBASE-ECA64B18,Progne chalybea,Progne chalybea,Progne chalybea
AVIBASE-F8039EE7,Progne cryptoleuca,Progne cryptoleuca,Progne cryptoleuca
AVIBASE-EF170D7E,Progne dominicensis,Progne dominicensis,Progne dominicensis
AVIBASE-AF527712,Progne elegans,Progne elegans,Progne elegans
AVIBASE-13169BC5,Progne modesta,Progne modesta,Progne modesta
AVIBASE-D6494239,Progne murphyi,Progne murphyi,Progne murphyi
AVIBASE-0C028E2E,Progne sinaloae,Progne sinaloae,Progne sinaloae
AVIBASE-ACB9D1C6,Progne subis,Progne subis,Progne subis
AVIBASE-9BC43968,Progne tapera,Progne tapera,Progne tapera
AVIBASE-AEE09552,Promerops cafer,Promerops cafer,Promerops cafer
AVIBASE-EDEE3E5C,Promerops gurneyi,Promerops gurneyi,Promerops gurneyi
AVIBASE-40EB31D0,Prosobonia parvirostris,Prosobonia parvirostris,Prosobonia cancellata
AVIBASE-727125B5,Prosopeia personata,Prosopeia personata,Prosopeia personata
AVIBASE-A24459F6,Prosopeia splendens,Prosopeia splendens,Prosopeia splendens
AVIBASE-EDBDE745,Prosopeia tabuensis,Prosopeia tabuensis,Prosopeia tabuensis
AVIBASE-0A0D3BB9,Prosthemadera novaeseelandiae,Prosthemadera novaeseelandiae,Prosthemadera novaeseelandiae
AVIBASE-4D08EE7E,Protonotaria citrea,Protonotaria citrea,Protonotaria citrea
AVIBASE-C68A31C1,Prunella atrogularis,Prunella atrogularis,Prunella atrogularis
AVIBASE-A783468F,Prunella collaris,Prunella collaris,Prunella collaris
AVIBASE-AEBE407C,Prunella fulvescens,Prunella fulvescens,Prunella fulvescens
AVIBASE-EB8501AD,Prunella himalayana,Prunella himalayana,Prunella himalayana
AVIBASE-D47C1AA7,Prunella immaculata,Prunella immaculata,Prunella immaculata
AVIBASE-38790757,Prunella koslowi,Prunella koslowi,Prunella koslowi
AVIBASE-26530C86,Prunella modularis,Prunella modularis,Prunella modularis
AVIBASE-D3220040,Prunella montanella,Prunella montanella,Prunella montanella
AVIBASE-E48FE505,Prunella ocularis,Prunella ocularis,Prunella ocularis
AVIBASE-14C13A71,Prunella ocularis,Prunella fagani,Prunella fagani
AVIBASE-0158561B,Prunella rubeculoides,Prunella rubeculoides,Prunella rubeculoides
AVIBASE-18D3C762,Prunella rubida,Prunella rubida,Prunella rubida
AVIBASE-68193296,Prunella strophiata,Prunella strophiata,Prunella strophiata
AVIBASE-88AAE3D3,Psalidoprocne albiceps,Psalidoprocne albiceps,Psalidoprocne albiceps
AVIBASE-F9E192E8,Psalidoprocne fuliginosa,Psalidoprocne fuliginosa,Psalidoprocne fuliginosa
AVIBASE-C780C198,Psalidoprocne nitens,Psalidoprocne nitens,Psalidoprocne nitens
AVIBASE-8CA8B659,Psalidoprocne obscura,Psalidoprocne obscura,Psalidoprocne obscura
AVIBASE-4AC57370,Psalidoprocne pristoptera,Psalidoprocne pristoptera,Psalidoprocne pristoptera
AVIBASE-FC2CC96E,Psaltria exilis,Psaltria exilis,Psaltria exilis
AVIBASE-AE37ED4D,Psaltriparus minimus,Psaltriparus minimus,Psaltriparus minimus
AVIBASE-63944E03,Psarisomus dalhousiae,Psarisomus dalhousiae,Psarisomus dalhousiae
AVIBASE-3A9903BB,Psarocolius angustifrons,Psarocolius angustifrons,Psarocolius angustifrons
AVIBASE-9EAB043D,Psarocolius atrovirens,Psarocolius atrovirens,Psarocolius atrovirens
AVIBASE-DCEE63B7,Psarocolius bifasciatus,Psarocolius bifasciatus,Psarocolius bifasciatus
AVIBASE-B7EA49C4,Psarocolius cassini,Psarocolius cassini,Psarocolius cassini
AVIBASE-509940AF,Psarocolius decumanus,Psarocolius decumanus,Psarocolius decumanus
AVIBASE-0BA83156,Psarocolius guatimozinus,Psarocolius guatimozinus,Psarocolius guatimozinus
AVIBASE-156BF650,Psarocolius montezuma,Psarocolius montezuma,Psarocolius montezuma
AVIBASE-F65127F8,Psarocolius oleagineus,Psarocolius angustifrons,Psarocolius angustifrons
AVIBASE-FC234BA1,Psarocolius viridis,Psarocolius viridis,Psarocolius viridis
AVIBASE-0B4AD6B3,Psarocolius wagleri,Psarocolius wagleri,Psarocolius wagleri
AVIBASE-6DF6B219,Psarocolius yuracares,Psarocolius bifasciatus,Psarocolius bifasciatus
AVIBASE-BCFC9B1D,Pselliophorus luteoviridis,Atlapetes luteoviridis,Pselliophorus luteoviridis
AVIBASE-4CB9ABDC,Pselliophorus tibialis,Atlapetes tibialis,Pselliophorus tibialis
AVIBASE-9551D3F3,Psephotellus chrysopterygius,Psephotus chrysopterygius,Psephotus chrysopterygius
AVIBASE-E12284B8,Psephotellus dissimilis,Psephotus dissimilis,Psephotus dissimilis
AVIBASE-E3EDF6CC,Psephotellus varius,Psephotus varius,Psephotus varius
AVIBASE-D50BD34B,Psephotus haematonotus,Psephotus haematonotus,Psephotus haematonotus
AVIBASE-0A894A55,Pseudasthenes cactorum,Pseudasthenes cactorum,Asthenes cactorum
AVIBASE-036BA013,Pseudasthenes humicola,Pseudasthenes humicola,Asthenes humicola
AVIBASE-8E8F14D2,Pseudasthenes patagonica,Pseudasthenes patagonica,Asthenes patagonica
AVIBASE-02A59CEE,Pseudasthenes steinbachi,Pseudasthenes steinbachi,Asthenes steinbachi
AVIBASE-E35448DE,Pseudastur albicollis,Pseudastur albicollis,Leucopternis albicollis
AVIBASE-D0723571,Pseudastur occidentalis,Pseudastur occidentalis,Leucopternis occidentalis
AVIBASE-2C01A6E5,Pseudastur polionotus,Pseudastur polionotus,Leucopternis polionotus
AVIBASE-C4148CBF,Pseudelaenia leucospodia,Pseudelaenia leucospodia,Pseudelaenia leucospodia
AVIBASE-62A79530,Pseudeos fuscata,Pseudeos fuscata,Pseudeos fuscata
AVIBASE-97E7A30B,Pseudhirundo griseopyga,Pseudhirundo griseopyga,Pseudhirundo griseopyga
AVIBASE-9FDF4A2E,Pseudibis davisoni,Pseudibis davisoni,Pseudibis davisoni
AVIBASE-2B954EC3,Pseudibis papillosa,Pseudibis papillosa,Pseudibis papillosa
AVIBASE-7BB35115,Pseudobias wardi,Pseudobias wardi,Pseudobias wardi
AVIBASE-9331EDA7,Pseudobulweria aterrima,Pseudobulweria aterrima,Pseudobulweria aterrima
AVIBASE-AA1E16FC,Pseudobulweria becki,Pseudobulweria becki,Pseudobulweria becki
AVIBASE-54D9B4DB,Pseudobulweria macgillivrayi,Pseudobulweria macgillivrayi,Pseudobulweria macgillivrayi
AVIBASE-FCFBB7D9,Pseudobulweria rostrata,Pseudobulweria rostrata,Pseudobulweria rostrata
AVIBASE-B8AE6DAF,Pseudocalyptomena graueri,Pseudocalyptomena graueri,Pseudocalyptomena graueri
AVIBASE-F0C6A985,Pseudochelidon eurystomina,Pseudochelidon eurystomina,Pseudochelidon eurystomina
AVIBASE-0898B91B,Pseudocolaptes boissonneauii,Pseudocolaptes boissonneautii,Pseudocolaptes boissonneautii
AVIBASE-399DC574,Pseudocolaptes johnsoni,Pseudocolaptes lawrencii,Pseudocolaptes johnsoni
AVIBASE-74CEB92D,Pseudocolaptes lawrencii,Pseudocolaptes lawrencii,Pseudocolaptes lawrencii
AVIBASE-72A61A24,Pseudocolopteryx acutipennis,Pseudocolopteryx acutipennis,Pseudocolopteryx acutipennis
AVIBASE-74F4A6E7,Pseudocolopteryx citreola,Pseudocolopteryx citreola,Pseudocolopteryx flaviventris
AVIBASE-5366CBA4,Pseudocolopteryx dinelliana,Pseudocolopteryx dinelliana,Pseudocolopteryx dinelliana
AVIBASE-F9F05396,Pseudocolopteryx flaviventris,Pseudocolopteryx flaviventris,Pseudocolopteryx flaviventris
AVIBASE-1CE408B6,Pseudocolopteryx sclateri,Pseudocolopteryx sclateri,Pseudocolopteryx sclateri
AVIBASE-45D8B6C5,Pseudoleistes guirahuro,Pseudoleistes guirahuro,Pseudoleistes guirahuro
AVIBASE-947E1C04,Pseudoleistes virescens,Pseudoleistes virescens,Pseudoleistes virescens
AVIBASE-99A702C3,Pseudonestor xanthophrys,Pseudonestor xanthophrys,Pseudonestor xanthophrys
AVIBASE-573C3683,Pseudonigrita arnaudi,Pseudonigrita arnaudi,Pseudonigrita arnaudi
AVIBASE-65856D49,Pseudonigrita cabanisi,Pseudonigrita cabanisi,Pseudonigrita cabanisi
AVIBASE-1C833562,Pseudopipra pipra,Pseudopipra pipra,Pipra pipra
AVIBASE-BDA1AC35,Pseudopodoces humilis,Pseudopodoces humilis,Pseudopodoces humilis
AVIBASE-FF953F55,Pseudorectes ferrugineus,Pseudorectes ferrugineus,Pitohui ferrugineus
AVIBASE-CBC2CE1F,Pseudorectes incertus,Pseudorectes incertus,Pitohui incertus
AVIBASE-51DFE1EC,Pseudosaltator rufiventris,Pseudosaltator rufiventris,Saltator rufiventris
AVIBASE-F85D5EC3,Pseudoscops grammicus,Asio grammicus,Pseudoscops grammicus
AVIBASE-E8FD1B6C,Pseudoseisura cristata,Pseudoseisura cristata,Pseudoseisura cristata
AVIBASE-07FFE945,Pseudoseisura gutturalis,Pseudoseisura gutturalis,Pseudoseisura gutturalis
AVIBASE-68D2CBF4,Pseudoseisura lophotes,Pseudoseisura lophotes,Pseudoseisura lophotes
AVIBASE-3E35CEA4,Pseudoseisura unirufa,Pseudoseisura unirufa,Pseudoseisura unirufa
AVIBASE-8260C80A,Pseudospingus verticalis,Pseudospingus verticalis,Hemispingus verticalis
AVIBASE-17A843C1,Pseudospingus xanthophthalmus,Pseudospingus xanthophthalmus,Hemispingus xanthophthalmus
AVIBASE-257BC6C6,Pseudotriccus pelzelni,Pseudotriccus pelzelni,Pseudotriccus pelzelni
AVIBASE-C727EA6A,Pseudotriccus ruficeps,Pseudotriccus ruficeps,Pseudotriccus ruficeps
AVIBASE-D7CE89D5,Pseudotriccus simplex,Pseudotriccus simplex,Pseudotriccus simplex
AVIBASE-5F832168,Psilopogon annamensis,Psilopogon annamensis,Megalaima oorti
AVIBASE-1DDCF3CB,Psilopogon armillaris,Psilopogon armillaris,Megalaima armillaris
AVIBASE-229575C0,Psilopogon asiaticus,Psilopogon asiaticus,Megalaima asiatica
AVIBASE-95D08E4C,Psilopogon auricularis,Psilopogon auricularis,Megalaima franklinii
AVIBASE-4192820D,Psilopogon australis,Psilopogon australis,Megalaima australis
AVIBASE-F192B01C,Psilopogon chersonesus,Psilopogon chersonesus,Megalaima asiatica
AVIBASE-FA4F17DB,Psilopogon chrysopogon,Psilopogon chrysopogon,Megalaima chrysopogon
AVIBASE-2A5A8428,Psilopogon corvinus,Psilopogon corvinus,Megalaima corvina
AVIBASE-E3ADA3B1,Psilopogon cyanotis,Psilopogon duvaucelii,Megalaima australis
AVIBASE-EE82B503,Psilopogon duvaucelii,Psilopogon duvaucelii,Megalaima australis
AVIBASE-8B3434B9,Psilopogon eximius,Psilopogon eximius,Megalaima eximia
AVIBASE-FF5877D7,Psilopogon faber,Psilopogon faber,Megalaima faber
AVIBASE-A233028E,Psilopogon faiostrictus,Psilopogon faiostrictus,Megalaima faiostricta
AVIBASE-FBFB6ED7,Psilopogon flavifrons,Psilopogon flavifrons,Megalaima flavifrons
AVIBASE-BB0C3E76,Psilopogon franklinii,Psilopogon franklinii,Megalaima franklinii
AVIBASE-2B7AC50E,Psilopogon haemacephalus,Psilopogon haemacephalus,Megalaima haemacephala
AVIBASE-E4B545F5,Psilopogon henricii,Psilopogon henricii,Megalaima henricii
AVIBASE-0A563359,Psilopogon incognitus,Psilopogon incognitus,Megalaima incognita
AVIBASE-3FAAF1EF,Psilopogon javensis,Psilopogon javensis,Megalaima javensis
AVIBASE-EB2B281D,Psilopogon lagrandieri,Psilopogon lagrandieri,Megalaima lagrandieri
AVIBASE-4EBAE936,Psilopogon lineatus,Psilopogon lineatus,Megalaima lineata
AVIBASE-1E095819,Psilopogon malabaricus,Psilopogon malabaricus,Megalaima rubricapillus
AVIBASE-67B5D4C8,Psilopogon monticola,Psilopogon monticola,Megalaima monticola
AVIBASE-85DECE79,Psilopogon mystacophanos,Psilopogon mystacophanos,Megalaima mystacophanos
AVIBASE-244D5336,Psilopogon nuchalis,Psilopogon nuchalis,Megalaima nuchalis
AVIBASE-ED45D950,Psilopogon oorti,Psilopogon oorti,Megalaima oorti
AVIBASE-6F858890,Psilopogon pulcherrimus,Psilopogon pulcherrimus,Megalaima pulcherrima
AVIBASE-9769A702,Psilopogon pyrolophus,Psilopogon pyrolophus,Psilopogon pyrolophus
AVIBASE-39972C74,Psilopogon rafflesii,Psilopogon rafflesii,Megalaima rafflesii
AVIBASE-476E767B,Psilopogon rubricapillus,Psilopogon rubricapillus,Megalaima rubricapillus
AVIBASE-F5636BF7,Psilopogon virens,Psilopogon virens,Megalaima virens
AVIBASE-EAE4A304,Psilopogon viridis,Psilopogon viridis,Megalaima viridis
AVIBASE-15471F21,Psilopogon zeylanicus,Psilopogon zeylanicus,Megalaima zeylanica
AVIBASE-AE9BD88B,Psilopsiagon aurifrons,Psilopsiagon aurifrons,Psilopsiagon aurifrons
AVIBASE-2F6F57F8,Psilopsiagon aymara,Psilopsiagon aymara,Psilopsiagon aymara
AVIBASE-24664381,Psilorhamphus guttatus,Psilorhamphus guttatus,Psilorhamphus guttatus
AVIBASE-1BF907B6,Psiloscops flammeolus,Psiloscops flammeolus,Otus flammeolus
AVIBASE-4BE8E5F1,Psittacara acuticaudatus,Thectocercus acuticaudatus,Aratinga acuticaudata
AVIBASE-FA662936,Psittacara chloropterus,Psittacara chloropterus,Aratinga chloroptera
AVIBASE-12E354E2,Psittacara erythrogenys,Psittacara erythrogenys,Aratinga erythrogenys
AVIBASE-1BABE8A4,Psittacara euops,Psittacara euops,Aratinga euops
AVIBASE-BB1BD713,Psittacara finschi,Psittacara finschi,Aratinga finschi
AVIBASE-30789EE7,Psittacara frontatus,Psittacara wagleri,Aratinga wagleri
AVIBASE-BACDCFE2,Psittacara holochlorus,Psittacara brevipes,Aratinga brevipes
AVIBASE-67D6698A,Psittacara holochlorus,Psittacara holochlorus,Aratinga holochlora
AVIBASE-53A45E87,Psittacara leucophthalmus,Psittacara leucophthalmus,Aratinga leucophthalma
AVIBASE-8DE71518,Psittacara mitratus,Psittacara mitratus,Aratinga mitrata
AVIBASE-6786ECC6,Psittacara rubritorquis,Psittacara holochlorus,Aratinga rubritorquis
AVIBASE-8B1CF9DF,Psittacara wagleri,Psittacara wagleri,Aratinga wagleri
AVIBASE-FD9589C1,Psittacella brehmii,Psittacella brehmii,Psittacella brehmii
AVIBASE-9D62875B,Psittacella lorentzi,Psittacella picta,Psittacella picta
AVIBASE-A2DE41CF,Psittacella madaraszi,Psittacella madaraszi,Psittacella madaraszi
AVIBASE-F4A6C191,Psittacella modesta,Psittacella modesta,Psittacella modesta
AVIBASE-B182A4E9,Psittacella picta,Psittacella picta,Psittacella picta
AVIBASE-AC2576A1,Psittacula alexandri,Psittacula alexandri,Psittacula alexandri
AVIBASE-3BC383B0,Psittacula caniceps,Psittacula caniceps,Psittacula caniceps
AVIBASE-BE817B49,Psittacula derbiana,Psittacula derbiana,Psittacula derbiana
AVIBASE-DAA66E9A,Psittaculirostris cervicalis,Psittaculirostris desmarestii,Psittaculirostris desmarestii
AVIBASE-80ADE7E1,Psittaculirostris desmarestii,Psittaculirostris desmarestii,Psittaculirostris desmarestii
AVIBASE-1E6D7133,Psittaculirostris edwardsii,Psittaculirostris edwardsii,Psittaculirostris edwardsii
AVIBASE-848F15E7,Psittaculirostris godmani,Psittaculirostris desmarestii,Psittaculirostris desmarestii
AVIBASE-66AC2F18,Psittaculirostris salvadorii,Psittaculirostris salvadorii,Psittaculirostris salvadorii
AVIBASE-3DE7F2AD,Psittacus erithacus,Psittacus erithacus,Psittacus erithacus
AVIBASE-F63BD872,Psittacus erithacus,Psittacus erithacus,Psittacus erithacus
AVIBASE-F63BD872,Psittacus timneh,Psittacus erithacus,Psittacus erithacus
AVIBASE-6AABF24D,Psitteuteles goldiei,Glossoptila goldiei,Psitteuteles goldiei
AVIBASE-C18EB75E,Psitteuteles versicolor,Psitteuteles versicolor,Psitteuteles versicolor
AVIBASE-AF6AF3CC,Psittinus abbotti,Psittinus cyanurus,Psittinus cyanurus
AVIBASE-DD93ECEA,Psittinus cyanurus,Psittinus cyanurus,Psittinus cyanurus
AVIBASE-C89C9217,Psittiparus bakeri,Psittiparus bakeri,Paradoxornis ruficeps
AVIBASE-4D6EE0EA,Psittiparus gularis,Psittiparus gularis,Paradoxornis gularis
AVIBASE-DBBA3A9A,Psittiparus margaritae,Psittiparus margaritae,Paradoxornis margaritae
AVIBASE-A66D4C91,Psittiparus ruficeps,Psittiparus ruficeps,Paradoxornis ruficeps
AVIBASE-AC2EDFEE,Psittirostra psittacea,Psittirostra psittacea,Psittirostra psittacea
AVIBASE-110E01EA,Psittrichas fulgidus,Psittrichas fulgidus,Psittrichas fulgidus
AVIBASE-C7C6DD9A,Psophia crepitans,Psophia crepitans,Psophia crepitans
AVIBASE-A4CEB29F,Psophia dextralis,Psophia viridis,Psophia viridis
AVIBASE-C59A3228,Psophia leucoptera,Psophia leucoptera,Psophia leucoptera
AVIBASE-223DE9CC,Psophia obscura,Psophia viridis,Psophia viridis
AVIBASE-14E33FEB,Psophia ochroptera,Psophia crepitans,Psophia crepitans
AVIBASE-C863872A,Psophia viridis,Psophia viridis,Psophia viridis
AVIBASE-8C5759C5,Psophocichla litsitsirupa,Psophocichla litsitsirupa,Psophocichla litsitsirupa
AVIBASE-E8E2ED6D,Psophocichla simensis,Psophocichla litsitsirupa,Psophocichla litsitsirupa
AVIBASE-8D83C373,Psophodes cristatus,Psophodes cristatus,Psophodes cristatus
AVIBASE-D57E208D,Psophodes nigrogularis,Psophodes nigrogularis,Psophodes nigrogularis
AVIBASE-9FC806EE,Psophodes occidentalis,Psophodes occidentalis,Psophodes occidentalis
AVIBASE-79107CE6,Psophodes olivaceus,Psophodes olivaceus,Psophodes olivaceus
AVIBASE-299479DE,Pteridophora alberti,Pteridophora alberti,Pteridophora alberti
AVIBASE-9E356E43,Pternistis adspersus,Pternistis adspersus,Francolinus adspersus
AVIBASE-5FA94F66,Pternistis afer,Pternistis afer,Francolinus afer
AVIBASE-CA53B18D,Pternistis ahantensis,Pternistis ahantensis,Francolinus ahantensis
AVIBASE-F86E768E,Pternistis atrifrons,Pternistis atrifrons,Francolinus castaneicollis
AVIBASE-D8267ADE,Pternistis bicalcaratus,Pternistis bicalcaratus,Francolinus bicalcaratus
AVIBASE-D40CAF0C,Pternistis camerunensis,Pternistis camerunensis,Francolinus camerunensis
AVIBASE-6405CD29,Pternistis capensis,Pternistis capensis,Francolinus capensis
AVIBASE-05A3EE36,Pternistis castaneicollis,Pternistis castaneicollis,Francolinus castaneicollis
AVIBASE-6EB4D5DE,Pternistis clappertoni,Pternistis clappertoni,Francolinus clappertoni
AVIBASE-6C4A6597,Pternistis erckelii,Pternistis erckelii,Francolinus erckelii
AVIBASE-7A8E73BF,Pternistis griseostriatus,Pternistis griseostriatus,Francolinus griseostriatus
AVIBASE-56FA0FE6,Pternistis hartlaubi,Pternistis hartlaubi,Francolinus hartlaubi
AVIBASE-02D73B4A,Pternistis harwoodi,Pternistis harwoodi,Francolinus harwoodi
AVIBASE-F5A73AAA,Pternistis hildebrandti,Pternistis hildebrandti,Francolinus hildebrandti
AVIBASE-3EAF578D,Pternistis icterorhynchus,Pternistis icterorhynchus,Francolinus icterorhynchus
AVIBASE-A7E59764,Pternistis jacksoni,Pternistis jacksoni,Francolinus jacksoni
AVIBASE-90AFDF9E,Pternistis leucoscepus,Pternistis leucoscepus,Francolinus leucoscepus
AVIBASE-A7002FF6,Pternistis natalensis,Pternistis natalensis,Francolinus natalensis
AVIBASE-DA7CA265,Pternistis nobilis,Pternistis nobilis,Francolinus nobilis
AVIBASE-20C06F73,Pternistis ochropectus,Pternistis ochropectus,Francolinus ochropectus
AVIBASE-DB3EB527,Pternistis rufopictus,Pternistis rufopictus,Francolinus rufopictus
AVIBASE-1B11690B,Pternistis squamatus,Pternistis squamatus,Francolinus squamatus
AVIBASE-721FFBD4,Pternistis swainsonii,Pternistis swainsonii,Francolinus swainsonii
AVIBASE-3A5FE639,Pternistis swierstrai,Pternistis swierstrai,Francolinus swierstrai
AVIBASE-493C4CF8,Pterocles alchata,Pterocles alchata,Pterocles alchata
AVIBASE-54059277,Pterocles bicinctus,Pterocles bicinctus,Pterocles bicinctus
AVIBASE-176A4101,Pterocles burchelli,Pterocles burchelli,Pterocles burchelli
AVIBASE-90194DA5,Pterocles coronatus,Pterocles coronatus,Pterocles coronatus
AVIBASE-70AFED2C,Pterocles decoratus,Pterocles decoratus,Pterocles decoratus
AVIBASE-F5DE9155,Pterocles exustus,Pterocles exustus,Pterocles exustus
AVIBASE-8B6EA5FA,Pterocles gutturalis,Pterocles gutturalis,Pterocles gutturalis
AVIBASE-03CF8CB5,Pterocles indicus,Pterocles indicus,Pterocles indicus
AVIBASE-F3715F7B,Pterocles lichtensteinii,Pterocles lichtensteinii,Pterocles lichtensteinii
AVIBASE-AAEF597A,Pterocles namaqua,Pterocles namaqua,Pterocles namaqua
AVIBASE-06B41945,Pterocles orientalis,Pterocles orientalis,Pterocles orientalis
AVIBASE-AFBB3FB7,Pterocles personatus,Pterocles personatus,Pterocles personatus
AVIBASE-461482EA,Pterocles quadricinctus,Pterocles quadricinctus,Pterocles quadricinctus
AVIBASE-942BC618,Pterocles senegallus,Pterocles senegallus,Pterocles senegallus
AVIBASE-4B5CC270,Pterodroma alba,Pterodroma alba,Pterodroma alba
AVIBASE-8116523B,Pterodroma arminjoniana,Pterodroma arminjoniana,Pterodroma arminjoniana
AVIBASE-A98DB170,Pterodroma atrata,Pterodroma atrata,Pterodroma atrata
AVIBASE-C398A0EA,Pterodroma axillaris,Pterodroma axillaris,Pterodroma axillaris
AVIBASE-D956176F,Pterodroma baraui,Pterodroma baraui,Pterodroma baraui
AVIBASE-6983FAD1,Pterodroma brevipes,Pterodroma brevipes,Pterodroma brevipes
AVIBASE-F6533C4B,Pterodroma cahow,Pterodroma cahow,Pterodroma cahow
AVIBASE-8B2FD890,Pterodroma caribbaea,Pterodroma hasitata,Pterodroma caribbaea
AVIBASE-371701A1,Pterodroma cervicalis,Pterodroma occulta,Pterodroma cervicalis
AVIBASE-754775F5,Pterodroma cervicalis,Pterodroma cervicalis,Pterodroma cervicalis
AVIBASE-5C61DD1B,Pterodroma cookii,Pterodroma cookii,Pterodroma cookii
AVIBASE-41E264AA,Pterodroma defilippiana,Pterodroma defilippiana,Pterodroma defilippiana
AVIBASE-F93629B0,Pterodroma deserta,Pterodroma feae,Pterodroma feae
AVIBASE-DC2BA23B,Pterodroma externa,Pterodroma externa,Pterodroma externa
AVIBASE-CFE78BAC,Pterodroma feae,Pterodroma feae,Pterodroma feae
AVIBASE-DF92B7F9,Pterodroma gouldi,Pterodroma gouldi,Pterodroma macroptera
AVIBASE-DCD73C3A,Pterodroma hasitata,Pterodroma hasitata,Pterodroma hasitata
AVIBASE-6C348817,Pterodroma heraldica,Pterodroma heraldica,Pterodroma heraldica
AVIBASE-C69447E2,Pterodroma hypoleuca,Pterodroma hypoleuca,Pterodroma hypoleuca
AVIBASE-23865D25,Pterodroma incerta,Pterodroma incerta,Pterodroma incerta
AVIBASE-B829AC03,Pterodroma inexpectata,Pterodroma inexpectata,Pterodroma inexpectata
AVIBASE-7C787E7D,Pterodroma lessonii,Pterodroma lessonii,Pterodroma lessonii
AVIBASE-A27F9AF6,Pterodroma leucoptera,Pterodroma leucoptera,Pterodroma leucoptera
AVIBASE-0F0F66EF,Pterodroma longirostris,Pterodroma longirostris,Pterodroma longirostris
AVIBASE-508E7E59,Pterodroma macroptera,Pterodroma macroptera,Pterodroma macroptera
AVIBASE-A6EA486B,Pterodroma madeira,Pterodroma madeira,Pterodroma madeira
AVIBASE-44C20FFF,Pterodroma magentae,Pterodroma magentae,Pterodroma magentae
AVIBASE-12286A1E,Pterodroma mollis,Pterodroma mollis,Pterodroma mollis
AVIBASE-889232C7,Pterodroma neglecta,Pterodroma neglecta,Pterodroma neglecta
AVIBASE-AE186136,Pterodroma nigripennis,Pterodroma nigripennis,Pterodroma nigripennis
AVIBASE-0DF68A87,Pterodroma phaeopygia,Pterodroma phaeopygia,Pterodroma phaeopygia
AVIBASE-3786AD4E,Pterodroma pycrofti,Pterodroma pycrofti,Pterodroma pycrofti
AVIBASE-E4AFFBF2,Pterodroma sandwichensis,Pterodroma sandwichensis,Pterodroma sandwichensis
AVIBASE-F654D59E,Pterodroma solandri,Pterodroma solandri,Pterodroma solandri
AVIBASE-32AC75A8,Pterodroma ultima,Pterodroma ultima,Pterodroma ultima
AVIBASE-D153FC18,Pteroglossus aracari,Pteroglossus aracari,Pteroglossus aracari
AVIBASE-E8654FA3,Pteroglossus azara,Pteroglossus azara,Pteroglossus azara
AVIBASE-13435110,Pteroglossus bailloni,Pteroglossus bailloni,Pteroglossus bailloni
AVIBASE-C98EC8FF,Pteroglossus beauharnaisii,Pteroglossus beauharnaisii,Pteroglossus beauharnaesii
AVIBASE-A65471BF,Pteroglossus bitorquatus,Pteroglossus bitorquatus,Pteroglossus bitorquatus
AVIBASE-76642513,Pteroglossus castanotis,Pteroglossus castanotis,Pteroglossus castanotis
AVIBASE-897C1A75,Pteroglossus erythropygius,Pteroglossus torquatus,Pteroglossus torquatus
AVIBASE-9230DF7D,Pteroglossus frantzii,Pteroglossus frantzii,Pteroglossus frantzii
AVIBASE-45FA2A61,Pteroglossus humboldti,Pteroglossus inscriptus,Pteroglossus inscriptus
AVIBASE-B0B61550,Pteroglossus inscriptus,Pteroglossus inscriptus,Pteroglossus inscriptus
AVIBASE-6D83E2D8,Pteroglossus pluricinctus,Pteroglossus pluricinctus,Pteroglossus pluricinctus
AVIBASE-89DA438E,Pteroglossus sanguineus,Pteroglossus torquatus,Pteroglossus torquatus
AVIBASE-FC70352C,Pteroglossus sturmii,Pteroglossus bitorquatus,Pteroglossus bitorquatus
AVIBASE-542B4FCB,Pteroglossus torquatus,Pteroglossus torquatus,Pteroglossus torquatus
AVIBASE-10FE38DF,Pteroglossus viridis,Pteroglossus viridis,Pteroglossus viridis
AVIBASE-F28E3EB8,Pteronetta hartlaubii,Pteronetta hartlaubii,Pteronetta hartlaubii
AVIBASE-D370EC58,Pterophanes cyanopterus,Pterophanes cyanopterus,Pterophanes cyanopterus
AVIBASE-A52EC941,Pteroptochos castaneus,Pteroptochos castaneus,Pteroptochos castaneus
AVIBASE-8DA1575F,Pteroptochos megapodius,Pteroptochos megapodius,Pteroptochos megapodius
AVIBASE-FDE3FE01,Pteroptochos tarnii,Pteroptochos tarnii,Pteroptochos tarnii
AVIBASE-E2C816C2,Pteruthius aenobarbus,NA,Pteruthius aenobarbus
AVIBASE-0037A14F,Pteruthius aenobarbus,Pteruthius intermedius,Pteruthius aenobarbus
AVIBASE-DC2B6EBC,Pteruthius aenobarbus,Pteruthius aenobarbus,Pteruthius aenobarbus
AVIBASE-35B3D0EA,Pteruthius aeralatus,Pteruthius annamensis,Pteruthius flaviscapis
AVIBASE-3D4E034C,Pteruthius aeralatus,Pteruthius ripleyi,Pteruthius flaviscapis
AVIBASE-E2C816C2,Pteruthius aeralatus,NA,Pteruthius flaviscapis
AVIBASE-E0AB44A1,Pteruthius flaviscapis,Pteruthius flaviscapis,Pteruthius flaviscapis
AVIBASE-17DB8BA0,Pteruthius melanotis,Pteruthius melanotis,Pteruthius melanotis
AVIBASE-484E9B46,Pteruthius rufiventer,Pteruthius rufiventer,Pteruthius rufiventer
AVIBASE-00C6FC90,Pteruthius xanthochlorus,Pteruthius xanthochlorus,Pteruthius xanthochlorus
AVIBASE-8601021F,Ptilinopus alligator,Ptilinopus alligator,Ptilinopus cinctus
AVIBASE-15C0303A,Ptilinopus arcanus,Ptilinopus arcanus,Ptilinopus arcanus
AVIBASE-BBC4C9DF,Ptilinopus aurantiifrons,Ptilinopus aurantiifrons,Ptilinopus aurantiifrons
AVIBASE-506DEB9C,Ptilinopus chalcurus,Ptilinopus chalcurus,Ptilinopus chalcurus
AVIBASE-94543CFF,Ptilinopus chrysogaster,Ptilinopus purpuratus,Ptilinopus purpuratus
AVIBASE-01FF30C9,Ptilinopus cinctus,Ptilinopus cinctus,Ptilinopus cinctus
AVIBASE-31FFAD02,Ptilinopus coralensis,Ptilinopus coralensis,Ptilinopus coralensis
AVIBASE-6ECCC45D,Ptilinopus coronulatus,Ptilinopus coronulatus,Ptilinopus coronulatus
AVIBASE-A4ECD089,Ptilinopus dohertyi,Ptilinopus dohertyi,Ptilinopus dohertyi
AVIBASE-BEDBBD83,Ptilinopus dupetithouarsii,Ptilinopus dupetithouarsii,Ptilinopus dupetithouarsii
AVIBASE-E1257137,Ptilinopus eugeniae,Ptilinopus eugeniae,Ptilinopus eugeniae
AVIBASE-9F3042D2,Ptilinopus fasciatus,Ptilinopus porphyraceus,Ptilinopus porphyraceus
AVIBASE-E0D24D45,Ptilinopus gestroi,Ptilinopus ornatus,Ptilinopus ornatus
AVIBASE-A8AAFCCE,Ptilinopus granulifrons,Ptilinopus granulifrons,Ptilinopus granulifrons
AVIBASE-FA53C613,Ptilinopus greyi,Ptilinopus greyi,Ptilinopus greyii
AVIBASE-96FDF70C,Ptilinopus hernsheimi,Ptilinopus hernsheimi,Ptilinopus porphyraceus
AVIBASE-0D3C62C9,Ptilinopus huttoni,Ptilinopus huttoni,Ptilinopus huttoni
AVIBASE-101A4B84,Ptilinopus hyogastrus,Ptilinopus hyogastrus,Ptilinopus hyogastrus
AVIBASE-77EDD972,Ptilinopus insolitus,Ptilinopus insolitus,Ptilinopus insolitus
AVIBASE-C57C1B5C,Ptilinopus insularis,Ptilinopus insularis,Ptilinopus insularis
AVIBASE-91B85A8E,Ptilinopus iozonus,Ptilinopus iozonus,Ptilinopus iozonus
AVIBASE-0DF234C1,Ptilinopus melanospilus,Ptilinopus melanospilus,Ptilinopus melanospilus
AVIBASE-7D88F8A3,Ptilinopus monacha,Ptilinopus monacha,Ptilinopus monacha
AVIBASE-46E62FF6,Ptilinopus nainus,Ptilinopus nainus,Ptilinopus naina
AVIBASE-A7A6D5C5,Ptilinopus ornatus,Ptilinopus ornatus,Ptilinopus ornatus
AVIBASE-A87BEC71,Ptilinopus pelewensis,Ptilinopus pelewensis,Ptilinopus pelewensis
AVIBASE-1BDDFB1D,Ptilinopus perlatus,Ptilinopus perlatus,Ptilinopus perlatus
AVIBASE-4267B4F7,Ptilinopus perousii,Ptilinopus perousii,Ptilinopus perousii
AVIBASE-29277750,Ptilinopus ponapensis,Ptilinopus ponapensis,Ptilinopus porphyraceus
AVIBASE-6AD10A4C,Ptilinopus porphyraceus,Ptilinopus porphyraceus,Ptilinopus porphyraceus
AVIBASE-367BB605,Ptilinopus porphyreus,Ptilinopus porphyreus,Ptilinopus porphyreus
AVIBASE-CAF11212,Ptilinopus pulchellus,Ptilinopus pulchellus,Ptilinopus pulchellus
AVIBASE-68341502,Ptilinopus purpuratus,Ptilinopus purpuratus,Ptilinopus purpuratus
AVIBASE-779F6508,Ptilinopus rarotongensis,Ptilinopus rarotongensis,Ptilinopus rarotongensis
AVIBASE-3EC888E4,Ptilinopus regina,Ptilinopus regina,Ptilinopus regina
AVIBASE-34A37399,Ptilinopus richardsii,Ptilinopus richardsii,Ptilinopus richardsii
AVIBASE-98F7FF1F,Ptilinopus rivoli,Ptilinopus rivoli,Ptilinopus rivoli
AVIBASE-3D223FA4,Ptilinopus roseicapilla,Ptilinopus roseicapilla,Ptilinopus roseicapilla
AVIBASE-C15DD431,Ptilinopus solomonensis,Ptilinopus solomonensis,Ptilinopus solomonensis
AVIBASE-BE752C4F,Ptilinopus speciosus,Ptilinopus solomonensis,Ptilinopus solomonensis
AVIBASE-205515E9,Ptilinopus superbus,Ptilinopus superbus,Ptilinopus superbus
AVIBASE-8D278968,Ptilinopus tannensis,Ptilinopus tannensis,Ptilinopus tannensis
AVIBASE-722E8494,Ptilinopus temminckii,Ptilinopus superbus,Ptilinopus superbus
AVIBASE-49DBBA0C,Ptilinopus viridis,Ptilinopus viridis,Ptilinopus viridis
AVIBASE-614982D5,Ptilinopus wallacii,Ptilinopus wallacii,Ptilinopus wallacii
AVIBASE-12D30D1A,Ptiliogonys caudatus,Ptiliogonys caudatus,Ptilogonys caudatus
AVIBASE-18003191,Ptiliogonys cinereus,Ptiliogonys cinereus,Ptilogonys cinereus
AVIBASE-E86FF436,Ptilocichla falcata,Ptilocichla falcata,Ptilocichla falcata
AVIBASE-84D17453,Ptilocichla leucogrammica,Ptilocichla leucogrammica,Ptilocichla leucogrammica
AVIBASE-E056E59C,Ptilocichla mindanensis,Ptilocichla mindanensis,Ptilocichla mindanensis
AVIBASE-5CF4CE65,Ptilonorhynchus violaceus,Ptilonorhynchus violaceus,Ptilonorhynchus violaceus
AVIBASE-07A42F4E,Ptilopachus nahani,Ptilopachus nahani,Francolinus nahani
AVIBASE-57B05159,Ptilopachus petrosus,Ptilopachus petrosus,Ptilopachus petrosus
AVIBASE-6A3D1D01,Ptiloprora erythropleura,Ptiloprora erythropleura,Ptiloprora erythropleura
AVIBASE-08196575,Ptiloprora guisei,Ptiloprora guisei,Ptiloprora guisei
AVIBASE-44C4C8B5,Ptiloprora mayri,Ptiloprora mayri,Ptiloprora mayri
AVIBASE-C1665D2D,Ptiloprora meekiana,Ptiloprora meekiana,Ptiloprora meekiana
AVIBASE-93334974,Ptiloprora perstriata,Ptiloprora perstriata,Ptiloprora perstriata
AVIBASE-5B865C89,Ptiloprora plumbea,Ptiloprora plumbea,Ptiloprora plumbea
AVIBASE-023D6E38,Ptilopsis granti,Ptilopsis granti,Ptilopsis granti
AVIBASE-E561A180,Ptilopsis leucotis,Ptilopsis leucotis,Otus leucotis
AVIBASE-4A699D18,Ptilorrhoa caerulescens,Ptilorrhoa caerulescens,Ptilorrhoa caerulescens
AVIBASE-BF8E5A32,Ptilorrhoa castanonota,Ptilorrhoa castanonota,Ptilorrhoa castanonota
AVIBASE-0993C4AE,Ptilorrhoa geislerorum,Ptilorrhoa geislerorum,Ptilorrhoa caerulescens
AVIBASE-219E9D2D,Ptilorrhoa leucosticta,Ptilorrhoa leucosticta,Ptilorrhoa leucosticta
AVIBASE-4C35510F,Ptilostomus afer,Ptilostomus afer,Ptilostomus afer
AVIBASE-479EEC16,Ptilotula flavescens,Ptilotula flavescens,Lichenostomus flavescens
AVIBASE-34CC9FA8,Ptilotula fusca,Ptilotula fusca,Lichenostomus fuscus
AVIBASE-BEA249CC,Ptilotula keartlandi,Ptilotula keartlandi,Lichenostomus keartlandi
AVIBASE-E03A81FF,Ptilotula ornata,Ptilotula ornata,Lichenostomus ornatus
AVIBASE-CE7BDFB9,Ptilotula penicillata,Ptilotula penicillata,Lichenostomus penicillatus
AVIBASE-699EC869,Ptilotula plumula,Ptilotula plumula,Lichenostomus plumulus
AVIBASE-5716ACB7,Ptiloxena atroviolacea,Ptiloxena atroviolacea,Dives atroviolaceus
AVIBASE-2CF6D6F6,Ptychoramphus aleuticus,Ptychoramphus aleuticus,Ptychoramphus aleuticus
AVIBASE-1DF380FB,Ptyonoprogne concolor,Ptyonoprogne concolor,Hirundo concolor
AVIBASE-21E0ADE5,Ptyonoprogne fuligula,Ptyonoprogne fuligula,Hirundo fuligula
AVIBASE-0A739712,Ptyonoprogne obsoleta,Ptyonoprogne fuligula,Hirundo obsoleta
AVIBASE-78F55CF1,Ptyonoprogne rufigula,Ptyonoprogne fuligula,Hirundo fuligula
AVIBASE-6F2AF9D0,Ptyonoprogne rupestris,Ptyonoprogne rupestris,Hirundo rupestris
AVIBASE-6383E214,Pucrasia macrolopha,Pucrasia macrolopha,Pucrasia macrolopha
AVIBASE-0205EDC6,Puffinus assimilis,Puffinus assimilis,Puffinus assimilis
AVIBASE-85EB0CC4,Puffinus auricularis,Puffinus auricularis,Puffinus auricularis
AVIBASE-6DA05B66,Puffinus bailloni,Puffinus bailloni,Puffinus lherminieri
AVIBASE-6B59E687,Puffinus bannermani,Puffinus bannermani,Puffinus lherminieri
AVIBASE-4D3C7770,Puffinus bryani,Puffinus bryani,Puffinus assimilis
AVIBASE-6F4BBFE2,Puffinus elegans,Puffinus elegans,Puffinus assimilis
AVIBASE-426C93D3,Puffinus gavia,Puffinus gavia,Puffinus gavia
AVIBASE-2ABFA6CC,Puffinus heinrothi,Puffinus heinrothi,Puffinus heinrothi
AVIBASE-27FAC807,Puffinus huttoni,Puffinus huttoni,Puffinus huttoni
AVIBASE-06C36D41,Puffinus lherminieri,Puffinus lherminieri,Puffinus lherminieri
AVIBASE-5F555FDD,Puffinus lherminieri,Puffinus baroli,Puffinus lherminieri
AVIBASE-42F573C7,Puffinus mauretanicus,Puffinus mauretanicus,Puffinus mauretanicus
AVIBASE-869D13F7,Puffinus myrtae,Puffinus myrtae,Puffinus newelli
AVIBASE-EBFA76B4,Puffinus nativitatis,Puffinus nativitatis,Puffinus nativitatis
AVIBASE-445A0B00,Puffinus newelli,Puffinus newelli,Puffinus newelli
AVIBASE-4FC153E1,Puffinus opisthomelas,Puffinus opisthomelas,Puffinus opisthomelas
AVIBASE-198120BB,Puffinus persicus,Puffinus persicus,Puffinus lherminieri
AVIBASE-5AEDC002,Puffinus puffinus,Puffinus puffinus,Puffinus puffinus
AVIBASE-5FE42C6D,Puffinus subalaris,Puffinus subalaris,Puffinus lherminieri
AVIBASE-FD97EC1E,Puffinus yelkouan,Puffinus yelkouan,Puffinus yelkouan
AVIBASE-6DC70EF3,Pulsatrix koeniswaldiana,Pulsatrix koeniswaldiana,Pulsatrix koeniswaldiana
AVIBASE-AEE70B31,Pulsatrix melanota,Pulsatrix melanota,Pulsatrix melanota
AVIBASE-BA3C3A5C,Pulsatrix perspicillata,Pulsatrix perspicillata,Pulsatrix perspicillata
AVIBASE-D1C0ED04,Purnella albifrons,Purnella albifrons,Phylidonyris albifrons
AVIBASE-3E2C25E8,Purpureicephalus spurius,Purpureicephalus spurius,Purpureicephalus spurius
AVIBASE-E28751A7,Pycnonotus aurigaster,Pycnonotus aurigaster,Pycnonotus aurigaster
AVIBASE-6ABDB635,Pycnonotus barbatus,Pycnonotus barbatus,Pycnonotus barbatus
AVIBASE-6EFA005F,Pycnonotus bimaculatus,Pycnonotus bimaculatus,Pycnonotus bimaculatus
AVIBASE-33C76559,Pycnonotus blanfordi,Pycnonotus blanfordi,Pycnonotus blanfordi
AVIBASE-9B937C26,Pycnonotus brunneus,Pycnonotus brunneus,Pycnonotus brunneus
AVIBASE-95F3F185,Pycnonotus cafer,Pycnonotus cafer,Pycnonotus cafer
AVIBASE-6234824B,Pycnonotus capensis,Pycnonotus capensis,Pycnonotus capensis
AVIBASE-8BEDAAAC,Pycnonotus cinereifrons,Pycnonotus cinereifrons,Pycnonotus plumosus
AVIBASE-E68BC96B,Pycnonotus davisoni,Pycnonotus finlaysoni,Pycnonotus finlaysoni
AVIBASE-249A8210,Pycnonotus finlaysoni,Pycnonotus finlaysoni,Pycnonotus finlaysoni
AVIBASE-9F6CB52D,Pycnonotus flavescens,Pycnonotus flavescens,Pycnonotus flavescens
AVIBASE-E6413C7F,Pycnonotus goiavier,Pycnonotus goiavier,Pycnonotus goiavier
AVIBASE-F9E37510,Pycnonotus jocosus,Pycnonotus jocosus,Pycnonotus jocosus
AVIBASE-A1DD797F,Pycnonotus leucogenys,Pycnonotus leucogenys,Pycnonotus leucogenys
AVIBASE-9B0BF560,Pycnonotus leucops,Pycnonotus flavescens,Pycnonotus flavescens
AVIBASE-4A85D701,Pycnonotus leucotis,Pycnonotus leucotis,Pycnonotus leucotis
AVIBASE-587EC0C3,Pycnonotus luteolus,Pycnonotus luteolus,Pycnonotus luteolus
AVIBASE-84F1B408,Pycnonotus nieuwenhuisii,Pycnonotus nieuwenhuisii,Pycnonotus nieuwenhuisii
AVIBASE-9EF3E079,Pycnonotus nigricans,Pycnonotus nigricans,Pycnonotus nigricans
AVIBASE-4F30CD0E,Pycnonotus penicillatus,Pycnonotus penicillatus,Pycnonotus penicillatus
AVIBASE-09CBDAE2,Pycnonotus plumosus,Pycnonotus plumosus,Pycnonotus plumosus
AVIBASE-CCF575F5,Pycnonotus pseudosimplex,Pycnonotus pseudosimplex,Pycnonotus simplex
AVIBASE-12679AF2,Pycnonotus simplex,Pycnonotus simplex,Pycnonotus simplex
AVIBASE-BB5650EB,Pycnonotus sinensis,Pycnonotus sinensis,Pycnonotus sinensis
AVIBASE-B4BD2218,Pycnonotus snouckaerti,Pycnonotus snouckaerti,Pycnonotus bimaculatus
AVIBASE-A7C19329,Pycnonotus taivanus,Pycnonotus taivanus,Pycnonotus taivanus
AVIBASE-1DAB56C6,Pycnonotus tympanistrigus,Pycnonotus tympanistrigus,Pycnonotus tympanistrigus
AVIBASE-12D2FAB5,Pycnonotus xantholaemus,Pycnonotus xantholaemus,Pycnonotus xantholaemus
AVIBASE-24B66475,Pycnonotus xanthopygos,Pycnonotus xanthopygos,Pycnonotus xanthopygos
AVIBASE-0604A8C5,Pycnonotus xanthorrhous,Pycnonotus xanthorrhous,Pycnonotus xanthorrhous
AVIBASE-6116C5B3,Pycnonotus zeylanicus,Pycnonotus zeylanicus,Pycnonotus zeylanicus
AVIBASE-F16E99A0,Pycnoptilus floccosus,Pycnoptilus floccosus,Pycnoptilus floccosus
AVIBASE-86C258A6,Pycnopygius cinereus,Pycnopygius cinereus,Pycnopygius cinereus
AVIBASE-8B89A812,Pycnopygius ixoides,Pycnopygius ixoides,Pycnopygius ixoides
AVIBASE-92C84F5F,Pycnopygius stictocephalus,Pycnopygius stictocephalus,Pycnopygius stictocephalus
AVIBASE-E2B6B39E,Pygarrhichas albogularis,Pygarrhichas albogularis,Pygarrhichas albogularis
AVIBASE-E57EE0ED,Pygiptila stellaris,Pygiptila stellaris,Pygiptila stellaris
AVIBASE-DFFD116E,Pygochelidon cyanoleuca,Pygochelidon cyanoleuca,Pygochelidon cyanoleuca
AVIBASE-EC8951D5,Pygochelidon melanoleuca,Pygochelidon melanoleuca,Atticora melanoleuca
AVIBASE-4A947BE7,Pygoscelis adeliae,Pygoscelis adeliae,Pygoscelis adeliae
AVIBASE-75B943A3,Pygoscelis antarcticus,Pygoscelis antarcticus,Pygoscelis antarcticus
AVIBASE-F2B3BF2A,Pygoscelis papua,Pygoscelis papua,Pygoscelis papua
AVIBASE-A24ED820,Pyrenestes minor,Pyrenestes minor,Pyrenestes minor
AVIBASE-2CC91390,Pyrenestes ostrinus,Pyrenestes ostrinus,Pyrenestes ostrinus
AVIBASE-E617A8C3,Pyrenestes sanguineus,Pyrenestes sanguineus,Pyrenestes sanguineus
AVIBASE-5DE8CA02,Pyrgilauda blanfordi,Montifringilla blanfordi,Montifringilla blanfordi
AVIBASE-3F9357EF,Pyrgilauda davidiana,Montifringilla davidiana,Montifringilla davidiana
AVIBASE-24BD3553,Pyrgilauda ruficollis,Montifringilla ruficollis,Montifringilla ruficollis
AVIBASE-09F330B1,Pyrgilauda theresae,Montifringilla theresae,Montifringilla theresae
AVIBASE-0ED689BD,Pyriglena atra,Pyriglena atra,Pyriglena atra
AVIBASE-83A1319F,Pyriglena leuconota,Pyriglena leuconota,Pyriglena leuconota
AVIBASE-988F8673,Pyriglena leuconota,Pyriglena similis,Pyriglena leuconota
AVIBASE-2438D789,Pyriglena leuconota,Pyriglena maura,Pyriglena leuconota
AVIBASE-DB77A262,Pyriglena leuconota,NA,Pyriglena leuconota
AVIBASE-95AE2108,Pyriglena leucoptera,Pyriglena leucoptera,Pyriglena leucoptera
AVIBASE-B613BE89,Pyrilia aurantiocephala,Pyrilia aurantiocephala,Pyrilia aurantiocephala
AVIBASE-05B5B7D0,Pyrilia barrabandi,Pyrilia barrabandi,Pyrilia barrabandi
AVIBASE-33487D8B,Pyrilia caica,Pyrilia caica,Pyrilia caica
AVIBASE-B197D2D1,Pyrilia haematotis,Pyrilia haematotis,Pyrilia haematotis
AVIBASE-4FD2C88E,Pyrilia pulchra,Pyrilia pulchra,Pyrilia pulchra
AVIBASE-3F7F7C19,Pyrilia pyrilia,Pyrilia pyrilia,Pyrilia pyrilia
AVIBASE-AF2DDFAE,Pyrilia vulturina,Pyrilia vulturina,Pyrilia vulturina
AVIBASE-55BCD678,Pyrocephalus nanus,Pyrocephalus nanus,Pyrocephalus rubinus
AVIBASE-1456993D,Pyrocephalus rubinus,Pyrocephalus rubinus,Pyrocephalus rubinus
AVIBASE-50B7979C,Pyroderus scutatus,Pyroderus scutatus,Pyroderus scutatus
AVIBASE-45B512E2,Pyrrhocorax graculus,Pyrrhocorax graculus,Pyrrhocorax graculus
AVIBASE-18D2C42A,Pyrrhocorax pyrrhocorax,Pyrrhocorax pyrrhocorax,Pyrrhocorax pyrrhocorax
AVIBASE-AFAD2F60,Pyrrholaemus brunneus,Pyrrholaemus brunneus,Pyrrholaemus brunneus
AVIBASE-A68B1787,Pyrrholaemus sagittatus,Pyrrholaemus sagittatus,Chthonicola sagittatus
AVIBASE-370FEC50,Pyrrhomyias cinnamomeus,Pyrrhomyias cinnamomeus,Pyrrhomyias cinnamomeus
AVIBASE-88F67B5E,Pyrrhoplectes epauletta,Pyrrhoplectes epauletta,Pyrrhoplectes epauletta
AVIBASE-77B73033,Pyrrhula aurantiaca,Pyrrhula aurantiaca,Pyrrhula aurantiaca
AVIBASE-1C8E0DB2,Pyrrhula erythaca,Pyrrhula erythaca,Pyrrhula erythaca
AVIBASE-9A1D7F23,Pyrrhula erythrocephala,Pyrrhula erythrocephala,Pyrrhula erythrocephala
AVIBASE-14C7C939,Pyrrhula leucogenis,Pyrrhula leucogenis,Pyrrhula leucogenis
AVIBASE-0788A895,Pyrrhula murina,Pyrrhula murina,Pyrrhula murina
AVIBASE-88383AD3,Pyrrhula nipalensis,Pyrrhula nipalensis,Pyrrhula nipalensis
AVIBASE-24764DC7,Pyrrhula pyrrhula,Pyrrhula pyrrhula,Pyrrhula pyrrhula
AVIBASE-B46569BF,Pyrrhula waterstradti,Pyrrhula nipalensis,Pyrrhula nipalensis
AVIBASE-76018800,Pyrrhulagra nigra,Melopyrrha nigra,Melopyrrha nigra
AVIBASE-A234D566,Pyrrhulagra portoricensis,Melopyrrha portoricensis,Loxigilla portoricensis
AVIBASE-ABF0B698,Pyrrhulagra taylori,Melopyrrha nigra,Melopyrrha nigra
AVIBASE-CAE909E3,Pyrrhulagra violacea,Melopyrrha violacea,Loxigilla violacea
AVIBASE-832FDAFE,Pyrrhura albipectus,Pyrrhura albipectus,Pyrrhura albipectus
AVIBASE-C7D833ED,Pyrrhura amazonum,Pyrrhura amazonum,Pyrrhura picta
AVIBASE-FA4A412F,Pyrrhura caeruleiceps,Pyrrhura picta,Pyrrhura picta
AVIBASE-4F34A55C,Pyrrhura calliptera,Pyrrhura calliptera,Pyrrhura calliptera
AVIBASE-7A638784,Pyrrhura chapmani,Pyrrhura melanura,Pyrrhura melanura
AVIBASE-9DA59151,Pyrrhura cruentata,Pyrrhura cruentata,Pyrrhura cruentata
AVIBASE-BA656D05,Pyrrhura devillei,Pyrrhura devillei,Pyrrhura devillei
AVIBASE-4B5C48AC,Pyrrhura egregia,Pyrrhura egregia,Pyrrhura egregia
AVIBASE-E0425FD0,Pyrrhura eisenmanni,Pyrrhura picta,Pyrrhura picta
AVIBASE-070AE2DC,Pyrrhura emma,Pyrrhura picta,Pyrrhura leucotis
AVIBASE-B24FFE53,Pyrrhura frontalis,Pyrrhura frontalis,Pyrrhura frontalis
AVIBASE-807B89E7,Pyrrhura griseipectus,Pyrrhura griseipectus,Pyrrhura griseipectus
AVIBASE-3CACB009,Pyrrhura hoematotis,Pyrrhura hoematotis,Pyrrhura hoematotis
AVIBASE-854F3163,Pyrrhura hoffmanni,Pyrrhura hoffmanni,Pyrrhura hoffmanni
AVIBASE-EF8A94AA,Pyrrhura lepida,Pyrrhura lepida,Pyrrhura lepida
AVIBASE-007B7943,Pyrrhura leucotis,Pyrrhura leucotis,Pyrrhura leucotis
AVIBASE-E8C9403D,Pyrrhura lucianii,Pyrrhura lucianii,Pyrrhura picta
AVIBASE-FC969B5D,Pyrrhura melanura,Pyrrhura melanura,Pyrrhura melanura
AVIBASE-31679C53,Pyrrhura molinae,Pyrrhura molinae,Pyrrhura molinae
AVIBASE-9C41D7C0,Pyrrhura orcesi,Pyrrhura orcesi,Pyrrhura orcesi
AVIBASE-97CCB702,Pyrrhura pacifica,Pyrrhura melanura,Pyrrhura melanura
AVIBASE-1CC33853,Pyrrhura parvifrons,Pyrrhura roseifrons,Pyrrhura picta
AVIBASE-E93BACCC,Pyrrhura perlata,Pyrrhura perlata,Pyrrhura perlata
AVIBASE-04138BA8,Pyrrhura peruviana,Pyrrhura roseifrons,Pyrrhura picta
AVIBASE-D84E3E9E,Pyrrhura pfrimeri,Pyrrhura pfrimeri,Pyrrhura pfrimeri
AVIBASE-BDCBDAC0,Pyrrhura picta,Pyrrhura picta,Pyrrhura picta
AVIBASE-B59DC31F,Pyrrhura rhodocephala,Pyrrhura rhodocephala,Pyrrhura rhodocephala
AVIBASE-61F21598,Pyrrhura roseifrons,Pyrrhura roseifrons,Pyrrhura picta
AVIBASE-B3FCD547,Pyrrhura rupicola,Pyrrhura rupicola,Pyrrhura rupicola
AVIBASE-A950292F,Pyrrhura snethlageae,Pyrrhura amazonum,Pyrrhura picta
AVIBASE-FD549DD7,Pyrrhura subandina,Pyrrhura picta,Pyrrhura picta
AVIBASE-2997FB71,Pyrrhura viridicata,Pyrrhura viridicata,Pyrrhura viridicata
AVIBASE-E781F61C,Pyrrhurus scandens,Phyllastrephus scandens,Pyrrhurus scandens
AVIBASE-B0AC0750,Pyrroglaux podargina,Pyrroglaux podargina,Otus podarginus
AVIBASE-6A1ED1C2,Pytilia afra,Pytilia afra,Pytilia afra
AVIBASE-1AAAEAFD,Pytilia hypogrammica,Pytilia hypogrammica,Pytilia hypogrammica
AVIBASE-2F790B56,Pytilia lineata,Pytilia lineata,Pytilia lineata
AVIBASE-01A3BE3C,Pytilia melba,Pytilia melba,Pytilia melba
AVIBASE-C7891867,Pytilia phoenicoptera,Pytilia phoenicoptera,Pytilia phoenicoptera
AVIBASE-9387DC41,Quelea cardinalis,Quelea cardinalis,Quelea cardinalis
AVIBASE-F8041931,Quelea erythrops,Quelea erythrops,Quelea erythrops
AVIBASE-2B6DE136,Quelea quelea,Quelea quelea,Quelea quelea
AVIBASE-183649E5,Querula purpurata,Querula purpurata,Querula purpurata
AVIBASE-159FB51C,Quiscalus lugubris,Quiscalus lugubris,Quiscalus lugubris
AVIBASE-EF47E15D,Quiscalus major,Quiscalus major,Quiscalus major
AVIBASE-5CBA3391,Quiscalus mexicanus,Quiscalus mexicanus,Quiscalus mexicanus
AVIBASE-D1DD7CD0,Quiscalus nicaraguensis,Quiscalus nicaraguensis,Quiscalus nicaraguensis
AVIBASE-E941AD9F,Quiscalus niger,Quiscalus niger,Quiscalus niger
AVIBASE-8BBB3255,Quiscalus quiscula,Quiscalus quiscula,Quiscalus quiscula
AVIBASE-F5B2C19F,Quoyornis georgianus,Eopsaltria georgiana,Eopsaltria georgiana
AVIBASE-13B373F3,Radjah radjah,Radjah radjah,Tadorna radjah
AVIBASE-5AD47186,Rallicula forbesi,Rallina forbesi,Rallina forbesi
AVIBASE-545ECAD4,Rallicula leucospila,Rallina leucospila,Rallina leucospila
AVIBASE-8F99953C,Rallicula mayri,Rallina mayri,Rallina mayri
AVIBASE-0934B6E1,Rallicula rubra,Rallina rubra,Rallina rubra
AVIBASE-83C41CA8,Rallina canningi,Rallina canningi,Rallina canningi
AVIBASE-B056B57C,Rallina eurizonoides,Rallina eurizonoides,Rallina eurizonoides
AVIBASE-1DFAA1B7,Rallina fasciata,Rallina fasciata,Rallina fasciata
AVIBASE-EBD8C251,Rallina tricolor,Rallina tricolor,Rallina tricolor
AVIBASE-3DA5C1B9,Rallus antarcticus,Rallus antarcticus,Rallus antarcticus
AVIBASE-DE1D2DF4,Rallus aquaticus,Rallus aquaticus,Rallus aquaticus
AVIBASE-5B443EDE,Rallus caerulescens,Rallus caerulescens,Rallus caerulescens
AVIBASE-E893F98D,Rallus crepitans,Rallus crepitans,Rallus longirostris
AVIBASE-0BB84341,Rallus elegans,Rallus elegans,Rallus elegans
AVIBASE-ACD9E3E1,Rallus indicus,Rallus indicus,Rallus aquaticus
AVIBASE-4880DC55,Rallus limicola,Rallus limicola,Rallus limicola
AVIBASE-89DB7F74,Rallus longirostris,Rallus longirostris,Rallus longirostris
AVIBASE-DBBFE96E,Rallus madagascariensis,Rallus madagascariensis,Rallus madagascariensis
AVIBASE-4185F617,Rallus obsoletus,Rallus obsoletus,Rallus longirostris
AVIBASE-64D0CACB,Rallus semiplumbeus,Rallus semiplumbeus,Rallus semiplumbeus
AVIBASE-8C41ABD3,Rallus tenuirostris,Rallus tenuirostris,Rallus elegans
AVIBASE-C452272A,Rallus wetmorei,Rallus wetmorei,Rallus wetmorei
AVIBASE-7C99DFAB,Ramphastos ambiguus,Ramphastos ambiguus,Ramphastos ambiguus
AVIBASE-7C99DFAB,Ramphastos ambiguus,Ramphastos ambiguus,Ramphastos swainsonii
AVIBASE-EBDA00ED,Ramphastos ariel,Ramphastos vitellinus,Ramphastos vitellinus
AVIBASE-D332D1C1,Ramphastos brevis,Ramphastos brevis,Ramphastos brevis
AVIBASE-A56AC7CA,Ramphastos citreolaemus,Ramphastos vitellinus,Ramphastos vitellinus
AVIBASE-8163B64B,Ramphastos culminatus,Ramphastos vitellinus,Ramphastos vitellinus
AVIBASE-90D8DD5C,Ramphastos cuvieri,Ramphastos tucanus,Ramphastos tucanus
AVIBASE-6BACED1E,Ramphastos dicolorus,Ramphastos dicolorus,Ramphastos dicolorus
AVIBASE-BB0FBBA4,Ramphastos sulfuratus,Ramphastos sulfuratus,Ramphastos sulfuratus
AVIBASE-D42641C0,Ramphastos toco,Ramphastos toco,Ramphastos toco
AVIBASE-F1C48E20,Ramphastos tucanus,Ramphastos tucanus,Ramphastos tucanus
AVIBASE-A7F57EE0,Ramphastos vitellinus,Ramphastos vitellinus,Ramphastos vitellinus
AVIBASE-595C339A,Ramphiculus epius,Ptilinopus epius,Ptilinopus subgularis
AVIBASE-69505704,Ramphiculus fischeri,Ptilinopus fischeri,Ptilinopus fischeri
AVIBASE-8416E781,Ramphiculus jambu,Ptilinopus jambu,Ptilinopus jambu
AVIBASE-E71B6E82,Ramphiculus leclancheri,Ptilinopus leclancheri,Ptilinopus leclancheri
AVIBASE-401E8718,Ramphiculus mangoliensis,Ptilinopus mangoliensis,Ptilinopus subgularis
AVIBASE-96974565,Ramphiculus marchei,Ptilinopus marchei,Ptilinopus marchei
AVIBASE-E41C677F,Ramphiculus meridionalis,Ptilinopus fischeri,Ptilinopus fischeri
AVIBASE-EE491959,Ramphiculus merrilli,Ptilinopus merrilli,Ptilinopus merrilli
AVIBASE-23DE9E3D,Ramphiculus occipitalis,Ptilinopus occipitalis,Ptilinopus occipitalis
AVIBASE-E5F5E7D2,Ramphiculus subgularis,Ptilinopus subgularis,Ptilinopus subgularis
AVIBASE-32BF3F02,Ramphocaenus melanurus,Ramphocaenus melanurus,Ramphocaenus melanurus
AVIBASE-99CA86E3,Ramphocelus bresilius,Ramphocelus bresilius,Ramphocelus bresilius
AVIBASE-EF01FD76,Ramphocelus carbo,Ramphocelus carbo,Ramphocelus carbo
AVIBASE-2538DA15,Ramphocelus costaricensis,Ramphocelus passerinii,Ramphocelus costaricensis
AVIBASE-32121D98,Ramphocelus dimidiatus,Ramphocelus dimidiatus,Ramphocelus dimidiatus
AVIBASE-B04DBAA2,Ramphocelus flammigerus,Ramphocelus flammigerus,Ramphocelus flammigerus
AVIBASE-E666597F,Ramphocelus icteronotus,Ramphocelus flammigerus,Ramphocelus icteronotus
AVIBASE-FECD4A7C,Ramphocelus melanogaster,Ramphocelus melanogaster,Ramphocelus melanogaster
AVIBASE-73179694,Ramphocelus nigrogularis,Ramphocelus nigrogularis,Ramphocelus nigrogularis
AVIBASE-A6717C60,Ramphocelus passerinii,Ramphocelus passerinii,Ramphocelus passerinii
AVIBASE-690C5AB4,Ramphocelus sanguinolentus,Ramphocelus sanguinolentus,Ramphocelus sanguinolentus
AVIBASE-55539291,Ramphocinclus brachyurus,Ramphocinclus brachyurus,Ramphocinclus brachyurus
AVIBASE-9ADB6BA5,Ramphocoris clotbey,Ramphocoris clotbey,Rhamphocoris clotbey
AVIBASE-4CAAC972,Ramphodon naevius,Ramphodon naevius,Ramphodon naevius
AVIBASE-868924FC,Ramphomicron dorsale,Ramphomicron dorsale,Ramphomicron dorsale
AVIBASE-B2CD184B,Ramphomicron microrhynchum,Ramphomicron microrhynchum,Ramphomicron microrhynchum
AVIBASE-872F0AA9,Ramphotrigon fuscicauda,Ramphotrigon fuscicauda,Ramphotrigon fuscicauda
AVIBASE-3955CDE6,Ramphotrigon megacephalum,Ramphotrigon megacephalum,Ramphotrigon megacephalum
AVIBASE-2197445D,Ramphotrigon ruficauda,Ramphotrigon ruficauda,Ramphotrigon ruficauda
AVIBASE-0ECD9105,Ramsayornis fasciatus,Ramsayornis fasciatus,Ramsayornis fasciatus
AVIBASE-8C34DEDF,Ramsayornis modestus,Ramsayornis modestus,Ramsayornis modestus
AVIBASE-317D64AD,Randia pseudozosterops,Randia pseudozosterops,Randia pseudozosterops
AVIBASE-8EB0C1FA,Recurvirostra americana,Recurvirostra americana,Recurvirostra americana
AVIBASE-30CBE57B,Recurvirostra andina,Recurvirostra andina,Recurvirostra andina
AVIBASE-C73ED2F5,Recurvirostra avosetta,Recurvirostra avosetta,Recurvirostra avosetta
AVIBASE-DDFB54DB,Recurvirostra novaehollandiae,Recurvirostra novaehollandiae,Recurvirostra novaehollandiae
AVIBASE-B60B1166,Regulus calendula,Corthylio calendula,Regulus calendula
AVIBASE-367F4CFC,Regulus goodfellowi,Regulus goodfellowi,Regulus goodfellowi
AVIBASE-85B03849,Regulus ignicapilla,Regulus ignicapilla,Regulus ignicapilla
AVIBASE-C92557B8,Regulus madeirensis,Regulus madeirensis,Regulus madeirensis
AVIBASE-1C51C109,Regulus regulus,Regulus regulus,Regulus regulus
AVIBASE-154BCCAE,Regulus satrapa,Regulus satrapa,Regulus satrapa
AVIBASE-567966D3,Reinwardtoena browni,Reinwardtoena browni,Reinwardtoena browni
AVIBASE-F7DED186,Reinwardtoena crassirostris,Reinwardtoena crassirostris,Reinwardtoena crassirostris
AVIBASE-DA7BFF77,Reinwardtoena reinwardti,Reinwardtoena reinwardti,Reinwardtoena reinwardtsi
AVIBASE-6D6870E3,Remiz consobrinus,Remiz consobrinus,Remiz consobrinus
AVIBASE-454B9078,Remiz coronatus,Remiz coronatus,Remiz coronatus
AVIBASE-F81EB049,Remiz pendulinus,Remiz pendulinus,Remiz macronyx
AVIBASE-F81EB049,Remiz pendulinus,Remiz pendulinus,Remiz pendulinus
AVIBASE-7B63B7D9,Rhabdornis grandis,Rhabdornis grandis,Rhabdornis grandis
AVIBASE-1FE5D5C8,Rhabdornis inornatus,Rhabdornis inornatus,Rhabdornis inornatus
AVIBASE-2D92A49B,Rhabdornis mystacalis,Rhabdornis mystacalis,Rhabdornis mystacalis
AVIBASE-BFBAA892,Rhabdornis rabori,Rhabdornis rabori,Rhabdornis inornatus
AVIBASE-9C62A324,Rhabdotorrhinus corrugatus,Rhabdotorrhinus corrugatus,Aceros corrugatus
AVIBASE-C0BD105F,Rhabdotorrhinus exarhatus,Rhabdotorrhinus exarhatus,Penelopides exarhatus
AVIBASE-400BE12E,Rhabdotorrhinus leucocephalus,Rhabdotorrhinus leucocephalus,Aceros leucocephalus
AVIBASE-522A2DFD,Rhabdotorrhinus waldeni,Rhabdotorrhinus waldeni,Aceros waldeni
AVIBASE-61EACB38,Rhagologus leucostigma,Rhagologus leucostigma,Rhagologus leucostigma
AVIBASE-2D12BAFB,Rhamphocharis crassirostris,Melanocharis crassirostris,Melanocharis crassirostris
AVIBASE-23BC4AD7,Rhamphocharis piperata,Melanocharis crassirostris,Melanocharis crassirostris
AVIBASE-A515DB77,Rhamphococcyx calyorhynchus,Rhamphococcyx calyorhynchus,Phaenicophaeus calyorhynchus
AVIBASE-737C55FF,Rhaphidura leucopygialis,Rhaphidura leucopygialis,Rhaphidura leucopygialis
AVIBASE-1E12D857,Rhaphidura sabini,Rhaphidura sabini,Rhaphidura sabini
AVIBASE-00986B24,Rhea americana,Rhea americana,Rhea americana
AVIBASE-BA52A675,Rhea pennata,Rhea pennata,Rhea pennata
AVIBASE-499B75D1,Rhea tarapacensis,Rhea pennata,Rhea pennata
AVIBASE-3B465A69,Rhegmatorhina berlepschi,Rhegmatorhina berlepschi,Rhegmatorhina berlepschi
AVIBASE-4CFC491A,Rhegmatorhina cristata,Rhegmatorhina cristata,Rhegmatorhina cristata
AVIBASE-B02C4DCC,Rhegmatorhina gymnops,Rhegmatorhina gymnops,Rhegmatorhina gymnops
AVIBASE-219B34AC,Rhegmatorhina hoffmannsi,Rhegmatorhina hoffmannsi,Rhegmatorhina hoffmannsi
AVIBASE-64B07D94,Rhegmatorhina melanosticta,Rhegmatorhina melanosticta,Rhegmatorhina melanosticta
AVIBASE-376C01A5,Rheinardia ocellata,Rheinardia ocellata,Rheinardia ocellata
AVIBASE-415E16C9,Rhinocrypta lanceolata,Rhinocrypta lanceolata,Rhinocrypta lanceolata
AVIBASE-88CDFD67,Rhinoplax vigil,Buceros vigil,Rhinoplax vigil
AVIBASE-9C69D0FD,Rhinopomastus aterrimus,Rhinopomastus aterrimus,Rhinopomastus aterrimus
AVIBASE-8CC7216A,Rhinopomastus castaneiceps,Phoeniculus castaneiceps,Phoeniculus castaneiceps
AVIBASE-B0DD1318,Rhinopomastus cyanomelas,Rhinopomastus cyanomelas,Rhinopomastus cyanomelas
AVIBASE-46847C50,Rhinopomastus minor,Rhinopomastus minor,Rhinopomastus minor
AVIBASE-A632F945,Rhinoptilus bitorquatus,Rhinoptilus bitorquatus,Rhinoptilus bitorquatus
AVIBASE-F5145338,Rhinoptilus chalcopterus,Rhinoptilus chalcopterus,Rhinoptilus chalcopterus
AVIBASE-29D50ED5,Rhinoptilus cinctus,Rhinoptilus cinctus,Rhinoptilus cinctus
AVIBASE-75CE1C40,Rhinortha chlorophaea,Rhinortha chlorophaea,Phaenicophaeus chlorophaeus
AVIBASE-F2074D00,Rhipidura albicollis,Rhipidura albicollis,Rhipidura albicollis
AVIBASE-A98285EB,Rhipidura albiscapa,Rhipidura albiscapa,Rhipidura fuliginosa
AVIBASE-F893CBF6,Rhipidura albiventris,Rhipidura albiventris,Rhipidura cyaniceps
AVIBASE-E12FE273,Rhipidura albogularis,Rhipidura albogularis,Rhipidura albicollis
AVIBASE-56F40883,Rhipidura albolimbata,Rhipidura albolimbata,Rhipidura albolimbata
AVIBASE-283C2BCA,Rhipidura assimilis,Rhipidura rufiventris,Rhipidura rufiventris
AVIBASE-4A8F6276,Rhipidura atra,Rhipidura atra,Rhipidura atra
AVIBASE-DB7261E9,Rhipidura aureola,Rhipidura aureola,Rhipidura aureola
AVIBASE-46D6706A,Rhipidura bouruensis,Rhipidura rufiventris,Rhipidura rufiventris
AVIBASE-24B205AA,Rhipidura brachyrhyncha,Rhipidura brachyrhyncha,Rhipidura brachyrhyncha
AVIBASE-49BAF6B7,Rhipidura cinerea,Rhipidura rufiventris,Rhipidura rufiventris
AVIBASE-8B16299C,Rhipidura cockerelli,Rhipidura cockerelli,Rhipidura cockerelli
AVIBASE-0F995883,Rhipidura coultasi,Rhipidura cockerelli,Rhipidura cockerelli
AVIBASE-3A07746B,Rhipidura cyaniceps,Rhipidura cyaniceps,Rhipidura cyaniceps
AVIBASE-0FC06F18,Rhipidura dahli,Rhipidura dahli,Rhipidura dahli
AVIBASE-AC392612,Rhipidura dedemi,Rhipidura dedemi,Rhipidura dedemi
AVIBASE-B81C0B31,Rhipidura diluta,Rhipidura diluta,Rhipidura diluta
AVIBASE-042AEBF1,Rhipidura drownei,Rhipidura drownei,Rhipidura drownei
AVIBASE-9C848425,Rhipidura dryas,Rhipidura dryas,Rhipidura rufifrons
AVIBASE-E191588D,Rhipidura euryura,Rhipidura euryura,Rhipidura euryura
AVIBASE-ACD8630F,Rhipidura fuliginosa,Rhipidura fuliginosa,Rhipidura fuliginosa
AVIBASE-C38375A3,Rhipidura fuscorufa,Rhipidura fuscorufa,Rhipidura fuscorufa
AVIBASE-F36F6683,Rhipidura habibiei,Rhipidura habibiei,NA
AVIBASE-7C5F3049,Rhipidura hoedti,Rhipidura rufiventris,Rhipidura rufiventris
AVIBASE-907B59B7,Rhipidura hyperythra,Rhipidura hyperythra,Rhipidura hyperythra
AVIBASE-E16560EF,Rhipidura isura,Rhipidura rufiventris,Rhipidura rufiventris
AVIBASE-75B49C25,Rhipidura javanica,Rhipidura javanica,Rhipidura javanica
AVIBASE-A62D7BB5,Rhipidura kordensis,Rhipidura rufiventris,Rhipidura rufiventris
AVIBASE-BC458125,Rhipidura kubaryi,Rhipidura kubaryi,Rhipidura kubaryi
AVIBASE-65DF28AF,Rhipidura layardi,Rhipidura verreauxi,Rhipidura verreauxi
AVIBASE-D7D8F728,Rhipidura lepida,Rhipidura lepida,Rhipidura lepida
AVIBASE-F65B55BD,Rhipidura leucophrys,Rhipidura leucophrys,Rhipidura leucophrys
AVIBASE-9A6974DC,Rhipidura leucothorax,Rhipidura leucothorax,Rhipidura leucothorax
AVIBASE-4EB50482,Rhipidura maculipectus,Rhipidura maculipectus,Rhipidura maculipectus
AVIBASE-9CC5CA8D,Rhipidura malaitae,Rhipidura malaitae,Rhipidura malaitae
AVIBASE-0B85109C,Rhipidura matthiae,Rhipidura matthiae,Rhipidura matthiae
AVIBASE-5E8CE787,Rhipidura melanolaema,Rhipidura rufifrons,Rhipidura rufifrons
AVIBASE-BEA526F9,Rhipidura nebulosa,Rhipidura nebulosa,Rhipidura nebulosa
AVIBASE-7EAC662D,Rhipidura nigritorquis,Rhipidura nigritorquis,Rhipidura javanica
AVIBASE-538988A8,Rhipidura nigrocinnamomea,Rhipidura nigrocinnamomea,Rhipidura nigrocinnamomea
AVIBASE-EBBFEE60,Rhipidura obiensis,Rhipidura rufiventris,Rhipidura rufiventris
AVIBASE-F3460FF2,Rhipidura ocularis,Rhipidura drownei,Rhipidura drownei
AVIBASE-8580729E,Rhipidura opistherythra,Rhipidura opistherythra,Rhipidura opistherythra
AVIBASE-B5A920A2,Rhipidura perlata,Rhipidura perlata,Rhipidura perlata
AVIBASE-1AA2783D,Rhipidura personata,Rhipidura personata,Rhipidura personata
AVIBASE-26934DF7,Rhipidura phasiana,Rhipidura phasiana,Rhipidura phasiana
AVIBASE-30607910,Rhipidura phoenicura,Rhipidura phoenicura,Rhipidura phoenicura
AVIBASE-4C9913E4,Rhipidura rennelliana,Rhipidura rennelliana,Rhipidura rennelliana
AVIBASE-0C42F446,Rhipidura rufidorsa,Rhipidura rufidorsa,Rhipidura rufidorsa
AVIBASE-296F2AC1,Rhipidura rufifrons,Rhipidura rufifrons,Rhipidura rufifrons
AVIBASE-2618FA8A,Rhipidura rufilateralis,Rhipidura verreauxi,Rhipidura verreauxi
AVIBASE-EB9A19BE,Rhipidura rufiventris,Rhipidura rufiventris,Rhipidura rufiventris
AVIBASE-B9F9C6EE,Rhipidura samarensis,Rhipidura samarensis,Rhipidura superciliaris
AVIBASE-D934677B,Rhipidura sauli,Rhipidura sauli,Rhipidura cyaniceps
AVIBASE-0199E134,Rhipidura semirubra,Rhipidura semirubra,Rhipidura semirubra
AVIBASE-82A3600C,Rhipidura spilodera,Rhipidura verreauxi,Rhipidura verreauxi
AVIBASE-9D0040D1,Rhipidura superciliaris,Rhipidura superciliaris,Rhipidura superciliaris
AVIBASE-7395D6B9,Rhipidura superflua,Rhipidura superflua,Rhipidura superflua
AVIBASE-CDE98086,Rhipidura tenebrosa,Rhipidura tenebrosa,Rhipidura tenebrosa
AVIBASE-1C3B3EEA,Rhipidura tenkatei,Rhipidura rufiventris,Rhipidura rufiventris
AVIBASE-344FC226,Rhipidura teysmanni,NA,Rhipidura teysmanni
AVIBASE-2291DE46,Rhipidura teysmanni,Rhipidura teysmanni,Rhipidura teysmanni
AVIBASE-EF534053,Rhipidura threnothorax,Rhipidura threnothorax,Rhipidura threnothorax
AVIBASE-61824029,Rhipidura verreauxi,Rhipidura verreauxi,Rhipidura verreauxi
AVIBASE-1F5998BC,Rhizothera dulitensis,Rhizothera dulitensis,Rhizothera longirostris
AVIBASE-826B36EC,Rhizothera longirostris,Rhizothera longirostris,Rhizothera longirostris
AVIBASE-358DFBA2,Rhodinocichla rosea,Rhodinocichla rosea,Rhodinocichla rosea
AVIBASE-8D0294E1,Rhodonessa caryophyllacea,Rhodonessa caryophyllacea,NA
AVIBASE-EAF23C54,Rhodopechys alienus,Rhodopechys sanguineus,Rhodopechys sanguineus
AVIBASE-7782AD9F,Rhodopechys sanguineus,Rhodopechys sanguineus,Rhodopechys sanguineus
AVIBASE-8B8AC14A,Rhodophoneus cruentus,Rhodophoneus cruentus,Rhodophoneus cruentus
AVIBASE-D3AA7BB0,Rhodopis vesper,Rhodopis vesper,Rhodopis vesper
AVIBASE-4ED9C1DB,Rhodospingus cruentus,Rhodospingus cruentus,Rhodospingus cruentus
AVIBASE-FA269911,Rhodospiza obsoleta,Rhodospiza obsoleta,Rhodopechys obsoletus
AVIBASE-4CD353D2,Rhodostethia rosea,Rhodostethia rosea,Rhodostethia rosea
AVIBASE-C040B92F,Rhopias gularis,Rhopias gularis,Myrmotherula gularis
AVIBASE-B517FCCC,Rhopocichla atriceps,Dumetia atriceps,Rhopocichla atriceps
AVIBASE-5909DA7E,Rhopophilus albosuperciliaris,Rhopophilus albosuperciliaris,Rhopophilus pekinensis
AVIBASE-4AEBE232,Rhopophilus pekinensis,Rhopophilus pekinensis,Rhopophilus pekinensis
AVIBASE-48150C82,Rhopornis ardesiacus,Rhopornis ardesiacus,Rhopornis ardesiacus
AVIBASE-F3A048A6,Rhopospina fruticeti,Rhopospina fruticeti,Phrygilus fruticeti
AVIBASE-776DE49E,Rhynchocyclus aequinoctialis,Rhynchocyclus olivaceus,Rhynchocyclus olivaceus
AVIBASE-25B7AC2F,Rhynchocyclus brevirostris,Rhynchocyclus brevirostris,Rhynchocyclus brevirostris
AVIBASE-B8F480C4,Rhynchocyclus fulvipectus,Rhynchocyclus fulvipectus,Rhynchocyclus fulvipectus
AVIBASE-5BC79C41,Rhynchocyclus olivaceus,Rhynchocyclus olivaceus,Rhynchocyclus olivaceus
AVIBASE-BD2E79A9,Rhynchocyclus pacificus,Rhynchocyclus pacificus,Rhynchocyclus pacificus
AVIBASE-61E5A0E3,Rhynchophanes mccownii,Rhynchophanes mccownii,Calcarius mccownii
AVIBASE-6D621EA2,Rhynchopsitta pachyrhyncha,Rhynchopsitta pachyrhyncha,Rhynchopsitta pachyrhyncha
AVIBASE-277579A3,Rhynchopsitta terrisi,Rhynchopsitta terrisi,Rhynchopsitta terrisi
AVIBASE-8A792FFC,Rhynchortyx cinctus,Rhynchortyx cinctus,Rhynchortyx cinctus
AVIBASE-735C98C3,Rhynchospiza stolzmanni,Rhynchospiza stolzmanni,Aimophila stolzmanni
AVIBASE-4B40EAFD,Rhynchospiza strigiceps,Rhynchospiza strigiceps,Aimophila strigiceps
AVIBASE-3304CCFD,Rhynchospiza strigiceps,Rhynchospiza dabbenei,Aimophila strigiceps
AVIBASE-FB76AD60,Rhynchostruthus louisae,Rhynchostruthus louisae,Rhynchostruthus louisae
AVIBASE-078921E8,Rhynchostruthus percivali,Rhynchostruthus percivali,Rhynchostruthus percivali
AVIBASE-BE193EC5,Rhynchostruthus socotranus,Rhynchostruthus socotranus,Rhynchostruthus socotranus
AVIBASE-94AF5DC7,Rhynchotus maculicollis,Rhynchotus maculicollis,Rhynchotus maculicollis
AVIBASE-C141F60A,Rhynchotus rufescens,Rhynchotus rufescens,Rhynchotus rufescens
AVIBASE-227D77FB,Rhynochetos jubatus,Rhynochetos jubatus,Rhynochetos jubatus
AVIBASE-A535F76B,Rhyticeros cassidix,Rhyticeros cassidix,Aceros cassidix
AVIBASE-CDBB9B38,Rhyticeros everetti,Rhyticeros everetti,Aceros everetti
AVIBASE-E3E8456E,Rhyticeros narcondami,Rhyticeros narcondami,Aceros narcondami
AVIBASE-524408DF,Rhyticeros plicatus,Rhyticeros plicatus,Aceros plicatus
AVIBASE-FAA31B81,Rhyticeros subruficollis,Rhyticeros subruficollis,Aceros subruficollis
AVIBASE-3C98DDBC,Rhyticeros undulatus,Rhyticeros undulatus,Aceros undulatus
AVIBASE-229BCEE1,Rhytipterna holerythra,Rhytipterna holerythra,Rhytipterna holerythra
AVIBASE-540609E5,Rhytipterna immunda,Rhytipterna immunda,Rhytipterna immunda
AVIBASE-DB5BFD24,Rhytipterna simplex,Rhytipterna simplex,Rhytipterna simplex
AVIBASE-2C57FFF5,Ridgwayia pinicola,Ridgwayia pinicola,Zoothera pinicola
AVIBASE-42B0D7C0,Rigidipenna inexpectata,Rigidipenna inexpectata,Rigidipenna inexpectata
AVIBASE-E87A913F,Rimator albostriatus,Napothera albostriata,Rimator albostriatus
AVIBASE-D6493AE5,Rimator danjoui,Napothera danjoui,Jabouilleia danjoui
AVIBASE-9293E8A9,Rimator malacoptilus,Napothera malacoptila,Rimator malacoptilus
AVIBASE-10D3B698,Rimator naungmungensis,Napothera naungmungensis,Jabouilleia danjoui
AVIBASE-8E29E9C5,Rimator pasquieri,Napothera pasquieri,Rimator pasquieri
AVIBASE-D0222DB9,Riparia chinensis,Riparia chinensis,Riparia paludicola
AVIBASE-635B5E24,Riparia congica,Riparia congica,Riparia congica
AVIBASE-D9F712D6,Riparia cowani,Riparia paludicola,Riparia paludicola
AVIBASE-A9A9E1D1,Riparia diluta,Riparia diluta,Riparia riparia
AVIBASE-D2854489,Riparia paludicola,Riparia paludicola,Riparia paludicola
AVIBASE-94A1C447,Riparia riparia,Riparia riparia,Riparia riparia
AVIBASE-58B576ED,Rissa brevirostris,Rissa brevirostris,Rissa brevirostris
AVIBASE-FB4D08F0,Rissa tridactyla,Rissa tridactyla,Rissa tridactyla
AVIBASE-A06552F5,Robsonius rabori,Robsonius rabori,Robsonius rabori
AVIBASE-31259EA5,Robsonius sorsogonensis,Robsonius sorsogonensis,Robsonius sorsogonensis
AVIBASE-A071F50B,Robsonius thompsoni,Robsonius thompsoni,Robsonius rabori
AVIBASE-83F61B45,Rollandia microptera,Rollandia microptera,Rollandia microptera
AVIBASE-8C75F227,Rollandia rolland,Rollandia rolland,Rollandia rolland
AVIBASE-90324456,Rollulus rouloul,Rollulus rouloul,Rollulus rouloul
AVIBASE-82F19E61,Roraimia adusta,Roraimia adusta,Roraimia adusta
AVIBASE-8CB3B219,Rostratula australis,Rostratula australis,Rostratula australis
AVIBASE-7516E687,Rostratula benghalensis,Rostratula benghalensis,Rostratula benghalensis
AVIBASE-6E4430A8,Rostrhamus sociabilis,Rostrhamus sociabilis,Rostrhamus sociabilis
AVIBASE-5889EE23,Rougetius rougetii,Rougetius rougetii,Rougetius rougetii
AVIBASE-0147433E,Rowettia goughensis,Rowettia goughensis,Rowettia goughensis
AVIBASE-74235327,Rubigula dispar,Rubigula dispar,Pycnonotus melanicterus
AVIBASE-F517B7FD,Rubigula flaviventris,Rubigula flaviventris,Pycnonotus melanicterus
AVIBASE-442951D4,Rubigula gularis,Rubigula gularis,Pycnonotus melanicterus
AVIBASE-8F9DB2BC,Rubigula melanictera,Rubigula melanicterus,Pycnonotus melanicterus
AVIBASE-D0DE2864,Rubigula montis,Rubigula montis,Pycnonotus melanicterus
AVIBASE-2A9074F9,Rufirallus castaneiceps,Anurolimnas castaneiceps,Anurolimnas castaneiceps
AVIBASE-4B5BBB61,Rufirallus viridis,Anurolimnas viridis,Anurolimnas viridis
AVIBASE-C66F1853,Rukia longirostra,Rukia longirostra,Rukia longirostra
AVIBASE-C5B02511,Rukia ruki,Rukia ruki,Rukia ruki
AVIBASE-33440684,Rupicola peruvianus,Rupicola peruvianus,Rupicola peruvianus
AVIBASE-F792ED35,Rupicola rupicola,Rupicola rupicola,Rupicola rupicola
AVIBASE-C39CC0F2,Rupornis magnirostris,Rupornis magnirostris,Buteo magnirostris
AVIBASE-88151F23,Rynchops albicollis,Rynchops albicollis,Rynchops albicollis
AVIBASE-907B1140,Rynchops flavirostris,Rynchops flavirostris,Rynchops flavirostris
AVIBASE-88AB027C,Rynchops niger,Rynchops niger,Rynchops niger
AVIBASE-DCBCCEB8,Sagittarius serpentarius,Sagittarius serpentarius,Sagittarius serpentarius
AVIBASE-7608AA0E,Sakesphorus canadensis,Sakesphorus canadensis,Sakesphorus canadensis
AVIBASE-72E82D9C,Sakesphorus cristatus,Sakesphorus cristatus,Sakesphorus cristatus
AVIBASE-CFAC40E2,Sakesphorus luctuosus,Sakesphorus luctuosus,Sakesphorus luctuosus
AVIBASE-1CBE36EF,Sakesphorus pulchellus,Sakesphorus canadensis,Sakesphorus canadensis
AVIBASE-76DF73A9,Salpinctes obsoletus,Salpinctes obsoletus,Salpinctes obsoletus
AVIBASE-A51A5F84,Salpornis salvadori,Salpornis salvadori,Salpornis spilonotus
AVIBASE-0B9E1A38,Salpornis spilonota,Salpornis spilonota,Salpornis spilonotus
AVIBASE-D09BB873,Saltator albicollis,Saltator albicollis,Saltator albicollis
AVIBASE-9B7AF035,Saltator atriceps,Saltator atriceps,Saltator atriceps
AVIBASE-A291AF06,Saltator atricollis,Saltatricula atricollis,Saltator atricollis
AVIBASE-A51E5593,Saltator atripennis,Saltator atripennis,Saltator atripennis
AVIBASE-1ED1A93B,Saltator aurantiirostris,Saltator aurantiirostris,Saltator aurantiirostris
AVIBASE-9FDD77B5,Saltator cinctus,Saltator cinctus,Saltator cinctus
AVIBASE-6D75BBB8,Saltator coerulescens,Saltator coerulescens,Saltator coerulescens
AVIBASE-14767432,Saltator fuliginosus,Saltator fuliginosus,Saltator fuliginosus
AVIBASE-6CE7B032,Saltator grandis,Saltator grandis,Saltator coerulescens
AVIBASE-1D797D4D,Saltator grossus,Saltator grossus,Saltator grossus
AVIBASE-D9CE1DC4,Saltator maxillosus,Saltator maxillosus,Saltator maxillosus
AVIBASE-8A80DE66,Saltator maximus,Saltator maximus,Saltator maximus
AVIBASE-5F1BAE11,Saltator multicolor,Saltatricula multicolor,Saltatricula multicolor
AVIBASE-9F5FFC0A,Saltator nigriceps,Saltator nigriceps,Saltator nigriceps
AVIBASE-BBCAE2A7,Saltator olivascens,Saltator olivascens,Saltator coerulescens
AVIBASE-4D6CD9F6,Saltator orenocensis,Saltator orenocensis,Saltator orenocensis
AVIBASE-2CF9456D,Saltator similis,Saltator similis,Saltator similis
AVIBASE-4875898E,Saltator striatipectus,Saltator striatipectus,Saltator striatipectus
AVIBASE-A9FC6BC0,Salvadorina waigiuensis,Salvadorina waigiuensis,Salvadorina waigiuensis
AVIBASE-D2A3B070,Sapayoa aenigma,Sapayoa aenigma,Sapayoa aenigma
AVIBASE-66F7D229,Sappho sparganurus,Sappho sparganurus,Sappho sparganura
AVIBASE-21D7169D,Sarcogyps calvus,Sarcogyps calvus,Sarcogyps calvus
AVIBASE-11167D53,Sarcophanops samarensis,Sarcophanops samarensis,Eurylaimus samarensis
AVIBASE-600D1A1F,Sarcophanops steerii,Sarcophanops steerii,Eurylaimus steerii
AVIBASE-25C10A1A,Sarcops calvus,Sarcops calvus,Sarcops calvus
AVIBASE-9306DA2F,Sarcoramphus papa,Sarcoramphus papa,Sarcoramphus papa
AVIBASE-3948131B,Sarkidiornis melanotos,Sarkidiornis melanotos,Sarkidiornis melanotos
AVIBASE-6C8A4060,Sarkidiornis sylvicola,Sarkidiornis sylvicola,Sarkidiornis melanotos
AVIBASE-58C780B0,Saroglossa spilopterus,Saroglossa spilopterus,Saroglossa spiloptera
AVIBASE-D4A066EA,Sarothrura affinis,Sarothrura affinis,Sarothrura affinis
AVIBASE-534D524C,Sarothrura ayresi,Sarothrura ayresi,Sarothrura ayresi
AVIBASE-EBA9F2C4,Sarothrura boehmi,Sarothrura boehmi,Sarothrura boehmi
AVIBASE-E75BA92C,Sarothrura elegans,Sarothrura elegans,Sarothrura elegans
AVIBASE-258E8923,Sarothrura insularis,Sarothrura insularis,Sarothrura insularis
AVIBASE-32CE9C63,Sarothrura lugens,Sarothrura lugens,Sarothrura lugens
AVIBASE-6EF64F69,Sarothrura pulchra,Sarothrura pulchra,Sarothrura pulchra
AVIBASE-10B56544,Sarothrura rufa,Sarothrura rufa,Sarothrura rufa
AVIBASE-E3A4AF84,Sarothrura watersi,Sarothrura watersi,Sarothrura watersi
AVIBASE-3E246B6D,Sasia abnormis,Sasia abnormis,Sasia abnormis
AVIBASE-E577AC45,Sasia ochracea,Sasia ochracea,Sasia ochracea
AVIBASE-36693065,Satrapa icterophrys,Satrapa icterophrys,Satrapa icterophrys
AVIBASE-88BBD516,Saundersilarus saundersi,Saundersilarus saundersi,Larus saundersi
AVIBASE-A64A1FA2,Saxicola caprata,Saxicola caprata,Saxicola caprata
AVIBASE-FEA56E91,Saxicola dacotiae,Saxicola dacotiae,Saxicola dacotiae
AVIBASE-1580864C,Saxicola ferreus,Saxicola ferreus,Saxicola ferreus
AVIBASE-FC6AF842,Saxicola gutturalis,Saxicola gutturalis,Saxicola gutturalis
AVIBASE-8C0E2D62,Saxicola insignis,Saxicola insignis,Saxicola insignis
AVIBASE-161A2629,Saxicola jerdoni,Saxicola jerdoni,Saxicola jerdoni
AVIBASE-54793140,Saxicola leucurus,Saxicola leucurus,Saxicola leucurus
AVIBASE-BB5C7A45,Saxicola macrorhynchus,Saxicola macrorhynchus,Saxicola macrorhynchus
AVIBASE-A0EDAEA2,Saxicola rubetra,Saxicola rubetra,Saxicola rubetra
AVIBASE-63C0999F,Saxicola tectes,Saxicola tectes,Saxicola tectes
AVIBASE-80216E85,Saxicola torquatus,Saxicola stejnegeri,Saxicola torquatus
AVIBASE-DB645AF5,Saxicola torquatus,Saxicola maurus,Saxicola torquatus
AVIBASE-CF2E9674,Saxicola torquatus,Saxicola torquatus,Saxicola torquatus
AVIBASE-0EA8F8B9,Saxicola torquatus,Saxicola rubicola,Saxicola torquatus
AVIBASE-9006B4EF,Saxicoloides fulicatus,Copsychus fulicatus,Saxicoloides fulicatus
AVIBASE-B182DED2,Sayornis nigricans,Sayornis nigricans,Sayornis nigricans
AVIBASE-62CA2AF8,Sayornis phoebe,Sayornis phoebe,Sayornis phoebe
AVIBASE-28669A3D,Sayornis saya,Sayornis saya,Sayornis saya
AVIBASE-4B0B1BC4,Scelorchilus albicollis,Scelorchilus albicollis,Scelorchilus albicollis
AVIBASE-23178B5E,Scelorchilus rubecula,Scelorchilus rubecula,Scelorchilus rubecula
AVIBASE-BE1B01A5,Scenopoeetes dentirostris,Scenopoeetes dentirostris,Scenopoeetes dentirostris
AVIBASE-31FB812A,Scepomycter winifredae,Scepomycter winifredae,Bathmocercus winifredae
AVIBASE-6814C645,Schetba rufa,Schetba rufa,Schetba rufa
AVIBASE-9A159343,Schiffornis aenea,Schiffornis aenea,Schiffornis turdina
AVIBASE-FDC79991,Schiffornis major,Schiffornis major,Schiffornis major
AVIBASE-32718B62,Schiffornis stenorhyncha,Schiffornis stenorhyncha,Schiffornis turdina
AVIBASE-5CA8A372,Schiffornis olivacea,Schiffornis olivacea,Schiffornis turdina
AVIBASE-D54C8603,Schiffornis turdina,Schiffornis turdina,Schiffornis turdina
AVIBASE-BB758322,Schiffornis veraepacis,Schiffornis veraepacis,Schiffornis turdina
AVIBASE-DC638A66,Schiffornis virescens,Schiffornis virescens,Schiffornis virescens
AVIBASE-DBD9E3FF,Schistes albogularis,Schistes albogularis,Schistes geoffroyi
AVIBASE-1638D555,Schistes geoffroyi,Schistes geoffroyi,Schistes geoffroyi
AVIBASE-C78F3803,Schistochlamys melanopis,Schistochlamys melanopis,Schistochlamys melanopis
AVIBASE-6241BAEB,Schistochlamys ruficapillus,Schistochlamys ruficapillus,Schistochlamys ruficapillus
AVIBASE-45411DD0,Schistolais leontica,Schistolais leontica,Prinia leontica
AVIBASE-95B6C7C5,Schistolais leucopogon,Schistolais leucopogon,Prinia leucopogon
AVIBASE-2470FC01,Schoenicola brevirostris,Catriscus brevirostris,Schoenicola brevirostris
AVIBASE-63CBD04F,Schoenicola platyurus,Schoenicola platyurus,Schoenicola platyurus
AVIBASE-A5F1822E,Schoeniophylax phryganophilus,Schoeniophylax phryganophilus,Schoeniophylax phryganophilus
AVIBASE-22849F1D,Schoeniparus brunneus,Schoeniparus brunneus,Alcippe brunnea
AVIBASE-31A8AC8C,Schoeniparus castaneceps,Schoeniparus castaneceps,Alcippe castaneceps
AVIBASE-5DC957D6,Schoeniparus cinereus,Schoeniparus cinereus,Alcippe cinerea
AVIBASE-D581A297,Schoeniparus dubius,Schoeniparus dubius,Alcippe dubia
AVIBASE-5736CF44,Schoeniparus klossi,Schoeniparus klossi,Alcippe klossi
AVIBASE-D3441B7C,Schoeniparus rufogularis,Schoeniparus rufogularis,Alcippe rufogularis
AVIBASE-169BEF6D,Schoeniparus variegaticeps,Schoeniparus variegaticeps,Alcippe variegaticeps
AVIBASE-89C5B5C4,Schoutedenapus myoptilus,Schoutedenapus myoptilus,Schoutedenapus myoptilus
AVIBASE-89C5B5C4,Schoutedenapus myoptilus,Schoutedenapus myoptilus,Schoutedenapus schoutedeni
AVIBASE-30B38306,Sciaphylax castanea,Sciaphylax castanea,Myrmeciza castanea
AVIBASE-34774DAD,Sciaphylax hemimelaena,Sciaphylax hemimelaena,Myrmeciza hemimelaena
AVIBASE-EDAF97E7,Scissirostrum dubium,Scissirostrum dubium,Scissirostrum dubium
AVIBASE-54F437ED,Sclateria naevia,Sclateria naevia,Sclateria naevia
AVIBASE-21616639,Scleroptila afra,Scleroptila afra,Francolinus africanus
AVIBASE-3D25568A,Scleroptila elgonensis,Scleroptila psilolaema,Francolinus psilolaemus
AVIBASE-864723FD,Scleroptila finschi,Scleroptila finschi,Francolinus finschi
AVIBASE-8E833C63,Scleroptila gutturalis,Scleroptila gutturalis,Francolinus levaillantoides
AVIBASE-B49935ED,Scleroptila levaillantii,Scleroptila levaillantii,Francolinus levaillantii
AVIBASE-FF5BAE30,Scleroptila psilolaema,Scleroptila psilolaema,Francolinus psilolaemus
AVIBASE-A15F6836,Scleroptila shelleyi,Scleroptila shelleyi,Francolinus shelleyi
AVIBASE-5B115F6C,Scleroptila streptophora,Scleroptila streptophora,Francolinus streptophorus
AVIBASE-AE1B3497,Scleroptila whytei,Scleroptila shelleyi,Francolinus shelleyi
AVIBASE-217490B5,Sclerurus albigularis,Sclerurus albigularis,Sclerurus albigularis
AVIBASE-68408033,Sclerurus caudacutus,Sclerurus caudacutus,Sclerurus caudacutus
AVIBASE-CE63BF47,Sclerurus cearensis,Sclerurus scansor,Sclerurus scansor
AVIBASE-8A2B456C,Sclerurus guatemalensis,Sclerurus guatemalensis,Sclerurus guatemalensis
AVIBASE-7B06C014,Sclerurus mexicanus,Sclerurus obscurior,Sclerurus mexicanus
AVIBASE-7B06C014,Sclerurus mexicanus,Sclerurus mexicanus,Sclerurus mexicanus
AVIBASE-561897FD,Sclerurus mexicanus,Sclerurus obscurior,Sclerurus mexicanus
AVIBASE-179D87DA,Sclerurus mexicanus,Sclerurus mexicanus,Sclerurus mexicanus
AVIBASE-A085AD13,Sclerurus rufigularis,Sclerurus rufigularis,Sclerurus rufigularis
AVIBASE-B90D6E42,Sclerurus scansor,Sclerurus scansor,Sclerurus scansor
AVIBASE-EC0ADB10,Scolopax bukidnonensis,Scolopax bukidnonensis,Scolopax bukidnonensis
AVIBASE-5306D33E,Scolopax celebensis,Scolopax celebensis,Scolopax celebensis
AVIBASE-F4829920,Scolopax minor,Scolopax minor,Scolopax minor
AVIBASE-540030A1,Scolopax mira,Scolopax mira,Scolopax mira
AVIBASE-49C57A6B,Scolopax rochussenii,Scolopax rochussenii,Scolopax rochussenii
AVIBASE-6D3CC1FB,Scolopax rosenbergii,Scolopax rosenbergii,Scolopax rosenbergii
AVIBASE-BFE14290,Scolopax rusticola,Scolopax rusticola,Scolopax rusticola
AVIBASE-B12B5C0D,Scolopax saturata,Scolopax saturata,Scolopax saturata
AVIBASE-FC10F6ED,Scopus umbretta,Scopus umbretta,Scopus umbretta
AVIBASE-FCF07F05,Scotocerca inquieta,Scotocerca inquieta,Scotocerca inquieta
AVIBASE-E0D3E4C1,Scotopelia bouvieri,Scotopelia bouvieri,Scotopelia bouvieri
AVIBASE-034B2A6A,Scotopelia peli,Scotopelia peli,Scotopelia peli
AVIBASE-F07B8BD1,Scotopelia ussheri,Scotopelia ussheri,Scotopelia ussheri
AVIBASE-D682226D,Scytalopus acutirostris,Scytalopus acutirostris,Scytalopus acutirostris
AVIBASE-FF55AC93,Scytalopus affinis,Scytalopus affinis,Scytalopus affinis
AVIBASE-B8AB1214,Scytalopus altirostris,Scytalopus altirostris,Scytalopus altirostris
AVIBASE-01280CF8,Scytalopus alvarezlopezi,Scytalopus alvarezlopezi,Scytalopus robbinsi
AVIBASE-BFDA7B0D,Scytalopus argentifrons,Scytalopus argentifrons,Scytalopus argentifrons
AVIBASE-7CD6AF48,Scytalopus atratus,Scytalopus atratus,Scytalopus atratus
AVIBASE-0475179F,Scytalopus bolivianus,Scytalopus bolivianus,Scytalopus bolivianus
AVIBASE-71CF5120,Scytalopus canus,Scytalopus canus,Scytalopus canus
AVIBASE-1B7E55DC,Scytalopus caracae,Scytalopus caracae,Scytalopus caracae
AVIBASE-7011CE6F,Scytalopus chocoensis,Scytalopus chocoensis,Scytalopus chocoensis
AVIBASE-D72E1392,Scytalopus diamantinensis,Scytalopus diamantinensis,Scytalopus speluncae
AVIBASE-FAEB87F2,Scytalopus femoralis,Scytalopus femoralis,Scytalopus femoralis
AVIBASE-25B56CA4,Scytalopus frankeae,Scytalopus frankeae,NA
AVIBASE-03E291EF,Scytalopus fuscus,Scytalopus fuscus,Scytalopus fuscus
AVIBASE-873E5B64,Scytalopus gettyae,Scytalopus gettyae,NA
AVIBASE-1B8BDC64,Scytalopus gonzagai,Scytalopus gonzagai,Scytalopus speluncae
AVIBASE-34FF09E8,Scytalopus griseicollis,Scytalopus griseicollis,Scytalopus griseicollis
AVIBASE-CC049017,Scytalopus iraiensis,Scytalopus iraiensis,Scytalopus iraiensis
AVIBASE-9258D9BB,Scytalopus krabbei,Scytalopus krabbei,NA
AVIBASE-04128FC4,Scytalopus latebricola,Scytalopus latebricola,Scytalopus latebricola
AVIBASE-058E0536,Scytalopus latrans,Scytalopus latrans,Scytalopus latrans
AVIBASE-23300330,Scytalopus macropus,Scytalopus macropus,Scytalopus macropus
AVIBASE-3B642DBA,Scytalopus magellanicus,Scytalopus magellanicus,Scytalopus magellanicus
AVIBASE-CAA64CEB,Scytalopus meridanus,Scytalopus meridanus,Scytalopus meridanus
AVIBASE-5C045427,Scytalopus micropterus,Scytalopus micropterus,Scytalopus micropterus
AVIBASE-31C66B1A,Scytalopus novacapitalis,Scytalopus novacapitalis,Scytalopus novacapitalis
AVIBASE-898BB818,Scytalopus opacus,Scytalopus androstictus,Scytalopus canus
AVIBASE-E5217802,Scytalopus opacus,NA,Scytalopus canus
AVIBASE-977B33F3,Scytalopus pachecoi,Scytalopus pachecoi,Scytalopus pachecoi
AVIBASE-DC8FE9A9,Scytalopus panamensis,Scytalopus panamensis,Scytalopus panamensis
AVIBASE-0F024845,Scytalopus parkeri,Scytalopus parkeri,Scytalopus parkeri
AVIBASE-461C14CE,Scytalopus parvirostris,Scytalopus parvirostris,Scytalopus parvirostris
AVIBASE-C98B9363,Scytalopus perijanus,Scytalopus perijanus,NA
AVIBASE-71C03400,Scytalopus petrophilus,Scytalopus petrophilus,NA
AVIBASE-ADF01DB1,Scytalopus robbinsi,Scytalopus robbinsi,Scytalopus robbinsi
AVIBASE-44F1FA5E,Scytalopus rodriguezi,Scytalopus rodriguezi,Scytalopus rodriguezi
AVIBASE-86FEE4EB,Scytalopus sanctaemartae,Scytalopus sanctaemartae,Scytalopus sanctaemartae
AVIBASE-F5C3CDC0,Scytalopus schulenbergi,Scytalopus schulenbergi,Scytalopus schulenbergi
AVIBASE-7401CD82,Scytalopus simonsi,Scytalopus simonsi,Scytalopus simonsi
AVIBASE-4A5821A9,Scytalopus speluncae,Scytalopus speluncae,Scytalopus speluncae
AVIBASE-20768B0C,Scytalopus spillmanni,Scytalopus spillmanni,Scytalopus spillmanni
AVIBASE-477071F7,Scytalopus stilesi,Scytalopus stilesi,Scytalopus stilesi
AVIBASE-5D26DC42,Scytalopus superciliaris,Scytalopus superciliaris,Scytalopus superciliaris
AVIBASE-F38472F6,Scytalopus unicolor,Scytalopus unicolor,Scytalopus unicolor
AVIBASE-4C306ABA,Scytalopus urubambae,Scytalopus urubambae,Scytalopus urubambae
AVIBASE-8F3F25DF,Scytalopus vicinior,Scytalopus vicinior,Scytalopus vicinior
AVIBASE-7E2D54EB,Scytalopus whitneyi,Scytalopus whitneyi,NA
AVIBASE-24F39183,Scytalopus zimmeri,Scytalopus zimmeri,Scytalopus zimmeri
AVIBASE-D9638667,Scythrops novaehollandiae,Scythrops novaehollandiae,Scythrops novaehollandiae
AVIBASE-CEA5B6AA,Seiurus aurocapilla,Seiurus aurocapilla,Seiurus aurocapilla
AVIBASE-DA7DAB3E,Selasphorus ardens,Selasphorus ardens,Selasphorus ardens
AVIBASE-5816834E,Selasphorus calliope,Selasphorus calliope,Stellula calliope
AVIBASE-BBA56D2E,Selasphorus flammula,Selasphorus flammula,Selasphorus flammula
AVIBASE-AFBD5A5F,Selasphorus platycercus,Selasphorus platycercus,Selasphorus platycercus
AVIBASE-1E1B6D19,Selasphorus rufus,Selasphorus rufus,Selasphorus rufus
AVIBASE-C25794D5,Selasphorus sasin,Selasphorus sasin,Selasphorus sasin
AVIBASE-81D324D0,Selasphorus scintilla,Selasphorus scintilla,Selasphorus scintilla
AVIBASE-39C1655E,Selenidera gouldii,Selenidera gouldii,Selenidera gouldii
AVIBASE-5A81652E,Selenidera langsdorffii,Selenidera reinwardtii,Selenidera reinwardtii
AVIBASE-F0C12CF9,Selenidera maculirostris,Selenidera maculirostris,Selenidera maculirostris
AVIBASE-82C29C2F,Selenidera nattereri,Selenidera nattereri,Selenidera nattereri
AVIBASE-92FB567F,Selenidera piperivora,Selenidera piperivora,Selenidera piperivora
AVIBASE-CA8C2FBF,Selenidera reinwardtii,Selenidera reinwardtii,Selenidera reinwardtii
AVIBASE-ABE76F69,Selenidera spectabilis,Selenidera spectabilis,Selenidera spectabilis
AVIBASE-0EB8052B,Seleucidis melanoleucus,Seleucidis melanoleucus,Seleucidis melanoleucus
AVIBASE-5B56D6BE,Semioptera wallacii,Semioptera wallacii,Semioptera wallacii
AVIBASE-B27828B0,Semnornis frantzii,Semnornis frantzii,Semnornis frantzii
AVIBASE-0283EBE3,Semnornis ramphastinus,Semnornis ramphastinus,Semnornis ramphastinus
AVIBASE-E251911A,Sephanoides fernandensis,Sephanoides fernandensis,Sephanoides fernandensis
AVIBASE-F9E46CF4,Sephanoides sephaniodes,Sephanoides sephaniodes,Sephanoides sephaniodes
AVIBASE-52B8B755,Sericornis arfakianus,Sericornis arfakianus,Sericornis arfakianus
AVIBASE-E2E76345,Sericornis beccarii,Sericornis beccarii,Sericornis beccarii
AVIBASE-D51A7B9A,Sericornis citreogularis,Sericornis citreogularis,Sericornis citreogularis
AVIBASE-3E73B907,Sericornis frontalis,Sericornis frontalis,Sericornis frontalis
AVIBASE-C9FE7134,Sericornis humilis,Sericornis humilis,Sericornis humilis
AVIBASE-C3631CAD,Sericornis keri,Sericornis keri,Sericornis keri
AVIBASE-6ECFB133,Sericornis magnirostra,Sericornis magnirostra,Sericornis magnirostra
AVIBASE-51050D5A,Sericornis nouhuysi,Sericornis nouhuysi,Sericornis nouhuysi
AVIBASE-F0C9C2A8,Sericornis nouhuysi,Sericornis virgatus,Sericornis virgatus
AVIBASE-25F21608,Sericornis papuensis,Sericornis papuensis,Sericornis papuensis
AVIBASE-89E5A8A0,Sericornis perspicillatus,Sericornis perspicillatus,Sericornis perspicillatus
AVIBASE-F4F588DC,Sericornis rufescens,Sericornis rufescens,Sericornis rufescens
AVIBASE-B4FFDAC9,Sericornis spilodera,Sericornis spilodera,Sericornis spilodera
AVIBASE-961A51A7,Sericossypha albocristata,Sericossypha albocristata,Sericossypha albocristata
AVIBASE-12CE6C35,Sericulus ardens,Sericulus ardens,Sericulus aureus
AVIBASE-A10A0999,Sericulus aureus,Sericulus aureus,Sericulus aureus
AVIBASE-A188556A,Sericulus bakeri,Sericulus bakeri,Sericulus bakeri
AVIBASE-64F67694,Sericulus chrysocephalus,Sericulus chrysocephalus,Sericulus chrysocephalus
AVIBASE-9CF3D96B,Serilophus lunatus,Serilophus lunatus,Serilophus lunatus
AVIBASE-098E40F1,Serilophus rubropygius,Serilophus lunatus,Serilophus lunatus
AVIBASE-CA9E354B,Serinus alario,Serinus alario,Serinus alario
AVIBASE-191B68BC,Serinus canaria,Serinus canaria,Serinus canaria
AVIBASE-E6C3FA67,Serinus canicollis,Serinus canicollis,Serinus canicollis
AVIBASE-DCFFEEC1,Serinus flavivertex,Serinus flavivertex,Serinus flavivertex
AVIBASE-E211621B,Serinus nigriceps,Serinus nigriceps,Serinus nigriceps
AVIBASE-FB1C44D5,Serinus pusillus,Serinus pusillus,Serinus pusillus
AVIBASE-C3227709,Serinus serinus,Serinus serinus,Serinus serinus
AVIBASE-95594E16,Serinus syriacus,Serinus syriacus,Serinus syriacus
AVIBASE-F42A1296,Serpophaga cinerea,Serpophaga cinerea,Serpophaga cinerea
AVIBASE-F0D27274,Serpophaga griseicapilla,Serpophaga griseicapilla,Serpophaga subcristata
AVIBASE-9132B347,Serpophaga hypoleuca,Serpophaga hypoleuca,Serpophaga hypoleuca
AVIBASE-73946059,Serpophaga nigricans,Serpophaga nigricans,Serpophaga nigricans
AVIBASE-978B7CB8,Serpophaga subcristata,Serpophaga subcristata,Serpophaga subcristata
AVIBASE-CB0C5293,Serpophaga subcristata,Serpophaga munda,Serpophaga munda
AVIBASE-056B71D3,Setopagis heterura,Setopagis heterura,Caprimulgus heterurus
AVIBASE-EB7EE121,Setopagis maculosa,Setopagis maculosa,Caprimulgus maculosus
AVIBASE-A1EEC8FF,Setopagis parvula,Setopagis parvula,Caprimulgus parvulus
AVIBASE-07D22CB7,Setopagis whitelyi,Setopagis whitelyi,Caprimulgus whitelyi
AVIBASE-43F4D735,Setophaga adelaidae,Setophaga adelaidae,Dendroica adelaidae
AVIBASE-41062654,Setophaga americana,Setophaga americana,Parula americana
AVIBASE-369BAA3C,Setophaga angelae,Setophaga angelae,Dendroica angelae
AVIBASE-631CB970,Setophaga auduboni,Setophaga coronata,Dendroica coronata
AVIBASE-67B455A7,Setophaga caerulescens,Setophaga caerulescens,Dendroica caerulescens
AVIBASE-10C601D3,Setophaga castanea,Setophaga castanea,Dendroica castanea
AVIBASE-D00EC2C9,Setophaga cerulea,Setophaga cerulea,Dendroica cerulea
AVIBASE-8A35BFD6,Setophaga chrysoparia,Setophaga chrysoparia,Dendroica chrysoparia
AVIBASE-15EB3000,Setophaga citrina,Setophaga citrina,Wilsonia citrina
AVIBASE-524C7116,Setophaga coronata,Setophaga coronata,Dendroica coronata
AVIBASE-180A3B77,Setophaga delicata,Setophaga delicata,Dendroica delicata
AVIBASE-E36325FA,Setophaga discolor,Setophaga discolor,Dendroica discolor
AVIBASE-136451CF,Setophaga dominica,Setophaga dominica,Dendroica dominica
AVIBASE-25333CB5,Setophaga flavescens,Setophaga flavescens,Dendroica dominica
AVIBASE-4168AF09,Setophaga fusca,Setophaga fusca,Dendroica fusca
AVIBASE-946DCF53,Setophaga graciae,Setophaga graciae,Dendroica graciae
AVIBASE-1529CCF1,Setophaga graysoni,Setophaga pitiayumi,Parula pitiayumi
AVIBASE-B9A2B7CC,Setophaga kirtlandii,Setophaga kirtlandii,Dendroica kirtlandii
AVIBASE-1E82CE1E,Setophaga magnolia,Setophaga magnolia,Dendroica magnolia
AVIBASE-6B7A93C5,Setophaga nigrescens,Setophaga nigrescens,Dendroica nigrescens
AVIBASE-0EB07C12,Setophaga occidentalis,Setophaga occidentalis,Dendroica occidentalis
AVIBASE-4AAEF549,Setophaga palmarum,Setophaga palmarum,Dendroica palmarum
AVIBASE-7AB1229B,Setophaga pensylvanica,Setophaga pensylvanica,Dendroica pensylvanica
AVIBASE-A6C0C4A9,Setophaga petechia,Setophaga petechia,Dendroica petechia
AVIBASE-A6C0C4A9,Setophaga petechia,Setophaga petechia,Dendroica aestiva
AVIBASE-1C941B1C,Setophaga pharetra,Setophaga pharetra,Dendroica pharetra
AVIBASE-6283E61E,Setophaga pinus,Setophaga pinus,Dendroica pinus
AVIBASE-4926BC8C,Setophaga pitiayumi,Setophaga pitiayumi,Parula pitiayumi
AVIBASE-45C2A0F6,Setophaga pityophila,Setophaga pityophila,Dendroica pityophila
AVIBASE-F630DE1F,Setophaga plumbea,Setophaga plumbea,Dendroica plumbea
AVIBASE-BED38F50,Setophaga ruticilla,Setophaga ruticilla,Setophaga ruticilla
AVIBASE-544A5E6B,Setophaga striata,Setophaga striata,Dendroica striata
AVIBASE-9346A3C9,Setophaga subita,Setophaga subita,Dendroica subita
AVIBASE-DB20CB6B,Setophaga tigrina,Setophaga tigrina,Dendroica tigrina
AVIBASE-F6C6C3F7,Setophaga townsendi,Setophaga townsendi,Dendroica townsendi
AVIBASE-9FFEDE99,Setophaga virens,Setophaga virens,Dendroica virens
AVIBASE-5574D3D5,Setophaga vitellina,Setophaga vitellina,Dendroica vitellina
AVIBASE-56478ACE,Setornis criniger,Setornis criniger,Setornis criniger
AVIBASE-C25F57BD,Sheppardia aequatorialis,Sheppardia aequatorialis,Sheppardia aequatorialis
AVIBASE-CDFAB323,Sheppardia aurantiithorax,Sheppardia aurantiithorax,Sheppardia aurantiithorax
AVIBASE-09E90D06,Sheppardia bocagei,Sheppardia bocagei,Sheppardia bocagei
AVIBASE-65C6355E,Sheppardia cyornithopsis,Sheppardia cyornithopsis,Sheppardia cyornithopsis
AVIBASE-F82D1379,Sheppardia gabela,Sheppardia gabela,Sheppardia gabela
AVIBASE-3E4783BA,Sheppardia gunningi,Sheppardia gunningi,Sheppardia gunningi
AVIBASE-44A7DA22,Sheppardia lowei,Sheppardia lowei,Sheppardia lowei
AVIBASE-F6E72DBC,Sheppardia montana,Sheppardia montana,Sheppardia montana
AVIBASE-09E90D06,Sheppardia poensis,Sheppardia bocagei,Sheppardia bocagei
AVIBASE-25C26AB9,Sheppardia polioptera,Cossypha polioptera,Cossypha polioptera
AVIBASE-9B35BE95,Sheppardia sharpei,Sheppardia sharpei,Sheppardia sharpei
AVIBASE-76F3C885,Sholicola albiventris,Sholicola albiventris,Myiomela albiventris
AVIBASE-26F04AA3,Sholicola major,Sholicola major,Myiomela major
AVIBASE-97B870B4,Sialia currucoides,Sialia currucoides,Sialia currucoides
AVIBASE-AC2B812A,Sialia mexicana,Sialia mexicana,Sialia mexicana
AVIBASE-A8347C7D,Sialia sialis,Sialia sialis,Sialia sialis
AVIBASE-1CB4B6D5,Sibia morrisoniana,Actinodura morrisoniana,Actinodura morrisoniana
AVIBASE-05F6BA7F,Sibia nipalensis,Actinodura nipalensis,Actinodura nipalensis
AVIBASE-99A1540F,Sibia souliei,Actinodura souliei,Actinodura souliei
AVIBASE-EE65C146,Sibia waldeni,Actinodura waldeni,Actinodura waldeni
AVIBASE-63EABB42,Sibirionetta formosa,Sibirionetta formosa,Anas formosa
AVIBASE-3CBC7FE3,Sicalis auriventris,Sicalis auriventris,Sicalis auriventris
AVIBASE-961B34B3,Sicalis citrina,Sicalis citrina,Sicalis citrina
AVIBASE-09191B98,Sicalis columbiana,Sicalis columbiana,Sicalis columbiana
AVIBASE-A5AA0BEC,Sicalis flaveola,Sicalis flaveola,Sicalis flaveola
AVIBASE-CB25EECF,Sicalis lebruni,Sicalis lebruni,Sicalis lebruni
AVIBASE-558DD2EE,Sicalis lutea,Sicalis lutea,Sicalis lutea
AVIBASE-89CEC2C1,Sicalis luteocephala,Sicalis luteocephala,Sicalis luteocephala
AVIBASE-85C6D2E5,Sicalis luteola,Sicalis luteola,Sicalis luteola
AVIBASE-462D5C1E,Sicalis mendozae,Sicalis mendozae,Sicalis olivascens
AVIBASE-26760B15,Sicalis olivascens,Sicalis olivascens,Sicalis olivascens
AVIBASE-79D218BB,Sicalis raimondii,Sicalis raimondii,Sicalis raimondii
AVIBASE-96F83DED,Sicalis taczanowskii,Sicalis taczanowskii,Sicalis taczanowskii
AVIBASE-D2F4DBA5,Sicalis uropigyalis,Sicalis uropygialis,Sicalis uropygialis
AVIBASE-D6F1EBE0,Silvicultrix diadema,Ochthoeca diadema,Ochthoeca diadema
AVIBASE-5F7F8EA6,Silvicultrix frontalis,Ochthoeca frontalis,Ochthoeca frontalis
AVIBASE-0A34575D,Silvicultrix jelskii,Ochthoeca jelskii,Ochthoeca jelskii
AVIBASE-0C04EC23,Silvicultrix pulchella,Ochthoeca pulchella,Ochthoeca pulchella
AVIBASE-A6246EF8,Sinosuthora alphonsiana,Sinosuthora alphonsiana,Paradoxornis alphonsianus
AVIBASE-5D7C768F,Sinosuthora brunnea,Sinosuthora brunnea,Paradoxornis brunneus
AVIBASE-6D920A28,Sinosuthora conspicillata,Sinosuthora conspicillata,Paradoxornis conspicillatus
AVIBASE-7164CABB,Sinosuthora przewalskii,Sinosuthora przewalskii,Paradoxornis przewalskii
AVIBASE-549E06B6,Sinosuthora ricketti,Sinosuthora brunnea,Paradoxornis brunneus
AVIBASE-32709919,Sinosuthora webbiana,Sinosuthora webbiana,Paradoxornis webbianus
AVIBASE-7B96A290,Sinosuthora zappeyi,Sinosuthora zappeyi,Paradoxornis zappeyi
AVIBASE-07EC934E,Siphonorhis americana,Siphonorhis americana,Siphonorhis brewsteri
AVIBASE-5E7F4216,Siphonorhis brewsteri,Siphonorhis brewsteri,Siphonorhis brewsteri
AVIBASE-C68B58B6,Sipia berlepschi,Sipia berlepschi,Myrmeciza berlepschi
AVIBASE-0145FE4C,Sipia laemosticta,Sipia laemosticta,Myrmeciza laemosticta
AVIBASE-48C31429,Sipia nigricauda,Sipia nigricauda,Myrmeciza nigricauda
AVIBASE-E492E478,Sipia palliata,Sipia palliata,Myrmeciza laemosticta
AVIBASE-C3E23BC4,Sipodotus wallacii,Sipodotus wallacii,Sipodotus wallacii
AVIBASE-8650D477,Siptornis striaticollis,Siptornis striaticollis,Siptornis striaticollis
AVIBASE-524DE233,Sirystes albocinereus,Sirystes albocinereus,Sirystes sibilator
AVIBASE-33EB2398,Sirystes albogriseus,Sirystes albogriseus,Sirystes albogriseus
AVIBASE-BC92F381,Sirystes sibilator,Sirystes sibilator,Sirystes sibilator
AVIBASE-848755FA,Sirystes subcanescens,Sirystes subcanescens,Sirystes sibilator
AVIBASE-B6B17E4A,Sitta arctica,Sitta europaea,Sitta europaea
AVIBASE-F2F45703,Sitta azurea,Sitta azurea,Sitta azurea
AVIBASE-0716A71C,Sitta canadensis,Sitta canadensis,Sitta canadensis
AVIBASE-19CCBBD2,Sitta carolinensis,Sitta carolinensis,Sitta carolinensis
AVIBASE-C7F955AB,Sitta cashmirensis,Sitta cashmirensis,Sitta cashmirensis
AVIBASE-434FA927,Sitta castanea,Sitta castanea,Sitta castanea
AVIBASE-DB238042,Sitta cinnamoventris,Sitta cinnamoventris,Sitta castanea
AVIBASE-3C468678,Sitta europaea,Sitta europaea,Sitta europaea
AVIBASE-9867D23D,Sitta formosa,Sitta formosa,Sitta formosa
AVIBASE-7A91853C,Sitta frontalis,Sitta frontalis,Sitta frontalis
AVIBASE-26FFF238,Sitta himalayensis,Sitta himalayensis,Sitta himalayensis
AVIBASE-71CBBD81,Sitta insularis,Sitta insularis,Sitta pusilla
AVIBASE-E29D7FB9,Sitta krueperi,Sitta krueperi,Sitta krueperi
AVIBASE-5415A0C3,Sitta ledanti,Sitta ledanti,Sitta ledanti
AVIBASE-49E0ABDB,Sitta leucopsis,Sitta leucopsis,Sitta leucopsis
AVIBASE-C71B1D8A,Sitta magna,Sitta magna,Sitta magna
AVIBASE-12968248,Sitta nagaensis,Sitta nagaensis,Sitta nagaensis
AVIBASE-23F3AE9C,Sitta neglecta,Sitta neglecta,Sitta castanea
AVIBASE-C37C527F,Sitta neumayer,Sitta neumayer,Sitta neumayer
AVIBASE-32983F3A,Sitta oenochlamys,Sitta oenochlamys,Sitta oenochlamys
AVIBASE-341E57F9,Sitta przewalskii,Sitta przewalskii,Sitta leucopsis
AVIBASE-AD7F307B,Sitta pusilla,Sitta pusilla,Sitta pusilla
AVIBASE-BD0914CB,Sitta pygmaea,Sitta pygmaea,Sitta pygmaea
AVIBASE-8B0CE251,Sitta solangiae,Sitta solangiae,Sitta solangiae
AVIBASE-102758DF,Sitta tephronota,Sitta tephronota,Sitta tephronota
AVIBASE-D966EFC2,Sitta victoriae,Sitta victoriae,Sitta victoriae
AVIBASE-CEB2041A,Sitta villosa,Sitta villosa,Sitta villosa
AVIBASE-7FD1FB23,Sitta whiteheadi,Sitta whiteheadi,Sitta whiteheadi
AVIBASE-103FF2D9,Sitta yunnanensis,Sitta yunnanensis,Sitta yunnanensis
AVIBASE-5DE4409C,Sittasomus griseicapillus,Sittasomus griseicapillus,Sittasomus griseicapillus
AVIBASE-E062D6FB,Sittasomus griseus,Sittasomus griseicapillus,Sittasomus griseicapillus
AVIBASE-F01B7950,Sittasomus griseus,Sittasomus griseicapillus,Sittasomus griseicapillus
AVIBASE-73CC2EE9,Sittiparus castaneoventris,Sittiparus castaneoventris,Parus varius
AVIBASE-9ECF04CD,Sittiparus olivaceus,Sittiparus olivaceus,Parus varius
AVIBASE-3A79F96B,Sittiparus owstoni,Sittiparus owstoni,Parus varius
AVIBASE-5A832370,Sittiparus semilarvatus,Sittiparus semilarvatus,Parus semilarvatus
AVIBASE-B061340F,Sittiparus varius,Sittiparus varius,Parus varius
AVIBASE-A6704D52,Siva cyanouroptera,Actinodura cyanouroptera,Minla cyanouroptera
AVIBASE-4568006A,Smicrornis brevirostris,Smicrornis brevirostris,Smicrornis brevirostris
AVIBASE-9EE216F9,Smithornis capensis,Smithornis capensis,Smithornis capensis
AVIBASE-1F662597,Smithornis rufolateralis,Smithornis rufolateralis,Smithornis rufolateralis
AVIBASE-EE68233F,Smithornis sharpei,Smithornis sharpei,Smithornis sharpei
AVIBASE-C130193B,Smutsornis africanus,Smutsornis africanus,Rhinoptilus africanus
AVIBASE-E117776E,Snowornis cryptolophus,Snowornis cryptolophus,Snowornis cryptolophus
AVIBASE-413E0E1A,Snowornis subalaris,Snowornis subalaris,Snowornis subalaris
AVIBASE-7D8BF5CC,Somateria fischeri,Somateria fischeri,Somateria fischeri
AVIBASE-B77377EE,Somateria mollissima,Somateria mollissima,Somateria mollissima
AVIBASE-F3D74914,Somateria spectabilis,Somateria spectabilis,Somateria spectabilis
AVIBASE-38B193CE,Spartonoica maluroides,Spartonoica maluroides,Spartonoica maluroides
AVIBASE-ED4CE8E7,Spatula clypeata,Spatula clypeata,Anas clypeata
AVIBASE-0E599E6C,Spatula cyanoptera,Spatula cyanoptera,Anas cyanoptera
AVIBASE-90E2543E,Spatula discors,Spatula discors,Anas discors
AVIBASE-FA831F65,Spatula hottentota,Spatula hottentota,Anas hottentota
AVIBASE-CEFACC86,Spatula platalea,Spatula platalea,Anas platalea
AVIBASE-86B0BAFA,Spatula puna,Spatula puna,Anas puna
AVIBASE-F577BA0F,Spatula querquedula,Spatula querquedula,Anas querquedula
AVIBASE-A21E7645,Spatula rhynchotis,Spatula rhynchotis,Anas rhynchotis
AVIBASE-4670CF43,Spatula smithii,Spatula smithii,Anas smithii
AVIBASE-C8F1E992,Spatula versicolor,Spatula versicolor,Anas versicolor
AVIBASE-DB94B36F,Speculanas specularis,Speculanas specularis,Speculanas specularis
AVIBASE-D3390C6C,Speculipastor bicolor,Speculipastor bicolor,Speculipastor bicolor
AVIBASE-55D143DB,Spelaeornis badeigularis,Spelaeornis badeigularis,Spelaeornis badeigularis
AVIBASE-18E871A3,Spelaeornis caudatus,Spelaeornis caudatus,Spelaeornis caudatus
AVIBASE-24C6DDDE,Spelaeornis chocolatinus,Spelaeornis chocolatinus,Spelaeornis chocolatinus
AVIBASE-11D591B6,Spelaeornis kinneari,Spelaeornis kinneari,Spelaeornis kinneari
AVIBASE-F98A7432,Spelaeornis longicaudatus,Spelaeornis longicaudatus,Spelaeornis longicaudatus
AVIBASE-0C4E399F,Spelaeornis oatesi,Spelaeornis oatesi,Spelaeornis oatesi
AVIBASE-9FAE6D78,Spelaeornis reptatus,Spelaeornis reptatus,Spelaeornis reptatus
AVIBASE-D7BB497E,Spelaeornis troglodytoides,Spelaeornis troglodytoides,Spelaeornis troglodytoides
AVIBASE-E358EC8A,Spermestes bicolor,Spermestes bicolor,Lonchura bicolor
AVIBASE-E358EC8A,Spermestes bicolor,Spermestes bicolor,Lonchura nigriceps
AVIBASE-142E4CB7,Spermestes cucullata,Spermestes cucullata,Lonchura cucullata
AVIBASE-64E386FE,Spermestes fringilloides,Spermestes fringilloides,Lonchura fringilloides
AVIBASE-3817DA4A,Spermophaga haematina,Spermophaga haematina,Spermophaga haematina
AVIBASE-AEAD40DD,Spermophaga poliogenys,Spermophaga poliogenys,Spermophaga poliogenys
AVIBASE-46A1FC77,Spermophaga ruficapilla,Spermophaga ruficapilla,Spermophaga ruficapilla
AVIBASE-191C56A7,Sphecotheres hypoleucus,Sphecotheres hypoleucus,Sphecotheres hypoleucus
AVIBASE-DAC824A4,Sphecotheres vieilloti,Sphecotheres vieilloti,Sphecotheres vieilloti
AVIBASE-196347A3,Sphecotheres viridis,Sphecotheres viridis,Sphecotheres viridis
AVIBASE-9B183BDD,Spheniscus demersus,Spheniscus demersus,Spheniscus demersus
AVIBASE-37FC130F,Spheniscus humboldti,Spheniscus humboldti,Spheniscus humboldti
AVIBASE-3B4B29E0,Spheniscus magellanicus,Spheniscus magellanicus,Spheniscus magellanicus
AVIBASE-ACAA25BF,Spheniscus mendiculus,Spheniscus mendiculus,Spheniscus mendiculus
AVIBASE-8EE724E4,Sphenoeacus afer,Sphenoeacus afer,Sphenoeacus afer
AVIBASE-0539220A,Sphenopsis frontalis,Sphenopsis frontalis,Hemispingus frontalis
AVIBASE-2F027A59,Sphenopsis melanotis,Sphenopsis melanotis,Hemispingus melanotis
AVIBASE-F1F78380,Sphenopsis ochracea,Sphenopsis melanotis,Hemispingus ochraceus
AVIBASE-9F3E8DF6,Sphenopsis piurae,Sphenopsis melanotis,Hemispingus piurae
AVIBASE-20F4B01D,Sphyrapicus nuchalis,Sphyrapicus nuchalis,Sphyrapicus nuchalis
AVIBASE-52F63879,Sphyrapicus ruber,Sphyrapicus ruber,Sphyrapicus ruber
AVIBASE-28A4DA76,Sphyrapicus thyroideus,Sphyrapicus thyroideus,Sphyrapicus thyroideus
AVIBASE-9BE68BD3,Sphyrapicus varius,Sphyrapicus varius,Sphyrapicus varius
AVIBASE-BAD2AC99,Spilopelia chinensis,Streptopelia chinensis,Stigmatopelia chinensis
AVIBASE-B2D6AB06,Spilopelia senegalensis,Streptopelia senegalensis,Stigmatopelia senegalensis
AVIBASE-AEF9E7D3,Spilopelia suratensis,Streptopelia chinensis,Stigmatopelia chinensis
AVIBASE-2A88D0BC,Spiloptila clamans,Spiloptila clamans,Spiloptila clamans
AVIBASE-3EEEE78A,Spilornis cheela,Spilornis cheela,Spilornis cheela
AVIBASE-FEADBB9B,Spilornis elgini,Spilornis elgini,Spilornis elgini
AVIBASE-B7C2D213,Spilornis holospilus,Spilornis holospilus,Spilornis holospilus
AVIBASE-2FDECDDE,Spilornis kinabaluensis,Spilornis kinabaluensis,Spilornis kinabaluensis
AVIBASE-827AE888,Spilornis klossi,Spilornis klossi,Spilornis klossi
AVIBASE-7DF17358,Spilornis rufipectus,Spilornis rufipectus,Spilornis rufipectus
AVIBASE-E5BFABA7,Spindalis dominicensis,Spindalis dominicensis,Spindalis dominicensis
AVIBASE-611D2C6B,Spindalis nigricephala,Spindalis nigricephala,Spindalis nigricephala
AVIBASE-5B4FFF78,Spindalis portoricensis,Spindalis portoricensis,Spindalis portoricensis
AVIBASE-AA587D5F,Spindalis zena,Spindalis zena,Spindalis zena
AVIBASE-2124235E,Spinus atratus,Spinus atratus,Carduelis atrata
AVIBASE-AD3AEB2F,Spinus atriceps,Spinus atriceps,Carduelis atriceps
AVIBASE-AE31F0F3,Spinus barbatus,Spinus barbatus,Carduelis barbata
AVIBASE-9B6C51A1,Spinus crassirostris,Spinus crassirostris,Carduelis crassirostris
AVIBASE-8B583CC8,Spinus cucullatus,Spinus cucullatus,Carduelis cucullata
AVIBASE-326347A8,Spinus dominicensis,Spinus dominicensis,Carduelis dominicensis
AVIBASE-C27D9E26,Spinus lawrencei,Spinus lawrencei,Carduelis lawrencei
AVIBASE-77CB59D7,Spinus magellanicus,Spinus magellanicus,Carduelis magellanica
AVIBASE-47188991,Spinus notatus,Spinus notatus,Carduelis notata
AVIBASE-01BC8E6F,Spinus olivaceus,Spinus olivaceus,Carduelis olivacea
AVIBASE-B48335B1,Spinus pinus,Spinus pinus,Carduelis pinus
AVIBASE-CD5C21CA,Spinus psaltria,Spinus psaltria,Carduelis psaltria
AVIBASE-3304398B,Spinus siemiradzkii,Spinus siemiradzkii,Carduelis siemiradzkii
AVIBASE-56FF55E5,Spinus spinescens,Spinus spinescens,Carduelis spinescens
AVIBASE-9820CECA,Spinus spinus,Spinus spinus,Carduelis spinus
AVIBASE-B9024775,Spinus thibetanus,Spinus thibetanus,Serinus thibetanus
AVIBASE-C9ABA616,Spinus tristis,Spinus tristis,Carduelis tristis
AVIBASE-53959D67,Spinus uropygialis,Spinus uropygialis,Carduelis uropygialis
AVIBASE-8E56A1C6,Spinus xanthogastrus,Spinus xanthogastrus,Carduelis xanthogastra
AVIBASE-9C5F13F6,Spinus yarrellii,Spinus yarrellii,Carduelis yarrellii
AVIBASE-592E58CE,Spiza americana,Spiza americana,Spiza americana
AVIBASE-D31EE719,Spizaetus isidori,Spizaetus isidori,Spizaetus isidori
AVIBASE-9131A970,Spizaetus melanoleucus,Spizaetus melanoleucus,Spizaetus melanoleucus
AVIBASE-EA4FB522,Spizaetus ornatus,Spizaetus ornatus,Spizaetus ornatus
AVIBASE-7680293A,Spizaetus tyrannus,Spizaetus tyrannus,Spizaetus tyrannus
AVIBASE-ECC32BD0,Spizella atrogularis,Spizella atrogularis,Spizella atrogularis
AVIBASE-29967541,Spizella breweri,Spizella breweri,Spizella breweri
AVIBASE-486265CF,Spizella pallida,Spizella pallida,Spizella pallida
AVIBASE-37E9CCDA,Spizella passerina,Spizella passerina,Spizella passerina
AVIBASE-E23F6DE0,Spizella pusilla,Spizella pusilla,Spizella pusilla
AVIBASE-3B25CBE3,Spizella wortheni,Spizella wortheni,Spizella wortheni
AVIBASE-0CB76DBD,Spiziapteryx circumcincta,Spiziapteryx circumcincta,Spiziapteryx circumcincta
AVIBASE-10F913B3,Spizixos canifrons,Spizixos canifrons,Spizixos canifrons
AVIBASE-40F3B30B,Spizixos semitorques,Spizixos semitorques,Spizixos semitorques
AVIBASE-1E4143F8,Spizocorys conirostris,Spizocorys conirostris,Spizocorys conirostris
AVIBASE-1AF3034A,Spizocorys fremantlii,Spizocorys fremantlii,Pseudalaemon fremantlii
AVIBASE-53C0293A,Spizocorys fringillaris,Spizocorys fringillaris,Spizocorys fringillaris
AVIBASE-D7A55FB3,Spizocorys obbiensis,Spizocorys obbiensis,Spizocorys obbiensis
AVIBASE-419AEB97,Spizocorys personata,Spizocorys personata,Spizocorys personata
AVIBASE-527EE4D4,Spizocorys sclateri,Spizocorys sclateri,Spizocorys sclateri
AVIBASE-352A5391,Spizocorys starki,Spizocorys starki,Eremalauda starki
AVIBASE-632ACC15,Spodiopsar cineraceus,Spodiopsar cineraceus,Sturnus cineraceus
AVIBASE-8E1A6EB9,Spodiopsar sericeus,Spodiopsar sericeus,Sturnus sericeus
AVIBASE-48CC8086,Spodiornis rusticus,Spodiornis rusticus,Haplospiza rustica
AVIBASE-E97657AA,Sporathraupis cyanocephala,Sporathraupis cyanocephala,Thraupis cyanocephala
AVIBASE-19BA6768,Sporophila albogularis,Sporophila albogularis,Sporophila albogularis
AVIBASE-F516D675,Sporophila americana,Sporophila americana,Sporophila americana
AVIBASE-8F23E84F,Sporophila angolensis,Sporophila angolensis,Oryzoborus angolensis
AVIBASE-B61C1F93,Sporophila ardesiaca,Sporophila ardesiaca,Sporophila ardesiaca
AVIBASE-D57B98B9,Sporophila atrirostris,Sporophila atrirostris,Oryzoborus atrirostris
AVIBASE-8C17A126,Sporophila beltoni,Sporophila beltoni,Sporophila plumbea
AVIBASE-8A6216CA,Sporophila bouvreuil,Sporophila bouvreuil,Sporophila bouvreuil
AVIBASE-CF81E248,Sporophila bouvronides,Sporophila bouvronides,Sporophila bouvronides
AVIBASE-0BCC3F94,Sporophila caerulescens,Sporophila caerulescens,Sporophila caerulescens
AVIBASE-96F2444F,Sporophila castaneiventris,Sporophila castaneiventris,Sporophila castaneiventris
AVIBASE-11F5B941,Sporophila cinnamomea,Sporophila cinnamomea,Sporophila cinnamomea
AVIBASE-CA248006,Sporophila collaris,Sporophila collaris,Sporophila collaris
AVIBASE-1CDD0303,Sporophila corvina,Sporophila corvina,Sporophila corvina
AVIBASE-2824A1D9,Sporophila crassirostris,Sporophila crassirostris,Oryzoborus crassirostris
AVIBASE-334CD1D7,Sporophila falcirostris,Sporophila falcirostris,Sporophila falcirostris
AVIBASE-233E719A,Sporophila fringilloides,Sporophila fringilloides,Dolospingus fringilloides
AVIBASE-3B38D8C5,Sporophila frontalis,Sporophila frontalis,Sporophila frontalis
AVIBASE-64EDEAE0,Sporophila funerea,Sporophila funerea,Oryzoborus funereus
AVIBASE-026B8797,Sporophila hypochroma,Sporophila hypochroma,Sporophila hypochroma
AVIBASE-57E2CEDC,Sporophila hypoxantha,Sporophila hypoxantha,Sporophila hypoxantha
AVIBASE-710FF96C,Sporophila iberaensis,NA,NA
AVIBASE-1F11E4F1,Sporophila intermedia,Sporophila intermedia,Sporophila intermedia
AVIBASE-D5AA8D6D,Sporophila leucoptera,Sporophila leucoptera,Sporophila leucoptera
AVIBASE-7B104DA6,Sporophila lineola,Sporophila lineola,Sporophila lineola
AVIBASE-F17ED91C,Sporophila luctuosa,Sporophila luctuosa,Sporophila luctuosa
AVIBASE-A5767214,Sporophila maximiliani,Sporophila maximiliani,Oryzoborus maximiliani
AVIBASE-547844A7,Sporophila melanogaster,Sporophila melanogaster,Sporophila melanogaster
AVIBASE-96944A78,Sporophila minuta,Sporophila minuta,Sporophila minuta
AVIBASE-7ADA5AD0,Sporophila morelleti,Sporophila morelleti,Sporophila torqueola
AVIBASE-96BD30EC,Sporophila murallae,Sporophila murallae,Sporophila murallae
AVIBASE-52DEFF09,Sporophila nigricollis,Sporophila nigricollis,Sporophila nigricollis
AVIBASE-84BDD0EE,Sporophila nigrorufa,Sporophila nigrorufa,Sporophila nigrorufa
AVIBASE-3AAEDDCF,Sporophila nuttingi,Sporophila nuttingi,Oryzoborus nuttingi
AVIBASE-D8DFBE2F,Sporophila ophthalmica,Sporophila corvina,Sporophila corvina
AVIBASE-141E0EB0,Sporophila palustris,Sporophila palustris,Sporophila palustris
AVIBASE-6725A42C,Sporophila peruviana,Sporophila peruviana,Sporophila peruviana
AVIBASE-4240E96E,Sporophila pileata,Sporophila pileata,Sporophila bouvreuil
AVIBASE-1AA93871,Sporophila plumbea,Sporophila plumbea,Sporophila plumbea
AVIBASE-E5123580,Sporophila ruficollis,Sporophila ruficollis,Sporophila ruficollis
AVIBASE-E5123580,Sporophila ruficollis,Sporophila ruficollis,Sporophila melanops
AVIBASE-6DA5E4F4,Sporophila schistacea,Sporophila schistacea,Sporophila schistacea
AVIBASE-233F1B30,Sporophila simplex,Sporophila simplex,Sporophila simplex
AVIBASE-F00E876B,Sporophila telasco,Sporophila telasco,Sporophila telasco
AVIBASE-B720B375,Sporophila torqueola,Sporophila torqueola,Sporophila torqueola
AVIBASE-C90890A3,Sporopipes frontalis,Sporopipes frontalis,Sporopipes frontalis
AVIBASE-49802951,Sporopipes squamifrons,Sporopipes squamifrons,Sporopipes squamifrons
AVIBASE-738596E2,Stachyris grammiceps,Stachyris grammiceps,Stachyris grammiceps
AVIBASE-14D82446,Stachyris herberti,Stachyris herberti,Stachyris herberti
AVIBASE-7CDC4535,Stachyris humei,Stachyris humei,Sphenocichla humei
AVIBASE-5F7A6F45,Stachyris leucotis,Stachyris leucotis,Stachyris leucotis
AVIBASE-4F128303,Stachyris maculata,Stachyris maculata,Stachyris maculata
AVIBASE-D58D57B3,Stachyris nigriceps,Stachyris nigriceps,Stachyris nigriceps
AVIBASE-5B383BC6,Stachyris nigricollis,Stachyris nigricollis,Stachyris nigricollis
AVIBASE-835EE647,Stachyris nonggangensis,Stachyris nonggangensis,Stachyris nonggangensis
AVIBASE-C4B3E8AB,Stachyris oglei,Stachyris oglei,Stachyris oglei
AVIBASE-65635086,Stachyris poliocephala,Stachyris poliocephala,Stachyris poliocephala
AVIBASE-DBD78D47,Stachyris roberti,Stachyris roberti,Sphenocichla roberti
AVIBASE-464EC010,Stachyris strialata,Stachyris strialata,Stachyris striolata
AVIBASE-1E93233E,Stachyris thoracica,Stachyris thoracica,Stachyris thoracica
AVIBASE-35145A7E,Stactolaema anchietae,Stactolaema anchietae,Stactolaema anchietae
AVIBASE-147284D7,Stactolaema leucogrammica,Stactolaema leucotis,Stactolaema leucotis
AVIBASE-C1B352F1,Stactolaema leucotis,Stactolaema leucotis,Stactolaema leucotis
AVIBASE-5C629518,Stactolaema whytii,Stactolaema whytii,Stactolaema whytii
AVIBASE-82ABFD7F,Stagonopleura bella,Stagonopleura bella,Stagonopleura bella
AVIBASE-00AF5DA1,Stagonopleura guttata,Stagonopleura guttata,Stagonopleura guttata
AVIBASE-AA0BCF4A,Stagonopleura oculata,Stagonopleura oculata,Stagonopleura oculata
AVIBASE-F117ED15,Starnoenas cyanocephala,Starnoenas cyanocephala,Starnoenas cyanocephala
AVIBASE-A820F165,Steatornis caripensis,Steatornis caripensis,Steatornis caripensis
AVIBASE-667C6969,Steganopus tricolor,Phalaropus tricolor,Steganopus tricolor
AVIBASE-5D82C13B,Stelgidillas gracilirostris,Stelgidillas gracilirostris,Andropadus gracilirostris
AVIBASE-259B5E46,Stelgidopteryx ridgwayi,Stelgidopteryx serripennis,Stelgidopteryx serripennis
AVIBASE-EE5B7812,Stelgidopteryx ruficollis,Stelgidopteryx ruficollis,Stelgidopteryx ruficollis
AVIBASE-B90C04E9,Stelgidopteryx serripennis,Stelgidopteryx serripennis,Stelgidopteryx serripennis
AVIBASE-D6F5D224,Stenostira scita,Stenostira scita,Stenostira scita
AVIBASE-1E3B3515,Stephanoaetus coronatus,Stephanoaetus coronatus,Stephanoaetus coronatus
AVIBASE-F57B8D02,Stephanophorus diadematus,Stephanophorus diadematus,Stephanophorus diadematus
AVIBASE-C9F9F99A,Stephanoxis lalandi,Stephanoxis lalandi,Stephanoxis lalandi
AVIBASE-C85BE5CC,Stephanoxis loddigesii,Stephanoxis loddigesii,Stephanoxis lalandi
AVIBASE-1D446440,Stercorarius longicaudus,Stercorarius longicaudus,Stercorarius longicaudus
AVIBASE-39086887,Stercorarius parasiticus,Stercorarius parasiticus,Stercorarius parasiticus
AVIBASE-7CB8F5B7,Stercorarius pomarinus,Stercorarius pomarinus,Stercorarius pomarinus
AVIBASE-807E1277,Sterna acuticauda,Sterna acuticauda,Sterna acuticauda
AVIBASE-A874F334,Sterna aurantia,Sterna aurantia,Sterna aurantia
AVIBASE-74236837,Sterna dougallii,Sterna dougallii,Sterna dougallii
AVIBASE-D13B9122,Sterna forsteri,Sterna forsteri,Sterna forsteri
AVIBASE-ECAE1DA1,Sterna hirundinacea,Sterna hirundinacea,Sterna hirundinacea
AVIBASE-4D2FF6F1,Sterna hirundo,Sterna hirundo,Sterna hirundo
AVIBASE-BDC5CF80,Sterna paradisaea,Sterna paradisaea,Sterna paradisaea
AVIBASE-CF5C013D,Sterna repressa,Sterna repressa,Sterna repressa
AVIBASE-E1F9123B,Sterna striata,Sterna striata,Sterna striata
AVIBASE-9D6704AC,Sterna sumatrana,Sterna sumatrana,Sterna sumatrana
AVIBASE-98FBF9CA,Sterna trudeaui,Sterna trudeaui,Sterna trudeaui
AVIBASE-754993F1,Sterna virgata,Sterna virgata,Sterna virgata
AVIBASE-E9C409B5,Sterna vittata,Sterna vittata,Sterna vittata
AVIBASE-B1A4A6A0,Sternoclyta cyanopectus,Sternoclyta cyanopectus,Sternoclyta cyanopectus
AVIBASE-17310BF0,Sternula albifrons,Sternula albifrons,Sterna albifrons
AVIBASE-BE78E765,Sternula antillarum,Sternula antillarum,Sterna antillarum
AVIBASE-9F9A13D8,Sternula balaenarum,Sternula balaenarum,Sterna balaenarum
AVIBASE-F9A32D38,Sternula lorata,Sternula lorata,Sterna lorata
AVIBASE-67D8B0BA,Sternula nereis,Sternula nereis,Sterna nereis
AVIBASE-4B21F4D8,Sternula saundersi,Sternula saundersi,Sterna saundersi
AVIBASE-8B4BBC2A,Sternula superciliaris,Sternula superciliaris,Sterna superciliaris
AVIBASE-AA79D6BA,Sterrhoptilus capitalis,Sterrhoptilus capitalis,Stachyris capitalis
AVIBASE-A552D849,Sterrhoptilus dennistouni,Sterrhoptilus dennistouni,Stachyris dennistouni
AVIBASE-82328ACC,Sterrhoptilus nigrocapitatus,Sterrhoptilus nigrocapitatus,Stachyris nigrocapitata
AVIBASE-E93960AB,Stictonetta naevosa,Stictonetta naevosa,Stictonetta naevosa
AVIBASE-99C6BEEA,Stigmatura bahiae,Stigmatura napensis,Stigmatura napensis
AVIBASE-DF576ACA,Stigmatura budytoides,Stigmatura budytoides,Stigmatura budytoides
AVIBASE-7D568545,Stigmatura napensis,Stigmatura napensis,Stigmatura napensis
AVIBASE-5B08743F,Stiltia isabella,Stiltia isabella,Stiltia isabella
AVIBASE-6711EB24,Stiphrornis erythrothorax,Stiphrornis erythrothorax,Stiphrornis erythrothorax
AVIBASE-E3760281,Stiphrornis pyrrholaemus,Stiphrornis erythrothorax,Stiphrornis erythrothorax
AVIBASE-01EFFC14,Stiphrornis xanthogaster,Stiphrornis erythrothorax,Stiphrornis erythrothorax
AVIBASE-A063A6E1,Stiphrornis xanthogaster,Stiphrornis erythrothorax,Stiphrornis erythrothorax
AVIBASE-5C9D20AA,Stipiturus malachurus,Stipiturus malachurus,Stipiturus malachurus
AVIBASE-9723DB2C,Stipiturus mallee,Stipiturus mallee,Stipiturus mallee
AVIBASE-66659A4B,Stipiturus ruficeps,Stipiturus ruficeps,Stipiturus ruficeps
AVIBASE-6DD922F2,Stizorhina finschi,Neocossyphus finschi,Stizorhina finschi
AVIBASE-031AC7C9,Stizorhina fraseri,Neocossyphus fraseri,Stizorhina fraseri
AVIBASE-64829846,Stomiopera flava,Stomiopera flava,Lichenostomus flavus
AVIBASE-EC322B71,Stomiopera unicolor,Stomiopera unicolor,Lichenostomus unicolor
AVIBASE-7FF38E73,Strepera fuliginosa,Strepera fuliginosa,Strepera fuliginosa
AVIBASE-B39778F8,Strepera graculina,Strepera graculina,Strepera graculina
AVIBASE-B7717F2A,Strepera versicolor,Strepera versicolor,Strepera versicolor
AVIBASE-15FFA539,Streptocitta albertinae,Streptocitta albertinae,Streptocitta albertinae
AVIBASE-4BF75EE6,Streptocitta albicollis,Streptocitta albicollis,Streptocitta albicollis
AVIBASE-78348EF2,Streptocitta torquata,Streptocitta albicollis,Streptocitta albicollis
AVIBASE-DFC8E556,Streptopelia bitorquata,Streptopelia bitorquata,Streptopelia bitorquata
AVIBASE-AB937AEB,Streptopelia capicola,Streptopelia capicola,Streptopelia capicola
AVIBASE-0C1EFC9B,Streptopelia decaocto,Streptopelia decaocto,Streptopelia decaocto
AVIBASE-70BD722B,Streptopelia decipiens,Streptopelia decipiens,Streptopelia decipiens
AVIBASE-E9FDB2B9,Streptopelia dusumieri,Streptopelia dusumieri,Streptopelia bitorquata
AVIBASE-3D386DBA,Streptopelia hypopyrrha,Streptopelia hypopyrrha,Streptopelia hypopyrrha
AVIBASE-8770C6A7,Streptopelia lugens,Streptopelia lugens,Streptopelia lugens
AVIBASE-6658BAC5,Streptopelia orientalis,Streptopelia orientalis,Streptopelia orientalis
AVIBASE-65FE8029,Streptopelia reichenowi,Streptopelia reichenowi,Streptopelia reichenowi
AVIBASE-273A4A2F,Streptopelia roseogrisea,Streptopelia roseogrisea,Streptopelia roseogrisea
AVIBASE-9888B3AE,Streptopelia semitorquata,Streptopelia semitorquata,Streptopelia semitorquata
AVIBASE-BC140778,Streptopelia tranquebarica,Streptopelia tranquebarica,Streptopelia tranquebarica
AVIBASE-5788552B,Streptopelia turtur,Streptopelia turtur,Streptopelia turtur
AVIBASE-DDEF7228,Streptopelia vinacea,Streptopelia vinacea,Streptopelia vinacea
AVIBASE-4B62C0C3,Streptopelia xanthocycla,Streptopelia decaocto,Streptopelia decaocto
AVIBASE-5267D127,Streptoprocne biscutata,Streptoprocne biscutata,Streptoprocne biscutata
AVIBASE-152D907A,Streptoprocne phelpsi,Streptoprocne phelpsi,Streptoprocne phelpsi
AVIBASE-50222B1F,Streptoprocne rutila,Streptoprocne rutila,Streptoprocne rutila
AVIBASE-6CDEB3D1,Streptoprocne semicollaris,Streptoprocne semicollaris,Streptoprocne semicollaris
AVIBASE-88D7E68D,Streptoprocne zonaris,Streptoprocne zonaris,Streptoprocne zonaris
AVIBASE-0C7BD256,Stresemannia bougainvillei,Stresemannia bougainvillei,Stresemannia bougainvillei
AVIBASE-16804FAF,Strigops habroptila,Strigops habroptila,Strigops habroptila
AVIBASE-37A12174,Strix aluco,Strix aluco,Strix aluco
AVIBASE-6590EFD4,Strix butleri,Strix butleri,Strix butleri
AVIBASE-4D481B0E,Strix chacoensis,Strix chacoensis,Strix chacoensis
AVIBASE-E3E227D2,Strix fulvescens,Strix fulvescens,Strix fulvescens
AVIBASE-F6F87349,Strix hadorami,Strix hadorami,Strix butleri
AVIBASE-06406B92,Strix hylophila,Strix hylophila,Strix hylophila
AVIBASE-8253A007,Strix leptogrammica,Strix leptogrammica,Strix leptogrammica
AVIBASE-FA36ABE5,Strix nebulosa,Strix nebulosa,Strix nebulosa
AVIBASE-6EC64712,Strix nivicolum,Strix nivicolum,Strix aluco
AVIBASE-9B26D30B,Strix occidentalis,Strix occidentalis,Strix occidentalis
AVIBASE-52A8CE5C,Strix ocellata,Strix ocellata,Strix ocellata
AVIBASE-AA0FBFE2,Strix rufipes,Strix rufipes,Strix rufipes
AVIBASE-F4F6EC81,Strix seloputo,Strix seloputo,Strix seloputo
AVIBASE-7C2108FD,Strix uralensis,Strix davidi,Strix davidi
AVIBASE-E162AEB8,Strix uralensis,Strix uralensis,Strix uralensis
AVIBASE-BDBB04D5,Strix varia,Strix varia,Strix varia
AVIBASE-2E6575A8,Strix woodfordii,Strix woodfordii,Strix woodfordii
AVIBASE-5811EC08,Struthidea cinerea,Struthidea cinerea,Struthidea cinerea
AVIBASE-2247CB05,Struthio camelus,Struthio camelus,Struthio camelus
AVIBASE-40329BB6,Struthio molybdophanes,Struthio molybdophanes,Struthio camelus
AVIBASE-27410227,Sturnella magna,Sturnella magna,Sturnella magna
AVIBASE-4A5B4883,Sturnella neglecta,Sturnella neglecta,Sturnella neglecta
AVIBASE-8A195598,Sturnia erythropygia,Sturnia erythropygia,Sturnus erythropygius
AVIBASE-1D3605F2,Sturnia malabarica,Sturnia blythii,Sturnus malabaricus
AVIBASE-52CE07EE,Sturnia malabarica,Sturnia malabarica,Sturnus malabaricus
AVIBASE-E44DFDFA,Sturnia pagodarum,Sturnia pagodarum,Sturnus pagodarum
AVIBASE-ED5CDA85,Sturnia sinensis,Sturnia sinensis,Sturnus sinensis
AVIBASE-E3A389C3,Sturnornis albofrontatus,Sturnornis albofrontatus,Sturnus albofrontatus
AVIBASE-B0D81671,Sturnus unicolor,Sturnus unicolor,Sturnus unicolor
AVIBASE-94A44032,Sturnus vulgaris,Sturnus vulgaris,Sturnus vulgaris
AVIBASE-1C60CF96,Sublegatus arenarum,Sublegatus arenarum,Sublegatus arenarum
AVIBASE-C7B64D32,Sublegatus modestus,Sublegatus modestus,Sublegatus modestus
AVIBASE-7EAD5553,Sublegatus obscurior,Sublegatus obscurior,Sublegatus obscurior
AVIBASE-772E19B8,Sugomel nigrum,Sugomel nigrum,Certhionyx niger
AVIBASE-1BDDEA78,Suiriri suiriri,Suiriri suiriri,Suiriri suiriri
AVIBASE-22D1B4A2,Sula dactylatra,Sula dactylatra,Sula dactylatra
AVIBASE-0C4DB4A5,Sula granti,Sula granti,Sula granti
AVIBASE-5EC21767,Sula leucogaster,Sula leucogaster,Sula leucogaster
AVIBASE-649F85B5,Sula nebouxii,Sula nebouxii,Sula nebouxii
AVIBASE-0A4609D1,Sula sula,Sula sula,Sula sula
AVIBASE-AD43BCD9,Sula variegata,Sula variegata,Sula variegata
AVIBASE-C2018A5D,Surnia ulula,Surnia ulula,Surnia ulula
AVIBASE-89141C11,Surniculus dicruroides,Surniculus dicruroides,Surniculus lugubris
AVIBASE-A6A5EE59,Surniculus lugubris,Surniculus lugubris,Surniculus lugubris
AVIBASE-1D90D496,Surniculus musschenbroeki,Surniculus musschenbroeki,Surniculus lugubris
AVIBASE-7187E85C,Surniculus velutinus,Surniculus velutinus,Surniculus velutinus
AVIBASE-CA227961,Suthora fulvifrons,Suthora fulvifrons,Paradoxornis fulvifrons
AVIBASE-9FA30008,Suthora nipalensis,Suthora nipalensis,Paradoxornis nipalensis
AVIBASE-B4B6C5A8,Suthora verreauxi,Suthora verreauxi,Paradoxornis verreauxi
AVIBASE-3622BD28,Swynnertonia swynnertoni,Swynnertonia swynnertoni,Swynnertonia swynnertoni
AVIBASE-7C3026CC,Sylvia abyssinica,Sylvia abyssinica,Pseudoalcippe abyssinica
AVIBASE-61F9065B,Sylvia atricapilla,Sylvia atricapilla,Sylvia atricapilla
AVIBASE-A0855E30,Sylvia atriceps,Sylvia atriceps,Pseudoalcippe abyssinica
AVIBASE-586FA317,Sylvia balearica,Curruca balearica,Sylvia sarda
AVIBASE-982C918E,Sylvia boehmi,Curruca boehmi,Sylvia boehmi
AVIBASE-A6A4FC63,Sylvia borin,Sylvia borin,Sylvia borin
AVIBASE-40A82395,Sylvia buryi,Curruca buryi,Sylvia buryi
AVIBASE-5F33823D,Sylvia cantillans,Curruca cantillans,Sylvia cantillans
AVIBASE-5F33823D,Sylvia cantillans,Curruca iberiae,Sylvia cantillans
AVIBASE-14AFBA82,Sylvia communis,Curruca communis,Sylvia communis
AVIBASE-BFECF5F8,Sylvia conspicillata,Curruca conspicillata,Sylvia conspicillata
AVIBASE-37015E61,Sylvia crassirostris,Curruca crassirostris,Sylvia hortensis
AVIBASE-0DCD05BE,Sylvia curruca,Curruca curruca,Sylvia althaea
AVIBASE-0DCD05BE,Sylvia curruca,Curruca curruca,Sylvia minula
AVIBASE-0DCD05BE,Sylvia curruca,Curruca curruca,Sylvia curruca
AVIBASE-D5AEADF4,Sylvia deserti,Curruca deserti,Sylvia nana
AVIBASE-D1EF4402,Sylvia deserticola,Curruca deserticola,Sylvia deserticola
AVIBASE-1D1BD2CA,Sylvia dohrni,Sylvia dohrni,Horizorhinus dohrni
AVIBASE-95E7E0E5,Sylvia hortensis,Curruca hortensis,Sylvia hortensis
AVIBASE-697DE8A6,Sylvia layardi,Curruca layardi,Sylvia layardi
AVIBASE-51DD2ADA,Sylvia leucomelaena,Curruca leucomelaena,Sylvia leucomelaena
AVIBASE-16FEF081,Sylvia lugens,Curruca lugens,Sylvia lugens
AVIBASE-B0D09483,Sylvia melanocephala,Curruca melanocephala,Sylvia melanocephala
AVIBASE-94E23F51,Sylvia melanothorax,Curruca melanothorax,Sylvia melanothorax
AVIBASE-AA027706,Sylvia mystacea,Curruca mystacea,Sylvia mystacea
AVIBASE-58F3D3E5,Sylvia nana,Curruca nana,Sylvia nana
AVIBASE-015542ED,Sylvia nigricapillus,Sylvia nigricapillus,Lioptilus nigricapillus
AVIBASE-1EA60B94,Sylvia nisoria,Curruca nisoria,Sylvia nisoria
AVIBASE-A1B09A86,Sylvia ruppeli,Curruca ruppeli,Sylvia rueppelli
AVIBASE-6E1206E4,Sylvia sarda,Curruca sarda,Sylvia sarda
AVIBASE-3FC15B06,Sylvia subalpina,Curruca subalpina,Sylvia cantillans
AVIBASE-C39D67AD,Sylvia subcoerulea,Curruca subcoerulea,Sylvia subcaerulea
AVIBASE-85629EF4,Sylvia undata,Curruca undata,Sylvia undata
AVIBASE-0C8B9FA4,Sylvietta brachyura,Sylvietta brachyura,Sylvietta brachyura
AVIBASE-1D1CA9F7,Sylvietta chapini,Sylvietta leucophrys,Sylvietta leucophrys
AVIBASE-AA48D853,Sylvietta denti,Sylvietta denti,Sylvietta denti
AVIBASE-6B9529AE,Sylvietta isabellina,Sylvietta isabellina,Sylvietta isabellina
AVIBASE-2F29A1B1,Sylvietta leucophrys,Sylvietta leucophrys,Sylvietta leucophrys
AVIBASE-406E1A4D,Sylvietta leucopsis,Sylvietta brachyura,Sylvietta brachyura
AVIBASE-0B44E704,Sylvietta philippae,Sylvietta philippae,Sylvietta philippae
AVIBASE-BA12CD7F,Sylvietta rufescens,Sylvietta rufescens,Sylvietta rufescens
AVIBASE-98D10978,Sylvietta ruficapilla,Sylvietta ruficapilla,Sylvietta ruficapilla
AVIBASE-83E5801B,Sylvietta virens,Sylvietta virens,Sylvietta virens
AVIBASE-A9030503,Sylvietta whytii,Sylvietta whytii,Sylvietta whytii
AVIBASE-37179E49,Sylviorthorhynchus desmurii,Sylviorthorhynchus desmursii,Sylviorthorhynchus desmursii
AVIBASE-B3FCB52F,Sylviorthorhynchus yanacensis,Sylviorthorhynchus yanacensis,Leptasthenura yanacensis
AVIBASE-02CF8BF8,Sylviparus modestus,Sylviparus modestus,Sylviparus modestus
AVIBASE-A61FDDF3,Syma megarhyncha,Syma megarhyncha,Syma megarhyncha
AVIBASE-E274D1BF,Syma torotoro,Syma torotoro,Syma torotoro
AVIBASE-A90EA4D2,Symposiachrus ateralbus,Symposiachrus verticalis,Monarcha verticalis
AVIBASE-ADD8E888,Symposiachrus axillaris,Symposiachrus axillaris,Monarcha axillaris
AVIBASE-5440FDFB,Symposiachrus barbatus,Symposiachrus barbatus,Monarcha barbatus
AVIBASE-9E53BDE4,Symposiachrus boanensis,Symposiachrus boanensis,Monarcha boanensis
AVIBASE-F3D4B19D,Symposiachrus brehmii,Symposiachrus brehmii,Monarcha brehmii
AVIBASE-DA2D8A5E,Symposiachrus browni,Symposiachrus browni,Monarcha browni
AVIBASE-0D60F7F0,Symposiachrus everetti,Symposiachrus everetti,Monarcha everetti
AVIBASE-691BA700,Symposiachrus guttula,Symposiachrus guttula,Monarcha guttula
AVIBASE-FD488DFD,Symposiachrus infelix,Symposiachrus infelix,Monarcha infelix
AVIBASE-3307E31E,Symposiachrus julianae,Symposiachrus julianae,Monarcha julianae
AVIBASE-058B4E9A,Symposiachrus leucurus,Symposiachrus leucurus,Monarcha leucurus
AVIBASE-91312BF0,Symposiachrus loricatus,Symposiachrus loricatus,Monarcha loricatus
AVIBASE-7E685EB2,Symposiachrus malaitae,Symposiachrus barbatus,Monarcha barbatus
AVIBASE-EE23F0DC,Symposiachrus manadensis,Symposiachrus manadensis,Monarcha manadensis
AVIBASE-82331F19,Symposiachrus menckei,Symposiachrus menckei,Monarcha menckei
AVIBASE-3B582AC8,Symposiachrus mundus,Symposiachrus mundus,Monarcha mundus
AVIBASE-9215DC4C,Symposiachrus rubiensis,Symposiachrus rubiensis,Monarcha rubiensis
AVIBASE-E1D6FE15,Symposiachrus sacerdotum,Symposiachrus sacerdotum,Monarcha sacerdotum
AVIBASE-B0FE07C2,Symposiachrus trivirgatus,Symposiachrus trivirgatus,Monarcha trivirgatus
AVIBASE-187C3E24,Symposiachrus verticalis,Symposiachrus verticalis,Monarcha verticalis
AVIBASE-2D2593B0,Symposiachrus vidua,Symposiachrus vidua,Monarcha viduus
AVIBASE-346286FC,Synallaxis albescens,Synallaxis albescens,Synallaxis albescens
AVIBASE-0869AB18,Synallaxis albigularis,Synallaxis albigularis,Synallaxis albigularis
AVIBASE-C9D1480B,Synallaxis albilora,Synallaxis albilora,Synallaxis albilora
AVIBASE-C4F2C3B6,Synallaxis azarae,Synallaxis azarae,Synallaxis azarae
AVIBASE-4435DE4C,Synallaxis beverlyae,Synallaxis beverlyae,NA
AVIBASE-4826C507,Synallaxis brachyura,Synallaxis brachyura,Synallaxis brachyura
AVIBASE-26536ACF,Synallaxis cabanisi,Synallaxis cabanisi,Synallaxis cabanisi
AVIBASE-CF9F617D,Synallaxis candei,Synallaxis candei,Synallaxis candei
AVIBASE-8E8B7555,Synallaxis castanea,Synallaxis castanea,Synallaxis castanea
AVIBASE-F7040F57,Synallaxis cherriei,Synallaxis cherriei,Synallaxis cherriei
AVIBASE-B846892A,Synallaxis chinchipensis,Synallaxis chinchipensis,Synallaxis stictothorax
AVIBASE-EACB5EC8,Synallaxis cinerascens,Synallaxis cinerascens,Synallaxis cinerascens
AVIBASE-19D03376,Synallaxis cinerea,Synallaxis cinerea,Synallaxis whitneyi
AVIBASE-5EA3AA05,Synallaxis cinnamomea,Synallaxis cinnamomea,Synallaxis cinnamomea
AVIBASE-9B2C56D1,Synallaxis courseni,Synallaxis courseni,Synallaxis courseni
AVIBASE-FFBBA594,Synallaxis erythrothorax,Synallaxis erythrothorax,Synallaxis erythrothorax
AVIBASE-EC44FF24,Synallaxis frontalis,Synallaxis frontalis,Synallaxis frontalis
AVIBASE-54649F25,Synallaxis fuscorufa,Synallaxis fuscorufa,Synallaxis fuscorufa
AVIBASE-CFEEAE9D,Synallaxis gujanensis,Synallaxis gujanensis,Synallaxis gujanensis
AVIBASE-B8B8C7FA,Synallaxis hellmayri,Synallaxis hellmayri,Gyalophylax hellmayri
AVIBASE-577F7CE5,Synallaxis hypochondriaca,Synallaxis hypochondriaca,Siptornopsis hypochondriaca
AVIBASE-284CBAE3,Synallaxis hypospodia,Synallaxis hypospodia,Synallaxis hypospodia
AVIBASE-896E26C8,Synallaxis infuscata,Synallaxis infuscata,Synallaxis infuscata
AVIBASE-4385B2A7,Synallaxis kollari,Synallaxis kollari,Synallaxis kollari
AVIBASE-FA19AF14,Synallaxis macconnelli,Synallaxis macconnelli,Synallaxis macconnelli
AVIBASE-3881816B,Synallaxis maranonica,Synallaxis maranonica,Synallaxis maranonica
AVIBASE-AFB20B1F,Synallaxis moesta,Synallaxis moesta,Synallaxis moesta
AVIBASE-9D69DD94,Synallaxis ruficapilla,Synallaxis ruficapilla,Synallaxis ruficapilla
AVIBASE-FF69CFDB,Synallaxis rutilans,Synallaxis rutilans,Synallaxis rutilans
AVIBASE-B4084EB9,Synallaxis scutata,Synallaxis scutata,Synallaxis scutata
AVIBASE-C264B15A,Synallaxis simoni,Synallaxis albilora,Synallaxis gujanensis
AVIBASE-BFD679A6,Synallaxis spixi,Synallaxis spixi,Synallaxis spixi
AVIBASE-76C2CF63,Synallaxis stictothorax,Synallaxis stictothorax,Synallaxis stictothorax
AVIBASE-B96EBCC1,Synallaxis subpudica,Synallaxis subpudica,Synallaxis subpudica
AVIBASE-44BB2064,Synallaxis tithys,Synallaxis tithys,Synallaxis tithys
AVIBASE-DF37E154,Synallaxis unirufa,Synallaxis unirufa,Synallaxis unirufa
AVIBASE-A26F286A,Synallaxis zimmeri,Synallaxis zimmeri,Synallaxis zimmeri
AVIBASE-B076D958,Syndactyla dimidiata,Syndactyla dimidiata,Syndactyla dimidiata
AVIBASE-612F60B6,Syndactyla guttulata,Syndactyla guttulata,Syndactyla guttulata
AVIBASE-9F0CB672,Syndactyla roraimae,Syndactyla roraimae,Syndactyla roraimae
AVIBASE-BEA49987,Syndactyla ruficollis,Syndactyla ruficollis,Syndactyla ruficollis
AVIBASE-25CD1E21,Syndactyla rufosuperciliata,Syndactyla rufosuperciliata,Syndactyla rufosuperciliata
AVIBASE-AB4BDC23,Syndactyla striata,Syndactyla striata,Simoxenops striatus
AVIBASE-93B02145,Syndactyla subalaris,Syndactyla subalaris,Syndactyla subalaris
AVIBASE-6435894B,Syndactyla ucayalae,Syndactyla ucayalae,Simoxenops ucayalae
AVIBASE-CAA45AC6,Synoicus adansonii,Synoicus adansonii,Coturnix chinensis
AVIBASE-C2579CCB,Synoicus chinensis,Synoicus chinensis,Coturnix chinensis
AVIBASE-0CB2A17A,Synoicus ypsilophorus,Synoicus ypsilophorus,Coturnix ypsilophora
AVIBASE-ACA4FEFE,Synthliboramphus antiquus,Synthliboramphus antiquus,Synthliboramphus antiquus
AVIBASE-E04DDBBB,Synthliboramphus craveri,Synthliboramphus craveri,Synthliboramphus craveri
AVIBASE-2A8D086D,Synthliboramphus hypoleucus,Synthliboramphus hypoleucus,Synthliboramphus hypoleucus
AVIBASE-85FE327B,Synthliboramphus scrippsi,Synthliboramphus scrippsi,Synthliboramphus hypoleucus
AVIBASE-A332A7CE,Synthliboramphus wumizusume,Synthliboramphus wumizusume,Synthliboramphus wumizusume
AVIBASE-FEA2C3CD,Sypheotides indicus,Sypheotides indicus,Sypheotides indicus
AVIBASE-D3CAA0B6,Syrigma sibilatrix,Syrigma sibilatrix,Syrigma sibilatrix
AVIBASE-117C0DDF,Syrmaticus ellioti,Syrmaticus ellioti,Syrmaticus ellioti
AVIBASE-FAF7DC71,Syrmaticus humiae,Syrmaticus humiae,Syrmaticus humiae
AVIBASE-8DE17149,Syrmaticus mikado,Syrmaticus mikado,Syrmaticus mikado
AVIBASE-94785AFF,Syrmaticus reevesii,Syrmaticus reevesii,Syrmaticus reevesii
AVIBASE-0C641DC5,Syrmaticus soemmerringii,Syrmaticus soemmerringii,Syrmaticus soemmerringii
AVIBASE-BDCB55F1,Syrrhaptes paradoxus,Syrrhaptes paradoxus,Syrrhaptes paradoxus
AVIBASE-06AC42C7,Syrrhaptes tibetanus,Syrrhaptes tibetanus,Syrrhaptes tibetanus
AVIBASE-C3D39BB8,Systellura decussata,Systellura decussata,Caprimulgus longirostris
AVIBASE-73356C9D,Systellura longirostris,Systellura longirostris,Caprimulgus longirostris
AVIBASE-B27D63E5,Systellura roraimae,Systellura longirostris,Caprimulgus longirostris
AVIBASE-4D3AFA75,Taccocua leschenaultii,Taccocua leschenaultii,Phaenicophaeus leschenaultii
AVIBASE-F986369F,Tachornis furcata,Tachornis furcata,Tachornis furcata
AVIBASE-C2077AD8,Tachornis phoenicobia,Tachornis phoenicobia,Tachornis phoenicobia
AVIBASE-F0D08AFF,Tachornis squamata,Tachornis squamata,Tachornis squamata
AVIBASE-4527A1E7,Tachuris rubrigastra,Tachuris rubrigastra,Tachuris rubrigastra
AVIBASE-267BDB86,Tachybaptus dominicus,Tachybaptus dominicus,Tachybaptus dominicus
AVIBASE-1ABF840F,Tachybaptus novaehollandiae,Tachybaptus novaehollandiae,Tachybaptus novaehollandiae
AVIBASE-092C1484,Tachybaptus pelzelnii,Tachybaptus pelzelnii,Tachybaptus pelzelnii
AVIBASE-215FEA89,Tachybaptus ruficollis,Tachybaptus ruficollis,Tachybaptus ruficollis
AVIBASE-DBF8F78C,Tachycineta albilinea,Tachycineta albilinea,Tachycineta albilinea
AVIBASE-9FC801AF,Tachycineta albiventer,Tachycineta albiventer,Tachycineta albiventer
AVIBASE-BBA2F9DF,Tachycineta bicolor,Tachycineta bicolor,Tachycineta bicolor
AVIBASE-EB65944A,Tachycineta cyaneoviridis,Tachycineta cyaneoviridis,Tachycineta cyaneoviridis
AVIBASE-21BA7041,Tachycineta euchrysea,Tachycineta euchrysea,Tachycineta euchrysea
AVIBASE-B9861E4A,Tachycineta leucorrhoa,Tachycineta leucorrhoa,Tachycineta leucorrhoa
AVIBASE-BCDA59AF,Tachycineta meyeni,Tachycineta leucopyga,Tachycineta meyeni
AVIBASE-3ADA18E5,Tachycineta stolzmanni,Tachycineta stolzmanni,Tachycineta stolzmanni
AVIBASE-75DC49AD,Tachycineta thalassina,Tachycineta thalassina,Tachycineta thalassina
AVIBASE-13CF7E44,Tachyeres brachypterus,Tachyeres brachypterus,Tachyeres brachypterus
AVIBASE-63180090,Tachyeres leucocephalus,Tachyeres leucocephalus,Tachyeres leucocephalus
AVIBASE-B3F9BB06,Tachyeres patachonicus,Tachyeres patachonicus,Tachyeres patachonicus
AVIBASE-1891E2C4,Tachyeres pteneres,Tachyeres pteneres,Tachyeres pteneres
AVIBASE-91429F78,Tachymarptis aequatorialis,Apus aequatorialis,Tachymarptis aequatorialis
AVIBASE-FA1CAD29,Tachymarptis melba,Apus melba,Tachymarptis melba
AVIBASE-68825475,Tachyphonus coronatus,Tachyphonus coronatus,Tachyphonus coronatus
AVIBASE-20F07F6E,Tachyphonus phoenicius,Tachyphonus phoenicius,Tachyphonus phoenicius
AVIBASE-ED7DE021,Tachyphonus rufus,Tachyphonus rufus,Tachyphonus rufus
AVIBASE-D9DEA77E,Tadorna cana,Tadorna cana,Tadorna cana
AVIBASE-B2EEE0EA,Tadorna cristata,Tadorna cristata,NA
AVIBASE-1F9D883E,Tadorna ferruginea,Tadorna ferruginea,Tadorna ferruginea
AVIBASE-5EAB32D3,Tadorna tadorna,Tadorna tadorna,Tadorna tadorna
AVIBASE-FF1439E4,Tadorna tadornoides,Tadorna tadornoides,Tadorna tadornoides
AVIBASE-AB08E5C4,Tadorna variegata,Tadorna variegata,Tadorna variegata
AVIBASE-4DF9C4F6,Taeniopygia bichenovii,Stizoptera bichenovii,Taeniopygia bichenovii
AVIBASE-CAEA2737,Taeniopygia castanotis,Taeniopygia guttata,Taeniopygia guttata
AVIBASE-CF7D71B0,Taeniopygia guttata,Taeniopygia guttata,Taeniopygia guttata
AVIBASE-7A5B9AF3,Taeniotriccus andrei,Taeniotriccus andrei,Taeniotriccus andrei
AVIBASE-9F3603B0,Talegalla cuvieri,Talegalla cuvieri,Talegalla cuvieri
AVIBASE-49888E04,Talegalla fuscirostris,Talegalla fuscirostris,Talegalla fuscirostris
AVIBASE-DF603601,Talegalla jobiensis,Talegalla jobiensis,Talegalla jobiensis
AVIBASE-26A61AA4,Tangara abbas,Thraupis abbas,Thraupis abbas
AVIBASE-F9C4B045,Tangara argentea,Stilpnia cyanoptera,Tangara cyanoptera
AVIBASE-FF570133,Tangara argyrofenges,Stilpnia argyrofenges,Tangara argyrofenges
AVIBASE-5A2DE569,Tangara arthus,Tangara arthus,Tangara arthus
AVIBASE-52480FB6,Tangara atrocoerulea,Tangara vassorii,Tangara vassorii
AVIBASE-0D05B12A,Tangara aurulenta,Tangara arthus,Tangara arthus
AVIBASE-513E1AA9,Tangara brasiliensis,Tangara mexicana,Tangara mexicana
AVIBASE-62E26A11,Tangara cabanisi,Poecilostreptus cabanisi,Tangara cabanisi
AVIBASE-3B1E365F,Tangara callophrys,Tangara callophrys,Tangara callophrys
AVIBASE-3BBF2C79,Tangara cayana,Stilpnia cayana,Tangara cayana
AVIBASE-9655118F,Tangara chilensis,Tangara chilensis,Tangara chilensis
AVIBASE-B67CF692,Tangara chrysotis,Tangara chrysotis,Tangara chrysotis
AVIBASE-A0E12761,Tangara cucullata,Stilpnia cucullata,Tangara cucullata
AVIBASE-98A16735,Tangara cyanicollis,Stilpnia cyanicollis,Tangara cyanicollis
AVIBASE-3288B74B,Tangara cyanocephala,Tangara cyanocephala,Tangara cyanocephala
AVIBASE-4DCD0014,Tangara cyanomelas,Tangara velia,Tangara velia
AVIBASE-AF14F9B4,Tangara cyanoptera,Thraupis cyanoptera,Thraupis cyanoptera
AVIBASE-45F0E18E,Tangara cyanotis,Tangara cyanotis,Tangara cyanotis
AVIBASE-A3CC5604,Tangara cyanoventris,Tangara cyanoventris,Tangara cyanoventris
AVIBASE-EFDFD9F5,Tangara desmaresti,Tangara desmaresti,Tangara desmaresti
AVIBASE-62437D68,Tangara dowii,Tangara dowii,Tangara dowii
AVIBASE-EFCDB0EC,Tangara episcopus,Thraupis episcopus,Thraupis episcopus
AVIBASE-D808B430,Tangara fastuosa,Tangara fastuosa,Tangara fastuosa
AVIBASE-6CDEF44D,Tangara flava,Stilpnia cayana,Tangara cayana
AVIBASE-C8B9D4AE,Tangara florida,Tangara florida,Tangara florida
AVIBASE-7F583873,Tangara fucosa,Tangara fucosa,Tangara fucosa
AVIBASE-B7E27D94,Tangara fulvicervix,Chalcothraupis ruficervix,Tangara ruficervix
AVIBASE-9BB9F4C2,Tangara glaucocolpa,Thraupis glaucocolpa,Thraupis glaucocolpa
AVIBASE-14DFDF9F,Tangara guttata,Ixothraupis guttata,Tangara guttata
AVIBASE-AB916568,Tangara gyrola,Tangara gyrola,Tangara gyrola
AVIBASE-41A0DB76,Tangara heinei,Stilpnia heinei,Tangara heinei
AVIBASE-E3DA11F1,Tangara icterocephala,Tangara icterocephala,Tangara icterocephala
AVIBASE-6E314A86,Tangara inornata,Tangara inornata,Tangara inornata
AVIBASE-FB061C9B,Tangara johannae,Tangara johannae,Tangara johannae
AVIBASE-19CC72C9,Tangara labradorides,Tangara labradorides,Tangara labradorides
AVIBASE-C8C30E94,Tangara larvata,Stilpnia larvata,Tangara larvata
AVIBASE-7C975BC2,Tangara lavinia,Tangara lavinia,Tangara lavinia
AVIBASE-A2911D32,Tangara lunigera,Tangara parzudakii,Tangara parzudakii
AVIBASE-186AE936,Tangara mexicana,Tangara mexicana,Tangara mexicana
AVIBASE-7E3ACF0B,Tangara meyerdeschauenseei,Stilpnia meyerdeschauenseei,Tangara meyerdeschauenseei
AVIBASE-76F91EB1,Tangara nigrocincta,Stilpnia nigrocincta,Tangara nigrocincta
AVIBASE-D311DF97,Tangara nigroviridis,Tangara nigroviridis,Tangara nigroviridis
AVIBASE-85DBD8A8,Tangara ornata,Thraupis ornata,Thraupis ornata
AVIBASE-5EADEFF0,Tangara palmarum,Thraupis palmarum,Thraupis palmarum
AVIBASE-8298ABC5,Tangara palmeri,Poecilostreptus palmeri,Tangara palmeri
AVIBASE-97BC458C,Tangara parzudakii,Tangara parzudakii,Tangara parzudakii
AVIBASE-806ABB29,Tangara peruviana,Stilpnia peruviana,Tangara peruviana
AVIBASE-95C30DA2,Tangara phillipsi,Stilpnia phillipsi,Tangara phillipsi
AVIBASE-4DD0A2FD,Tangara preciosa,Stilpnia preciosa,Tangara preciosa
AVIBASE-453B7DCF,Tangara punctata,Ixothraupis punctata,Tangara punctata
AVIBASE-C3EAE60A,Tangara ruficervix,Chalcothraupis ruficervix,Tangara ruficervix
AVIBASE-64E9CBDB,Tangara rufigenis,Tangara rufigenis,Tangara rufigenis
AVIBASE-454C067F,Tangara rufigula,Ixothraupis rufigula,Tangara rufigula
AVIBASE-67E55116,Tangara sayaca,Thraupis sayaca,Thraupis sayaca
AVIBASE-1A222683,Tangara schrankii,Tangara schrankii,Tangara schrankii
AVIBASE-19829A58,Tangara seledon,Tangara seledon,Tangara seledon
AVIBASE-3C6B2240,Tangara varia,Ixothraupis varia,Tangara varia
AVIBASE-21DB9C26,Tangara vassorii,Tangara vassorii,Tangara vassorii
AVIBASE-81144BF7,Tangara velia,Tangara velia,Tangara velia
AVIBASE-F04108FE,Tangara versicolor,Stilpnia cucullata,Tangara cucullata
AVIBASE-4DFD75ED,Tangara viridicollis,Stilpnia viridicollis,Tangara viridicollis
AVIBASE-A7B6279C,Tangara vitriolina,Stilpnia vitriolina,Tangara vitriolina
AVIBASE-13B672C6,Tangara whitelyi,Stilpnia cyanoptera,Tangara cyanoptera
AVIBASE-4929583B,Tangara xanthocephala,Tangara xanthocephala,Tangara xanthocephala
AVIBASE-F65C0B02,Tangara xanthogastra,Ixothraupis xanthogastra,Tangara xanthogastra
AVIBASE-6518D6CD,Tanygnathus everetti,Tanygnathus sumatranus,Tanygnathus sumatranus
AVIBASE-40C84A05,Tanygnathus gramineus,Tanygnathus gramineus,Tanygnathus gramineus
AVIBASE-9A1856F5,Tanygnathus lucionensis,Tanygnathus lucionensis,Tanygnathus lucionensis
AVIBASE-9792A7D0,Tanygnathus megalorynchos,Tanygnathus megalorynchos,Tanygnathus megalorynchos
AVIBASE-6518D6CD,Tanygnathus sumatranus,Tanygnathus sumatranus,Tanygnathus sumatranus
AVIBASE-88BC28F6,Tanysiptera carolinae,Tanysiptera carolinae,Tanysiptera carolinae
AVIBASE-1FA5EA12,Tanysiptera danae,Tanysiptera danae,Tanysiptera danae
AVIBASE-4D4F15A4,Tanysiptera ellioti,Tanysiptera ellioti,Tanysiptera ellioti
AVIBASE-76D3DC48,Tanysiptera galatea,Tanysiptera galatea,Tanysiptera galatea
AVIBASE-A82E59C9,Tanysiptera hydrocharis,Tanysiptera hydrocharis,Tanysiptera hydrocharis
AVIBASE-72AD1390,Tanysiptera nigriceps,Tanysiptera nigriceps,Tanysiptera sylvia
AVIBASE-9EC3410C,Tanysiptera nympha,Tanysiptera nympha,Tanysiptera nympha
AVIBASE-90BFFCDA,Tanysiptera riedelii,Tanysiptera riedelii,Tanysiptera riedelii
AVIBASE-44A15B3E,Tanysiptera sylvia,Tanysiptera sylvia,Tanysiptera sylvia
AVIBASE-B62C4561,Taoniscus nanus,Taoniscus nanus,Taoniscus nanus
AVIBASE-505739E9,Tapera naevia,Tapera naevia,Tapera naevia
AVIBASE-D055D315,Taphrolesbia griseiventris,Taphrolesbia griseiventris,Taphrolesbia griseiventris
AVIBASE-FBF86EEA,Taphrospilus hypostictus,Taphrospilus hypostictus,Taphrospilus hypostictus
AVIBASE-0776F498,Taraba major,Taraba major,Taraba major
AVIBASE-03C1B264,Tarphonomus certhioides,Tarphonomus certhioides,Tarphonomus certhioides
AVIBASE-10406C28,Tarphonomus harterti,Tarphonomus harterti,Tarphonomus harterti
AVIBASE-CF1D988A,Tarsiger chrysaeus,Tarsiger chrysaeus,Tarsiger chrysaeus
AVIBASE-9F2611E8,Tarsiger cyanurus,Tarsiger cyanurus,Tarsiger cyanurus
AVIBASE-40EF82DE,Tarsiger hyperythrus,Tarsiger hyperythrus,Tarsiger hyperythrus
AVIBASE-74313060,Tarsiger indicus,Tarsiger indicus,Tarsiger indicus
AVIBASE-55B75532,Tarsiger johnstoniae,Tarsiger johnstoniae,Tarsiger johnstoniae
AVIBASE-EBC83ABE,Tarsiger rufilatus,Tarsiger rufilatus,Tarsiger cyanurus
AVIBASE-2226EEC4,Tauraco bannermani,Tauraco bannermani,Tauraco bannermani
AVIBASE-45CE1202,Tauraco corythaix,Tauraco corythaix,Tauraco corythaix
AVIBASE-91187A52,Tauraco erythrolophus,Tauraco erythrolophus,Tauraco erythrolophus
AVIBASE-D5846D2A,Tauraco fischeri,Tauraco fischeri,Tauraco fischeri
AVIBASE-94214F1C,Tauraco hartlaubi,Tauraco hartlaubi,Tauraco hartlaubi
AVIBASE-FF2AF138,Tauraco leucolophus,Tauraco leucolophus,Tauraco leucolophus
AVIBASE-E1F0E4B5,Tauraco leucotis,Tauraco leucotis,Tauraco leucotis
AVIBASE-12FE1ED5,Tauraco livingstonii,Tauraco livingstonii,Tauraco livingstonii
AVIBASE-EEC520B0,Tauraco macrorhynchus,Tauraco macrorhynchus,Tauraco macrorhynchus
AVIBASE-0B36500B,Tauraco persa,Tauraco persa,Tauraco persa
AVIBASE-F9A59545,Tauraco ruspolii,Tauraco ruspolii,Tauraco ruspolii
AVIBASE-22952180,Tauraco schalowi,Tauraco schalowi,Tauraco schalowi
AVIBASE-C9A1C773,Tauraco schuettii,Tauraco schuettii,Tauraco schuetti
AVIBASE-4F9D43DE,Tchagra australis,Tchagra australis,Tchagra australis
AVIBASE-FA7A6D02,Tchagra jamesi,Tchagra jamesi,Tchagra jamesi
AVIBASE-022798AB,Tchagra senegalus,Tchagra senegalus,Tchagra senegalus
AVIBASE-2507F6F4,Tchagra tchagra,Tchagra tchagra,Tchagra tchagra
AVIBASE-4B79BD9A,Telacanthura melanopygia,Telacanthura melanopygia,Telacanthura melanopygia
AVIBASE-8ACC245F,Telacanthura ussheri,Telacanthura ussheri,Telacanthura ussheri
AVIBASE-E9FF299F,Teledromas fuscus,Teledromas fuscus,Teledromas fuscus
AVIBASE-AFEB17B8,Telespiza cantans,Telespiza cantans,Telespiza cantans
AVIBASE-DB422AD0,Telespiza ultima,Telespiza ultima,Telespiza ultima
AVIBASE-0BC36521,Telophorus dohertyi,Telophorus dohertyi,Telophorus dohertyi
AVIBASE-ACDC8DEE,Telophorus viridis,Telophorus viridis,Telophorus quadricolor
AVIBASE-ACDC8DEE,Telophorus viridis,Telophorus viridis,Telophorus viridis
AVIBASE-D194C523,Telophorus zeylonus,Telophorus zeylonus,Telophorus zeylonus
AVIBASE-D0BAA2BA,Temnotrogon roseigaster,Priotelus roseigaster,Priotelus roseigaster
AVIBASE-8D4720DA,Temnurus temnurus,Temnurus temnurus,Temnurus temnurus
AVIBASE-77F025E0,Tephrodornis affinis,Tephrodornis affinis,Tephrodornis pondicerianus
AVIBASE-E410E9A6,Tephrodornis pondicerianus,Tephrodornis pondicerianus,Tephrodornis pondicerianus
AVIBASE-AC47E292,Tephrodornis sylvicola,Tephrodornis sylvicola,Tephrodornis gularis
AVIBASE-DA88E410,Tephrodornis virgatus,Tephrodornis virgatus,Tephrodornis gularis
AVIBASE-8A8F0607,Tephrophilus wetmorei,Tephrophilus wetmorei,Buthraupis wetmorei
AVIBASE-44F9A3C9,Tephrozosterops stalkeri,Tephrozosterops stalkeri,Tephrozosterops stalkeri
AVIBASE-6CBD8724,Terathopius ecaudatus,Terathopius ecaudatus,Terathopius ecaudatus
AVIBASE-B226B93B,Terenotriccus erythrurus,Terenotriccus erythrurus,Terenotriccus erythrurus
AVIBASE-0EA5831A,Terenura maculata,Terenura maculata,Terenura maculata
AVIBASE-DC0B8364,Terenura sicki,Terenura sicki,Terenura sicki
AVIBASE-C235BE95,Teretistris fernandinae,Teretistris fernandinae,Teretistris fernandinae
AVIBASE-F40FB0E8,Teretistris fornsi,Teretistris fornsi,Teretistris fornsi
AVIBASE-763511B2,Terpsiphone affinis,Terpsiphone affinis,Terpsiphone paradisi
AVIBASE-11453A98,Terpsiphone atrocaudata,Terpsiphone atrocaudata,Terpsiphone atrocaudata
AVIBASE-5E520F9D,Terpsiphone atrochalybeia,Terpsiphone atrochalybeia,Terpsiphone atrochalybeia
AVIBASE-67C09E17,Terpsiphone batesi,Terpsiphone batesi,Terpsiphone rufocinerea
AVIBASE-6E2957C6,Terpsiphone bedfordi,Terpsiphone bedfordi,Terpsiphone bedfordi
AVIBASE-3E4F1ABF,Terpsiphone bourbonnensis,Terpsiphone bourbonnensis,Terpsiphone bourbonnensis
AVIBASE-4448F204,Terpsiphone cinnamomea,Terpsiphone cinnamomea,Terpsiphone cinnamomea
AVIBASE-0CD6A922,Terpsiphone corvina,Terpsiphone corvina,Terpsiphone corvina
AVIBASE-8BEC2BCA,Terpsiphone cyanescens,Terpsiphone cyanescens,Terpsiphone cyanescens
AVIBASE-18D4C1C6,Terpsiphone floris,Terpsiphone affinis,Terpsiphone paradisi
AVIBASE-D293082B,Terpsiphone incei,Terpsiphone incei,Terpsiphone paradisi
AVIBASE-A3A90C35,Terpsiphone mutata,Terpsiphone mutata,Terpsiphone mutata
AVIBASE-71AE2656,Terpsiphone paradisi,Terpsiphone paradisi,Terpsiphone paradisi
AVIBASE-0EDEEB49,Terpsiphone rufiventer,Terpsiphone rufiventer,Terpsiphone rufiventer
AVIBASE-0EDEEB49,Terpsiphone rufiventer,Terpsiphone rufiventer,Terpsiphone smithii
AVIBASE-B05E0721,Terpsiphone rufocinerea,Terpsiphone rufocinerea,Terpsiphone rufocinerea
AVIBASE-3B5524EA,Terpsiphone unirufa,Terpsiphone cinnamomea,Terpsiphone cinnamomea
AVIBASE-75AAC17B,Terpsiphone viridis,Terpsiphone viridis,Terpsiphone viridis
AVIBASE-EB9B653A,Tersina viridis,Tersina viridis,Tersina viridis
AVIBASE-FD0F40FE,Tesia cyaniventer,Tesia cyaniventer,Tesia cyaniventer
AVIBASE-39EECA04,Tesia everetti,Tesia everetti,Tesia everetti
AVIBASE-CD13049C,Tesia olivea,Tesia olivea,Tesia olivea
AVIBASE-0195424E,Tesia superciliaris,Tesia superciliaris,Tesia superciliaris
AVIBASE-117B6909,Tetrao urogalloides,Tetrao urogalloides,Tetrao parvirostris
AVIBASE-C3221EE2,Tetrao urogallus,Tetrao urogallus,Tetrao urogallus
AVIBASE-D9A6E25C,Tetraogallus altaicus,Tetraogallus altaicus,Tetraogallus altaicus
AVIBASE-039BF484,Tetraogallus caspius,Tetraogallus caspius,Tetraogallus caspius
AVIBASE-1596C37C,Tetraogallus caucasicus,Tetraogallus caucasicus,Tetraogallus caucasicus
AVIBASE-AC2DD69D,Tetraogallus himalayensis,Tetraogallus himalayensis,Tetraogallus himalayensis
AVIBASE-509A30B1,Tetraogallus tibetanus,Tetraogallus tibetanus,Tetraogallus tibetanus
AVIBASE-B04F04D6,Tetraophasis obscurus,Tetraophasis obscurus,Tetraophasis obscurus
AVIBASE-D839DB1A,Tetraophasis szechenyii,Tetraophasis szechenyii,Tetraophasis szechenyii
AVIBASE-56E3016D,Tetrax tetrax,Tetrax tetrax,Tetrax tetrax
AVIBASE-F79F09E1,Thalassarche bulleri,Thalassarche bulleri,Thalassarche bulleri
AVIBASE-65882F71,Thalassarche carteri,Thalassarche chlororhynchos,Thalassarche carteri
AVIBASE-3B6E922E,Thalassarche cauta,Thalassarche cauta,Thalassarche cauta
AVIBASE-EA2FA918,Thalassarche chlororhynchos,Thalassarche chlororhynchos,Thalassarche chlororhynchos
AVIBASE-0E4475F6,Thalassarche chrysostoma,Thalassarche chrysostoma,Thalassarche chrysostoma
AVIBASE-253271CB,Thalassarche eremita,Thalassarche eremita,Thalassarche eremita
AVIBASE-4CDB783A,Thalassarche impavida,Thalassarche melanophris,Thalassarche impavida
AVIBASE-F9CBC9EB,Thalassarche melanophris,Thalassarche melanophris,Thalassarche melanophrys
AVIBASE-25428EB1,Thalassarche salvini,Thalassarche salvini,Thalassarche salvini
AVIBASE-8E41D91E,Thalassarche steadi,Thalassarche cauta,Thalassarche steadi
AVIBASE-D01CDECD,Thalasseus bengalensis,Thalasseus bengalensis,Sterna bengalensis
AVIBASE-526978C4,Thalasseus bergii,Thalasseus bergii,Sterna bergii
AVIBASE-FCEF84DC,Thalasseus bernsteini,Thalasseus bernsteini,Sterna bernsteini
AVIBASE-3F9E1C51,Thalasseus elegans,Thalasseus elegans,Sterna elegans
AVIBASE-9CE701D4,Thalasseus maximus,NA,Sterna maxima
AVIBASE-719935EF,Thalasseus maximus,Thalasseus maximus,Sterna maxima
AVIBASE-F7504353,Thalasseus sandvicensis,Thalasseus sandvicensis,Sterna sandvicensis
AVIBASE-53518617,Thalassoica antarctica,Thalassoica antarctica,Thalassoica antarctica
AVIBASE-2EEDACD5,Thalassornis leuconotus,Thalassornis leuconotus,Thalassornis leuconotus
AVIBASE-EE7180C8,Thalurania colombica,Thalurania colombica,Thalurania colombica
AVIBASE-EE7180C8,Thalurania colombica,Thalurania colombica,Thalurania fannyi
AVIBASE-EB8F11B5,Thalurania furcata,Thalurania furcata,Thalurania furcata
AVIBASE-F83FDFF6,Thalurania glaucopis,Thalurania glaucopis,Thalurania glaucopis
AVIBASE-E5800BE4,Thalurania ridgwayi,Eupherusa ridgwayi,Thalurania ridgwayi
AVIBASE-56FF9424,Thalurania watertonii,Thalurania watertonii,Thalurania watertonii
AVIBASE-7882DDB3,Thamnistes aequatorialis,Thamnistes rufescens,Thamnistes anabatinus
AVIBASE-EE472B65,Thamnistes aequatorialis,Thamnistes anabatinus,Thamnistes anabatinus
AVIBASE-A56F4E94,Thamnistes anabatinus,Thamnistes anabatinus,Thamnistes anabatinus
AVIBASE-F8B6EC31,Thamnolaea cinnamomeiventris,Thamnolaea cinnamomeiventris,Myrmecocichla cinnamomeiventris
AVIBASE-32180749,Thamnomanes ardesiacus,Thamnomanes ardesiacus,Thamnomanes ardesiacus
AVIBASE-E717D293,Thamnomanes caesius,Thamnomanes caesius,Thamnomanes caesius
AVIBASE-161229C0,Thamnomanes saturninus,Thamnomanes saturninus,Thamnomanes saturninus
AVIBASE-CB05DF07,Thamnomanes schistogynus,Thamnomanes schistogynus,Thamnomanes schistogynus
AVIBASE-2ABCDA03,Thamnophilus aethiops,Thamnophilus aethiops,Thamnophilus aethiops
AVIBASE-80DBA1ED,Thamnophilus amazonicus,Thamnophilus amazonicus,Thamnophilus amazonicus
AVIBASE-69CB03CA,Thamnophilus ambiguus,Thamnophilus ambiguus,Thamnophilus ambiguus
AVIBASE-360A0ADB,Thamnophilus aroyae,Thamnophilus aroyae,Thamnophilus aroyae
AVIBASE-E61CE100,Thamnophilus atrinucha,Thamnophilus atrinucha,Thamnophilus atrinucha
AVIBASE-1E1D9DB7,Thamnophilus bernardi,Thamnophilus bernardi,Sakesphorus bernardi
AVIBASE-09D24802,Thamnophilus bridgesi,Thamnophilus bridgesi,Thamnophilus bridgesi
AVIBASE-6153F5B7,Thamnophilus caerulescens,Thamnophilus caerulescens,Thamnophilus caerulescens
AVIBASE-E211C587,Thamnophilus cryptoleucus,Thamnophilus cryptoleucus,Thamnophilus cryptoleucus
AVIBASE-CB889A42,Thamnophilus divisorius,Thamnophilus divisorius,Thamnophilus divisorius
AVIBASE-484E85E3,Thamnophilus doliatus,Thamnophilus doliatus,Thamnophilus doliatus
AVIBASE-FC2ABAE9,Thamnophilus insignis,Thamnophilus insignis,Thamnophilus insignis
AVIBASE-B72A9344,Thamnophilus melanonotus,Thamnophilus melanonotus,Sakesphorus melanonotus
AVIBASE-4AEAE517,Thamnophilus melanothorax,Thamnophilus melanothorax,Sakesphorus melanothorax
AVIBASE-33EA04F1,Thamnophilus multistriatus,Thamnophilus multistriatus,Thamnophilus multistriatus
AVIBASE-AE3CEAED,Thamnophilus murinus,Thamnophilus murinus,Thamnophilus murinus
AVIBASE-38B3D501,Thamnophilus nigriceps,Thamnophilus nigriceps,Thamnophilus nigriceps
AVIBASE-41100533,Thamnophilus nigrocinereus,Thamnophilus nigrocinereus,Thamnophilus nigrocinereus
AVIBASE-66CBE0A3,Thamnophilus palliatus,Thamnophilus palliatus,Thamnophilus palliatus
AVIBASE-220DDF4B,Thamnophilus pelzelni,Thamnophilus pelzelni,Thamnophilus pelzelni
AVIBASE-21C497F4,Thamnophilus praecox,Thamnophilus praecox,Thamnophilus praecox
AVIBASE-3B9B9B3E,Thamnophilus punctatus,Thamnophilus punctatus,Thamnophilus punctatus
AVIBASE-B27EB04B,Thamnophilus ruficapillus,Thamnophilus ruficapillus,Thamnophilus ruficapillus
AVIBASE-1464C2B0,Thamnophilus schistaceus,Thamnophilus schistaceus,Thamnophilus schistaceus
AVIBASE-ACBE5FB2,Thamnophilus shumbae,Thamnophilus bernardi,Sakesphorus bernardi
AVIBASE-1DE98ED1,Thamnophilus stictocephalus,Thamnophilus stictocephalus,Thamnophilus stictocephalus
AVIBASE-08F34A09,Thamnophilus sticturus,Thamnophilus sticturus,Thamnophilus sticturus
AVIBASE-33DB1DEA,Thamnophilus subfasciatus,Thamnophilus ruficapillus,Thamnophilus ruficapillus
AVIBASE-682A5E90,Thamnophilus tenuepunctatus,Thamnophilus tenuepunctatus,Thamnophilus tenuepunctatus
AVIBASE-D1798A01,Thamnophilus torquatus,Thamnophilus torquatus,Thamnophilus torquatus
AVIBASE-77152019,Thamnophilus unicolor,Thamnophilus unicolor,Thamnophilus unicolor
AVIBASE-08E23D8A,Thamnophilus zarumae,Thamnophilus zarumae,Thamnophilus zarumae
AVIBASE-FEC92F47,Thamnornis chloropetoides,Thamnornis chloropetoides,Thamnornis chloropetoides
AVIBASE-5382241A,Thaumastura cora,Thaumastura cora,Thaumastura cora
AVIBASE-F12CC061,Thaumatibis gigantea,Pseudibis gigantea,Thaumatibis gigantea
AVIBASE-B7BFD1E9,Theristicus branickii,Theristicus branickii,Theristicus melanopis
AVIBASE-4FCC3FE0,Theristicus caerulescens,Theristicus caerulescens,Theristicus caerulescens
AVIBASE-5E393799,Theristicus caudatus,Theristicus caudatus,Theristicus caudatus
AVIBASE-7DE15211,Theristicus melanopis,Theristicus melanopis,Theristicus melanopis
AVIBASE-EBE56736,Thescelocichla leucopleura,Thescelocichla leucopleura,Thescelocichla leucopleura
AVIBASE-2A1A2F3A,Thinocorus orbignyianus,Thinocorus orbignyianus,Thinocorus orbignyianus
AVIBASE-4262DA5A,Thinocorus rumicivorus,Thinocorus rumicivorus,Thinocorus rumicivorus
AVIBASE-37C6EE35,Thinornis cucullatus,Thinornis cucullatus,Thinornis rubricollis
AVIBASE-2F5B5D5B,Thinornis novaeseelandiae,Thinornis novaeseelandiae,Thinornis novaeseelandiae
AVIBASE-9EDD2366,Thlypopsis fulviceps,Thlypopsis fulviceps,Thlypopsis fulviceps
AVIBASE-CC33C7BB,Thlypopsis inornata,Thlypopsis inornata,Thlypopsis inornata
AVIBASE-0F68CD7D,Thlypopsis ornata,Thlypopsis ornata,Thlypopsis ornata
AVIBASE-8F016827,Thlypopsis pectoralis,Thlypopsis pectoralis,Thlypopsis pectoralis
AVIBASE-2D483804,Thlypopsis pyrrhocoma,Thlypopsis pyrrhocoma,Pyrrhocoma ruficeps
AVIBASE-B33A1372,Thlypopsis ruficeps,Thlypopsis ruficeps,Thlypopsis ruficeps
AVIBASE-B185095D,Thlypopsis sordida,Thlypopsis sordida,Thlypopsis sordida
AVIBASE-7DC2B3F6,Thlypopsis superciliaris,Thlypopsis superciliaris,Hemispingus superciliaris
AVIBASE-488FDA28,Threnetes leucurus,Threnetes leucurus,Threnetes leucurus
AVIBASE-2CF064E4,Threnetes niger,Threnetes niger,Threnetes niger
AVIBASE-DDCF894E,Threnetes ruckeri,Threnetes ruckeri,Threnetes ruckeri
AVIBASE-550DE745,Threskiornis aethiopicus,Threskiornis aethiopicus,Threskiornis aethiopicus
AVIBASE-EE3DD029,Threskiornis bernieri,Threskiornis bernieri,Threskiornis bernieri
AVIBASE-423DDA5A,Threskiornis melanocephalus,Threskiornis melanocephalus,Threskiornis melanocephalus
AVIBASE-8C461E3F,Threskiornis moluccus,Threskiornis molucca,Threskiornis molucca
AVIBASE-073C56D1,Threskiornis spinicollis,Threskiornis spinicollis,Threskiornis spinicollis
AVIBASE-8550D28A,Thripadectes flammulatus,Thripadectes flammulatus,Thripadectes flammulatus
AVIBASE-719F19A5,Thripadectes holostictus,Thripadectes holostictus,Thripadectes holostictus
AVIBASE-EDAF5273,Thripadectes ignobilis,Thripadectes ignobilis,Thripadectes ignobilis
AVIBASE-2BB5C0FD,Thripadectes melanorhynchus,Thripadectes melanorhynchus,Thripadectes melanorhynchus
AVIBASE-127A8868,Thripadectes rufobrunneus,Thripadectes rufobrunneus,Thripadectes rufobrunneus
AVIBASE-290D1818,Thripadectes scrutator,Thripadectes scrutator,Thripadectes scrutator
AVIBASE-20B65054,Thripadectes virgaticeps,Thripadectes virgaticeps,Thripadectes virgaticeps
AVIBASE-76537A2A,Thripophaga amacurensis,Thripophaga amacurensis,NA
AVIBASE-22823A64,Thripophaga cherriei,Thripophaga cherriei,Thripophaga cherriei
AVIBASE-34D1AE11,Thripophaga fusciceps,Thripophaga fusciceps,Thripophaga fusciceps
AVIBASE-E3BD36CF,Thripophaga gutturata,Cranioleuca gutturata,Cranioleuca gutturata
AVIBASE-CE15EC63,Thripophaga macroura,Thripophaga macroura,Thripophaga macroura
AVIBASE-603194D3,Thryomanes bewickii,Thryomanes bewickii,Thryomanes bewickii
AVIBASE-CDEAC371,Thryophilus nicefori,Thryophilus nicefori,Thryothorus nicefori
AVIBASE-6BBBDB1A,Thryophilus pleurostictus,Thryophilus pleurostictus,Thryothorus pleurostictus
AVIBASE-0A9020EB,Thryophilus rufalbus,Thryophilus rufalbus,Thryothorus rufalbus
AVIBASE-B0D4848C,Thryophilus sernai,Thryophilus sernai,Thryothorus rufalbus
AVIBASE-7F9FC6F3,Thryophilus sinaloa,Thryophilus sinaloa,Thryothorus sinaloa
AVIBASE-A3B57560,Thryorchilus browni,Thryorchilus browni,Thryorchilus browni
AVIBASE-0B70AD86,Thryothorus albinucha,Thryothorus ludovicianus,Thryothorus ludovicianus
AVIBASE-CB5469E1,Thryothorus ludovicianus,Thryothorus ludovicianus,Thryothorus ludovicianus
AVIBASE-A8E1B59A,Tiaris olivaceus,Tiaris olivaceus,Tiaris olivaceus
AVIBASE-89C42590,Tichodroma muraria,Tichodroma muraria,Tichodroma muraria
AVIBASE-681B5F66,Tickellia hodgsoni,Tickellia hodgsoni,Tickellia hodgsoni
AVIBASE-F3DE951B,Tigriornis leucolopha,Tigriornis leucolopha,Tigriornis leucolopha
AVIBASE-4F6C5988,Tigrisoma fasciatum,Tigrisoma fasciatum,Tigrisoma fasciatum
AVIBASE-435D9988,Tigrisoma lineatum,Tigrisoma lineatum,Tigrisoma lineatum
AVIBASE-9DB9D675,Tigrisoma mexicanum,Tigrisoma mexicanum,Tigrisoma mexicanum
AVIBASE-8BDFE96C,Tilmatura dupontii,Tilmatura dupontii,Tilmatura dupontii
AVIBASE-CF7A9E5B,Timalia pileata,Timalia pileata,Timalia pileata
AVIBASE-4BAD0A39,Timeliopsis fulvigula,Timeliopsis fulvigula,Timeliopsis fulvigula
AVIBASE-4A044286,Timeliopsis griseigula,Timeliopsis griseigula,Timeliopsis griseigula
AVIBASE-EC451D91,Tinamotis ingoufi,Tinamotis ingoufi,Tinamotis ingoufi
AVIBASE-0A51B426,Tinamotis pentlandii,Tinamotis pentlandii,Tinamotis pentlandii
AVIBASE-0480B7C9,Tinamus guttatus,Tinamus guttatus,Tinamus guttatus
AVIBASE-42D72AE1,Tinamus major,Tinamus major,Tinamus major
AVIBASE-63C5F122,Tinamus osgoodi,Tinamus osgoodi,Tinamus osgoodi
AVIBASE-67E5E0FA,Tinamus solitarius,Tinamus solitarius,Tinamus solitarius
AVIBASE-346D16D5,Tinamus tao,Tinamus tao,Tinamus tao
AVIBASE-36E5F06B,Tityra braziliensis,Tityra cayana,Tityra cayana
AVIBASE-EB675DF1,Tityra cayana,Tityra cayana,Tityra cayana
AVIBASE-85750F2B,Tityra inquisitor,Tityra inquisitor,Tityra inquisitor
AVIBASE-8B9C1238,Tityra leucura,Tityra leucura,NA
AVIBASE-EA93E0B1,Tityra semifasciata,Tityra semifasciata,Tityra semifasciata
AVIBASE-B9104F62,Tmetothylacus tenellus,Tmetothylacus tenellus,Tmetothylacus tenellus
AVIBASE-4C4AADAB,Tockus damarensis,Tockus damarensis,Tockus erythrorhynchus
AVIBASE-DE36D3BD,Tockus deckeni,Tockus deckeni,Tockus deckeni
AVIBASE-AF75AC32,Tockus erythrorhynchus,Tockus erythrorhynchus,Tockus erythrorhynchus
AVIBASE-73A7F4D0,Tockus erythrorhynchus,Tockus rufirostris,Tockus erythrorhynchus
AVIBASE-1A34CC23,Tockus erythrorhynchus,Tockus ruahae,Tockus erythrorhynchus
AVIBASE-1ADEF52B,Tockus erythrorhynchus,Tockus kempi,Tockus erythrorhynchus
AVIBASE-3BCD9CB0,Tockus flavirostris,Tockus flavirostris,Tockus flavirostris
AVIBASE-427D7FD6,Tockus jacksoni,Tockus jacksoni,Tockus jacksoni
AVIBASE-21A15CDE,Tockus leucomelas,Tockus leucomelas,Tockus leucomelas
AVIBASE-C8898E88,Tockus monteiri,Tockus monteiri,Tockus monteiri
AVIBASE-9487A526,Todiramphus albonotatus,Todiramphus albonotatus,Todiramphus albonotatus
AVIBASE-F9D8B10D,Todiramphus australasia,Todiramphus australasia,Todiramphus australasia
AVIBASE-9654527A,Todiramphus chloris,Todiramphus chloris,Todiramphus chloris
AVIBASE-4D9CF8EC,Todiramphus cinnamominus,Todiramphus cinnamominus,Todiramphus cinnamominus
AVIBASE-06CB752D,Todiramphus diops,Todiramphus diops,Todiramphus diops
AVIBASE-90668FE7,Todiramphus enigma,Todiramphus enigma,Todiramphus enigma
AVIBASE-5EB42312,Todiramphus farquhari,Todiramphus farquhari,Todiramphus farquhari
AVIBASE-66629E0A,Todiramphus funebris,Todiramphus funebris,Todiramphus funebris
AVIBASE-5709225C,Todiramphus gambieri,Todiramphus gertrudae,Todiramphus gambieri
AVIBASE-ED3D4981,Todiramphus godeffroyi,Todiramphus godeffroyi,Todiramphus godeffroyi
AVIBASE-6E12BE50,Todiramphus lazuli,Todiramphus lazuli,Todiramphus lazuli
AVIBASE-37921A66,Todiramphus leucopygius,Todiramphus leucopygius,Todiramphus leucopygius
AVIBASE-31B7FC11,Todiramphus macleayii,Todiramphus macleayii,Todiramphus macleayii
AVIBASE-67C46F57,Todiramphus nigrocyaneus,Todiramphus nigrocyaneus,Todiramphus nigrocyaneus
AVIBASE-2C302D27,Todiramphus pelewensis,Todiramphus pelewensis,Todiramphus cinnamominus
AVIBASE-F103AAE1,Todiramphus pyrrhopygius,Todiramphus pyrrhopygius,Todiramphus pyrrhopygius
AVIBASE-5AAAB4E4,Todiramphus recurvirostris,Todiramphus recurvirostris,Todiramphus recurvirostris
AVIBASE-18B6E8CF,Todiramphus reichenbachii,Todiramphus reichenbachii,Todiramphus cinnamominus
AVIBASE-398E3D2F,Todiramphus ruficollaris,Todiramphus ruficollaris,Todiramphus ruficollaris
AVIBASE-D3BC0A03,Todiramphus sanctus,Todiramphus sanctus,Todiramphus sanctus
AVIBASE-4B4D37C8,Todiramphus saurophagus,Todiramphus saurophagus,Todiramphus saurophaga
AVIBASE-60C7E118,Todiramphus tutus,Todiramphus tutus,Todiramphus tutus
AVIBASE-53C9EF2B,Todiramphus veneratus,Todiramphus veneratus,Todiramphus veneratus
AVIBASE-E482C372,Todiramphus winchelli,Todiramphus winchelli,Todiramphus winchelli
AVIBASE-270BB45F,Todiramphus youngi,Todiramphus veneratus,Todiramphus veneratus
AVIBASE-6D2F0F0B,Todirostrum chrysocrotaphum,Todirostrum chrysocrotaphum,Todirostrum chrysocrotaphum
AVIBASE-E3F6238A,Todirostrum cinereum,Todirostrum cinereum,Todirostrum cinereum
AVIBASE-9B1A56FF,Todirostrum maculatum,Todirostrum maculatum,Todirostrum maculatum
AVIBASE-3951009E,Todirostrum nigriceps,Todirostrum nigriceps,Todirostrum nigriceps
AVIBASE-35626642,Todirostrum pictum,Todirostrum pictum,Todirostrum pictum
AVIBASE-F1A4E6AD,Todirostrum poliocephalum,Todirostrum poliocephalum,Todirostrum poliocephalum
AVIBASE-8BCDA657,Todirostrum viridanum,Todirostrum viridanum,Todirostrum viridanum
AVIBASE-293EAE9A,Todus angustirostris,Todus angustirostris,Todus angustirostris
AVIBASE-BB5B94D9,Todus mexicanus,Todus mexicanus,Todus mexicanus
AVIBASE-6C2B1135,Todus multicolor,Todus multicolor,Todus multicolor
AVIBASE-DC4EA5F1,Todus subulatus,Todus subulatus,Todus subulatus
AVIBASE-F9828C2A,Todus todus,Todus todus,Todus todus
AVIBASE-F941611E,Tolmomyias assimilis,Tolmomyias assimilis,Tolmomyias assimilis
AVIBASE-E0B5F9D3,Tolmomyias flaviventris,Tolmomyias flaviventris,Tolmomyias flaviventris
AVIBASE-F822D4C3,Tolmomyias flavotectus,Tolmomyias assimilis,Tolmomyias flavotectus
AVIBASE-672EA938,Tolmomyias poliocephalus,Tolmomyias poliocephalus,Tolmomyias poliocephalus
AVIBASE-90069CDD,Tolmomyias sulphurescens,Tolmomyias sulphurescens,Tolmomyias sulphurescens
AVIBASE-E9FEA494,Tolmomyias traylori,Tolmomyias traylori,Tolmomyias traylori
AVIBASE-737A9431,Tolmomyias viridiceps,Tolmomyias flaviventris,Tolmomyias viridiceps
AVIBASE-9F291BC2,Topaza pella,Topaza pella,Topaza pella
AVIBASE-66D9C57E,Topaza pyra,Topaza pyra,Topaza pyra
AVIBASE-672EA454,Torgos tracheliotos,Torgos tracheliotos,Torgos tracheliotos
AVIBASE-CFFCE908,Torreornis inexpectata,Torreornis inexpectata,Torreornis inexpectata
AVIBASE-D61A8FB2,Touit batavicus,Touit batavicus,Touit batavicus
AVIBASE-F30DC53E,Touit costaricensis,Touit costaricensis,Touit costaricensis
AVIBASE-D8C977FC,Touit dilectissimus,Touit dilectissimus,Touit dilectissimus
AVIBASE-2BFD2184,Touit huetii,Touit huetii,Touit huetii
AVIBASE-629451DA,Touit melanonotus,Touit melanonotus,Touit melanonotus
AVIBASE-520D149F,Touit purpuratus,Touit purpuratus,Touit purpuratus
AVIBASE-72692065,Touit stictopterus,Touit stictopterus,Touit stictopterus
AVIBASE-9C59337D,Touit surdus,Touit surdus,Touit surdus
AVIBASE-B6FE975F,Toxorhamphus novaeguineae,Toxorhamphus novaeguineae,Toxorhamphus novaeguineae
AVIBASE-8A30D607,Toxorhamphus poliopterus,Toxorhamphus poliopterus,Toxorhamphus poliopterus
AVIBASE-E866F8FA,Toxostoma bendirei,Toxostoma bendirei,Toxostoma bendirei
AVIBASE-A3E0C737,Toxostoma cinereum,Toxostoma cinereum,Toxostoma cinereum
AVIBASE-F4EE41F5,Toxostoma crissale,Toxostoma crissale,Toxostoma crissale
AVIBASE-033B53E6,Toxostoma curvirostre,Toxostoma curvirostre,Toxostoma curvirostre
AVIBASE-E92F543E,Toxostoma guttatum,Toxostoma guttatum,Toxostoma guttatum
AVIBASE-6DF504ED,Toxostoma lecontei,Toxostoma lecontei,Toxostoma lecontei
AVIBASE-6CB9F53A,Toxostoma longirostre,Toxostoma longirostre,Toxostoma longirostre
AVIBASE-624FDE60,Toxostoma ocellatum,Toxostoma ocellatum,Toxostoma ocellatum
AVIBASE-20748450,Toxostoma redivivum,Toxostoma redivivum,Toxostoma redivivum
AVIBASE-C8F9F2D0,Toxostoma rufum,Toxostoma rufum,Toxostoma rufum
AVIBASE-9B1B5FD8,Trachylaemus goffinii,Trachyphonus purpuratus,Trachyphonus purpuratus
AVIBASE-80BC978E,Trachylaemus purpuratus,Trachyphonus purpuratus,Trachyphonus purpuratus
AVIBASE-60FE17E8,Trachylaemus togoensis,Trachyphonus purpuratus,Trachyphonus purpuratus
AVIBASE-E6D52EF7,Trachyphonus darnaudii,Trachyphonus darnaudii,Trachyphonus darnaudii
AVIBASE-2AE6CDCF,Trachyphonus emini,Trachyphonus darnaudii,Trachyphonus darnaudii
AVIBASE-570C1121,Trachyphonus erythrocephalus,Trachyphonus erythrocephalus,Trachyphonus erythrocephalus
AVIBASE-685CA6D9,Trachyphonus margaritatus,Trachyphonus margaritatus,Trachyphonus margaritatus
AVIBASE-55E9B668,Trachyphonus usambiro,Trachyphonus darnaudii,Trachyphonus usambiro
AVIBASE-546FA5F2,Trachyphonus vaillantii,Trachyphonus vaillantii,Trachyphonus vaillantii
AVIBASE-528CC7C2,Tragopan blythii,Tragopan blythii,Tragopan blythii
AVIBASE-0D009C55,Tragopan caboti,Tragopan caboti,Tragopan caboti
AVIBASE-44BD6CF1,Tragopan melanocephalus,Tragopan melanocephalus,Tragopan melanocephalus
AVIBASE-FB26CE58,Tragopan satyra,Tragopan satyra,Tragopan satyra
AVIBASE-5DDD7AA1,Tragopan temminckii,Tragopan temminckii,Tragopan temminckii
AVIBASE-42D29B35,Tregellasia capito,Tregellasia capito,Tregellasia capito
AVIBASE-8AF3DD10,Tregellasia leucops,Tregellasia leucops,Tregellasia leucops
AVIBASE-B30C3132,Treron affinis,Treron affinis,Treron pompadora
AVIBASE-CB6653B4,Treron apicauda,Treron apicauda,Treron apicauda
AVIBASE-BA506943,Treron aromaticus,Treron aromaticus,Treron pompadora
AVIBASE-BA5B5935,Treron australis,Treron australis,Treron australis
AVIBASE-455CE570,Treron axillaris,Treron axillaris,Treron pompadora
AVIBASE-0EF5FB3C,Treron bicinctus,Treron bicinctus,Treron bicinctus
AVIBASE-831FA9D7,Treron calvus,Treron calvus,Treron calvus
AVIBASE-28F77A79,Treron capellei,Treron capellei,Treron capellei
AVIBASE-34FED63C,Treron chloropterus,Treron chloropterus,Treron pompadora
AVIBASE-3F61AB07,Treron curvirostra,Treron curvirostra,Treron curvirostra
AVIBASE-09ABE5B6,Treron delalandii,Treron calvus,Treron calvus
AVIBASE-F9BAD31C,Treron floris,Treron floris,Treron floris
AVIBASE-020464B6,Treron formosae,Treron formosae,Treron formosae
AVIBASE-614EC457,Treron fulvicollis,Treron fulvicollis,Treron fulvicollis
AVIBASE-72CCDB5A,Treron griseicauda,Treron griseicauda,Treron griseicauda
AVIBASE-4E869790,Treron griveaudi,Treron griveaudi,Treron australis
AVIBASE-23E07E95,Treron olax,Treron olax,Treron olax
AVIBASE-30CA850D,Treron oxyurus,Treron oxyurus,Treron oxyurus
AVIBASE-1DC1F8E7,Treron pembaensis,Treron pembaensis,Treron pembaensis
AVIBASE-1EE907AC,Treron permagnus,Treron formosae,Treron formosae
AVIBASE-4116FF6B,Treron phayrei,Treron phayrei,Treron pompadora
AVIBASE-F6C3F6DB,Treron phoenicopterus,Treron phoenicopterus,Treron phoenicopterus
AVIBASE-539F8993,Treron pompadora,Treron pompadora,Treron pompadora
AVIBASE-6EB63FA4,Treron psittaceus,Treron psittaceus,Treron psittaceus
AVIBASE-8F575A0E,Treron sanctithomae,Treron sanctithomae,Treron sanctithomae
AVIBASE-B3C1CC2E,Treron seimundi,Treron seimundi,Treron seimundi
AVIBASE-002105C7,Treron sieboldii,Treron sieboldii,Treron sieboldii
AVIBASE-CCE99BC4,Treron sphenurus,Treron sphenurus,Treron sphenurus
AVIBASE-6676140F,Treron teysmannii,Treron teysmannii,Treron teysmannii
AVIBASE-D0772401,Treron vernans,Treron vernans,Treron vernans
AVIBASE-46C90944,Treron waalia,Treron waalia,Treron waalia
AVIBASE-4CF76CCF,Tribonyx mortierii,Tribonyx mortierii,Gallinula mortierii
AVIBASE-B0A6B924,Tribonyx ventralis,Tribonyx ventralis,Gallinula ventralis
AVIBASE-D4A0A875,Trichastoma bicolor,Pellorneum bicolor,Trichastoma bicolor
AVIBASE-1DEBB8DB,Trichastoma buettikoferi,Pellorneum buettikoferi,Trichastoma buettikoferi
AVIBASE-F876CBEE,Trichastoma celebense,Pellorneum celebense,Trichastoma celebense
AVIBASE-CAA4C9CE,Trichastoma cinereiceps,Pellorneum cinereiceps,Malacocincla cinereiceps
AVIBASE-BF150AB3,Trichastoma malaccense,Pellorneum malaccense,Malacocincla malaccensis
AVIBASE-0CA4E55F,Trichastoma pyrrogenys,Pellorneum pyrrogenys,Trichastoma pyrrogenys
AVIBASE-F13200CB,Trichastoma rostratum,Pellorneum rostratum,Trichastoma rostratum
AVIBASE-F013EAF4,Trichastoma tickelli,Pellorneum tickelli,Trichastoma tickelli
AVIBASE-E22B9F79,Trichixos pyrropygus,Copsychus pyrropygus,Trichixos pyrropygus
AVIBASE-853F2E95,Trichodere cockerelli,Trichodere cockerelli,Trichodere cockerelli
AVIBASE-F96C216E,Trichoglossus capistratus,Trichoglossus capistratus,Trichoglossus haematodus
AVIBASE-4B0E14DB,Trichoglossus chlorolepidotus,Trichoglossus chlorolepidotus,Trichoglossus chlorolepidotus
AVIBASE-07630935,Trichoglossus euteles,Trichoglossus euteles,Trichoglossus euteles
AVIBASE-EA99B306,Trichoglossus flavoviridis,Saudareos flavoviridis,Trichoglossus flavoviridis
AVIBASE-A9EF5D3A,Trichoglossus forsteni,Trichoglossus forsteni,Trichoglossus haematodus
AVIBASE-DB9CC87F,Trichoglossus haematodus,Trichoglossus haematodus,Trichoglossus haematodus
AVIBASE-881E4A12,Trichoglossus iris,Saudareos iris,Psitteuteles iris
AVIBASE-C164958E,Trichoglossus johnstoniae,Saudareos johnstoniae,Trichoglossus johnstoniae
AVIBASE-B61729B6,Trichoglossus meyeri,Saudareos meyeri,Trichoglossus flavoviridis
AVIBASE-DF6532E2,Trichoglossus moluccanus,Trichoglossus moluccanus,Trichoglossus haematodus
AVIBASE-E67C31A6,Trichoglossus ornatus,Saudareos ornatus,Trichoglossus ornatus
AVIBASE-6B4D5B3C,Trichoglossus rosenbergii,Trichoglossus haematodus,Trichoglossus haematodus
AVIBASE-C3D27DBC,Trichoglossus rubiginosus,Trichoglossus rubiginosus,Trichoglossus rubiginosus
AVIBASE-71B42AA4,Trichoglossus rubritorquis,Trichoglossus rubritorquis,Trichoglossus haematodus
AVIBASE-E3E86D6C,Trichoglossus weberi,Trichoglossus weberi,Trichoglossus haematodus
AVIBASE-3E3AFB25,Tricholaema diademata,Tricholaema diademata,Tricholaema diademata
AVIBASE-73470BDF,Tricholaema frontata,Tricholaema frontata,Tricholaema frontata
AVIBASE-915DABE2,Tricholaema hirsuta,Tricholaema hirsuta,Tricholaema hirsuta
AVIBASE-F1CCA0AA,Tricholaema lacrymosa,Tricholaema lacrymosa,Tricholaema lacrymosa
AVIBASE-7AB16C67,Tricholaema leucomelas,Tricholaema leucomelas,Tricholaema leucomelas
AVIBASE-F03BE6C3,Tricholaema melanocephala,Tricholaema melanocephala,Tricholaema melanocephala
AVIBASE-260C7E77,Tricholestes criniger,Tricholestes criniger,Tricholestes criniger
AVIBASE-3EA3B6D4,Trichothraupis melanops,Trichothraupis melanops,Trichothraupis melanops
AVIBASE-F04B1141,Triclaria malachitacea,Triclaria malachitacea,Triclaria malachitacea
AVIBASE-93D7EC56,Trigonoceps occipitalis,Trigonoceps occipitalis,Trigonoceps occipitalis
AVIBASE-29256A38,Tringa brevipes,Tringa brevipes,Heteroscelus brevipes
AVIBASE-0895DD84,Tringa erythropus,Tringa erythropus,Tringa erythropus
AVIBASE-2C7A2673,Tringa flavipes,Tringa flavipes,Tringa flavipes
AVIBASE-8E67DC5F,Tringa glareola,Tringa glareola,Tringa glareola
AVIBASE-C7E9D357,Tringa guttifer,Tringa guttifer,Tringa guttifer
AVIBASE-13854B6E,Tringa incana,Tringa incana,Heteroscelus incanus
AVIBASE-6EB81C98,Tringa melanoleuca,Tringa melanoleuca,Tringa melanoleuca
AVIBASE-18B415D2,Tringa nebularia,Tringa nebularia,Tringa nebularia
AVIBASE-A7B17EFC,Tringa ochropus,Tringa ochropus,Tringa ochropus
AVIBASE-E7A14E91,Tringa semipalmata,Tringa semipalmata,Catoptrophorus semipalmatus
AVIBASE-D4A73324,Tringa solitaria,Tringa solitaria,Tringa solitaria
AVIBASE-15CF9352,Tringa stagnatilis,Tringa stagnatilis,Tringa stagnatilis
AVIBASE-D6BFC73A,Tringa totanus,Tringa totanus,Tringa totanus
AVIBASE-06A0BB28,Trochalopteron affine,Trochalopteron affine,Garrulax affinis
AVIBASE-93675AD5,Trochalopteron austeni,Trochalopteron austeni,Garrulax austeni
AVIBASE-3467E0CF,Trochalopteron chrysopterum,Trochalopteron chrysopterum,Garrulax chrysopterus
AVIBASE-9CBD5A5C,Trochalopteron elliotii,Trochalopteron elliotii,Garrulax elliotii
AVIBASE-F9A2B4EB,Trochalopteron erythrocephalum,Trochalopteron erythrocephalum,Garrulax erythrocephalus
AVIBASE-2C87AFAC,Trochalopteron formosum,Trochalopteron formosum,Garrulax formosus
AVIBASE-18376B32,Trochalopteron henrici,Trochalopteron henrici,Garrulax henrici
AVIBASE-CE76873B,Trochalopteron imbricatum,Trochalopteron imbricatum,Garrulax imbricatus
AVIBASE-67F7511E,Trochalopteron lineatum,Trochalopteron lineatum,Garrulax lineatus
AVIBASE-B0EA6012,Trochalopteron melanostigma,Trochalopteron melanostigma,Garrulax melanostigma
AVIBASE-3F5E062B,Trochalopteron milnei,Trochalopteron milnei,Garrulax milnei
AVIBASE-AB9D580D,Trochalopteron morrisonianum,Trochalopteron morrisonianum,Garrulax morrisonianus
AVIBASE-A37EB5E5,Trochalopteron ngoclinhense,Trochalopteron ngoclinhense,Garrulax ngoclinhensis
AVIBASE-503C6098,Trochalopteron peninsulae,Trochalopteron peninsulae,Garrulax peninsulae
AVIBASE-466F5979,Trochalopteron squamatum,Trochalopteron squamatum,Garrulax squamatus
AVIBASE-C9493A71,Trochalopteron subunicolor,Trochalopteron subunicolor,Garrulax subunicolor
AVIBASE-9779E4D3,Trochalopteron variegatum,Trochalopteron variegatum,Garrulax variegatus
AVIBASE-5046CFCA,Trochalopteron virgatum,Trochalopteron virgatum,Garrulax virgatus
AVIBASE-C798D901,Trochalopteron yersini,Trochalopteron yersini,Garrulax yersini
AVIBASE-07E19970,Trochilus polytmus,Trochilus polytmus,Trochilus polytmus
AVIBASE-7D8643AF,Trochilus scitulus,Trochilus polytmus,Trochilus scitulus
AVIBASE-BDEB541C,Trochocercus bivittatus,Trochocercus cyanomelas,Trochocercus cyanomelas
AVIBASE-83DD8D4D,Trochocercus cyanomelas,Trochocercus cyanomelas,Trochocercus cyanomelas
AVIBASE-3800DCCF,Trochocercus nitens,Trochocercus nitens,Trochocercus nitens
AVIBASE-A381417F,Troglodytes aedon,Troglodytes aedon,Troglodytes aedon
AVIBASE-5506AF3C,Troglodytes beani,Troglodytes aedon,Troglodytes aedon
AVIBASE-783F7744,Troglodytes cobbi,Troglodytes cobbi,Troglodytes cobbi
AVIBASE-C757BD95,Troglodytes hiemalis,Troglodytes hiemalis,Troglodytes troglodytes
AVIBASE-44D48362,Troglodytes monticola,Troglodytes monticola,Troglodytes monticola
AVIBASE-2E21DCF1,Troglodytes ochraceus,Troglodytes ochraceus,Troglodytes ochraceus
AVIBASE-CF5B7A9D,Troglodytes pacificus,Troglodytes pacificus,Troglodytes troglodytes
AVIBASE-D37C40FA,Troglodytes rufociliatus,Troglodytes rufociliatus,Troglodytes rufociliatus
AVIBASE-7699C151,Troglodytes rufulus,Troglodytes rufulus,Troglodytes rufulus
AVIBASE-5AB5707F,Troglodytes sissonii,Troglodytes sissonii,Troglodytes sissonii
AVIBASE-A223AEB9,Troglodytes solstitialis,Troglodytes solstitialis,Troglodytes solstitialis
AVIBASE-D80D50B4,Troglodytes tanneri,Troglodytes tanneri,Troglodytes tanneri
AVIBASE-AF700208,Troglodytes troglodytes,Troglodytes troglodytes,Troglodytes troglodytes
AVIBASE-CD220856,Trogon ambiguus,Trogon elegans,Trogon elegans
AVIBASE-899C70E6,Trogon aurantius,Trogon surrucura,Trogon surrucura
AVIBASE-8FEE6F95,Trogon bairdii,Trogon bairdii,Trogon bairdii
AVIBASE-D2C4BCF9,Trogon chionurus,Trogon chionurus,Trogon chionurus
AVIBASE-48014ECD,Trogon citreolus,Trogon citreolus,Trogon citreolus
AVIBASE-9DFCC417,Trogon clathratus,Trogon clathratus,Trogon clathratus
AVIBASE-A1458984,Trogon collaris,Trogon collaris,Trogon collaris
AVIBASE-A1458984,Trogon collaris,Trogon collaris,Trogon aurantiiventris
AVIBASE-8E5824B0,Trogon comptus,Trogon comptus,Trogon comptus
AVIBASE-706C5A16,Trogon curucui,Trogon curucui,Trogon curucui
AVIBASE-C5BEA9D9,Trogon elegans,Trogon elegans,Trogon elegans
AVIBASE-E676EACD,Trogon massena,Trogon massena,Trogon massena
AVIBASE-9EE5B7C0,Trogon melanocephalus,Trogon melanocephalus,Trogon melanocephalus
AVIBASE-2CC8DFAA,Trogon melanurus,Trogon melanurus,Trogon melanurus
AVIBASE-4A2E1DFB,Trogon mesurus,Trogon mesurus,Trogon mesurus
AVIBASE-5792B7B2,Trogon mexicanus,Trogon mexicanus,Trogon mexicanus
AVIBASE-DEF06688,Trogon personatus,Trogon personatus,Trogon personatus
AVIBASE-EB24DFEE,Trogon rufus,Trogon rufus,Trogon rufus
AVIBASE-8F2D3109,Trogon surrucura,Trogon surrucura,Trogon surrucura
AVIBASE-09B20241,Trogon violaceus,Trogon ramonianus,Trogon violaceus
AVIBASE-563C5F5D,Trogon violaceus,Trogon violaceus,Trogon violaceus
AVIBASE-94E42A23,Trogon violaceus,Trogon caligatus,Trogon caligatus
AVIBASE-BA2F0BFD,Trogon viridis,Trogon viridis,Trogon viridis
AVIBASE-7EFA1E93,Trugon terrestris,Trugon terrestris,Trugon terrestris
AVIBASE-54F7D0B2,Tunchiornis luteifrons,Tunchiornis ochraceiceps,Hylophilus ochraceiceps
AVIBASE-ED290593,Tunchiornis ochraceiceps,Tunchiornis ochraceiceps,Hylophilus ochraceiceps
AVIBASE-D14CE6AB,Turacoena manadensis,Turacoena manadensis,Turacoena manadensis
AVIBASE-A8B4CB21,Turacoena modesta,Turacoena modesta,Turacoena modesta
AVIBASE-E9B2FCFC,Turacoena sulaensis,Turacoena sulaensis,Turacoena manadensis
AVIBASE-BAD948AE,Turdinus atrigularis,Turdinus atrigularis,Turdinus atrigularis
AVIBASE-472A5B98,Turdinus brevicaudatus,Gypsophila brevicaudata,Napothera brevicaudata
AVIBASE-58C82362,Turdinus calcicola,Gypsophila calcicola,Gypsophila crispifrons
AVIBASE-15B3568A,Turdinus crassus,Gypsophila crassa,Napothera crassa
AVIBASE-3A700A8C,Turdinus crispifrons,Gypsophila crispifrons,Gypsophila crispifrons
AVIBASE-EC123357,Turdinus macrodactylus,Turdinus macrodactylus,Turdinus macrodactylus
AVIBASE-E5EA242E,Turdinus marmoratus,Turdinus marmoratus,Turdinus marmorata
AVIBASE-3B593D10,Turdinus rufipectus,Gypsophila rufipectus,Turdinus rufipectus
AVIBASE-A70548E8,Turdoides affinis,Argya affinis,Turdoides affinis
AVIBASE-1481EF1F,Turdoides bicolor,Turdoides bicolor,Turdoides bicolor
AVIBASE-7AB9D354,Turdoides gymnogenys,Turdoides gymnogenys,Turdoides gymnogenys
AVIBASE-CD65BECB,Turdoides hartlaubii,Turdoides hartlaubii,Turdoides hartlaubii
AVIBASE-224B2B08,Turdoides hindei,Turdoides hindei,Turdoides hindei
AVIBASE-B0F2FB67,Turdoides hypoleuca,Turdoides hypoleuca,Turdoides hypoleuca
AVIBASE-E6576A8D,Turdoides jardineii,Turdoides jardineii,Turdoides jardineii
AVIBASE-10993285,Turdoides leucocephala,Turdoides leucocephala,Turdoides leucocephala
AVIBASE-735E491F,Turdoides leucopygia,Turdoides leucopygia,Turdoides leucopygia
AVIBASE-3D55152D,Turdoides melanops,Turdoides melanops,Turdoides melanops
AVIBASE-6EBDD2D5,Turdoides plebejus,Turdoides plebejus,Turdoides plebejus
AVIBASE-D5BF7D2F,Turdoides reinwardtii,Turdoides reinwardtii,Turdoides reinwardii
AVIBASE-C4F17E29,Turdoides rufescens,Argya rufescens,Turdoides rufescens
AVIBASE-7350FE4C,Turdoides sharpei,Turdoides sharpei,Turdoides sharpei
AVIBASE-4426187D,Turdoides somervillei,Argya striata,Turdoides striata
AVIBASE-0E9C6F45,Turdoides squamulata,Turdoides squamulata,Turdoides squamulata
AVIBASE-161B2408,Turdoides striata,Argya striata,Turdoides striata
AVIBASE-775C66B9,Turdoides tenebrosa,Turdoides tenebrosa,Turdoides tenebrosa
AVIBASE-428DA7CD,Turdus abyssinicus,Turdus abyssinicus,Turdus olivaceus
AVIBASE-E31352FA,Turdus albicollis,Turdus assimilis,Turdus daguae
AVIBASE-E90B937B,Turdus albicollis,Turdus albicollis,Turdus albicollis
AVIBASE-4699C170,Turdus albocinctus,Turdus albocinctus,Turdus albocinctus
AVIBASE-17FCF7A0,Turdus amaurochalinus,Turdus amaurochalinus,Turdus amaurochalinus
AVIBASE-1070D1CB,Turdus anthracinus,Turdus chiguanco,Turdus chiguanco
AVIBASE-6B75CDBA,Turdus ardosiaceus,Turdus plumbeus,Turdus plumbeus
AVIBASE-F28463EA,Turdus arthuri,Turdus arthuri,Turdus ignobilis
AVIBASE-0A8145AC,Turdus assimilis,Turdus assimilis,Turdus assimilis
AVIBASE-AECDBFFA,Turdus atrogularis,Turdus atrogularis,Turdus ruficollis
AVIBASE-A786A6B2,Turdus aurantius,Turdus aurantius,Turdus aurantius
AVIBASE-9B5CD224,Turdus bewsheri,Turdus bewsheri,Turdus bewsheri
AVIBASE-06DEFA6B,Turdus boulboul,Turdus boulboul,Turdus boulboul
AVIBASE-259E02EC,Turdus cardis,Turdus cardis,Turdus cardis
AVIBASE-57274462,Turdus celaenops,Turdus celaenops,Turdus celaenops
AVIBASE-D580A2C8,Turdus chiguanco,Turdus chiguanco,Turdus chiguanco
AVIBASE-F80DAC22,Turdus chrysolaus,Turdus chrysolaus,Turdus chrysolaus
AVIBASE-7738F2BC,Turdus confinis,Turdus migratorius,Turdus migratorius
AVIBASE-8337C755,Turdus debilis,Turdus ignobilis,Turdus ignobilis
AVIBASE-54C010AC,Turdus dissimilis,Turdus dissimilis,Turdus dissimilis
AVIBASE-C740512D,Turdus eremita,Turdus eremita,Nesocichla eremita
AVIBASE-E3B69278,Turdus eunomus,Turdus eunomus,Turdus naumanni
AVIBASE-F09C3940,Turdus falcklandii,Turdus falcklandii,Turdus falcklandii
AVIBASE-4C2FBE92,Turdus feae,Turdus feae,Turdus feae
AVIBASE-83389238,Turdus flavipes,Turdus flavipes,Turdus flavipes
AVIBASE-27399961,Turdus fulviventris,Turdus fulviventris,Turdus fulviventris
AVIBASE-78EFB310,Turdus fumigatus,Turdus fumigatus,Turdus fumigatus
AVIBASE-23C068E4,Turdus fuscater,Turdus fuscater,Turdus fuscater
AVIBASE-B337C841,Turdus grayi,Turdus grayi,Turdus grayi
AVIBASE-3EB04282,Turdus haplochrous,Turdus haplochrous,Turdus haplochrous
AVIBASE-33FBD873,Turdus hauxwelli,Turdus hauxwelli,Turdus hauxwelli
AVIBASE-FC085C6D,Turdus helleri,Turdus helleri,Turdus helleri
AVIBASE-FCC6C5EA,Turdus hortulorum,Turdus hortulorum,Turdus hortulorum
AVIBASE-F2FC64EA,Turdus ignobilis,Turdus ignobilis,Turdus ignobilis
AVIBASE-A8A85BCF,Turdus iliacus,Turdus iliacus,Turdus iliacus
AVIBASE-0C95D04B,Turdus infuscatus,Turdus infuscatus,Turdus infuscatus
AVIBASE-0CAD32A5,Turdus jamaicensis,Turdus jamaicensis,Turdus jamaicensis
AVIBASE-8A6BF14B,Turdus kessleri,Turdus kessleri,Turdus kessleri
AVIBASE-69C20D91,Turdus lawrencii,Turdus lawrencii,Turdus lawrencii
AVIBASE-C0938247,Turdus leucomelas,Turdus leucomelas,Turdus leucomelas
AVIBASE-EE26D2EA,Turdus leucops,Turdus leucops,Turdus leucops
AVIBASE-D2B2A4AF,Turdus lherminieri,Turdus lherminieri,Turdus lherminieri
AVIBASE-5D12DEA5,Turdus libonyana,Turdus libonyana,Turdus libonyanus
AVIBASE-8363CB4A,Turdus ludoviciae,Turdus ludoviciae,Turdus ludoviciae
AVIBASE-CA2946CA,Turdus maculirostris,Turdus maculirostris,Turdus maculirostris
AVIBASE-BE61F5C1,Turdus mandarinus,Turdus mandarinus,Turdus merula
AVIBASE-1F4DAD80,Turdus maranonicus,Turdus maranonicus,Turdus maranonicus
AVIBASE-9E3252A7,Turdus maximus,Turdus maximus,Turdus merula
AVIBASE-F1E0AFD4,Turdus menachensis,Turdus menachensis,Turdus menachensis
AVIBASE-88BB4F2A,Turdus merula,Turdus merula,Turdus merula
AVIBASE-D77E4B41,Turdus migratorius,Turdus migratorius,Turdus migratorius
AVIBASE-22761AD4,Turdus naumanni,Turdus naumanni,Turdus naumanni
AVIBASE-C43110B3,Turdus nigrescens,Turdus nigrescens,Turdus nigrescens
AVIBASE-B3BB28D9,Turdus nigriceps,Turdus nigriceps,Turdus nigriceps
AVIBASE-7CE0A1A9,Turdus niveiceps,Turdus niveiceps,Turdus poliocephalus
AVIBASE-F697CCD2,Turdus nudigenis,Turdus nudigenis,Turdus nudigenis
AVIBASE-6E24CCD1,Turdus obscurus,Turdus obscurus,Turdus obscurus
AVIBASE-E124336D,Turdus obsoletus,Turdus obsoletus,Turdus obsoletus
AVIBASE-927299E4,Turdus olivaceofuscus,Turdus olivaceofuscus,Turdus olivaceofuscus
AVIBASE-3A7D7B07,Turdus olivaceus,Turdus olivaceus,Turdus olivaceus
AVIBASE-D068BA78,Turdus olivater,Turdus olivater,Turdus olivater
AVIBASE-B6A18478,Turdus pallidus,Turdus pallidus,Turdus pallidus
AVIBASE-40A2405D,Turdus pelios,Turdus pelios,Turdus pelios
AVIBASE-D929EB21,Turdus philomelos,Turdus philomelos,Turdus philomelos
AVIBASE-D120D5A0,Turdus pilaris,Turdus pilaris,Turdus pilaris
AVIBASE-8E286BF9,Turdus plebejus,Turdus plebejus,Turdus plebejus
AVIBASE-30692E5A,Turdus plumbeus,Turdus plumbeus,Turdus plumbeus
AVIBASE-79FCED08,Turdus plumbeus,Turdus plumbeus,Turdus plumbeus
AVIBASE-6B75CDBA,Turdus plumbeus,Turdus plumbeus,Turdus plumbeus
AVIBASE-0C037550,Turdus poliocephalus,Turdus poliocephalus,Turdus poliocephalus
AVIBASE-E47AA20C,Turdus reevei,Turdus reevei,Turdus reevei
AVIBASE-5A00E5A5,Turdus roehli,Turdus roehli,Turdus olivaceus
AVIBASE-D3E71486,Turdus rubripes,Turdus plumbeus,Turdus plumbeus
AVIBASE-82351263,Turdus rubrocanus,Turdus rubrocanus,Turdus rubrocanus
AVIBASE-77B6BACB,Turdus ruficollis,Turdus ruficollis,Turdus ruficollis
AVIBASE-3DD40BBD,Turdus rufitorques,Turdus rufitorques,Turdus rufitorques
AVIBASE-849B6005,Turdus rufiventris,Turdus rufiventris,Turdus rufiventris
AVIBASE-3F04DF41,Turdus rufopalliatus,Turdus rufopalliatus,Turdus rufopalliatus
AVIBASE-DCFB54ED,Turdus sanchezorum,Turdus sanchezorum,Turdus hauxwelli
AVIBASE-9B9D5DC7,Turdus serranus,Turdus serranus,Turdus serranus
AVIBASE-CED9626E,Turdus simillimus,Turdus simillimus,Turdus merula
AVIBASE-0816917D,Turdus smithi,Turdus smithi,Turdus olivaceus
AVIBASE-89E3147F,Turdus subalaris,Turdus subalaris,Turdus subalaris
AVIBASE-24058626,Turdus swalesi,Turdus swalesi,Turdus swalesi
AVIBASE-A0DC8E87,Turdus tephronotus,Turdus tephronotus,Turdus tephronotus
AVIBASE-CE71B4FF,Turdus torquatus,Turdus torquatus,Turdus torquatus
AVIBASE-F4692C3B,Turdus unicolor,Turdus unicolor,Turdus unicolor
AVIBASE-A95B43F1,Turdus viscivorus,Turdus viscivorus,Turdus viscivorus
AVIBASE-E636E6DC,Turdus xanthorhynchus,Turdus xanthorhynchus,Turdus olivaceofuscus
AVIBASE-46184F93,Turnix castanotus,Turnix castanotus,Turnix castanotus
AVIBASE-C801E3DF,Turnix everetti,Turnix everetti,Turnix everetti
AVIBASE-FE5E2530,Turnix hottentottus,Turnix hottentottus,Turnix hottentottus
AVIBASE-32878BDD,Turnix maculosus,Turnix maculosus,Turnix maculosus
AVIBASE-DE127941,Turnix melanogaster,Turnix melanogaster,Turnix melanogaster
AVIBASE-0874B4D5,Turnix nanus,Turnix nanus,Turnix hottentottus
AVIBASE-598966B2,Turnix nigricollis,Turnix nigricollis,Turnix nigricollis
AVIBASE-ABB5B3B0,Turnix novaecaledoniae,Turnix varius,Turnix varius
AVIBASE-81E773CB,Turnix ocellatus,Turnix ocellatus,Turnix ocellatus
AVIBASE-0D9258BF,Turnix olivii,Turnix olivii,Turnix olivii
AVIBASE-E58A7C97,Turnix pyrrhothorax,Turnix pyrrhothorax,Turnix pyrrhothorax
AVIBASE-FDA8873B,Turnix suscitator,Turnix suscitator,Turnix suscitator
AVIBASE-0DA8BB90,Turnix sylvaticus,Turnix sylvaticus,Turnix sylvaticus
AVIBASE-950909C3,Turnix tanki,Turnix tanki,Turnix tanki
AVIBASE-53E15B4C,Turnix varius,Turnix varius,Turnix varius
AVIBASE-640EA208,Turnix velox,Turnix velox,Turnix velox
AVIBASE-8517D68D,Turnix worcesteri,Turnix worcesteri,Turnix worcesteri
AVIBASE-72B71F11,Turtur abyssinicus,Turtur abyssinicus,Turtur abyssinicus
AVIBASE-23D5FC36,Turtur afer,Turtur afer,Turtur afer
AVIBASE-0CA6EE59,Turtur brehmeri,Turtur brehmeri,Turtur brehmeri
AVIBASE-BDF442F2,Turtur chalcospilos,Turtur chalcospilos,Turtur chalcospilos
AVIBASE-7308278F,Turtur tympanistria,Turtur tympanistria,Turtur tympanistria
AVIBASE-8CFA2604,Tychaedon barbata,Cercotrichas barbata,Erythropygia barbata
AVIBASE-B796DBCB,Tychaedon coryphoeus,Cercotrichas coryphoeus,Erythropygia coryphaeus
AVIBASE-712C7EA0,Tychaedon leucosticta,Cercotrichas leucosticta,Erythropygia leucosticta
AVIBASE-92908926,Tychaedon quadrivirgata,Cercotrichas quadrivirgata,Erythropygia quadrivirgata
AVIBASE-231FD09E,Tychaedon signata,Cercotrichas signata,Erythropygia signata
AVIBASE-E4E68AA1,Tylas eduardi,Tylas eduardi,Tylas eduardi
AVIBASE-F59448B7,Tympanuchus cupido,Tympanuchus cupido,Tympanuchus cupido
AVIBASE-CFFD1491,Tympanuchus pallidicinctus,Tympanuchus pallidicinctus,Tympanuchus pallidicinctus
AVIBASE-861CBBDA,Tympanuchus phasianellus,Tympanuchus phasianellus,Tympanuchus phasianellus
AVIBASE-3992E426,Tyranneutes stolzmanni,Tyranneutes stolzmanni,Tyranneutes stolzmanni
AVIBASE-714DF6EC,Tyranneutes virescens,Tyranneutes virescens,Tyranneutes virescens
AVIBASE-D595068F,Tyrannopsis sulphurea,Tyrannopsis sulphurea,Tyrannopsis sulphurea
AVIBASE-C28307D6,Tyrannulus elatus,Tyrannulus elatus,Tyrannulus elatus
AVIBASE-6FCD33D6,Tyrannus albogularis,Tyrannus albogularis,Tyrannus albogularis
AVIBASE-7E0CD776,Tyrannus caudifasciatus,Tyrannus caudifasciatus,Tyrannus caudifasciatus
AVIBASE-0A76713F,Tyrannus couchii,Tyrannus couchii,Tyrannus couchii
AVIBASE-097B0525,Tyrannus crassirostris,Tyrannus crassirostris,Tyrannus crassirostris
AVIBASE-26D5D80F,Tyrannus cubensis,Tyrannus cubensis,Tyrannus cubensis
AVIBASE-F5388B5E,Tyrannus dominicensis,Tyrannus dominicensis,Tyrannus dominicensis
AVIBASE-6F65F82B,Tyrannus forficatus,Tyrannus forficatus,Tyrannus forficatus
AVIBASE-BB6B236F,Tyrannus melancholicus,Tyrannus melancholicus,Tyrannus melancholicus
AVIBASE-B826FFA5,Tyrannus niveigularis,Tyrannus niveigularis,Tyrannus niveigularis
AVIBASE-A2510EF4,Tyrannus savana,Tyrannus savana,Tyrannus savana
AVIBASE-082D833C,Tyrannus tyrannus,Tyrannus tyrannus,Tyrannus tyrannus
AVIBASE-2281F1C7,Tyrannus verticalis,Tyrannus verticalis,Tyrannus verticalis
AVIBASE-178B8955,Tyrannus vociferans,Tyrannus vociferans,Tyrannus vociferans
AVIBASE-FEE35F4C,Tyto alba,NA,Tyto alba
AVIBASE-FEE35F4C,Tyto alba,Tyto alba,Tyto alba
AVIBASE-ED259007,Tyto alba,Tyto deroepstorffi,Tyto alba
AVIBASE-7ED913E9,Tyto almae,Tyto almae,Tyto sororcula
AVIBASE-5F5CAA2E,Tyto aurantia,Tyto aurantia,Tyto aurantia
AVIBASE-B21A37E7,Tyto capensis,Tyto capensis,Tyto capensis
AVIBASE-ECC6B122,Tyto glaucops,Tyto glaucops,Tyto glaucops
AVIBASE-C54633EE,Tyto inexspectata,Tyto inexspectata,Tyto inexspectata
AVIBASE-8BF77421,Tyto longimembris,Tyto longimembris,Tyto longimembris
AVIBASE-393BDFD3,Tyto multipunctata,Tyto tenebricosa,Tyto tenebricosa
AVIBASE-E61687E7,Tyto nigrobrunnea,Tyto nigrobrunnea,Tyto nigrobrunnea
AVIBASE-6E574A8D,Tyto novaehollandiae,Tyto novaehollandiae,Tyto novaehollandiae
AVIBASE-BCEC0198,Tyto novaehollandiae,Tyto manusi,Tyto manusi
AVIBASE-0E9B3C97,Tyto rosenbergii,Tyto rosenbergii,Tyto rosenbergii
AVIBASE-BDD10FB1,Tyto soumagnei,Tyto soumagnei,Tyto soumagnei
AVIBASE-9900ACA9,Tyto tenebricosa,Tyto tenebricosa,Tyto tenebricosa
AVIBASE-4CF68B8B,Upucerthia albigula,Upucerthia albigula,Upucerthia albigula
AVIBASE-136B6881,Upucerthia dumetaria,Upucerthia dumetaria,Upucerthia dumetaria
AVIBASE-F96ED2B2,Upucerthia saturatior,Upucerthia saturatior,Upucerthia saturatior
AVIBASE-6A152726,Upucerthia validirostris,Upucerthia validirostris,Upucerthia validirostris
AVIBASE-6A152726,Upucerthia validirostris,Upucerthia validirostris,Upucerthia jelskii
AVIBASE-FA2F9125,Upupa epops,Upupa epops,Upupa epops
AVIBASE-B4EA6FB2,Upupa marginata,Upupa marginata,Upupa epops
AVIBASE-B40A6BCD,Uraeginthus angolensis,Uraeginthus angolensis,Uraeginthus angolensis
AVIBASE-EAE77D96,Uraeginthus bengalus,Uraeginthus bengalus,Uraeginthus bengalus
AVIBASE-5CAE6778,Uraeginthus cyanocephalus,Uraeginthus cyanocephalus,Uraeginthus cyanocephalus
AVIBASE-88D07E4B,Uratelornis chimaera,Uratelornis chimaera,Uratelornis chimaera
AVIBASE-39F29B55,Uria aalge,Uria aalge,Uria aalge
AVIBASE-B70B5840,Uria lomvia,Uria lomvia,Uria lomvia
AVIBASE-A429B5B8,Urile pelagicus,Urile pelagicus,Phalacrocorax pelagicus
AVIBASE-987A703D,Urile penicillatus,Urile penicillatus,Phalacrocorax penicillatus
AVIBASE-05DDE8C1,Urile urile,Urile urile,Phalacrocorax urile
AVIBASE-34C779B1,Urochroa bougueri,Urochroa bougueri,Urochroa bougueri
AVIBASE-41B02B1C,Urochroa leucura,Urochroa leucura,Urochroa bougueri
AVIBASE-5B15BB69,Urocissa caerulea,Urocissa caerulea,Urocissa caerulea
AVIBASE-76C44D5A,Urocissa erythroryncha,Urocissa erythroryncha,Urocissa erythrorhyncha
AVIBASE-CEBD0625,Urocissa flavirostris,Urocissa flavirostris,Urocissa flavirostris
AVIBASE-326EA4E0,Urocissa ornata,Urocissa ornata,Urocissa ornata
AVIBASE-F24832F2,Urocissa whiteheadi,Urocissa whiteheadi,Urocissa whiteheadi
AVIBASE-99F2C234,Urocissa xanthomelana,Urocissa whiteheadi,Urocissa whiteheadi
AVIBASE-AB1A85BF,Urocolius indicus,Urocolius indicus,Urocolius indicus
AVIBASE-E45D9EB2,Urocolius macrourus,Urocolius macrourus,Urocolius macrourus
AVIBASE-80262BF2,Urocynchramus pylzowi,Urocynchramus pylzowi,Urocynchramus pylzowi
AVIBASE-3BD58F08,Urodynamis taitensis,Urodynamis taitensis,Eudynamys taitensis
AVIBASE-21835A3B,Uroglaux dimorpha,Uroglaux dimorpha,Uroglaux dimorpha
AVIBASE-9180EEB6,Urolais epichlorus,Urolais epichlorus,Urolais epichlorus
AVIBASE-56A7F384,Urolestes melanoleucus,Lanius melanoleucus,Urolestes melanoleucus
AVIBASE-636DC349,Uromyias agilis,Uromyias agilis,Anairetes agilis
AVIBASE-D3F80AF3,Uromyias agraphia,Uromyias agraphia,Anairetes agraphia
AVIBASE-B83876CC,Uropelia campestris,Uropelia campestris,Uropelia campestris
AVIBASE-59EE3240,Uropsalis lyra,Uropsalis lyra,Uropsalis lyra
AVIBASE-3981B194,Uropsalis segmentata,Uropsalis segmentata,Uropsalis segmentata
AVIBASE-E4E3CB1F,Uropsila leucogastra,Uropsila leucogastra,Uropsila leucogastra
AVIBASE-1A0CF540,Urosphena squameiceps,Urosphena squameiceps,Urosphena squameiceps
AVIBASE-6A661300,Urosphena subulata,Urosphena subulata,Urosphena subulata
AVIBASE-C83F6098,Urosphena whiteheadi,Urosphena whiteheadi,Urosphena whiteheadi
AVIBASE-AE7EE8C8,Urosticte benjamini,Urosticte benjamini,Urosticte benjamini
AVIBASE-C43B3BAC,Urosticte ruficrissa,Urosticte ruficrissa,Urosticte ruficrissa
AVIBASE-18279EA8,Urothraupis stolzmanni,Urothraupis stolzmanni,Urothraupis stolzmanni
AVIBASE-1C209762,Urotriorchis macrourus,Urotriorchis macrourus,Urotriorchis macrourus
AVIBASE-C4EC6263,Vanellus albiceps,Vanellus albiceps,Vanellus albiceps
AVIBASE-2F23EDC6,Vanellus armatus,Vanellus armatus,Vanellus armatus
AVIBASE-AE459A9B,Vanellus chilensis,Vanellus chilensis,Vanellus chilensis
AVIBASE-8F8F0CF0,Vanellus cinereus,Vanellus cinereus,Vanellus cinereus
AVIBASE-D0FA8EBE,Vanellus coronatus,Vanellus coronatus,Vanellus coronatus
AVIBASE-F7D5320E,Vanellus crassirostris,Vanellus crassirostris,Vanellus crassirostris
AVIBASE-DDE5A01E,Vanellus duvaucelii,Vanellus duvaucelii,Vanellus duvaucelii
AVIBASE-D348C2D6,Vanellus gregarius,Vanellus gregarius,Vanellus gregarius
AVIBASE-4A30C572,Vanellus indicus,Vanellus indicus,Vanellus indicus
AVIBASE-A480FDDF,Vanellus leucurus,Vanellus leucurus,Vanellus leucurus
AVIBASE-42D3918F,Vanellus lugubris,Vanellus lugubris,Vanellus lugubris
AVIBASE-12216EF6,Vanellus macropterus,Vanellus macropterus,NA
AVIBASE-0BEDE250,Vanellus malabaricus,Vanellus malabaricus,Vanellus malarbaricus
AVIBASE-C76146F3,Vanellus melanocephalus,Vanellus melanocephalus,Vanellus melanocephalus
AVIBASE-83D95620,Vanellus melanopterus,Vanellus melanopterus,Vanellus melanopterus
AVIBASE-A956C6B5,Vanellus miles,Vanellus miles,Vanellus miles
AVIBASE-AD2AE997,Vanellus novaehollandiae,Vanellus miles,Vanellus miles
AVIBASE-D0591043,Vanellus resplendens,Vanellus resplendens,Vanellus resplendens
AVIBASE-074251A3,Vanellus senegallus,Vanellus senegallus,Vanellus senegallus
AVIBASE-F5E92B22,Vanellus spinosus,Vanellus spinosus,Vanellus spinosus
AVIBASE-881C954D,Vanellus superciliosus,Vanellus superciliosus,Vanellus superciliosus
AVIBASE-D531B5D3,Vanellus tectus,Vanellus tectus,Vanellus tectus
AVIBASE-581FD9E8,Vanellus tricolor,Vanellus tricolor,Vanellus tricolor
AVIBASE-F029489A,Vanellus vanellus,Vanellus vanellus,Vanellus vanellus
AVIBASE-CA9D7671,Vanga curvirostris,Vanga curvirostris,Vanga curvirostris
AVIBASE-2008024C,Vauriella albigularis,Vauriella albigularis,Rhinomyias albigularis
AVIBASE-ED864E8F,Vauriella goodfellowi,Vauriella goodfellowi,Rhinomyias goodfellowi
AVIBASE-8F08C0B4,Vauriella gularis,Vauriella gularis,Rhinomyias gularis
AVIBASE-52502154,Vauriella insignis,Vauriella insignis,Rhinomyias insignis
AVIBASE-BBC51216,Veles binotatus,Caprimulgus binotatus,Caprimulgus binotatus
AVIBASE-E6263EA8,Veniliornis affinis,Dryobates affinis,Veniliornis affinis
AVIBASE-3AA3F6E4,Veniliornis callonotus,Dryobates callonotus,Veniliornis callonotus
AVIBASE-C17751ED,Veniliornis cassini,Dryobates cassini,Veniliornis cassini
AVIBASE-BFB999B1,Veniliornis chocoensis,Dryobates chocoensis,Veniliornis chocoensis
AVIBASE-34E5F17C,Veniliornis dignus,Dryobates dignus,Veniliornis dignus
AVIBASE-3CB11881,Veniliornis frontalis,Dryobates frontalis,Veniliornis frontalis
AVIBASE-CB586CF6,Veniliornis kirkii,Dryobates kirkii,Veniliornis kirkii
AVIBASE-D205DDEE,Veniliornis lignarius,Dryobates lignarius,Veniliornis lignarius
AVIBASE-EA9E9A2D,Veniliornis maculifrons,Dryobates maculifrons,Veniliornis maculifrons
AVIBASE-88632649,Veniliornis mixtus,Dryobates mixtus,Veniliornis mixtus
AVIBASE-FED6FBFC,Veniliornis nigriceps,Dryobates nigriceps,Veniliornis nigriceps
AVIBASE-898101E6,Veniliornis passerinus,Dryobates passerinus,Veniliornis passerinus
AVIBASE-5BC09062,Veniliornis sanguineus,Dryobates sanguineus,Veniliornis sanguineus
AVIBASE-68000D95,Veniliornis spilogaster,Dryobates spilogaster,Veniliornis spilogaster
AVIBASE-207491AE,Vermivora bachmanii,Vermivora bachmanii,Vermivora bachmanii
AVIBASE-83F326C8,Vermivora chrysoptera,Vermivora chrysoptera,Vermivora chrysoptera
AVIBASE-B617FE7D,Vermivora cyanoptera,Vermivora cyanoptera,Vermivora pinus
AVIBASE-C4DFB5E3,Verreauxia africana,Verreauxia africana,Sasia africana
AVIBASE-A37F0FEC,Vidua camerunensis,Vidua camerunensis,Vidua camerunensis
AVIBASE-BA01A793,Vidua chalybeata,Vidua chalybeata,Vidua chalybeata
AVIBASE-634F5756,Vidua codringtoni,Vidua codringtoni,Vidua codringtoni
AVIBASE-424B857C,Vidua fischeri,Vidua fischeri,Vidua fischeri
AVIBASE-49EF9657,Vidua funerea,Vidua funerea,Vidua funerea
AVIBASE-8D05A048,Vidua hypocherina,Vidua hypocherina,Vidua hypocherina
AVIBASE-78607A22,Vidua interjecta,Vidua interjecta,Vidua interjecta
AVIBASE-04D7BC6C,Vidua larvaticola,Vidua larvaticola,Vidua larvaticola
AVIBASE-673E66F0,Vidua macroura,Vidua macroura,Vidua macroura
AVIBASE-12EC9197,Vidua maryae,Vidua maryae,Vidua maryae
AVIBASE-86FBD1A0,Vidua nigeriae,Vidua nigeriae,Vidua nigeriae
AVIBASE-C1A42CCA,Vidua obtusa,Vidua obtusa,Vidua obtusa
AVIBASE-DFCFAB2A,Vidua orientalis,Vidua orientalis,Vidua orientalis
AVIBASE-ACF0F1A2,Vidua paradisaea,Vidua paradisaea,Vidua paradisaea
AVIBASE-2AA13F1D,Vidua purpurascens,Vidua purpurascens,Vidua purpurascens
AVIBASE-30A131ED,Vidua raricola,Vidua raricola,Vidua raricola
AVIBASE-019E8CA3,Vidua regia,Vidua regia,Vidua regia
AVIBASE-E60F7093,Vidua togoensis,Vidua togoensis,Vidua togoensis
AVIBASE-0D1546EC,Vidua wilsoni,Vidua wilsoni,Vidua wilsoni
AVIBASE-8FDE1AA2,Vini australis,Vini australis,Vini australis
AVIBASE-4E91A64F,Vini kuhlii,Vini kuhlii,Vini kuhlii
AVIBASE-9EBC0AD1,Vini peruviana,Vini peruviana,Vini peruviana
AVIBASE-2438DF74,Vini stepheni,Vini stepheni,Vini stepheni
AVIBASE-7DEEF7AF,Vini ultramarina,Vini ultramarina,Vini ultramarina
AVIBASE-F57ECDC5,Vireo altiloquus,Vireo altiloquus,Vireo altiloquus
AVIBASE-DEFD8414,Vireo atricapilla,Vireo atricapilla,Vireo atricapilla
AVIBASE-080AFDB2,Vireo bairdi,Vireo bairdi,Vireo bairdi
AVIBASE-C3168495,Vireo bellii,Vireo bellii,Vireo bellii
AVIBASE-5C84E2D2,Vireo brevipennis,Vireo brevipennis,Vireo brevipennis
AVIBASE-27936203,Vireo caribaeus,Vireo caribaeus,Vireo caribaeus
AVIBASE-DDD6C145,Vireo carmioli,Vireo carmioli,Vireo carmioli
AVIBASE-EB0CD5DC,Vireo cassinii,Vireo cassinii,Vireo cassinii
AVIBASE-3B1C7AD8,Vireo chivi,Vireo chivi,Vireo olivaceus
AVIBASE-AEA614AF,Vireo crassirostris,Vireo crassirostris,Vireo crassirostris
AVIBASE-F8DDF6A6,Vireo flavifrons,Vireo flavifrons,Vireo flavifrons
AVIBASE-6A7F76A7,Vireo flavoviridis,Vireo flavoviridis,Vireo flavoviridis
AVIBASE-66AA469C,Vireo gilvus,Vireo gilvus,Vireo gilvus
AVIBASE-63999CD3,Vireo gracilirostris,Vireo gracilirostris,Vireo gracilirostris
AVIBASE-D97F93CC,Vireo griseus,Vireo griseus,Vireo griseus
AVIBASE-73CF3166,Vireo gundlachii,Vireo gundlachii,Vireo gundlachii
AVIBASE-1BDF5C00,Vireo huttoni,Vireo huttoni,Vireo huttoni
AVIBASE-F32AC037,Vireo latimeri,Vireo latimeri,Vireo latimeri
AVIBASE-66DCDF47,Vireo leucophrys,Vireo leucophrys,Vireo leucophrys
AVIBASE-A457E9DB,Vireo magister,Vireo magister,Vireo magister
AVIBASE-F63CE02E,Vireo masteri,Vireo masteri,Vireo masteri
AVIBASE-E57A8704,Vireo modestus,Vireo modestus,Vireo modestus
AVIBASE-D25FD07A,Vireo nanus,Vireo nanus,Vireo nanus
AVIBASE-CFAA6365,Vireo nelsoni,Vireo nelsoni,Vireo nelsoni
AVIBASE-847717E2,Vireo olivaceus,Vireo olivaceus,Vireo olivaceus
AVIBASE-A505AE50,Vireo osburni,Vireo osburni,Vireo osburni
AVIBASE-A1FD40E8,Vireo pallens,Vireo pallens,Vireo pallens
AVIBASE-447A1BA5,Vireo philadelphicus,Vireo philadelphicus,Vireo philadelphicus
AVIBASE-1BB9C864,Vireo plumbeus,Vireo plumbeus,Vireo plumbeus
AVIBASE-DA676D6C,Vireo sclateri,Vireo sclateri,Hylophilus sclateri
AVIBASE-95DB0943,Vireo solitarius,Vireo solitarius,Vireo solitarius
AVIBASE-48DBE76D,Vireo vicinior,Vireo vicinior,Vireo vicinior
AVIBASE-5482299A,Vireolanius eximius,Vireolanius eximius,Vireolanius eximius
AVIBASE-BD625B2B,Vireolanius leucotis,Vireolanius leucotis,Vireolanius leucotis
AVIBASE-2F06A9E7,Vireolanius melitophrys,Vireolanius melitophrys,Vireolanius melitophrys
AVIBASE-21048647,Vireolanius mikettae,Vireolanius leucotis,Vireolanius leucotis
AVIBASE-1A8BAFCA,Vireolanius pulchellus,Vireolanius pulchellus,Vireolanius pulchellus
AVIBASE-C50D59CF,Volatinia jacarina,Volatinia jacarina,Volatinia jacarina
AVIBASE-2C4F7BFE,Vosea whitemanensis,Vosea whitemanensis,Melidectes whitemanensis
AVIBASE-659E8F5C,Vultur gryphus,Vultur gryphus,Vultur gryphus
AVIBASE-1734388D,Wetmorethraupis sterrhopteron,Wetmorethraupis sterrhopteron,Wetmorethraupis sterrhopteron
AVIBASE-8B313E8E,Willisornis nigrigula,Willisornis vidua,Willisornis poecilinotus
AVIBASE-92F221D7,Willisornis poecilinotus,Willisornis poecilinotus,Willisornis poecilinotus
AVIBASE-5CFEBCF8,Willisornis vidua,Willisornis vidua,Willisornis poecilinotus
AVIBASE-3E2D0C9B,Xanthocephalus xanthocephalus,Xanthocephalus xanthocephalus,Xanthocephalus xanthocephalus
AVIBASE-2CF15271,Xanthomixis apperti,Xanthomixis apperti,Bernieria apperti
AVIBASE-BABC6C7F,Xanthomixis cinereiceps,Xanthomixis cinereiceps,Bernieria cinereiceps
AVIBASE-9813B521,Xanthomixis zosterops,Xanthomixis zosterops,Bernieria zosterops
AVIBASE-A6365418,Xanthopsar flavus,Xanthopsar flavus,Xanthopsar flavus
AVIBASE-4F0E8694,Xanthotis flaviventer,Xanthotis flaviventer,Xanthotis flaviventer
AVIBASE-AA3EB700,Xanthotis macleayanus,Xanthotis macleayanus,Xanthotis macleayanus
AVIBASE-88DFFB3B,Xanthotis polygrammus,Xanthotis polygrammus,Xanthotis polygrammus
AVIBASE-86182656,Xema sabini,Xema sabini,Xema sabini
AVIBASE-6B5A5143,Xenerpestes minlosi,Xenerpestes minlosi,Xenerpestes minlosi
AVIBASE-288A1826,Xenerpestes singularis,Xenerpestes singularis,Xenerpestes singularis
AVIBASE-19420218,Xenicus gilviventris,Xenicus gilviventris,Xenicus gilviventris
AVIBASE-70F693B6,Xenocopsychus ansorgei,Xenocopsychus ansorgei,Xenocopsychus ansorgei
AVIBASE-D7703EFB,Xenodacnis parina,Xenodacnis parina,Xenodacnis parina
AVIBASE-4226846A,Xenodacnis petersi,Xenodacnis parina,Xenodacnis parina
AVIBASE-2B03EB0B,Xenoglaux loweryi,Xenoglaux loweryi,Xenoglaux loweryi
AVIBASE-1F5D926C,Xenoligea montana,Xenoligea montana,Xenoligea montana
AVIBASE-58A666ED,Xenoperdix udzungwensis,Xenoperdix udzungwensis,Xenoperdix udzungwensis
AVIBASE-DB094E7D,Xenopipo atronitens,Xenopipo atronitens,Xenopipo atronitens
AVIBASE-85CE32B1,Xenopipo uniformis,Xenopipo uniformis,Xenopipo uniformis
AVIBASE-4DAB9A41,Xenopirostris damii,Xenopirostris damii,Xenopirostris damii
AVIBASE-01877F66,Xenopirostris polleni,Xenopirostris polleni,Xenopirostris polleni
AVIBASE-FE3B4759,Xenopirostris xenopirostris,Xenopirostris xenopirostris,Xenopirostris xenopirostris
AVIBASE-8C310C50,Xenops genibarbis,Xenops minutus,Xenops minutus
AVIBASE-4271791D,Xenops minutus,Xenops minutus,Xenops minutus
AVIBASE-D55A3901,Xenops rutilus,Xenops rutilans,Xenops rutilans
AVIBASE-CF53912C,Xenops tenuirostris,Xenops tenuirostris,Xenops tenuirostris
AVIBASE-7F7A0ED6,Xenopsaris albinucha,Xenopsaris albinucha,Xenopsaris albinucha
AVIBASE-181C3DF9,Xenornis setifrons,Xenornis setifrons,Xenornis setifrons
AVIBASE-52257BC5,Xenospingus concolor,Xenospingus concolor,Xenospingus concolor
AVIBASE-BCDBE331,Xenospiza baileyi,Xenospiza baileyi,Xenospiza baileyi
AVIBASE-560DAEB0,Xenotriccus callizonus,Xenotriccus callizonus,Xenotriccus callizonus
AVIBASE-0C9DC0D7,Xenotriccus mexicanus,Xenotriccus mexicanus,Xenotriccus mexicanus
AVIBASE-6D5992EE,Xenus cinereus,Xenus cinereus,Xenus cinereus
AVIBASE-3DC3684D,Xiphidiopicus percussus,Xiphidiopicus percussus,Xiphidiopicus percussus
AVIBASE-99EBD389,Xiphocolaptes albicollis,Xiphocolaptes albicollis,Xiphocolaptes albicollis
AVIBASE-02EC838A,Xiphocolaptes falcirostris,Xiphocolaptes falcirostris,Xiphocolaptes falcirostris
AVIBASE-8AC27938,Xiphocolaptes major,Xiphocolaptes major,Xiphocolaptes major
AVIBASE-6B0B2885,Xiphocolaptes promeropirhynchus,Xiphocolaptes promeropirhynchus,Xiphocolaptes promeropirhynchus
AVIBASE-5C47B2C6,Xipholena atropurpurea,Xipholena atropurpurea,Xipholena atropurpurea
AVIBASE-93DBB062,Xipholena lamellipennis,Xipholena lamellipennis,Xipholena lamellipennis
AVIBASE-FCFA9431,Xipholena punicea,Xipholena punicea,Xipholena punicea
AVIBASE-D58165AE,Xiphorhynchus aequatorialis,Xiphorhynchus erythropygius,Xiphorhynchus erythropygius
AVIBASE-5075741D,Xiphorhynchus atlanticus,Xiphorhynchus atlanticus,Xiphorhynchus fuscus
AVIBASE-FFC081E5,Xiphorhynchus beauperthuysii,Xiphorhynchus ocellatus,Xiphorhynchus ocellatus
AVIBASE-40C3BEEA,Xiphorhynchus chunchotambo,Xiphorhynchus ocellatus,Xiphorhynchus ocellatus
AVIBASE-2ADD1582,Xiphorhynchus elegans,Xiphorhynchus elegans,Xiphorhynchus elegans
AVIBASE-22A3742F,Xiphorhynchus erythropygius,Xiphorhynchus erythropygius,Xiphorhynchus erythropygius
AVIBASE-34734838,Xiphorhynchus flavigaster,Xiphorhynchus flavigaster,Xiphorhynchus flavigaster
AVIBASE-E318C4AB,Xiphorhynchus fuscus,Xiphorhynchus fuscus,Xiphorhynchus fuscus
AVIBASE-34528F8F,Xiphorhynchus guttatoides,Xiphorhynchus guttatus,Xiphorhynchus guttatus
AVIBASE-2786839E,Xiphorhynchus guttatus,Xiphorhynchus guttatus,Xiphorhynchus guttatus
AVIBASE-B5C72DF0,Xiphorhynchus lachrymosus,Xiphorhynchus lachrymosus,Xiphorhynchus lachrymosus
AVIBASE-2B1509D6,Xiphorhynchus obsoletus,Xiphorhynchus obsoletus,Xiphorhynchus obsoletus
AVIBASE-87BC5B77,Xiphorhynchus ocellatus,Xiphorhynchus ocellatus,Xiphorhynchus ocellatus
AVIBASE-B7FFA983,Xiphorhynchus pardalotus,Xiphorhynchus pardalotus,Xiphorhynchus pardalotus
AVIBASE-FC3DC0F1,Xiphorhynchus spixii,Xiphorhynchus spixii,Xiphorhynchus spixii
AVIBASE-FF942BA2,Xiphorhynchus susurrans,Xiphorhynchus susurrans,Xiphorhynchus susurrans
AVIBASE-79447EBB,Xiphorhynchus triangularis,Xiphorhynchus triangularis,Xiphorhynchus triangularis
AVIBASE-314EEE94,Xolmis cinereus,Nengetus cinereus,Xolmis cinereus
AVIBASE-D41833B3,Xolmis coronatus,Neoxolmis coronatus,Xolmis coronatus
AVIBASE-213CF028,Xolmis dominicanus,Heteroxolmis dominicana,Xolmis dominicanus
AVIBASE-60658051,Xolmis irupero,Xolmis irupero,Xolmis irupero
AVIBASE-7161C811,Xolmis pyrope,Pyrope pyrope,Xolmis pyrope
AVIBASE-623E3CC8,Xolmis rubetra,Neoxolmis rubetra,Xolmis rubetra
AVIBASE-4C43DBFB,Xolmis salinarum,Neoxolmis salinarum,Xolmis salinarum
AVIBASE-B6F4FD86,Xolmis velatus,Xolmis velatus,Xolmis velatus
AVIBASE-1B155418,Yuhina bakeri,Yuhina bakeri,Yuhina bakeri
AVIBASE-7A3177F9,Yuhina brunneiceps,Yuhina brunneiceps,Yuhina brunneiceps
AVIBASE-BB20B241,Yuhina castaniceps,Staphida castaniceps,Yuhina castaniceps
AVIBASE-ED9A5BB0,Yuhina diademata,Parayuhina diademata,Yuhina diademata
AVIBASE-EDF11415,Yuhina everetti,Staphida everetti,Yuhina everetti
AVIBASE-68D50AEF,Yuhina flavicollis,Yuhina flavicollis,Yuhina flavicollis
AVIBASE-6B6C727C,Yuhina gularis,Yuhina gularis,Yuhina gularis
AVIBASE-16E99455,Yuhina humilis,Yuhina humilis,Yuhina humilis
AVIBASE-60D9AAA1,Yuhina nigrimenta,Yuhina nigrimenta,Yuhina nigrimenta
AVIBASE-E9226482,Yuhina occipitalis,Yuhina occipitalis,Yuhina occipitalis
AVIBASE-18E06178,Yuhina torqueola,Staphida torqueola,Yuhina torqueola
AVIBASE-AD32C303,Zanclostomus javanicus,Zanclostomus javanicus,Phaenicophaeus javanicus
AVIBASE-2D806122,Zanda baudinii,Calyptorhynchus baudinii,Calyptorhynchus baudinii
AVIBASE-E6DFA707,Zanda funerea,Calyptorhynchus funereus,Calyptorhynchus funereus
AVIBASE-B933D557,Zanda latirostris,Calyptorhynchus latirostris,Calyptorhynchus latirostris
AVIBASE-457C01A2,Zapornia akool,Zapornia akool,Amaurornis akool
AVIBASE-09B78B87,Zapornia atra,Zapornia atra,Porzana atra
AVIBASE-A108727C,Zapornia bicolor,Zapornia bicolor,Amaurornis bicolor
AVIBASE-148F0B01,Zapornia flavirostra,Zapornia flavirostra,Amaurornis flavirostra
AVIBASE-14C2B730,Zapornia fusca,Zapornia fusca,Porzana fusca
AVIBASE-60DB3117,Zapornia olivieri,Zapornia olivieri,Amaurornis olivieri
AVIBASE-9106EBE6,Zapornia parva,Zapornia parva,Porzana parva
AVIBASE-3FEE66C7,Zapornia paykullii,Zapornia paykullii,Porzana paykullii
AVIBASE-34D5B04D,Zapornia pusilla,Zapornia pusilla,Porzana pusilla
AVIBASE-C15FF1EB,Zapornia tabuensis,Zapornia tabuensis,Porzana tabuensis
AVIBASE-306EA62C,Zaratornis stresemanni,Zaratornis stresemanni,Zaratornis stresemanni
AVIBASE-D083CE58,Zavattariornis stresemanni,Zavattariornis stresemanni,Zavattariornis stresemanni
AVIBASE-5917AF01,Zebrilus undulatus,Zebrilus undulatus,Zebrilus undulatus
AVIBASE-1A2164E0,Zeledonia coronata,Zeledonia coronata,Zeledonia coronata
AVIBASE-BFBC73AF,Zenaida asiatica,Zenaida asiatica,Zenaida asiatica
AVIBASE-71958FA9,Zenaida auriculata,Zenaida auriculata,Zenaida auriculata
AVIBASE-85BD24D1,Zenaida aurita,Zenaida aurita,Zenaida aurita
AVIBASE-E0DFC281,Zenaida galapagoensis,Zenaida galapagoensis,Zenaida galapagoensis
AVIBASE-5428D897,Zenaida graysoni,Zenaida graysoni,Zenaida graysoni
AVIBASE-00124D98,Zenaida macroura,Zenaida macroura,Zenaida macroura
AVIBASE-542D7AFA,Zenaida meloda,Zenaida meloda,Zenaida meloda
AVIBASE-AE2BFE95,Zentrygon albifacies,Zentrygon albifacies,Geotrygon albifacies
AVIBASE-3A16532D,Zentrygon carrikeri,Zentrygon carrikeri,Geotrygon carrikeri
AVIBASE-E9476773,Zentrygon chiriquensis,Zentrygon chiriquensis,Geotrygon chiriquensis
AVIBASE-944159C3,Zentrygon costaricensis,Zentrygon costaricensis,Geotrygon costaricensis
AVIBASE-ADE69C27,Zentrygon frenata,Zentrygon frenata,Geotrygon frenata
AVIBASE-1751C006,Zentrygon goldmani,Zentrygon goldmani,Geotrygon goldmani
AVIBASE-DCC794E5,Zentrygon lawrencii,Zentrygon lawrencii,Geotrygon lawrencii
AVIBASE-A7F898C1,Zentrygon linearis,Zentrygon linearis,Geotrygon linearis
AVIBASE-4017FD53,Zimmerius acer,Zimmerius acer,Zimmerius acer
AVIBASE-23DF2A07,Zimmerius albigularis,Zimmerius albigularis,Zimmerius albigularis
AVIBASE-1D5F3853,Zimmerius bolivianus,Zimmerius bolivianus,Zimmerius bolivianus
AVIBASE-29A192BA,Zimmerius chicomendesi,Zimmerius chicomendesi,Zimmerius villarejoi
AVIBASE-102A6B97,Zimmerius chrysops,Zimmerius chrysops,Zimmerius chrysops
AVIBASE-D8331B8A,Zimmerius cinereicapilla,Zimmerius cinereicapilla,Zimmerius cinereicapilla
AVIBASE-5CDCBAA4,Zimmerius gracilipes,Zimmerius gracilipes,Zimmerius gracilipes
AVIBASE-51736656,Zimmerius improbus,Zimmerius improbus,Zimmerius improbus
AVIBASE-15047280,Zimmerius parvus,Zimmerius parvus,Zimmerius vilissimus
AVIBASE-129543B5,Zimmerius petersi,Zimmerius petersi,Zimmerius improbus
AVIBASE-236A79C7,Zimmerius vilissimus,Zimmerius vilissimus,Zimmerius vilissimus
AVIBASE-DD9EE7F5,Zimmerius villarejoi,Zimmerius villarejoi,Zimmerius villarejoi
AVIBASE-86199C9A,Zimmerius viridiflavus,Zimmerius viridiflavus,Zimmerius viridiflavus
AVIBASE-86199C9A,Zimmerius viridiflavus,Zimmerius viridiflavus,Zimmerius flavidifrons
AVIBASE-5F70C7F3,Zonerodius heliosylus,Zonerodius heliosylus,Zonerodius heliosylus
AVIBASE-39BD9FF2,Zonotrichia albicollis,Zonotrichia albicollis,Zonotrichia albicollis
AVIBASE-BD61BDEC,Zonotrichia atricapilla,Zonotrichia atricapilla,Zonotrichia atricapilla
AVIBASE-A7280FF0,Zonotrichia capensis,Zonotrichia capensis,Zonotrichia capensis
AVIBASE-8601A467,Zonotrichia leucophrys,Zonotrichia leucophrys,Zonotrichia leucophrys
AVIBASE-DDAF0666,Zonotrichia querula,Zonotrichia querula,Zonotrichia querula
AVIBASE-B0A0EA81,Zoonavena grandidieri,Zoonavena grandidieri,Zoonavena grandidieri
AVIBASE-A24E5001,Zoonavena sylvatica,Zoonavena sylvatica,Zoonavena sylvatica
AVIBASE-66F1256F,Zoonavena thomensis,Zoonavena thomensis,Zoonavena thomensis
AVIBASE-B0B3DA78,Zoothera andromedae,Zoothera andromedae,Zoothera andromedae
AVIBASE-6DF9DA47,Zoothera atrigena,Zoothera atrigena,Zoothera talaseae
AVIBASE-8E267A26,Zoothera aurea,Zoothera aurea,Zoothera dauma
AVIBASE-BEEAC3EE,Zoothera aurea,Zoothera imbricata,Zoothera imbricata
AVIBASE-F58200CE,Zoothera dauma,Zoothera dauma,Zoothera dauma
AVIBASE-99F75999,Zoothera dauma,Zoothera neilgherriensis,Zoothera dauma
AVIBASE-37CC6F0D,Zoothera dixoni,Zoothera dixoni,Zoothera dixoni
AVIBASE-5CA42489,Zoothera everetti,Zoothera everetti,Zoothera everetti
AVIBASE-A328C3EC,Zoothera griseiceps,Zoothera griseiceps,Zoothera mollissima
AVIBASE-6F0AC682,Zoothera heinei,Zoothera heinei,Zoothera heinei
AVIBASE-34226B9D,Zoothera lunulata,Zoothera lunulata,Zoothera lunulata
AVIBASE-485394E0,Zoothera machiki,Zoothera machiki,Zoothera machiki
AVIBASE-8BAD426A,Zoothera major,Zoothera major,Zoothera major
AVIBASE-E1D48C52,Zoothera margaretae,Zoothera margaretae,Zoothera margaretae
AVIBASE-6A3FCF48,Zoothera marginata,Zoothera marginata,Zoothera marginata
AVIBASE-CE0D5641,Zoothera mollissima,Zoothera mollissima,Zoothera mollissima
AVIBASE-F13C1733,Zoothera monticola,Zoothera monticola,Zoothera monticola
AVIBASE-1BF62F08,Zoothera salimalii,Zoothera salimalii,Zoothera mollissima
AVIBASE-10891EF5,Zoothera talaseae,Zoothera talaseae,Zoothera talaseae
AVIBASE-72343F64,Zoothera turipavae,Zoothera turipavae,Zoothera turipavae
AVIBASE-8C2C2D5B,Zosterops abyssinicus,Zosterops abyssinicus,Zosterops abyssinicus
AVIBASE-93D88F0A,Zosterops albogularis,Zosterops albogularis,Zosterops albogularis
AVIBASE-C02EB43E,Zosterops anomalus,Zosterops anomalus,Zosterops anomalus
AVIBASE-72F7680A,Zosterops atricapilla,Zosterops atricapilla,Zosterops atricapilla
AVIBASE-1BAA1C0D,Zosterops atriceps,Zosterops atriceps,Zosterops atriceps
AVIBASE-BE5D6964,Zosterops atrifrons,Zosterops atrifrons,Zosterops atrifrons
AVIBASE-2BB4714C,Zosterops auriventer,Zosterops auriventer,Zosterops palpebrosus
AVIBASE-68B28107,Zosterops borbonicus,Zosterops borbonicus,Zosterops borbonicus
AVIBASE-5784EE2F,Zosterops brunneus,Zosterops brunneus,Speirops brunneus
AVIBASE-FA5F4790,Zosterops buruensis,Zosterops buruensis,Zosterops buruensis
AVIBASE-20BD1814,Zosterops ceylonensis,Zosterops ceylonensis,Zosterops ceylonensis
AVIBASE-D61C0011,Zosterops chloris,Zosterops chloris,Zosterops chloris
AVIBASE-F9D288FC,Zosterops chloris,Zosterops flavissimus,Zosterops chloris
AVIBASE-094FE346,Zosterops chloronothos,Zosterops chloronothos,Zosterops chloronothus
AVIBASE-1FBDC9A2,Zosterops chrysolaemus,Zosterops minor,Zosterops minor
AVIBASE-6D6F6588,Zosterops cinereus,Zosterops cinereus,Zosterops cinereus
AVIBASE-611D5087,Zosterops citrinella,Zosterops citrinella,Zosterops citrinella
AVIBASE-2C539D2C,Zosterops consobrinorum,Zosterops consobrinorum,Zosterops consobrinorum
AVIBASE-40846AF6,Zosterops conspicillatus,Zosterops conspicillatus,Zosterops conspicillatus
AVIBASE-B1158F69,Zosterops crookshanki,Zosterops fuscicapilla,Zosterops fuscicapilla
AVIBASE-BFA09720,Zosterops emiliae,Zosterops emiliae,Chlorocharis emiliae
AVIBASE-03E6F144,Zosterops erythropleurus,Zosterops erythropleurus,Zosterops erythropleurus
AVIBASE-A23B8E7A,Zosterops eurycricotus,Zosterops eurycricotus,Zosterops poliogastrus
AVIBASE-FDD7405C,Zosterops everetti,Zosterops everetti,Zosterops everetti
AVIBASE-DFC89B28,Zosterops explorator,Zosterops explorator,Zosterops explorator
AVIBASE-0EE77B43,Zosterops feae,Zosterops feae,Zosterops ficedulinus
AVIBASE-59C09710,Zosterops ficedulinus,Zosterops ficedulinus,Zosterops ficedulinus
AVIBASE-5DA925D4,Zosterops finschii,Zosterops finschii,Zosterops finschii
AVIBASE-880E409F,Zosterops flavifrons,Zosterops flavifrons,Zosterops flavifrons
AVIBASE-F80D69C2,Zosterops flavilateralis,Zosterops flavilateralis,Zosterops abyssinicus
AVIBASE-78053B6F,Zosterops flavus,Zosterops flavus,Zosterops flavus
AVIBASE-042FBC63,Zosterops fuscicapilla,Zosterops fuscicapilla,Zosterops fuscicapilla
AVIBASE-9DC224C8,Zosterops gibbsi,Zosterops gibbsi,Zosterops gibbsi
AVIBASE-49B5530A,Zosterops grayi,Zosterops grayi,Zosterops grayi
AVIBASE-4F0136EF,Zosterops griseotinctus,Zosterops griseotinctus,Zosterops griseotinctus
AVIBASE-19ABB1C4,Zosterops griseovirescens,Zosterops griseovirescens,Zosterops griseovirescens
AVIBASE-15A2A9E8,Zosterops hamlini,Zosterops rendovae,Zosterops rendovae
AVIBASE-645B1F93,Zosterops hypolais,Zosterops hypolais,Zosterops hypolais
AVIBASE-B1F46366,Zosterops hypoxanthus,Zosterops hypoxanthus,Zosterops hypoxanthus
AVIBASE-C136FA8A,Zosterops inornatus,Zosterops inornatus,Zosterops inornatus
AVIBASE-D0E2DCAD,Zosterops japonicus,Zosterops japonicus,Zosterops montanus
AVIBASE-D0E2DCAD,Zosterops japonicus,Zosterops japonicus,Zosterops japonicus
AVIBASE-9D93363E,Zosterops kaffensis,Zosterops poliogastrus,Zosterops poliogastrus
AVIBASE-6483A467,Zosterops kikuyuensis,Zosterops kikuyuensis,Zosterops poliogastrus
AVIBASE-7ACE42C3,Zosterops kirki,Zosterops kirki,Zosterops maderaspatanus
AVIBASE-E59BD52D,Zosterops kuehni,Zosterops kuehni,Zosterops kuehni
AVIBASE-38EA4555,Zosterops kulalensis,Zosterops poliogastrus,Zosterops poliogastrus
AVIBASE-6C021303,Zosterops kulambangrae,Zosterops kulambangrae,Zosterops kulambangrae
AVIBASE-5D2DBB73,Zosterops kulambangrae,Zosterops tetiparius,Zosterops kulambangrae
AVIBASE-464C12B0,Zosterops lacertosus,Zosterops lacertosus,Woodfordia lacertosa
AVIBASE-EA151AD8,Zosterops lateralis,Zosterops lateralis,Zosterops lateralis
AVIBASE-9A08376E,Zosterops leucophaeus,Zosterops leucophaeus,Speirops leucophoeus
AVIBASE-9A1A058C,Zosterops lugubris,Zosterops lugubris,Speirops lugubris
AVIBASE-AF7F8395,Zosterops luteirostris,Zosterops luteirostris,Zosterops luteirostris
AVIBASE-5A75FDA4,Zosterops luteus,Zosterops luteus,Zosterops luteus
AVIBASE-DA296953,Zosterops maderaspatanus,Zosterops maderaspatanus,Zosterops maderaspatanus
AVIBASE-25BD316A,Zosterops mauritianus,Zosterops mauritianus,Zosterops borbonicus
AVIBASE-A2DA598E,Zosterops mayottensis,Zosterops mayottensis,Zosterops mayottensis
AVIBASE-086290D2,Zosterops mbuluensis,Zosterops mbuluensis,Zosterops poliogastrus
AVIBASE-11AF29B9,Zosterops meeki,Zosterops meeki,Zosterops meeki
AVIBASE-2F6AB5CF,Zosterops melanocephalus,Zosterops melanocephalus,Speirops melanocephalus
AVIBASE-92519EB6,Zosterops melanurus,Zosterops melanurus,Zosterops palpebrosus
AVIBASE-B5C21FAF,Zosterops metcalfii,Zosterops metcalfii,Zosterops metcalfii
AVIBASE-4F96B6A7,Zosterops meyeni,Zosterops meyeni,Zosterops meyeni
AVIBASE-F2D16DB6,Zosterops minor,Zosterops minor,Zosterops minor
AVIBASE-2BABE802,Zosterops minutus,Zosterops minutus,Zosterops minutus
AVIBASE-FDCF5A86,Zosterops modestus,Zosterops modestus,Zosterops modestus
AVIBASE-7BB0A730,Zosterops mouroniensis,Zosterops mouroniensis,Zosterops mouroniensis
AVIBASE-80532212,Zosterops murphyi,Zosterops murphyi,Zosterops murphyi
AVIBASE-AABD6DAF,Zosterops mysorensis,Zosterops mysorensis,Zosterops mysorensis
AVIBASE-21DB781C,Zosterops natalis,Zosterops natalis,Zosterops natalis
AVIBASE-73789C73,Zosterops nehrkorni,Zosterops nehrkorni,Zosterops nehrkorni
AVIBASE-6A7982E0,Zosterops nigrorum,Zosterops nigrorum,Zosterops nigrorum
AVIBASE-559F03D2,Zosterops novaeguineae,Zosterops novaeguineae,Zosterops novaeguineae
AVIBASE-78540AAF,Zosterops oleagineus,Zosterops oleagineus,Zosterops oleagineus
AVIBASE-769F157D,Zosterops olivaceus,Zosterops olivaceus,Zosterops olivaceus
AVIBASE-6AA90803,Zosterops pallidus,Zosterops pallidus,Zosterops pallidus
AVIBASE-0BD6646B,Zosterops palpebrosus,Zosterops palpebrosus,Zosterops palpebrosus
AVIBASE-0BD6646B,Zosterops palpebrosus,Zosterops palpebrosus,Zosterops salvadorii
AVIBASE-A2ED4AA2,Zosterops poliogastrus,Zosterops poliogastrus,Zosterops poliogastrus
AVIBASE-333A34AF,Zosterops ponapensis,Zosterops ponapensis,Zosterops cinereus
AVIBASE-0EBC5ED7,Zosterops rendovae,Zosterops rendovae,Zosterops rendovae
AVIBASE-2B007EF1,Zosterops rennellianus,Zosterops rennellianus,Zosterops rennellianus
AVIBASE-C46489FF,Zosterops rotensis,Zosterops rotensis,Zosterops rotensis
AVIBASE-F6F0421B,Zosterops samoensis,Zosterops samoensis,Zosterops samoensis
AVIBASE-7CCB5F90,Zosterops sanctaecrucis,Zosterops sanctaecrucis,Zosterops sanctaecrucis
AVIBASE-112437E1,Zosterops saypani,Zosterops conspicillatus,Zosterops conspicillatus
AVIBASE-D3C0D13C,Zosterops semperi,Zosterops semperi,Zosterops semperi
AVIBASE-87289665,Zosterops senegalensis,NA,Zosterops senegalensis
AVIBASE-ABDC4E76,Zosterops senegalensis,Zosterops anderssoni,Zosterops senegalensis
AVIBASE-28458566,Zosterops senegalensis,Zosterops stenocricotus,Zosterops senegalensis
AVIBASE-EAC8528E,Zosterops senegalensis,Zosterops senegalensis,Zosterops senegalensis
AVIBASE-B24BD4A1,Zosterops silvanus,Zosterops silvanus,Zosterops poliogastrus
AVIBASE-B1AC8066,Zosterops simplex,Zosterops simplex,Zosterops japonicus
AVIBASE-2BAED570,Zosterops somadikartai,Zosterops somadikartai,Zosterops somadikartai
AVIBASE-0AAB8320,Zosterops splendidus,Zosterops splendidus,Zosterops splendidus
AVIBASE-FF493D26,Zosterops stalkeri,Zosterops stalkeri,Zosterops stalkeri
AVIBASE-8F88A18F,Zosterops stresemanni,Zosterops stresemanni,Zosterops stresemanni
AVIBASE-BA48DD2D,Zosterops superciliosus,Zosterops superciliosus,Woodfordia superciliosa
AVIBASE-19B31413,Zosterops tenuirostris,Zosterops tenuirostris,Zosterops tenuirostris
AVIBASE-BA6338B7,Zosterops uropygialis,Zosterops uropygialis,Zosterops uropygialis
AVIBASE-E359D080,Zosterops vaughani,Zosterops vaughani,Zosterops vaughani
AVIBASE-C8D045DD,Zosterops vellalavella,Zosterops vellalavella,Zosterops vellalavella
AVIBASE-19469B66,Zosterops virens,Zosterops virens,Zosterops pallidus
AVIBASE-EF6C3AEF,Zosterops winifredae,Zosterops winifredae,Zosterops poliogastrus
AVIBASE-D401978B,Zosterops xanthochroa,Zosterops xanthochroa,Zosterops xanthochroa
AVIBASE-4D7B5D9D,Zosterornis hypogrammicus,Zosterornis hypogrammicus,Stachyris hypogrammica
AVIBASE-E87556DB,Zosterornis latistriatus,Zosterornis latistriatus,Stachyris latistriata
AVIBASE-2344C21D,Zosterornis nigrorum,Zosterornis nigrorum,Stachyris nigrorum
AVIBASE-A8066114,Zosterornis striatus,Zosterornis striatus,Stachyris striata
AVIBASE-614141B3,Zosterornis whiteheadi,Zosterornis whiteheadi,Stachyris whiteheadi