BirdLife,eBird,Incu1,Incu2,Fldg1,Fldg2,Incu_Sex
Struthio camelus,Struthio camelus,42,46,3,5,B
Struthio molybdophanes,Struthio molybdophanes,42,46,120,150,B
Rhea americana,Rhea americana,27,43,,,M
Rhea pennata,Rhea pennata,30,44,,,M
Apteryx australis,Apteryx australis,75,84,5,6,B
Apteryx mantelli,Apteryx mantelli,75,84,5,6,M
Apteryx rowi,Apteryx rowi,,,,,B
Apteryx owenii,Apteryx owenii,63,76,14,21,M
Apteryx haastii,Apteryx maxima,,,,,B
Casuarius casuarius,Casuarius casuarius,47,61,,,M
Casuarius bennetti,Casuarius bennetti,49,52,,,M
Casuarius unappendiculatus,Casuarius unappendiculatus,50,,,,M
Dromaius novaehollandiae,Dromaius novaehollandiae,56,,,,M
Dromaius minor,,,,2,3,B
Dromaius baudinianus,,,,,,
Tinamus tao,Tinamus tao,,,,,M
Tinamus solitarius,Tinamus solitarius,19,20,,,M
Tinamus osgoodi,Tinamus osgoodi,,,,,
Tinamus major,Tinamus major,17,,,,M
Tinamus guttatus,Tinamus guttatus,19,,,,M
Nothocercus bonapartei,Nothocercus bonapartei,,,,,M
Nothocercus julius,Nothocercus julius,,,,,
Nothocercus nigrocapillus,Nothocercus nigrocapillus,,,,,M
Crypturellus berlepschi,Crypturellus berlepschi,,,,,
Crypturellus cinereus,Crypturellus cinereus,,,,,
Crypturellus soui,Crypturellus soui,16,,1,,B
Crypturellus ptaritepui,Crypturellus ptaritepui,,,,,
Crypturellus obsoletus,Crypturellus obsoletus,19,,,,M
Crypturellus undulatus,Crypturellus undulatus,17,,,,M
Crypturellus transfasciatus,Crypturellus transfasciatus,,,,,
Crypturellus strigulosus,Crypturellus strigulosus,13,,14,21,
Crypturellus duidae,Crypturellus duidae,,,,,
Crypturellus erythropus,Crypturellus erythropus,,,,,
Crypturellus noctivagus,Crypturellus noctivagus,17,,,,M
Crypturellus atrocapillus,Crypturellus atrocapillus,,,,,
Crypturellus cinnamomeus,Crypturellus cinnamomeus,16,,20,,
Crypturellus boucardi,Crypturellus boucardi,15,17,,,M
Crypturellus kerriae,Crypturellus kerriae,,,,,M
Crypturellus variegatus,Crypturellus variegatus,21,,1,,M
Crypturellus brevirostris,Crypturellus brevirostris,,,14,21,M
Crypturellus bartletti,Crypturellus bartletti,,,,,
Crypturellus parvirostris,Crypturellus parvirostris,19,21,,,M
Crypturellus casiquiare,Crypturellus casiquiare,,,,,
Crypturellus tataupa,Crypturellus tataupa,19,,,,M
Rhynchotus rufescens,Rhynchotus rufescens,19,21,,,M
Rhynchotus maculicollis,Rhynchotus maculicollis,,,,,
Nothoprocta taczanowskii,Nothoprocta taczanowskii,,,,,
Nothoprocta ornata,Nothoprocta ornata,22,24,1,,M
Nothoprocta perdicaria,Nothoprocta perdicaria,,,,,
Nothoprocta cinerascens,Nothoprocta cinerascens,19,20,,,M
Nothoprocta pentlandii,Nothoprocta pentlandii,20,22,,,M
Nothoprocta curvirostris,Nothoprocta curvirostris,,,,,M
Nothura boraquira,Nothura boraquira,18,21,,,M
Nothura minor,Nothura minor,,,,,
Nothura darwinii,Nothura darwinii,16,18,,,M
Nothura maculosa,Nothura maculosa,16,18,,,M
Taoniscus nanus,Taoniscus nanus,15,,,,
Eudromia elegans,Eudromia elegans,20,21,,,M
Eudromia formosa,Eudromia formosa,,,,,
Tinamotis pentlandii,Tinamotis pentlandii,,,,,
Tinamotis ingoufi,Tinamotis ingoufi,,,,,
Anhima cornuta,Anhima cornuta,40,47,,,B
Chauna chavaria,Chauna chavaria,42,44,56,70,B
Chauna torquata,Chauna torquata,43,46,56,70,B
Anseranas semipalmata,Anseranas semipalmata,23,30,77,,B
Dendrocygna viduata,Dendrocygna viduata,26,30,60,83,B
Dendrocygna autumnalis,Dendrocygna autumnalis,25,30,56,63,B
Dendrocygna guttata,Dendrocygna guttata,28,31,,49,
Dendrocygna arborea,Dendrocygna arborea,30,,,,B
Dendrocygna bicolor,Dendrocygna bicolor,19,44,63,,B
Dendrocygna eytoni,Dendrocygna eytoni,28,30,56,65,B
Dendrocygna arcuata,Dendrocygna arcuata,28,30,45,91,B
Dendrocygna javanica,Dendrocygna javanica,22,30,,,B
Thalassornis leuconotus,Thalassornis leuconotus,29,33,55,,B
Cereopsis novaehollandiae,Cereopsis novaehollandiae,34,37,70,76,F
Branta bernicla,Branta bernicla,23,29,40,45,F
Branta ruficollis,Branta ruficollis,23,25,35,42,F
Branta sandvicensis,Branta sandvicensis,29,32,70,84,F
Branta canadensis,Branta canadensis,24,30,40,86,F
Branta leucopsis,Branta leucopsis,24,25,40,45,F
Branta hutchinsii,Branta hutchinsii,25,27,42,49,F
Anser indicus,Anser indicus,27,30,49,80,F
Anser canagicus,Anser canagicus,24,25,50,60,F
Anser rossii,Anser rossii,21,22,40,45,
Anser caerulescens,Anser caerulescens,23,25,40,50,F
Anser anser,Anser anser,27,28,50,60,F
Anser cygnoid,Anser cygnoides,28,,,,F
Anser fabalis,Anser fabalis,25,29,49,91,F
Anser brachyrhynchus,Anser brachyrhynchus,25,28,49,56,F
,Anser serrirostris,25,29,49,91,
Anser albifrons,Anser albifrons,22,28,38,45,F
Anser erythropus,Anser erythropus,25,28,35,40,F
Coscoroba coscoroba,Coscoroba coscoroba,35,,91,98,F
Cygnus atratus,Cygnus atratus,35,48,95,170,F
Cygnus melancoryphus,Cygnus melancoryphus,34,36,100,,F
Cygnus olor,Cygnus olor,31,41,120,150,F
Cygnus buccinator,Cygnus buccinator,32,37,90,122,B
Cygnus columbianus,Cygnus columbianus,29,32,40,75,F
Cygnus cygnus,Cygnus cygnus,31,42,87,,F
Stictonetta naevosa,Stictonetta naevosa,26,31,49,63,F
Hymenolaimus malacorhynchos,Hymenolaimus malacorhynchos,31,35,70,82,F
Tachyeres patachonicus,Tachyeres patachonicus,30,40,84,,F
Tachyeres pteneres,Tachyeres pteneres,30,40,84,,F
Tachyeres brachypterus,Tachyeres brachypterus,28,40,84,,F
Tachyeres leucocephalus,Tachyeres leucocephalus,30,,84,,F
Merganetta armata,Merganetta armata,43,44,,,F
Plectropterus gambensis,Plectropterus gambensis,30,33,70,,F
Sarkidiornis sylvicola,Sarkidiornis sylvicola,28,30,,70,F
Sarkidiornis melanotos,Sarkidiornis melanotos,28,30,70,,F
Cyanochen cyanoptera,Cyanochen cyanoptera,30,34,85,100,F
Alopochen aegyptiaca,Alopochen aegyptiaca,28,30,55,75,F
Alopochen mauritiana,Alopochen mauritiana,,,,,
Alopochen kervazoi,Alopochen kervazoi,,,,,
Neochen jubata,Oressochen jubatus,28,34,55,65,F
Chloephaga melanoptera,Oressochen melanopterus,30,,84,,F
Chloephaga picta,Chloephaga picta,30,,63,70,F
Chloephaga hybrida,Chloephaga hybrida,30,,84,91,F
Chloephaga poliocephala,Chloephaga poliocephala,30,,,,F
Chloephaga rubidiceps,Chloephaga rubidiceps,30,,,,F
Radjah radjah,Radjah radjah,30,,,,F
Tadorna tadorna,Tadorna tadorna,28,31,45,50,F
Tadorna ferruginea,Tadorna ferruginea,28,29,55,,F
Tadorna cana,Tadorna cana,30,,60,75,F
Tadorna tadornoides,Tadorna tadornoides,30,33,50,70,F
Tadorna variegata,Tadorna variegata,32,33,55,65,F
Tadorna cristata,Tadorna cristata,,,,,
Malacorhynchus membranaceus,Malacorhynchus membranaceus,26,,45,60,F
Salvadorina waigiuensis,Salvadorina waigiuensis,28,,,,
Cairina moschata,Cairina moschata,35,,105,,F
Asarcornis scutulata,Asarcornis scutulata,33,35,98,,F
Pteronetta hartlaubii,Pteronetta hartlaubii,30,32,56,,F
Aix sponsa,Aix sponsa,28,36,60,,F
Aix galericulata,Aix galericulata,28,33,40,45,F
Chenonetta jubata,Chenonetta jubata,28,34,57,,F
Chenonetta finschi,Chenonetta finschi,,,,,
Nettapus auritus,Nettapus auritus,21,28,38,60,F
Nettapus coromandelianus,Nettapus coromandelianus,,,,,F
Nettapus pulchellus,Nettapus pulchellus,,,,,F
Amazonetta brasiliensis,Amazonetta brasiliensis,25,29,,,F
Callonetta leucophrys,Callonetta leucophrys,25,28,,,F
Lophonetta specularioides,Lophonetta specularioides,30,,70,77,F
Speculanas specularis,Speculanas specularis,30,31,,,F
Sibirionetta formosa,Sibirionetta formosa,24,25,25,40,F
Spatula querquedula,Spatula querquedula,21,23,35,40,F
Spatula hottentota,Spatula hottentota,25,27,60,65,F
Spatula puna,Spatula puna,25,26,,,F
Spatula versicolor,Spatula versicolor,25,26,,,F
Spatula platalea,Spatula platalea,25,,,,F
Spatula cyanoptera,Spatula cyanoptera,21,25,49,,F
Spatula discors,Spatula discors,19,28,35,49,F
Spatula smithii,Spatula smithii,27,28,56,63,F
Spatula rhynchotis,Spatula rhynchotis,24,26,56,70,F
Spatula clypeata,Spatula clypeata,22,27,36,66,F
Mareca strepera,Mareca strepera,21,27,48,63,F
Mareca falcata,Mareca falcata,24,26,,,F
Mareca penelope,Mareca penelope,24,25,40,45,F
Mareca sibilatrix,Mareca sibilatrix,24,26,,,F
Mareca americana,Mareca americana,23,25,37,48,F
Anas marecula,Mareca marecula,,,,,
Anas sparsa,Anas sparsa,25,28,86,,F
Anas undulata,Anas undulata,26,30,68,,F
Anas melleri,Anas melleri,28,29,63,77,F
Anas superciliosa,Anas superciliosa,26,32,52,66,F
Anas laysanensis,Anas laysanensis,,,,,
Anas wyvilliana,Anas wyvilliana,,,,,
Anas luzonica,Anas luzonica,25,27,56,,F
Anas poecilorhyncha,Anas poecilorhyncha,24,28,49,56,F
Anas zonorhyncha,Anas zonorhyncha,24,28,49,56,F
Anas platyrhynchos,Anas platyrhynchos,26,28,45,63,F
Anas fulvigula,Anas fulvigula,,,,,
Anas rubripes,Anas rubripes,23,33,58,63,F
,Anas diazi,23,30,52,70,F
Anas capensis,Anas capensis,26,30,42,56,F
Anas bahamensis,Anas bahamensis,25,26,45,60,F
Anas erythrorhyncha,Anas erythrorhyncha,25,28,56,,F
Anas georgica,Anas georgica,24,28,,,F
Anas eatoni,Anas eatoni,,,,,f
Anas acuta,Anas acuta,21,25,40,45,F
Anas crecca,Anas crecca,22,22,28,,F
Anas carolinensis,,,,,,
Anas flavirostris,Anas flavirostris,24,35,42,49,F
Anas andium,Anas andium,24,35,42,49,F
Anas gibberifrons,Anas gibberifrons,26,30,49,56,F
Anas albogularis,Anas albogularis,26,30,,,F
Anas theodori,Anas theodori,,,,,
Anas gracilis,Anas gracilis,,,,,
Anas castanea,Anas castanea,23,29,56,80,F
Anas bernieri,Anas bernieri,25,28,45,49,F
Anas chlorotis,Anas chlorotis,,,,,
Anas aucklandica,Anas aucklandica,27,35,50,70,F
Anas nesiotis,Anas nesiotis,,,,,
Marmaronetta angustirostris,Marmaronetta angustirostris,25,27,50,54,F
Rhodonessa caryophyllacea,Rhodonessa caryophyllacea,,,,,
Netta rufina,Netta rufina,26,28,45,50,F
Netta peposaca,Netta peposaca,27,29,,,F
Netta erythrophthalma,Netta erythrophthalma,20,28,56,65,F
Aythya valisineria,Aythya valisineria,23,29,63,77,F
Aythya americana,Aythya americana,23,29,56,73,F
Aythya ferina,Aythya ferina,24,28,50,55,F
Aythya australis,Aythya australis,25,32,,,F
Aythya innotata,Aythya innotata,26,28,,,F
Aythya baeri,Aythya baeri,27,,,,
Aythya nyroca,Aythya nyroca,25,28,55,60,F
Aythya novaeseelandiae,Aythya novaeseelandiae,27,31,49,75,F
Aythya collaris,Aythya collaris,25,29,49,56,F
Aythya fuligula,Aythya fuligula,23,28,45,50,F
Aythya marila,Aythya marila,26,28,40,45,F
Aythya affinis,Aythya affinis,21,22,45,50,F
Polysticta stelleri,Polysticta stelleri,26,27,49,,F
Camptorhynchus labradorius,Camptorhynchus labradorius,,,,,
Somateria fischeri,Somateria fischeri,23,24,50,53,F
Somateria spectabilis,Somateria spectabilis,22,24,50,60,F
Somateria mollissima,Somateria mollissima,23,30,60,75,F
Histrionicus histrionicus,Histrionicus histrionicus,27,29,42,70,F
Melanitta perspicillata,Melanitta perspicillata,,55,,,
Melanitta fusca,Melanitta fusca,27,28,50,55,F
Melanitta deglandi,Melanitta deglandi,25,31,50,55,F
Melanitta stejnegeri,Melanitta stejnegeri,,,50,55,F
Melanitta nigra,Melanitta nigra,30,31,45,50,F
Melanitta americana,Melanitta americana,30,31,45,50,
Clangula hyemalis,Clangula hyemalis,24,29,35,40,F
Bucephala albeola,Bucephala albeola,28,33,50,55,F
Bucephala clangula,Bucephala clangula,28,32,57,66,F
Bucephala islandica,Bucephala islandica,28,34,56,,F
Mergellus albellus,Mergellus albellus,26,28,70,,F
Lophodytes cucullatus,Lophodytes cucullatus,29,37,71,,F
Mergus australis,Mergus australis,,,,,
Mergus octosetaceus,Mergus octosetaceus,34,,,,F
Mergus merganser,Mergus merganser,30,32,60,70,F
Mergus serrator,Mergus serrator,28,35,59,69,F
Mergus squamatus,Mergus squamatus,31,35,56,,F
Heteronetta atricapilla,Heteronetta atricapilla,24,25,,,
Nomonyx dominicus,Nomonyx dominicus,23,24,45,,B
Oxyura jamaicensis,Oxyura jamaicensis,24,26,50,55,F
Oxyura ferruginea,Oxyura ferruginea,24,26,50,55,F
Oxyura vittata,Oxyura vittata,23,24,56,63,F
Oxyura australis,Oxyura australis,24,27,56,,F
Oxyura maccoa,Oxyura maccoa,25,27,,,F
Oxyura leucocephala,Oxyura leucocephala,22,26,60,70,F
Biziura lobata,Biziura lobata,24,,,,F
Alectura lathami,Alectura lathami,47,52,,,
Aepypodius arfakianus,Aepypodius arfakianus,,,,,
Aepypodius bruijnii,Aepypodius bruijnii,,,,,
Talegalla cuvieri,Talegalla cuvieri,,,,,
Talegalla fuscirostris,Talegalla fuscirostris,,,,,
Talegalla jobiensis,Talegalla jobiensis,,,,,
Leipoa ocellata,Leipoa ocellata,49,96,,,M
Macrocephalon maleo,Macrocephalon maleo,62,85,,,
Eulipoa wallacei,Eulipoa wallacei,97,101,,,
Megapodius pritchardii,Megapodius pritchardii,47,67,,,
Megapodius laperouse,Megapodius laperouse,,,,,
Megapodius nicobariensis,Megapodius nicobariensis,,,,,
Megapodius cumingii,Megapodius cumingii,63,,,,
Megapodius bernsteinii,Megapodius bernsteinii,60,,,,
Megapodius tenimberensis,Megapodius tenimberensis,,,,,
Megapodius freycinet,Megapodius freycinet,,,,,
Megapodius geelvinkianus,Megapodius geelvinkianus,,,,,
Megapodius eremita,Megapodius eremita,42,70,,,
Megapodius layardi,Megapodius layardi,45,,,,
Megapodius decollatus,Megapodius decollatus,,,,,
Megapodius reinwardt,Megapodius reinwardt,70,,,,
Ortalis vetula,Ortalis vetula,22,27,,,
Ortalis cinereiceps,Ortalis cinereiceps,22,,,,
Ortalis garrula,Ortalis garrula,26,,,,F
Ortalis ruficauda,Ortalis ruficauda,28,,,,
Ortalis erythroptera,Ortalis erythroptera,26,28,,,
Ortalis wagleri,Ortalis wagleri,,,,,
Ortalis poliocephala,Ortalis poliocephala,,,,,F
Ortalis canicollis,Ortalis canicollis,,,,,F
Ortalis leucogastra,Ortalis leucogastra,22,26,,,F
Ortalis guttata,Ortalis guttata,21,30,,,
Ortalis araucuan,Ortalis araucuan,29,30,,,
Ortalis squamata,Ortalis squamata,21,,,,
Ortalis columbiana,Ortalis columbiana,24,26,,,F
Ortalis motmot,Ortalis motmot,,,,,
,Ortalis ruficeps,,,,,
Ortalis superciliaris,Ortalis superciliaris,,,,,
Penelope argyrotis,Penelope argyrotis,,,,,
Penelope barbata,Penelope barbata,,,,,
Penelope ortoni,Penelope ortoni,,,,,
Penelope montagnii,Penelope montagnii,,,,,
Penelope marail,Penelope marail,29,,,,
Penelope superciliaris,Penelope superciliaris,26,28,,,
Penelope dabbenei,Penelope dabbenei,,,,,
Penelope purpurascens,Penelope purpurascens,,,,,
Penelope perspicax,Penelope perspicax,29,,,,F
Penelope albipennis,Penelope albipennis,,,,,F
Penelope jacquacu,Penelope jacquacu,,,,,
Penelope obscura,Penelope obscura,28,,,,F
,Penelope bridgesi,,,,,
Penelope pileata,Penelope pileata,,,,,
Penelope ochrogaster,Penelope ochrogaster,,,,,
Penelope jacucaca,Penelope jacucaca,,,,,
Pipile pipile,Pipile pipile,,,,,
Pipile cumanensis,Pipile cumanensis,24,28,,,
Pipile grayi,Pipile grayi,,,,,
Pipile cujubi,Pipile cujubi,,,,,
Pipile jacutinga,Pipile jacutinga,28,,,,F
Aburria aburri,Aburria aburri,,,,,
Chamaepetes unicolor,Chamaepetes unicolor,,,,,
Chamaepetes goudotii,Chamaepetes goudotii,,,,,
Penelopina nigra,Penelopina nigra,25,35,,,F
Oreophasis derbianus,Oreophasis derbianus,34,36,,,F
Nothocrax urumutum,Nothocrax urumutum,28,30,,,
Mitu tomentosum,Mitu tomentosum,30,,,,
Mitu salvini,Mitu salvini,32,,,,F
Mitu tuberosum,Mitu tuberosum,30,32,,,F
Mitu mitu,Mitu mitu,30,,,,F
Pauxi pauxi,Pauxi pauxi,29,36,,,
Pauxi unicornis,Pauxi unicornis,,,,,F
Pauxi koepckeae,Pauxi koepckeae,,,,,
Crax rubra,Crax rubra,28,33,,,
Crax alberti,Crax alberti,,,,,B
Crax daubentoni,Crax daubentoni,28,,,,F
Crax alector,Crax alector,30,,,,F
Crax globulosa,Crax globulosa,,,,,
Crax fasciolata,Crax fasciolata,30,,,,F
Crax pinima,,,,,,
Crax blumenbachii,Crax blumenbachii,28,30,,,F
Agelastes meleagrides,Agelastes meleagrides,,,,,
Agelastes niger,Agelastes niger,,,,,
Numida meleagris,Numida meleagris,24,30,28,,F
Guttera plumifera,Guttera plumifera,23,,,,
Guttera verreauxi,Guttera verreauxi,23,,30,,F
Guttera pucherani,Guttera pucherani,23,,30,,F
Guttera edouardi,Guttera edouardi,23,,30,,F
Acryllium vulturinum,Acryllium vulturinum,23,32,14,,F
Ptilopachus petrosus,Ptilopachus petrosus,,,,,
Ptilopachus nahani,Ptilopachus nahani,,,,,
Dendrortyx leucophrys,Dendrortyx leucophrys,,,,,
Dendrortyx macroura,Dendrortyx macroura,,,,,
Dendrortyx barbatus,Dendrortyx barbatus,28,32,,,F
Oreortyx pictus,Oreortyx pictus,21,25,,,F
Callipepla squamata,Callipepla squamata,22,23,,,F
Callipepla douglasii,Callipepla douglasii,22,23,,,
Callipepla californica,Callipepla californica,22,23,10,10,F
Callipepla gambelii,Callipepla gambelii,23,,,,F
Philortyx fasciatus,Philortyx fasciatus,21,23,,,
Colinus virginianus,Colinus virginianus,23,23,14,14,F
Colinus nigrogularis,Colinus nigrogularis,,,,,
Colinus leucopogon,Colinus leucopogon,21,26,1,,F
Colinus cristatus,Colinus cristatus,22,23,1,,F
Odontophorus gujanensis,Odontophorus gujanensis,24,28,,,F
Odontophorus capueira,Odontophorus capueira,18,27,,,F
Odontophorus melanotis,Odontophorus melanotis,26,27,,,F
Odontophorus erythrops,Odontophorus erythrops,,,,,
Odontophorus atrifrons,Odontophorus atrifrons,,,,,
Odontophorus hyperythrus,Odontophorus hyperythrus,27,29,,,F
Odontophorus melanonotus,Odontophorus melanonotus,,,,,
Odontophorus speciosus,Odontophorus speciosus,,,,,
Odontophorus dialeucos,Odontophorus dialeucos,,,,,
Odontophorus strophium,Odontophorus strophium,,,,,
Odontophorus columbianus,Odontophorus columbianus,30,,,,
Odontophorus leucolaemus,Odontophorus leucolaemus,16,17,,,
Odontophorus balliviani,Odontophorus balliviani,,,,,
Odontophorus stellatus,Odontophorus stellatus,,,,,
Odontophorus guttatus,Odontophorus guttatus,,,,,
Dactylortyx thoracicus,Dactylortyx thoracicus,,,,,
Cyrtonyx montezumae,Cyrtonyx montezumae,24,26,,,B
Cyrtonyx sallei,,,,,,
Cyrtonyx ocellatus,Cyrtonyx ocellatus,,,,,
Rhynchortyx cinctus,Rhynchortyx cinctus,,,,,
Xenoperdix udzungwensis,Xenoperdix udzungwensis,,,,,
Caloperdix oculeus,Caloperdix oculeus,18,20,,,
Rollulus rouloul,Rollulus rouloul,18,19,,,F
Melanoperdix niger,Melanoperdix niger,18,19,,,
Arborophila torqueola,Arborophila torqueola,24,,,,
Arborophila rufipectus,Arborophila rufipectus,,,,,F
Arborophila mandellii,Arborophila mandellii,,,,,
Arborophila gingica,Arborophila gingica,,,,,
Arborophila rufogularis,Arborophila rufogularis,20,21,,,
Arborophila rubrirostris,Arborophila rubrirostris,,,,,
Arborophila cambodiana,Arborophila cambodiana,,,,,
Arborophila ardens,Arborophila ardens,,,,,
Arborophila crudigularis,Arborophila crudigularis,20,24,,,
Arborophila atrogularis,Arborophila atrogularis,,,,,
Arborophila brunneopectus,Arborophila brunneopectus,,,,,
Arborophila davidi,Arborophila davidi,,,,,
Arborophila hyperythra,Arborophila hyperythra,,,,,
Arborophila campbelli,Arborophila campbelli,,,,,
Arborophila rolli,Arborophila rolli,,,,,
Arborophila sumatrana,Arborophila sumatrana,,,,,
Arborophila javanica,Arborophila javanica,,,,,
Arborophila orientalis,Arborophila orientalis,,,,,
Lerwa lerwa,Lerwa lerwa,,,,,F
Ithaginis cruentus,Ithaginis cruentus,26,29,,,
Tragopan melanocephalus,Tragopan melanocephalus,,,,,
Tragopan satyra,Tragopan satyra,28,,,,
Tragopan blythii,Tragopan blythii,28,30,,,
Tragopan temminckii,Tragopan temminckii,26,28,,,F
Tragopan caboti,Tragopan caboti,28,,,,F
Tetraophasis obscurus,Tetraophasis obscurus,27,28,,,F
Tetraophasis szechenyii,Tetraophasis szechenyii,24,29,,,F
Lophophorus impejanus,Lophophorus impejanus,27,,,,
Lophophorus sclateri,Lophophorus sclateri,28,28,,,
Lophophorus lhuysii,Lophophorus lhuysii,28,,,,F
Pucrasia macrolopha,Pucrasia macrolopha,21,27,,,F
Meleagris gallopavo,Meleagris gallopavo,27,28,14,14,F
Meleagris ocellata,Meleagris ocellata,28,,,,F
Bonasa umbellus,Bonasa umbellus,23,24,10,12,
Tetrastes bonasia,Tetrastes bonasia,23,27,15,35,F
Tetrastes sewerzowi,Tetrastes sewerzowi,25,,,,F
Centrocercus urophasianus,Centrocercus urophasianus,25,27,7,14,F
Centrocercus minimus,Centrocercus minimus,26,,,,
Dendragapus obscurus,Dendragapus obscurus,25,27,,,
Dendragapus fuliginosus,Dendragapus fuliginosus,25,28,,,F
Tympanuchus phasianellus,Tympanuchus phasianellus,21,24,10,,F
Tympanuchus cupido,Tympanuchus cupido,23,25,,,F
Tympanuchus pallidicinctus,Tympanuchus pallidicinctus,24,,,,F
Lagopus leucura,Lagopus leucura,22,23,,,
,,,,0,0,F
Lagopus lagopus,Lagopus lagopus,21,23,0,0,F
Lagopus muta,Lagopus muta,21,24,33,33,F
Falcipennis falcipennis,Falcipennis falcipennis,23,24,,,F
Canachites canadensis,Canachites canadensis,21,24,,,F
Canachites franklinii,,21,24,,,F
Tetrao urogallus,Tetrao urogallus,24,29,14,21,F
Tetrao urogalloides,Tetrao urogalloides,20,25,10,,
Lyrurus tetrix,Lyrurus tetrix,25,27,63,63,F
Lyrurus mlokosiewiczi,Lyrurus mlokosiewiczi,20,25,10,14,F
Rhizothera longirostris,Rhizothera longirostris,18,19,,,
Rhizothera dulitensis,Rhizothera dulitensis,,,,,
Perdix hodgsoniae,Perdix hodgsoniae,,,,,
Perdix perdix,Perdix perdix,21,26,,,F
Perdix dauurica,Perdix dauurica,25,,,,F
Syrmaticus soemmerringii,Syrmaticus soemmerringii,24,25,,,
Syrmaticus reevesii,Syrmaticus reevesii,24,25,49,49,F
Syrmaticus mikado,Syrmaticus mikado,28,,,,
Syrmaticus ellioti,Syrmaticus ellioti,25,26,,,F
Syrmaticus humiae,Syrmaticus humiae,27,28,,,F
Chrysolophus pictus,Chrysolophus pictus,22,23,,,F
Chrysolophus amherstiae,Chrysolophus amherstiae,24,23,,,F
Phasianus colchicus,Phasianus colchicus,22,28,11,11,F
Phasianus versicolor,Phasianus versicolor,23,25,,,
Catreus wallichii,Catreus wallichii,26,,,,F
Crossoptilon harmani,Crossoptilon harmani,,,,,F
Crossoptilon crossoptilon,Crossoptilon crossoptilon,24,,,,F
Crossoptilon mantchuricum,Crossoptilon mantchuricum,26,27,,,F
Crossoptilon auritum,Crossoptilon auritum,24,28,,,F
Lophura edwardsi,Lophura edwardsi,21,22,,,
Lophura swinhoii,Lophura swinhoii,25,,,,F
Lophura bulweri,Lophura bulweri,24,25,,,
Lophura leucomelanos,Lophura leucomelanos,20,22,,,F
Lophura nycthemera,Lophura nycthemera,25,26,,,F
Lophura erythrophthalma,Lophura erythrophthalma,24,,,,
Lophura pyronota,Lophura pyronota,,,,,
Lophura diardi,Lophura diardi,24,25,,,
Lophura inornata,Lophura inornata,22,,,,
Lophura rufa,Lophura rufa,24,,,,F
Lophura ignita,Lophura ignita,24,,,,
Rheinardia ocellata,Rheinardia ocellata,24,25,,,
Rheinardia nigrescens,Rheinardia nigrescens,24,25,,,F
Argusianus argus,Argusianus argus,24,25,,,
Afropavo congensis,Afropavo congensis,25,28,,,F
Pavo cristatus,Pavo cristatus,28,30,,,F
Pavo muticus,Pavo muticus,26,28,,,F
Tropicoperdix chloropus,Tropicoperdix chloropus,,,,,
Tropicoperdix tonkinensis,,,,,,
Tropicoperdix charltonii,Tropicoperdix charltonii,,,,,
Tropicoperdix graydoni,Tropicoperdix graydoni,,,,,
Haematortyx sanguiniceps,Haematortyx sanguiniceps,18,19,,,
Galloperdix spadicea,Galloperdix spadicea,,,,,F
Galloperdix lunulata,Galloperdix lunulata,,,,,F
Galloperdix bicalcarata,Galloperdix bicalcarata,,,,,
Polyplectron napoleonis,Polyplectron napoleonis,18,20,,,F
Polyplectron schleiermacheri,Polyplectron schleiermacheri,20,22,,,
Polyplectron malacense,Polyplectron malacense,22,25,,,F
Polyplectron germaini,Polyplectron germaini,21,,,,
Polyplectron katsumatae,Polyplectron katsumatae,,,,,
Polyplectron bicalcaratum,Polyplectron bicalcaratum,21,,,,
Polyplectron inopinatum,Polyplectron inopinatum,19,21,,,F
Polyplectron chalcurum,Polyplectron chalcurum,22,,,,
Bambusicola fytchii,Bambusicola fytchii,18,19,,,F
Bambusicola thoracicus,Bambusicola thoracicus,17,19,,,F
Bambusicola sonorivox,Bambusicola sonorivox,,,,,
Gallus varius,Gallus varius,21,,,,
Gallus gallus,Gallus gallus,18,21,,,F
Gallus sonneratii,Gallus sonneratii,20,21,,,F
Gallus lafayettii,Gallus lafayettii,20,21,,,
Peliperdix lathami,Peliperdix lathami,,,,,
Ortygornis sephaena,Ortygornis sephaena,19,22,,,F
Ortygornis pondicerianus,Ortygornis pondicerianus,18,19,,,F
Ortygornis gularis,Ortygornis gularis,,,,,F
Francolinus pintadeanus,Francolinus pintadeanus,,,,,
Francolinus francolinus,Francolinus francolinus,18,21,35,35,F
Francolinus pictus,Francolinus pictus,,,,,F
Campocolinus coqui,Campocolinus coqui,,,,,
Campocolinus albogularis,Campocolinus albogularis,,,,,
Campocolinus schlegelii,Campocolinus schlegelii,,,,,
Scleroptila streptophora,Scleroptila streptophora,,,,,
Scleroptila levaillantii,Scleroptila levaillantii,22,,,,F
Scleroptila finschi,Scleroptila finschi,,,,,
Scleroptila psilolaema,Scleroptila psilolaema,,,,,
Scleroptila elgonensis,Scleroptila elgonensis,,,,,
Scleroptila afra,Scleroptila afra,21,23,35,42,F
Scleroptila gutturalis,Scleroptila gutturalis,20,21,35,42,F
Scleroptila shelleyi,Scleroptila shelleyi,22,,,,
Scleroptila whytei,Scleroptila whytei,,,,,
Tetraogallus tibetanus,Tetraogallus tibetanus,,,,,
Tetraogallus altaicus,Tetraogallus altaicus,28,28,,,F
Tetraogallus caucasicus,Tetraogallus caucasicus,28,,,,F
Tetraogallus caspius,Tetraogallus caspius,28,29,15,20,F
Tetraogallus himalayensis,Tetraogallus himalayensis,30,,,,F
Ammoperdix griseogularis,Ammoperdix griseogularis,21,,,,F
Ammoperdix heyi,Ammoperdix heyi,21,24,9,20,F
Synoicus ypsilophorus,Synoicus ypsilophorus,21,22,10,17,F
Anurophasis monorthonyx,Synoicus monorthonyx,,,,,
Synoicus chinensis,Synoicus chinensis,16,18,28,,F
Synoicus adansonii,Synoicus adansonii,,,,,F
Margaroperdix madagarensis,Margaroperdix madagarensis,18,19,,,F
Coturnix coturnix,Coturnix coturnix,17,20,19,19,F
Coturnix japonica,Coturnix japonica,16,21,,,
Coturnix delegorguei,Coturnix delegorguei,14,18,5,,F
Coturnix coromandelica,Coturnix coromandelica,18,19,,,F
Coturnix pectoralis,Coturnix pectoralis,18,21,16,,F
Coturnix novaezelandiae,Coturnix novaezelandiae,,,,,
Alectoris barbara,Alectoris barbara,24,25,55,55,F
Alectoris melanocephala,Alectoris melanocephala,24,25,,,B
Alectoris rufa,Alectoris rufa,23,24,10,55,B
Alectoris chukar,Alectoris chukar,22,25,50,50,B
Alectoris graeca,Alectoris graeca,24,26,,,F
Alectoris philbyi,Alectoris philbyi,25,,,,
Alectoris magna,Alectoris magna,22,24,,,F
Perdicula asiatica,Perdicula asiatica,16,22,,,F
Perdicula argoondah,Perdicula argoondah,16,18,,,F
Perdicula erythrorhyncha,Perdicula erythrorhyncha,16,18,,,F
Perdicula manipurensis,Perdicula manipurensis,,,,,
Ophrysia superciliosa,Ophrysia superciliosa,,,,,
Pternistis hartlaubi,Pternistis hartlaubi,,,,,
Pternistis camerunensis,Pternistis camerunensis,,,,,
Pternistis nobilis,Pternistis nobilis,,,,,
Pternistis castaneicollis,Pternistis castaneicollis,,,,,
Pternistis atrifrons,,,,,,
Pternistis erckelii,Pternistis erckelii,,,,,
Pternistis ochropectus,Pternistis ochropectus,,,,,
Pternistis swierstrai,Pternistis swierstrai,,,,,
Pternistis ahantensis,Pternistis ahantensis,,,,,
Pternistis griseostriatus,Pternistis griseostriatus,,,,,
Pternistis jacksoni,Pternistis jacksoni,,,,,
Pternistis adspersus,Pternistis adspersus,22,,,,
Pternistis capensis,Pternistis capensis,22,25,,,F
Pternistis natalensis,Pternistis natalensis,20,,,,F
Pternistis hildebrandti,Pternistis hildebrandti,,,,,
Pternistis bicalcaratus,Pternistis bicalcaratus,,,,,
Pternistis squamatus,Pternistis squamatus,,,,,
Pternistis icterorhynchus,Pternistis icterorhynchus,,,,,
Pternistis clappertoni,Pternistis clappertoni,,,,,
Pternistis harwoodi,Pternistis harwoodi,,,,,
Pternistis swainsonii,Pternistis swainsonii,21,23,10,,F
Pternistis leucoscepus,Pternistis leucoscepus,18,20,,,
Pternistis rufopictus,Pternistis rufopictus,,,,,
Pternistis afer,Pternistis afer,23,,10,,
Eurostopodus argus,Eurostopodus argus,29,33,30,,B
Eurostopodus mystacalis,Eurostopodus mystacalis,22,28,31,,F
Eurostopodus nigripennis,Eurostopodus nigripennis,,,,,
Eurostopodus exul,Eurostopodus exul,,,,,
Eurostopodus diabolicus,Eurostopodus diabolicus,,,,,
Eurostopodus papuensis,Eurostopodus papuensis,,,,,F
Eurostopodus archboldi,Eurostopodus archboldi,,,,,
Lyncornis temminckii,Lyncornis temminckii,,,,,
Lyncornis macrotis,Lyncornis macrotis,,,,,
Gactornis enarratus,Gactornis enarratus,,,,,
Chordeiles nacunda,Chordeiles nacunda,,,,,
Chordeiles pusillus,Chordeiles pusillus,,,,,
Chordeiles rupestris,Chordeiles rupestris,21,,,,
Chordeiles acutipennis,Chordeiles acutipennis,18,19,21,,F
Chordeiles minor,Chordeiles minor,16,20,25,30,F
Chordeiles gundlachii,Chordeiles gundlachii,19,,,,F
Lurocalis semitorquatus,Lurocalis semitorquatus,22,,24,,
Lurocalis rufiventris,Lurocalis rufiventris,,,,,
Nyctiprogne leucopyga,Nyctiprogne leucopyga,,,,,
Nyctiprogne vielliardi,Nyctiprogne vielliardi,,,,,
Nyctipolus nigrescens,Nyctipolus nigrescens,17,22,14,18,B
Nyctipolus hirundinaceus,Nyctipolus hirundinaceus,,,,,B
Nyctidromus albicollis,Nyctidromus albicollis,19,20,21,25,B
Nyctidromus anthonyi,Nyctidromus anthonyi,,,,,
Setopagis heterura,Setopagis heterura,,,,,B
Setopagis parvula,Setopagis parvula,17,,14,16,B
Setopagis whitelyi,Tepuiornis whitelyi,14,,,,B
Setopagis maculosa,Setopagis maculosa,,,,,
Eleothreptus anomalus,Eleothreptus anomalus,,,,,
Eleothreptus candicans,Eleothreptus candicans,19,,19,20,F
Systellura longirostris,Systellura longirostris,,,,,
Systellura roraimae,,,,,,
Systellura decussata,Quechuavis decussata,,,,,
Uropsalis segmentata,Uropsalis segmentata,,,,,F
Uropsalis lyra,Uropsalis lyra,,,,,F
Hydropsalis cayennensis,Hydropsalis cayennensis,,,,,F
Hydropsalis maculicaudus,Antiurus maculicaudus,,,,,
Hydropsalis climacocerca,Hydropsalis climacocerca,,,,,
Hydropsalis torquata,Hydropsalis torquata,,,,,B
Macropsalis forcipata,Macropsalis forcipata,,,,,F
Siphonorhis brewsteri,Siphonorhis brewsteri,,,,,
Siphonorhis americana,Siphonorhis americana,,,,,
Nyctiphrynus rosenbergi,Nyctiphrynus rosenbergi,,,,,
Nyctiphrynus mcleodii,Nyctiphrynus mcleodii,,,,,
Nyctiphrynus yucatanicus,Nyctiphrynus yucatanicus,,,,,
Nyctiphrynus ocellatus,Nyctiphrynus ocellatus,19,21,,,B
Phalaenoptilus nuttallii,Phalaenoptilus nuttallii,20,21,20,23,B
Antrostomus carolinensis,Antrostomus carolinensis,20,,16,,F
Antrostomus rufus,Antrostomus rufus,,,,,F
Antrostomus cubanensis,Antrostomus cubanensis,,,,,B
Antrostomus ekmani,Antrostomus ekmani,,,,,
Antrostomus salvini,Antrostomus salvini,,,,,
Antrostomus badius,Antrostomus badius,,,,,
Antrostomus sericocaudatus,Antrostomus sericocaudatus,18,,11,12,B
Antrostomus ridgwayi,Antrostomus ridgwayi,,,,,
Antrostomus vociferus,Antrostomus vociferus,19,21,15,,B
Antrostomus arizonae,Antrostomus arizonae,,,,,B
Antrostomus noctitherus,Antrostomus noctitherus,18,20,14,,B
Antrostomus saturatus,Antrostomus saturatus,,,,,
Veles binotatus,Veles binotatus,,,,,
Caprimulgus ruficollis,Caprimulgus ruficollis,14,19,16,18,F
Caprimulgus indicus,Caprimulgus indicus,16,19,17,,F
Caprimulgus jotaka,Caprimulgus jotaka,16,19,17,,F
Caprimulgus phalaena,Caprimulgus phalaena,,,,,
Caprimulgus europaeus,Caprimulgus europaeus,17,21,16,17,B
Caprimulgus fraenatus,Caprimulgus fraenatus,,,,,F
Caprimulgus rufigena,Caprimulgus rufigena,15,17,18,20,
Caprimulgus aegyptius,Caprimulgus aegyptius,,,28,,F
Caprimulgus mahrattensis,Caprimulgus mahrattensis,17,18,,,F
Caprimulgus nubicus,Caprimulgus nubicus,,,,,
Caprimulgus eximius,Caprimulgus eximius,,,,,
Caprimulgus atripennis,Caprimulgus atripennis,,,,,B
Caprimulgus macrurus,Caprimulgus macrurus,16,22,14,35,F
Caprimulgus meesi,Caprimulgus meesi,,,,,
,Caprimulgus ritae,,,,,
Caprimulgus andamanicus,Caprimulgus andamanicus,,,,,F
Caprimulgus manillensis,Caprimulgus manillensis,,,,,
Caprimulgus celebensis,Caprimulgus celebensis,,,,,
Caprimulgus donaldsoni,Caprimulgus donaldsoni,,,,,
Caprimulgus pectoralis,Caprimulgus pectoralis,18,,18,,F
Caprimulgus poliocephalus,Caprimulgus poliocephalus,,,,,F
Caprimulgus asiaticus,Caprimulgus asiaticus,,,,,B
Caprimulgus madagascariensis,Caprimulgus madagascariensis,,,,,F
Caprimulgus natalensis,Caprimulgus natalensis,,20,,,B
Caprimulgus solala,Caprimulgus solala,,,,,
Caprimulgus inornatus,Caprimulgus inornatus,,,,,
Caprimulgus stellatus,Caprimulgus stellatus,,,,,
Caprimulgus affinis,Caprimulgus affinis,,,,,B
,Caprimulgus griseatus,,,,,
Caprimulgus tristigma,Caprimulgus tristigma,17,19,20,,F
Caprimulgus concretus,Caprimulgus concretus,,,,,
Caprimulgus pulchellus,Caprimulgus pulchellus,,,,,
Caprimulgus prigoginei,Caprimulgus prigoginei,,,,,
Caprimulgus batesi,Caprimulgus batesi,,,,,
Caprimulgus climacurus,Caprimulgus climacurus,,,,,
Caprimulgus clarus,Caprimulgus clarus,,,,,
Caprimulgus fossii,Caprimulgus fossii,14,17,,,F
Caprimulgus longipennis,Caprimulgus longipennis,,,,,F
Caprimulgus vexillarius,Caprimulgus vexillarius,15,18,,,F
Steatornis caripensis,Steatornis caripensis,32,35,88,125,B
Phyllaemulor bracteatus,Phyllaemulor bracteatus,,,,,B
Nyctibius grandis,Nyctibius grandis,,,55,,B
Nyctibius aethereus,Nyctibius aethereus,21,28,17,29,
Nyctibius jamaicensis,Nyctibius jamaicensis,,,,,B
Nyctibius griseus,Nyctibius griseus,30,33,40,47,B
Nyctibius maculosus,Nyctibius maculosus,,,,,
Nyctibius leucopterus,Nyctibius leucopterus,33,,,,
Podargus ocellatus,Podargus ocellatus,,,,,B
Podargus papuensis,Podargus papuensis,,,,,B
Podargus strigoides,Podargus strigoides,28,32,25,35,B
Rigidipenna inexpectata,Rigidipenna inexpectata,,,,,
Batrachostomus auritus,Batrachostomus auritus,,,,,
Batrachostomus harterti,Batrachostomus harterti,17,,35,35,
Batrachostomus septimus,Batrachostomus septimus,,,,,
Batrachostomus stellatus,Batrachostomus stellatus,,,,,
Batrachostomus moniliger,Batrachostomus moniliger,,,,,B
Batrachostomus hodgsoni,Batrachostomus hodgsoni,,,,,B
Batrachostomus poliolophus,Batrachostomus poliolophus,,,,,B
Batrachostomus mixtus,Batrachostomus mixtus,,,,,
Batrachostomus javensis,Batrachostomus javensis,,,,,B
,Batrachostomus affinis,,,,,
,Batrachostomus chaseni,,,,,M
Batrachostomus cornutus,Batrachostomus cornutus,,,,,
Aegotheles insignis,Aegotheles insignis,,,,,
Aegotheles tatei,Aegotheles tatei,,,,,
Aegotheles crinifrons,Aegotheles crinifrons,,,,,
Aegotheles wallacii,Aegotheles wallacii,,,,,
Aegotheles archboldi,,,,,,
Aegotheles albertisi,Aegotheles albertisi,,,,,
Aegotheles savesi,Aegotheles savesi,,,,,
Aegotheles bennettii,Aegotheles bennettii,,,,,
Aegotheles affinis,Aegotheles affinis,,,,,
,Aegotheles terborghi,,,,,
Aegotheles cristatus,Aegotheles cristatus,25,27,21,32,B
Hemiprocne coronata,Hemiprocne coronata,,,28,,B
Hemiprocne longipennis,Hemiprocne longipennis,,,,,B
Hemiprocne comata,Hemiprocne comata,21,,28,,B
Hemiprocne mystacea,Hemiprocne mystacea,,,,,B
Cypseloides cherriei,Cypseloides cherriei,26,28,65,70,
Cypseloides cryptus,Cypseloides cryptus,30,,55,58,
Cypseloides storeri,Cypseloides storeri,,,,,
Cypseloides fumigatus,Cypseloides fumigatus,,,,,
Cypseloides rothschildi,Cypseloides rothschildi,,,,,
Cypseloides niger,Cypseloides niger,23,27,40,61,B
Cypseloides lemosi,Cypseloides lemosi,,,,,
Cypseloides senex,Cypseloides senex,,,,,
Streptoprocne phelpsi,Streptoprocne phelpsi,,,,,
Streptoprocne rutila,Streptoprocne rutila,24,26,40,42,
Streptoprocne zonaris,Streptoprocne zonaris,30,35,45,55,B
Streptoprocne biscutata,Streptoprocne biscutata,24,24,13,33,B
Streptoprocne semicollaris,Streptoprocne semicollaris,,,,,
Hydrochous gigas,Hydrochous gigas,,,,,
,Collocalia affinis,20,28,35,58,B
,Collocalia marginata,,,,,
,Collocalia isonota,,,,,
,Collocalia sumbawae,19,24,28,50,B
,Collocalia neglecta,,,,,
Collocalia esculenta,Collocalia esculenta,19,24,28,50,B
,Collocalia uropygialis,19,24,28,50,B
,Collocalia dodgei,,,,,
Collocalia linchi,Collocalia linchi,,,,,
,Collocalia natalis,22,25,40,45,B
Collocalia troglodytes,Collocalia troglodytes,,,,,
Aerodramus elaphrus,Aerodramus elaphrus,25,30,42,,
Aerodramus francicus,Aerodramus francicus,21,23,45,55,
Aerodramus unicolor,Aerodramus unicolor,,,,,
Aerodramus mearnsi,Aerodramus mearnsi,,,,,
Aerodramus infuscatus,Aerodramus infuscatus,,,,,
Aerodramus hirundinaceus,Aerodramus hirundinaceus,,,,,
Aerodramus spodiopygius,Aerodramus spodiopygius,22,25,45,46,B
Aerodramus terraereginae,Aerodramus terraereginae,26.5,,46,51,B
Aerodramus brevirostris,Aerodramus brevirostris,,,,,
Aerodramus vulcanorum,Aerodramus vulcanorum,,,,,
Aerodramus whiteheadi,Aerodramus whiteheadi,,,,,
Aerodramus nuditarsus,Aerodramus nuditarsus,,,,,
Aerodramus orientalis,Aerodramus orientalis,,,,,
Aerodramus salangana,Aerodramus salangana,19,27,41,56,B
Aerodramus vanikorensis,Aerodramus vanikorensis,,,,,
,Aerodramus amelis,,,,,
Aerodramus pelewensis,Aerodramus pelewensis,,,,,
Aerodramus bartschi,Aerodramus bartschi,,,,,
Aerodramus inquietus,Aerodramus inquietus,,,,,
Aerodramus leucophaeus,Aerodramus leucophaeus,,,,,
Aerodramus sawtelli,Aerodramus sawtelli,,,53,,B
,Aerodramus ocistus,,,,,B
Aerodramus maximus,Aerodramus maximus,24,32,52,65,B
Aerodramus fuciphagus,Aerodramus fuciphagus,23,25,39,52,
Aerodramus papuensis,Aerodramus papuensis,,,,,
Schoutedenapus myoptilus,Schoutedenapus myoptilus,,,,,
Mearnsia picina,Mearnsia picina,,,,,
Mearnsia novaeguineae,Mearnsia novaeguineae,,,,,
Zoonavena grandidieri,Zoonavena grandidieri,,,,,
Zoonavena thomensis,Zoonavena thomensis,,,,,
Zoonavena sylvatica,Zoonavena sylvatica,,,,,
Telacanthura ussheri,Telacanthura ussheri,,,,,
Telacanthura melanopygia,Telacanthura melanopygia,,,,,
Rhaphidura leucopygialis,Rhaphidura leucopygialis,,,,,
Rhaphidura sabini,Rhaphidura sabini,,,,,
Neafrapus cassini,Neafrapus cassini,,,,,
Neafrapus boehmi,Neafrapus boehmi,14,,,28,
Hirundapus caudacutus,Hirundapus caudacutus,40,,40,42,B
Hirundapus cochinchinensis,Hirundapus cochinchinensis,,,,,
Hirundapus giganteus,Hirundapus giganteus,,,,,
Hirundapus celebensis,Hirundapus celebensis,,,,,
Chaetura cinereiventris,Chaetura cinereiventris,,,,,B
Chaetura spinicaudus,Chaetura spinicaudus,,,,,
Chaetura martinica,Chaetura martinica,,,,,
Chaetura fumosa,Chaetura fumosa,,,,,
Chaetura egregia,Chaetura egregia,,,,,
Chaetura pelagica,Chaetura pelagica,16,21,28,30,B
Chaetura vauxi,Chaetura vauxi,19,,20,30,B
Chaetura chapmani,Chaetura chapmani,17,18,,,
Chaetura andrei,Chaetura andrei,,,,,
Chaetura meridionalis,Chaetura meridionalis,,,35,,B
Chaetura brachyura,Chaetura brachyura,17,18,22,23,B
Aeronautes saxatalis,Aeronautes saxatalis,20,27,40,46,
Aeronautes montivagus,Aeronautes montivagus,,,,,
Aeronautes andecolus,Aeronautes andecolus,,,,,
Tachornis phoenicobia,Tachornis phoenicobia,,,,,
Tachornis furcata,Tachornis furcata,,,,,
Tachornis squamata,Tachornis squamata,19,21,,,
Panyptila sanctihieronymi,Panyptila sanctihieronymi,,,,,
Panyptila cayennensis,Panyptila cayennensis,,,,,
Cypsiurus parvus,Cypsiurus parvus,20,,,,B
Cypsiurus gracilis,Cypsiurus gracilis,20,,29,35,B
Cypsiurus balasiensis,Cypsiurus balasiensis,18,,28.5,,B
Tachymarptis melba,Tachymarptis melba,17,23,53,66,B
Tachymarptis aequatorialis,Tachymarptis aequatorialis,,,,,B
Apus alexandri,Apus alexandri,,,,,
Apus apus,Apus apus,19.5,,37,56,B
Apus unicolor,Apus unicolor,20,,37,46,B
Apus niansae,Apus niansae,19,,41,,B
Apus pallidus,Apus pallidus,21.5,,46.5,,B
Apus barbatus,Apus barbatus,,,,,
Apus balstoni,Apus balstoni,,,,,
Apus sladeniae,,,,,,
Apus berliozi,Apus berliozi,,,,,
Apus bradfieldi,Apus bradfieldi,,,,,
Apus pacificus,Apus pacificus,17,,40.5,,B
,Apus salimalii,,,,,
,Apus leuconyx,18,19,,,B
,Apus cooki,,,,,
Apus acuticauda,Apus acuticauda,,,,,
Apus affinis,Apus affinis,22,24,,,B
Apus nipalensis,Apus nipalensis,18,26,36,51,
Apus horus,Apus horus,28,,42,,
Apus caffer,Apus caffer,21,22.5,42,46,B
Apus batesi,Apus batesi,,,,,
Topaza pella,Topaza pella,,,21,,F
Topaza pyra,Topaza pyra,,,,,F
Florisuga mellivora,Florisuga mellivora,,,16,19,
Florisuga fusca,Florisuga fusca,16,17,22,25,F
Eutoxeres aquila,Eutoxeres aquila,16,17,22,25,F
Eutoxeres condamini,Eutoxeres condamini,16,18,22,24,F
Ramphodon naevius,Ramphodon naevius,,,20,23,
Glaucis dohrnii,Glaucis dohrnii,14,15,18,27,F
Glaucis aeneus,Glaucis aeneus,,,,,
Glaucis hirsutus,Glaucis hirsutus,17,19,20,25,F
Threnetes ruckeri,Threnetes ruckeri,15,18,23,25,F
Threnetes leucurus,Threnetes leucurus,16,18,21,25,F
Threnetes niger,Threnetes niger,16,18,23,24,F
Anopetia gounellei,Anopetia gounellei,,14,,20,B
Phaethornis squalidus,Phaethornis squalidus,14,16,20,24,F
Phaethornis rupurumii,Phaethornis rupurumii,,,,,
Phaethornis longuemareus,Phaethornis longuemareus,,,,,
Phaethornis aethopygus,Phaethornis aethopygus,,,,,
Phaethornis idaliae,Phaethornis idaliae,14,,20,,F
Phaethornis nattereri,Phaethornis nattereri,,,,,
Phaethornis atrimentalis,Phaethornis atrimentalis,,,,,
Phaethornis striigularis,Phaethornis striigularis,15,16,20,23,F
Phaethornis griseogularis,Phaethornis griseogularis,,,21,23,F
Phaethornis porcullae,,,,21,23,
Phaethornis ruber,Phaethornis ruber,14,17,15,25,F
Phaethornis stuarti,Phaethornis stuarti,,,,,
Phaethornis subochraceus,Phaethornis subochraceus,14,15,20,,F
Phaethornis augusti,Phaethornis augusti,20,,26,,
Phaethornis pretrei,Phaethornis pretrei,12,15,16,20,F
Phaethornis eurynome,Phaethornis eurynome,17,,22,23,F
Phaethornis anthophilus,Phaethornis anthophilus,,,,,
Phaethornis hispidus,Phaethornis hispidus,,,20,22,
Phaethornis yaruqui,Phaethornis yaruqui,,,,,
Phaethornis guy,Phaethornis guy,17,18,21,27,F
Phaethornis syrmatophorus,Phaethornis syrmatophorus,,,,,
Phaethornis koepckeae,Phaethornis koepckeae,,,,,
Phaethornis philippii,Phaethornis philippii,,,,,
Phaethornis bourcieri,Phaethornis bourcieri,17,18,23,,F
Phaethornis major,,,,,,
Phaethornis mexicanus,Phaethornis mexicanus,,,,,
Phaethornis longirostris,Phaethornis longirostris,17,18,22,23,F
Phaethornis baroni,,,,,,
Phaethornis superciliosus,Phaethornis superciliosus,15,18,21,22,F
Phaethornis malaris,Phaethornis malaris,14,15,20,23,F
Doryfera ludovicae,Doryfera ludovicae,19,,25,27,F
Doryfera johannae,Doryfera johannae,,,20,,F
Schistes albogularis,Schistes albogularis,,,,,
Schistes geoffroyi,Schistes geoffroyi,15,16,20,22,F
Augastes scutatus,Augastes scutatus,15,16,19,25,F
Augastes lumachella,Augastes lumachella,15,16,20,24,F
Colibri delphinae,Colibri delphinae,,,,,
Colibri thalassinus,Colibri thalassinus,16,17,23,28,
,Colibri cyanotus,16,16,,,F
Colibri coruscans,Colibri coruscans,17,18,20,22,F
Colibri serrirostris,Colibri serrirostris,15,16,22,25,F
Androdon aequatorialis,Androdon aequatorialis,,,,,
Heliactin bilophus,Heliactin bilophus,13,,20,22,F
Heliothryx barroti,Heliothryx barroti,16,17,20,24,F
Heliothryx auritus,Heliothryx auritus,15,16,23,26,F
Polytmus guainumbi,Polytmus guainumbi,14,15,20,22,F
Polytmus milleri,Polytmus milleri,15,16,,,F
Polytmus theresiae,Polytmus theresiae,14,,20,28,F
Avocettula recurvirostris,Avocettula recurvirostris,,,,,F
Chrysolampis mosquitus,Chrysolampis mosquitus,15,16,19,22,F
Anthracothorax mango,Anthracothorax mango,,,,,F
Anthracothorax viridigula,Anthracothorax viridigula,14,15,24,25,F
Anthracothorax prevostii,Anthracothorax prevostii,,,,,
Anthracothorax veraguensis,Anthracothorax veraguensis,,,,,
Anthracothorax nigricollis,Anthracothorax nigricollis,13,18,20,24,F
Anthracothorax dominicus,Anthracothorax dominicus,,,,,
Anthracothorax aurulentus,Anthracothorax aurulentus,15,,22,25,F
Anthracothorax viridis,Anthracothorax viridis,,,,,
Eulampis holosericeus,Eulampis holosericeus,17,19,20,22,F
Eulampis jugularis,Eulampis jugularis,17,19,17,20,F
Heliangelus mavors,Heliangelus mavors,,,,,F
Heliangelus amethysticollis,Heliangelus amethysticollis,,,,,F
Heliangelus clarisse,Heliangelus clarisse,,,,,F
Heliangelus spencei,Heliangelus spencei,,,,,
Heliangelus strophianus,Heliangelus strophianus,,,,,F
Heliangelus exortis,Heliangelus exortis,,,,,F
Heliangelus micraster,Heliangelus micraster,,,,,F
Heliangelus viola,Heliangelus viola,,,,,F
Heliangelus regalis,Heliangelus regalis,,,,,F
Sephanoides sephaniodes,Sephanoides sephaniodes,12,21,18,,F
Sephanoides fernandensis,Sephanoides fernandensis,,,,,
Discosura conversii,Discosura conversii,,,,,
Discosura popelairii,Discosura popelairii,,,,,
Discosura langsdorffi,Discosura langsdorffi,13,,20,,F
Discosura letitiae,Discosura letitiae,,,,,
Discosura longicaudus,Discosura longicaudus,13,14,20,22,F
Lophornis ornatus,Lophornis ornatus,13,14,20,,F
Lophornis gouldii,Lophornis gouldii,14,,22,,F
Lophornis magnificus,Lophornis magnificus,12,13,20,,F
Lophornis brachylophus,Lophornis brachylophus,,,,,
Lophornis delattrei,Lophornis delattrei,,,,,
Lophornis stictolophus,Lophornis stictolophus,,,,,
Lophornis chalybeus,Lophornis chalybeus,13,14,22,,F
Lophornis verreauxii,Lophornis verreauxii,,,,,
Lophornis pavoninus,Lophornis pavoninus,13,14,20,,F
Lophornis helenae,Lophornis helenae,,,,,
Lophornis adorabilis,Lophornis adorabilis,,,21,22,F
Phlogophilus hemileucurus,Phlogophilus hemileucurus,,,,,F
Phlogophilus harterti,Phlogophilus harterti,,,,,
Adelomyia melanogenys,Adelomyia melanogenys,17,18,20,24,F
Aglaiocercus kingii,Aglaiocercus kingii,15,17,21,24,F
Aglaiocercus coelestis,Aglaiocercus coelestis,15,17,26,30,F
Aglaiocercus berlepschi,Aglaiocercus berlepschi,,,,,F
Sappho sparganurus,Sappho sparganurus,19,20,31,32,F
Polyonymus caroli,Polyonymus caroli,,,,,F
Taphrolesbia griseiventris,Taphrolesbia griseiventris,,,,,F
Oreotrochilus estella,Oreotrochilus estella,20,,,38,
Oreotrochilus leucopleurus,Oreotrochilus leucopleurus,,,,,
Oreotrochilus chimborazo,Oreotrochilus chimborazo,,,,,F
Oreotrochilus cyanolaemus,Oreotrochilus cyanolaemus,,,,,
Oreotrochilus stolzmanni,Oreotrochilus stolzmanni,19,21,36,40,F
Oreotrochilus melanogaster,Oreotrochilus melanogaster,,,,,
Oreotrochilus adela,Oreotrochilus adela,,,,,
Opisthoprora euryptera,Opisthoprora euryptera,,,,,
Lesbia victoriae,Lesbia victoriae,18,19,29,31,F
Lesbia nuna,Lesbia nuna,,,,,
Ramphomicron dorsale,Ramphomicron dorsale,,,,,
Ramphomicron microrhynchum,Ramphomicron microrhynchum,16,,,,F
Oreonympha nobilis,Oreonympha nobilis,,,,,
Oreonympha albolimbata,,,,,,
Oxypogon stuebelii,Oxypogon stuebelii,,,,,
Oxypogon cyanolaemus,Oxypogon cyanolaemus,,,,,
Oxypogon lindenii,Oxypogon lindenii,21,23,35,38,F
Oxypogon guerinii,Oxypogon guerinii,21,23,25,28,F
Chalcostigma heteropogon,Chalcostigma heteropogon,,,,,F
Chalcostigma herrani,Chalcostigma herrani,,,,,F
Chalcostigma ruficeps,Chalcostigma ruficeps,,,,,F
Chalcostigma olivaceum,Chalcostigma olivaceum,,,,,F
Chalcostigma stanleyi,Chalcostigma stanleyi,,,,,F
Metallura tyrianthina,Metallura tyrianthina,,,,,F
Metallura iracunda,Metallura iracunda,,,,,
Metallura williami,Metallura williami,,,,,F
Metallura baroni,Metallura baroni,,,,,F
Metallura odomae,Metallura odomae,,,,,F
Metallura theresiae,Metallura theresiae,,,,,F
Metallura eupogon,Metallura eupogon,,,,,F
Metallura aeneocauda,Metallura aeneocauda,,,,,F
Metallura phoebe,Metallura phoebe,,,,,F
Haplophaedia aureliae,Haplophaedia aureliae,,,,,F
Haplophaedia assimilis,Haplophaedia assimilis,,,,,F
Haplophaedia lugens,Haplophaedia lugens,15,17,20,24,F
Eriocnemis nigrivestis,Eriocnemis nigrivestis,,,,,F
Eriocnemis isabellae,Eriocnemis isabellae,,,,,
Eriocnemis vestita,Eriocnemis vestita,,,,,F
Eriocnemis derbyi,Eriocnemis derbyi,,,,,F
Eriocnemis godini,Eriocnemis godini,,,,,F
Eriocnemis cupreoventris,Eriocnemis cupreoventris,,,,,F
Eriocnemis luciani,Eriocnemis luciani,,,,,
Eriocnemis sapphiropygia,,,,,,F
Eriocnemis mosquera,Eriocnemis mosquera,,,,,F
Eriocnemis glaucopoides,Eriocnemis glaucopoides,,,,,F
Eriocnemis mirabilis,Eriocnemis mirabilis,,,,,
Eriocnemis aline,Eriocnemis aline,,,,,
Loddigesia mirabilis,Loddigesia mirabilis,,,,,
Aglaeactis cupripennis,Aglaeactis cupripennis,16,18,24,27,F
Aglaeactis castelnaudii,Aglaeactis castelnaudii,,,,,
Aglaeactis aliciae,Aglaeactis aliciae,,,,,
Aglaeactis pamela,Aglaeactis pamela,,,,,
Coeligena coeligena,Coeligena coeligena,15,16,22,24,F
Coeligena wilsoni,Coeligena wilsoni,15,16,22,26,F
Coeligena prunellei,Coeligena prunellei,,,,,
Coeligena conradii,Coeligena conradii,,,,,
Coeligena torquata,Coeligena torquata,,,,,F
Coeligena eisenmanni,,,,,,
Coeligena inca,Coeligena inca,,,,,
Coeligena violifer,Coeligena violifer,,,,,
Coeligena dichroura,,,,,,
Coeligena albicaudata,,,,,,
Coeligena osculans,,,,,,
Coeligena iris,Coeligena iris,,,,,
Coeligena phalerata,Coeligena phalerata,,,,,
Coeligena orina,Coeligena orina,,,,,
Coeligena lutetiae,Coeligena lutetiae,15,17,,,F
Coeligena consita,Coeligena consita,,,,,
Coeligena bonapartei,Coeligena bonapartei,,,,,
Coeligena eos,Coeligena eos,,,,,
Coeligena helianthea,Coeligena helianthea,,,,,
Lafresnaya lafresnayi,Lafresnaya lafresnayi,16,19,23,26,F
Ensifera ensifera,Ensifera ensifera,,,,,
Pterophanes cyanopterus,Pterophanes cyanopterus,16,18,26,29,F
Boissonneaua flavescens,Boissonneaua flavescens,,,,,F
Boissonneaua matthewsii,Boissonneaua matthewsii,,,,,F
Boissonneaua jardini,Boissonneaua jardini,,,,,F
Ocreatus underwoodii,Ocreatus underwoodii,16,17,19,22,F
,Ocreatus peruanus,16,17,19,22,F
,Ocreatus addae,16,17,19,22,F
Urochroa bougueri,Urochroa bougueri,16,18,21,25,F
Urochroa leucura,Urochroa leucura,,,,,
Urosticte benjamini,Urosticte benjamini,16,18,,,F
Urosticte ruficrissa,Urosticte ruficrissa,15,18,22,24,F
Heliodoxa xanthogonys,Heliodoxa xanthogonys,,,,,
Heliodoxa gularis,Heliodoxa gularis,,,,,
Heliodoxa branickii,Heliodoxa branickii,,,,,F
Heliodoxa schreibersii,Heliodoxa schreibersii,,,,,F
Heliodoxa whitelyana,,,,,,
Heliodoxa aurescens,Heliodoxa aurescens,,,,,F
Heliodoxa rubinoides,Heliodoxa rubinoides,,,,,F
Heliodoxa jacula,Heliodoxa jacula,,,,,
Heliodoxa imperatrix,Heliodoxa imperatrix,,,22,25,
Heliodoxa leadbeateri,Heliodoxa leadbeateri,,,,,F
Clytolaema rubricauda,Heliodoxa rubricauda,15,16,25,,F
Patagona gigas,Patagona gigas,12,13,,,F
Sternoclyta cyanopectus,Sternoclyta cyanopectus,,,,,F
Hylonympha macrocerca,Hylonympha macrocerca,,,,,
Eugenes fulgens,Eugenes fulgens,15,16,,,F
Eugenes spectabilis,Eugenes spectabilis,,,25,25,
Panterpe insignis,Panterpe insignis,,,,,
Heliomaster longirostris,Heliomaster longirostris,18.5,19,25,26,
Heliomaster constantii,Heliomaster constantii,,,,,
Heliomaster squamosus,Heliomaster squamosus,14,16,21,24,F
Heliomaster furcifer,Heliomaster furcifer,15,16,20,25,F
Lampornis hemileucus,Lampornis hemileucus,,,,,
Lampornis clemenciae,Lampornis clemenciae,15,18,24,29,F
Lampornis amethystinus,Lampornis amethystinus,,,,,F
Lampornis viridipallens,Lampornis viridipallens,,,,,
Lampornis sybillae,Lampornis sybillae,,,,,
Lampornis calolaemus,Lampornis calolaemus,,,,,
Lampornis cinereicauda,,17,18,22,23,
Lampornis castaneoventris,Lampornis castaneoventris,17,18,22,23,
Lamprolaima rhami,Lamprolaima rhami,,,,,F
Calliphlox amethystina,Calliphlox amethystina,13,14,20,22,F
Myrtis fanny,Myrtis fanny,15,16,19,22,F
Rhodopis vesper,Rhodopis vesper,15,16,22,24,F
Myrmia micrura,Myrmia micrura,15,16,20,23,F
Thaumastura cora,Thaumastura cora,15,16,20,23,F
Philodice bryantae,Philodice bryantae,,,,,
Philodice mitchellii,Philodice mitchellii,15,17,,,F
Eulidia yarrellii,Eulidia yarrellii,,,,,
Microstilbon burmeisteri,Microstilbon burmeisteri,,,,,
Chaetocercus mulsant,Chaetocercus mulsant,,,,,
Chaetocercus bombus,Chaetocercus bombus,,,,,
Chaetocercus heliodor,Chaetocercus heliodor,,,,,
Chaetocercus astreans,Chaetocercus astreans,,,,,
Chaetocercus berlepschi,Chaetocercus berlepschi,,,,,
Chaetocercus jourdanii,Chaetocercus jourdanii,,,,,
Tilmatura dupontii,Tilmatura dupontii,,,,,
Doricha enicura,Doricha enicura,,,,,
Doricha eliza,Doricha eliza,,,,,
Calothorax lucifer,Calothorax lucifer,15,,19,24,F
Calothorax pulcher,Calothorax pulcher,15,16,19,22,F
Archilochus alexandri,Archilochus alexandri,15,,15,20,F
Archilochus colubris,Archilochus colubris,16,,15,28,F
Mellisuga minima,Mellisuga minima,12,,19,22,F
Mellisuga helenae,Mellisuga helenae,21,22,18,,F
Nesophlox evelynae,Nesophlox evelynae,15,16,20,24,F
Nesophlox lyrura,Nesophlox lyrura,,,,,F
Calypte anna,Calypte anna,14,19,18,26,F
Calypte costae,Calypte costae,15,16,20,,F
Selasphorus calliope,Selasphorus calliope,15,16,18,21,F
Selasphorus rufus,Selasphorus rufus,15,17,20,21,F
Selasphorus sasin,Selasphorus sasin,15,22,22,25,F
Selasphorus platycercus,Selasphorus platycercus,16,17,18,26,F
Selasphorus heloisa,Selasphorus heloisa,,,,,
Selasphorus ellioti,Selasphorus ellioti,,,,,
Selasphorus flammula,Selasphorus flammula,,,,,
Selasphorus scintilla,Selasphorus scintilla,,,,,
Selasphorus ardens,Selasphorus ardens,,,,,
Phaeoptila sordida,Phaeoptila sordida,,,,,
Riccordia ricordii,Riccordia ricordii,15,16,19,22,F
Riccordia bracei,Riccordia bracei,,,,,
Riccordia swainsonii,Riccordia swainsonii,15,16,20,22,F
Riccordia maugaeus,Riccordia maugaeus,14,16,20,22,F
Riccordia bicolor,Riccordia bicolor,16,18,20,23,F
Riccordia elegans,,,,,,
Cynanthus latirostris,Cynanthus latirostris,,,,,F
Cynanthus lawrencei,Cynanthus lawrencei,,,,,F
Cynanthus doubledayi,Cynanthus doubledayi,,,,,F
Cynanthus auriceps,Cynanthus auriceps,,,,,F
Cynanthus forficatus,Cynanthus forficatus,,,,,
Cynanthus canivetii,Cynanthus canivetii,,,,,
Chlorostilbon assimilis,Chlorostilbon assimilis,,,,,
,Chlorostilbon melanorhynchus,,,,,
Chlorostilbon gibsoni,Chlorostilbon gibsoni,,,,,
Chlorostilbon mellisugus,Chlorostilbon mellisugus,13,19,18,20,F
Chlorostilbon olivaresi,Chlorostilbon olivaresi,,,,,
Chlorostilbon lucidus,Chlorostilbon lucidus,14,18,20,22,F
Chlorostilbon russatus,Chlorostilbon russatus,15,16,20,,F
Chlorostilbon stenurus,Chlorostilbon stenurus,15,16,20,,F
Chlorostilbon alice,Chlorostilbon alice,14,,20,22,F
Chlorostilbon poortmani,Chlorostilbon poortmani,15,16,20,22,F
Basilinna leucotis,Basilinna leucotis,14,16,23,28,F
Basilinna xantusii,Basilinna xantusii,15,16,20,22,F
Pampa curvipennis,Pampa curvipennis,,,,,
,,,,,,
Pampa rufa,Pampa rufa,15,16,23,26,F
Abeillia abeillei,Abeillia abeillei,,,,,
Klais guimeti,Klais guimeti,16,,,,
Orthorhyncus cristatus,Orthorhyncus cristatus,17,19,19,21,F
Anthocephala floriceps,Anthocephala floriceps,,,,,
Anthocephala berlepschi,Anthocephala berlepschi,,,,,
Stephanoxis lalandi,Stephanoxis lalandi,14,16,24,28,F
Stephanoxis loddigesii,Stephanoxis loddigesii,14,16,,,F
Campylopterus largipennis,Campylopterus largipennis,,,22,,
Campylopterus calcirupicola,Campylopterus calcirupicola,,,,,
Campylopterus diamantinensis,Campylopterus diamantinensis,,,,,
Campylopterus hyperythrus,Campylopterus hyperythrus,,,20,,F
Campylopterus ensipennis,Campylopterus ensipennis,,,,,F
Campylopterus falcatus,Campylopterus falcatus,,,,,
Campylopterus phainopeplus,Campylopterus phainopeplus,,,,,
Campylopterus hemileucurus,Campylopterus hemileucurus,19,22,22,24,F
Campylopterus duidae,Campylopterus duidae,,,,,
Campylopterus villaviscensio,Campylopterus villaviscensio,,,,,
Chalybura urochrysia,Chalybura urochrysia,,,,,
Chalybura buffonii,Chalybura buffonii,,,21,,
Thalurania colombica,Thalurania colombica,,,,,
Thalurania furcata,Thalurania furcata,15,,22,25,
Thalurania watertonii,Thalurania watertonii,14,15,20,,F
Thalurania glaucopis,Thalurania glaucopis,15,,20,25,F
Microchera albocoronata,Microchera albocoronata,,,,,
Microchera cupreiceps,Microchera cupreiceps,,,,,
Microchera chionura,Microchera chionura,,,,,
Goldmania violiceps,Goldmania violiceps,,,,,
Goldmania bella,Goldmania bella,,,,,
Eupherusa ridgwayi,Eupherusa ridgwayi,,,,,
Eupherusa poliocerca,Eupherusa poliocerca,,,,,
Eupherusa cyanophrys,Eupherusa cyanophrys,,,,,F
Eupherusa eximia,Eupherusa eximia,,,,,
Eupherusa nigriventris,Eupherusa nigriventris,16,,,,
Phaeochroa cuvierii,Phaeochroa cuvierii,17,19,22,29,
Leucippus fallax,Leucippus fallax,20,23,21,25,F
Thaumasius baeri,Thaumasius baeri,,,,,F
Thaumasius taczanowskii,Thaumasius taczanowskii,,,,,F
Taphrospilus hypostictus,Taphrospilus hypostictus,14,15,20,22,F
Eupetomena macroura,Eupetomena macroura,15,16,22,25,F
Eupetomena cirrochloris,Eupetomena cirrochloris,15,16,28,,F
Talaphorus chlorocercus,Talaphorus chlorocercus,14,15,20,,F
Trochilus polytmus,Trochilus polytmus,17,19,19,24,F
Trochilus scitulus,Trochilus scitulus,17,19,,,F
Leucolia violiceps,Ramosomyia violiceps,,,,,F
Leucolia viridifrons,Ramosomyia viridifrons,,,,,F
Leucolia wagneri,,,,,,F
Saucerottia cyanocephala,Saucerottia cyanocephala,,,,,F
,Saucerottia hoffmanni,,,,,
Saucerottia beryllina,Saucerottia beryllina,,,20,,F
Saucerottia cyanura,Saucerottia cyanura,,,,,
Saucerottia edward,Saucerottia edward,,,,,F
Saucerottia saucerottei,Saucerottia saucerottei,,,,,F
Amazilia cyanifrons,Saucerottia cyanifrons,,,,,F
Amazilia alfaroana,,,,,,
Saucerottia castaneiventris,Saucerottia castaneiventris,,,,,F
Saucerottia viridigaster,Saucerottia viridigaster,,,,,F
Saucerottia cupreicauda,Saucerottia cupreicauda,,,,,F
Saucerottia tobaci,Saucerottia tobaci,16,19,19,23,F
Amazilia rutila,Amazilia rutila,,,,,F
Amazilia yucatanensis,Amazilia yucatanensis,,,,,F
Amazilia tzacatl,Amazilia tzacatl,15,16,18,22,F
Amazilia luciae,Amazilia luciae,,,,,F
Amazilis amazilia,Amazilis amazilia,16,18,17,25,F
Amazilia franciae,Uranomitra franciae,,,,,F
Chrysuronia goudoti,Chrysuronia goudoti,,,,,
Chrysuronia oenone,Chrysuronia oenone,14,,28,,
Chrysuronia versicolor,Chrysuronia versicolor,14,,20,32,F
Amazilia boucardi,Chrysuronia boucardi,,,,,F
Chrysuronia coeruleogularis,Chrysuronia coeruleogularis,15,16,19,22,F
Chrysuronia lilliae,Chrysuronia lilliae,,,,,
Chrysuronia humboldtii,Chrysuronia humboldtii,,,,,
Chrysuronia grayi,Chrysuronia grayi,,,,,
Chrysuronia brevirostris,Chrysuronia brevirostris,,,20,,F
Chrysuronia leucogaster,Chrysuronia leucogaster,14,,20,25,F
Leucochloris albicollis,Leucochloris albicollis,14,,20,25,F
Chionomesa fimbriata,Chionomesa fimbriata,14,17,18,22,F
Chionomesa lactea,Chionomesa lactea,14,,22,23,F
Chionomesa bartletti,,,,,,F
Hylocharis sapphirina,Hylocharis sapphirina,14,16,22,27,F
Hylocharis chrysura,Hylocharis chrysura,14,15,20,28,F
Elliotomyia chionogaster,Elliotomyia chionogaster,14,15,19,22,F
Elliotomyia viridicauda,Elliotomyia viridicauda,,,,,F
Polyerata amabilis,Polyerata amabilis,,,,,F
Polyerata decora,Polyerata decora,,,,,
Polyerata rosenbergi,Polyerata rosenbergi,15,17,20,24,F
Chlorestes candida,Chlorestes candida,,,,,F
Chlorestes eliciae,Chlorestes eliciae,,,,,
Chlorestes cyanus,Chlorestes cyanus,14,15,20,26,F
Chlorestes julie,Chlorestes julie,15,,20,22,F
Chlorestes notata,Chlorestes notata,14,16,20,22,F
Corythaeola cristata,Corythaeola cristata,27,29,31,38,B
Corythaixoides personatus,Crinifer personatus,,,,,B
Corythaixoides leopoldi,,,,,,B
Corythaixoides concolor,Crinifer concolor,26,28,23,28,B
Criniferoides leucogaster,Crinifer leucogaster,,,,,B
Crinifer piscator,Crinifer piscator,27,28,,,B
Crinifer zonurus,Crinifer zonurus,,,,,B
Gallirex porphyreolophus,Gallirex porphyreolophus,22,23,38,,B
Gallirex johnstoni,Gallirex johnstoni,,,,,B
Tauraco leucotis,Menelikornis leucotis,22,23,25,26,B
Tauraco ruspolii,Menelikornis ruspolii,,,,,B
Musophaga violacea,Tauraco violaceus,25,26,,,B
Musophaga rossae,Tauraco rossae,24,26,,26,B
Tauraco macrorhynchus,Tauraco macrorhynchus,,,,,B
Tauraco bannermani,Tauraco bannermani,,,,,B
Tauraco leucolophus,Tauraco leucolophus,22,23,,,B
Tauraco erythrolophus,Tauraco erythrolophus,,,,,B
Tauraco persa,Tauraco persa,21,23,26,28,B
Tauraco livingstonii,Tauraco livingstonii,22,23,,,B
Tauraco schalowi,Tauraco schalowi,20,22,,,B
Tauraco corythaix,Tauraco corythaix,23,26,22,26,B
Tauraco schuettii,Tauraco schuettii,,,,,B
Tauraco fischeri,Tauraco fischeri,22,23,,,B
Tauraco hartlaubi,Tauraco hartlaubi,16,18,28,,B
Otis tarda,Otis tarda,25,25,30,35,F
Ardeotis arabs,Ardeotis arabs,,,,,
Ardeotis kori,Ardeotis kori,25,,,,
Ardeotis nigriceps,Ardeotis nigriceps,27,,35,40,
Ardeotis australis,Ardeotis australis,23,24,,,
Chlamydotis undulata,Chlamydotis undulata,23,24,35,,
Chlamydotis macqueenii,Chlamydotis macqueenii,24,28,35,,F
Neotis ludwigii,Neotis ludwigii,,,,,
Neotis denhami,Neotis denhami,,,,,
Neotis heuglinii,Neotis heuglinii,,,,,
Neotis nuba,Neotis nuba,,,,,
Eupodotis senegalensis,Eupodotis senegalensis,,,,,
Eupodotis caerulescens,Eupodotis caerulescens,24,28,,,
Heterotetrax vigorsii,Heterotetrax vigorsii,,,,,
Heterotetrax rueppelii,Heterotetrax rueppelii,,,,,
Heterotetrax humilis,Heterotetrax humilis,,,,,
Lophotis savilei,Lophotis savilei,,,,,
Lophotis gindiana,Lophotis gindiana,,,,,
Lophotis ruficrista,Lophotis ruficrista,,,,,
Afrotis afra,Afrotis afra,,,,,
Afrotis afraoides,Afrotis afraoides,19,21,,,
Lissotis melanogaster,Lissotis melanogaster,,,,,
Lissotis hartlaubii,Lissotis hartlaubii,,,,,
Houbaropsis bengalensis,Houbaropsis bengalensis,25,28,,,
Sypheotides indicus,Sypheotides indicus,,,,,
Tetrax tetrax,Tetrax tetrax,20,22,25,30,F
Guira guira,Guira guira,10,15,15,,
Crotophaga major,Crotophaga major,11,12,8,10,B
Crotophaga ani,Crotophaga ani,13,16,10,11,B
Crotophaga sulcirostris,Crotophaga sulcirostris,13,14,10,,B
Tapera naevia,Tapera naevia,15,18,16,18,
Dromococcyx phasianellus,Dromococcyx phasianellus,,,,,
Dromococcyx pavoninus,Dromococcyx pavoninus,,,24,,
Morococcyx erythropygus,Morococcyx erythropygus,,,,,B
Geococcyx californianus,Geococcyx californianus,17,18,17,19,B
Geococcyx velox,Geococcyx velox,,,,,
Neomorphus geoffroyi,Neomorphus geoffroyi,,,,,
,Neomorphus squamiger,,,,,
Neomorphus radiolosus,Neomorphus radiolosus,,,20,,B
Neomorphus rufipennis,Neomorphus rufipennis,,,,,
Neomorphus pucheranii,Neomorphus pucheranii,,,,,
Centropus milo,Centropus milo,,,,,
Centropus ateralbus,Centropus ateralbus,,,,,
Centropus menbeki,Centropus menbeki,,,,,
Centropus chalybeus,Centropus chalybeus,,,,,
Centropus unirufus,Centropus unirufus,,,,,
Centropus chlororhynchos,Centropus chlororhynchos,,,,,
Centropus melanops,Centropus melanops,,,,,
Centropus steerii,Centropus steerii,,,,,
Centropus rectunguis,Centropus rectunguis,,,,,
Centropus celebensis,Centropus celebensis,,,,,
Centropus anselli,Centropus anselli,,,,,
Centropus leucogaster,Centropus leucogaster,,,,,
Centropus senegalensis,Centropus senegalensis,18,19,18,20,
Centropus monachus,Centropus monachus,,,,,
Centropus cupreicaudus,Centropus cupreicaudus,,,,,
Centropus superciliosus,Centropus superciliosus,14,15,18,20,M
,Centropus burchellii,,,,,
Centropus nigrorufus,Centropus nigrorufus,,,,,
Centropus sinensis,Centropus sinensis,,,,,
Centropus toulou,Centropus toulou,,,,,M
Centropus goliath,Centropus goliath,,,,,
Centropus grillii,Centropus grillii,,,18,20,M
Centropus viridis,Centropus viridis,14,,,,
Centropus bengalensis,Centropus bengalensis,,,,,B
Centropus violaceus,Centropus violaceus,,,,,
Centropus bernsteini,Centropus bernsteini,,,,,
Centropus spilopterus,,,,,,
Centropus phasianinus,Centropus phasianinus,15,,17,,B
Centropus andamanensis,Centropus andamanensis,,,,,
Carpococcyx radiceus,Carpococcyx radiceus,,,,,
Carpococcyx viridis,Carpococcyx viridis,,,,,
Carpococcyx renauldi,Carpococcyx renauldi,28,,18,,B
Coua delalandei,Coua delalandei,,,,,
Coua cristata,Coua cristata,,,,,
Coua pyropyga,,,,10,,B
Coua verreauxi,Coua verreauxi,,,,,B
Coua caerulea,Coua caerulea,,,,,
Coua ruficeps,Coua ruficeps,,,,,
Coua olivaceiceps,Coua olivaceiceps,,,10,12,
Coua reynaudii,Coua reynaudii,,,,,
Coua coquereli,Coua coquereli,,,,,
Coua cursor,Coua cursor,,,,,
Coua gigas,Coua gigas,,,,,
Coua serriana,Coua serriana,,,,,
Rhinortha chlorophaea,Rhinortha chlorophaea,,,,,
Ceuthmochares aereus,Ceuthmochares aereus,,,,,
Ceuthmochares australis,Ceuthmochares australis,,,,,
Taccocua leschenaultii,Taccocua leschenaultii,,,,,B
Zanclostomus javanicus,Zanclostomus javanicus,,,,,
Rhamphococcyx calyorhynchus,Rhamphococcyx calyorhynchus,,,,,
Phaenicophaeus curvirostris,Phaenicophaeus curvirostris,,,,,
Phaenicophaeus oeneicaudus,Phaenicophaeus oeneicaudus,,,,,
Phaenicophaeus pyrrhocephalus,Phaenicophaeus pyrrhocephalus,,,,,
Phaenicophaeus sumatranus,Phaenicophaeus sumatranus,,,,,
Phaenicophaeus viridirostris,Phaenicophaeus viridirostris,,,,,
Phaenicophaeus diardi,Phaenicophaeus diardi,,,,,
Phaenicophaeus tristis,Phaenicophaeus tristis,,,,,B
Dasylophus superciliosus,Dasylophus superciliosus,,,,,
Lepidogrammus cumingi,Dasylophus cumingi,,22,,,
Clamator coromandus,Clamator coromandus,,,,,
Clamator glandarius,Clamator glandarius,12,15,20,26,
Clamator levaillantii,Clamator levaillantii,11,12,9,10,
Clamator jacobinus,Clamator jacobinus,11,12,17,18,
Coccycua minuta,Coccycua minuta,,,,,
Coccycua pumila,Coccycua pumila,,,12,,B
Coccycua cinerea,Coccycua cinerea,,,,,
Piaya cayana,Piaya cayana,18,19,8,,B
Piaya mexicana,,,,,,
Piaya melanogaster,Piaya melanogaster,,,,,B
Coccyzus melacoryphus,Coccyzus melacoryphus,,,,,
Coccyzus americanus,Coccyzus americanus,9,11,7,9,B
Coccyzus euleri,Coccyzus euleri,9,12,,,B
Coccyzus minor,Coccyzus minor,10,13,6,10,B
Coccyzus ferrugineus,Coccyzus ferrugineus,,,,,B
Coccyzus erythropthalmus,Coccyzus erythropthalmus,10,11,21,24,B
Coccyzus lansbergi,Coccyzus lansbergi,9,12,8,13,
Coccyzus pluvialis,Coccyzus pluvialis,,,,,
Coccyzus rufigularis,Coccyzus rufigularis,,,,,
Coccyzus vetula,Coccyzus vetula,,,,,B
Coccyzus merlini,Coccyzus merlini,,,,,
Coccyzus bahamensis,,,,,,B
Coccyzus vieilloti,Coccyzus vieilloti,,,,,
Coccyzus longirostris,Coccyzus longirostris,,,,,
Pachycoccyx audeberti,Pachycoccyx audeberti,13,,28,30,
Microdynamis parva,Microdynamis parva,,,,,
Eudynamys scolopaceus,Eudynamys scolopaceus,13,17,19,28,
,Eudynamys melanorhynchus,14,17,19,28,
Eudynamys orientalis,Eudynamys orientalis,14,17,19,28,
Urodynamis taitensis,Urodynamis taitensis,,,21,,
Scythrops novaehollandiae,Scythrops novaehollandiae,,,17,24,
Chrysococcyx maculatus,Chrysococcyx maculatus,,,,,
Chrysococcyx xanthorhynchus,Chrysococcyx xanthorhynchus,,,,,
Chrysococcyx caprius,Chrysococcyx caprius,12,,19,21,
Chrysococcyx klaas,Chrysococcyx klaas,11,12,19,21,
Chrysococcyx flavigularis,Chrysococcyx flavigularis,,,,,
Chrysococcyx cupreus,Chrysococcyx cupreus,,13,18,20,
Chalcites megarhynchus,Chalcites megarhynchus,,,,,
Chalcites basalis,Chalcites basalis,11,13,17,19,
Chalcites osculans,Chalcites osculans,,,,,
Chalcites ruficollis,Chalcites ruficollis,,,,,
Chalcites lucidus,Chalcites lucidus,13,16,18,20,
Chalcites meyerii,Chalcites meyerii,,,,,
Chalcites minutillus,Chalcites minutillus,13,15,16,25,
Chalcites crassirostris,Chalcites crassirostris,,,,,
Heteroscenes pallidus,Heteroscenes pallidus,12,14,,,
Caliechthrus leucolophus,Caliechthrus leucolophus,,,,,
Cacomantis castaneiventris,Cacomantis castaneiventris,,,,,
Cacomantis flabelliformis,Cacomantis flabelliformis,,,16,17,
Cacomantis sonneratii,Cacomantis sonneratii,,,,,
Cacomantis merulinus,Cacomantis merulinus,,,,,
Cacomantis passerinus,Cacomantis passerinus,,,,,
,Cacomantis sepulcralis,,,,,
,Cacomantis virescens,,,,,
Cacomantis variolosus,Cacomantis variolosus,,13,17,19,
,Cacomantis blandus,,,,,
,Cacomantis addendus,,,,,
Cacomantis aeruginosus,Cacomantis aeruginosus,,,,,
Cercococcyx mechowi,Cercococcyx mechowi,,,,,
Cercococcyx lemaireae,,,,,,
Cercococcyx olivinus,Cercococcyx olivinus,,,,,
Cercococcyx montanus,Cercococcyx montanus,,,,,
Surniculus velutinus,Surniculus velutinus,,,,,
Surniculus lugubris,Surniculus lugubris,,,,,
Surniculus dicruroides,Surniculus dicruroides,,,,,
Surniculus musschenbroeki,Surniculus musschenbroeki,,,,,
Hierococcyx vagans,Hierococcyx vagans,,,,,
Hierococcyx sparverioides,Hierococcyx sparverioides,13,14,19,20,
Hierococcyx bocki,Hierococcyx bocki,,,,,
Hierococcyx varius,Hierococcyx varius,,,,,
Hierococcyx hyperythrus,Hierococcyx hyperythrus,,,19,20,
Hierococcyx pectoralis,Hierococcyx pectoralis,,,,,
Hierococcyx fugax,Hierococcyx fugax,,,,,
Hierococcyx nisicolor,Hierococcyx nisicolor,,,,,
Cuculus clamosus,Cuculus clamosus,13,14,20,21,
Cuculus solitarius,Cuculus solitarius,12,14,17,21,
Cuculus poliocephalus,Cuculus poliocephalus,14,,15,,
Cuculus crassirostris,Cuculus crassirostris,,,,,
Cuculus micropterus,Cuculus micropterus,12,14,,,
Cuculus rochii,Cuculus rochii,,,,,
Cuculus gularis,Cuculus gularis,,,20,23,
Cuculus saturatus,Cuculus saturatus,,,,,
Cuculus optatus,Cuculus optatus,,,,,
Cuculus lepidus,Cuculus lepidus,,,19,19,
Cuculus canorus,Cuculus canorus,11.5,12.5,17,18,
Nannococcyx psix,Nannococcyx psix,,,,,
Mesitornis variegatus,Mesitornis variegatus,25,,,,B
Mesitornis unicolor,Mesitornis unicolor,,,,,F
Monias benschi,Monias benschi,,,21,27,B
Syrrhaptes tibetanus,Syrrhaptes tibetanus,20,24,,,B
Syrrhaptes paradoxus,Syrrhaptes paradoxus,23,26,,,
Pterocles alchata,Pterocles alchata,19,25,25,28,B
Pterocles namaqua,Pterocles namaqua,21,,42,,B
Pterocles exustus,Pterocles exustus,22,23,,,B
Pterocles senegallus,Pterocles senegallus,29,31,,,B
Pterocles orientalis,Pterocles orientalis,21,24,25,25,B
Pterocles gutturalis,Pterocles gutturalis,25,25,,,
Pterocles coronatus,Pterocles coronatus,,,,,B
Pterocles decoratus,Pterocles decoratus,,,,,
Pterocles personatus,Pterocles personatus,,,,,
Pterocles lichtensteinii,Pterocles lichtensteinii,,,,,B
Pterocles indicus,Pterocles indicus,21,23,,,
Pterocles quadricinctus,Pterocles quadricinctus,,,,,
Pterocles bicinctus,Pterocles bicinctus,23,24,,,B
Pterocles burchelli,Pterocles burchelli,,,,,
Columba livia,Columba livia,16,19,25,45,B
Columba rupestris,Columba rupestris,,,,,
Columba leuconota,Columba leuconota,17,19,,,
Columba guinea,Columba guinea,14,16,20,25,
Columba albitorques,Columba albitorques,16,,27,31,
Columba oenas,Columba oenas,16,18,16,30,B
Columba eversmanni,Columba eversmanni,,,,,
Columba oliviae,Columba oliviae,,,,,
Columba palumbus,Columba palumbus,16,17,28,29,B
Columba trocaz,Columba trocaz,19,20,28,28,B
Columba bollii,Columba bollii,18,19,30,35,
Columba junoniae,Columba junoniae,,,,,
Columba unicincta,Columba unicincta,,,,,
Columba arquatrix,Columba arquatrix,20,,19,,
Columba sjostedti,Columba sjostedti,,,,,
Columba thomensis,Columba thomensis,,,,,
Columba pollenii,Columba pollenii,,,,,
Columba hodgsonii,Columba hodgsonii,,,,,
Columba albinucha,Columba albinucha,,,,,
Columba pulchricollis,Columba pulchricollis,21,23,,28,
Columba elphinstonii,Columba elphinstonii,,,,,
Columba torringtoniae,Columba torringtoniae,,,,,
Columba punicea,Columba punicea,,,,,
Columba argentina,Columba argentina,,,,,
Columba palumboides,Columba palumboides,,,,,
Columba janthina,Columba janthina,,,,,
Columba versicolor,Columba versicolor,,,,,
Columba jouyi,Columba jouyi,,,,,
Columba vitiensis,Columba vitiensis,17,19,21,,
Columba leucomela,Columba leucomela,19,20,21,22,
Columba pallidiceps,Columba pallidiceps,,,,,M
Columba delegorguei,Columba delegorguei,,,,,B
Columba iriditorques,Columba iriditorques,,,,,
Columba malherbii,Columba malherbii,,,,,M
Columba thiriouxi,Columba thiriouxi,,,,,
Aplopelia larvata,Aplopelia larvata,14,18,20,21,F
Ectopistes migratorius,Ectopistes migratorius,12,13,13,15,B
Patagioenas leucocephala,Patagioenas leucocephala,13,15,17,25,
Patagioenas squamosa,Patagioenas squamosa,,,,,
Patagioenas speciosa,Patagioenas speciosa,,,,,
Patagioenas picazuro,Patagioenas picazuro,16,19,,,B
Patagioenas corensis,Patagioenas corensis,,,,,
Patagioenas maculosa,Patagioenas maculosa,,,,,
Patagioenas albipennis,,,,,,
Patagioenas fasciata,Patagioenas fasciata,16,22,22,29,B
Patagioenas albilinea,,,,,,
Patagioenas araucana,Patagioenas araucana,14,20,,,B
Patagioenas caribaea,Patagioenas caribaea,,,,,
Patagioenas cayennensis,Patagioenas cayennensis,,,,,
Patagioenas flavirostris,Patagioenas flavirostris,,,,,
Patagioenas oenops,Patagioenas oenops,,,,,
Patagioenas inornata,Patagioenas inornata,13,15,21,23,
Patagioenas plumbea,Patagioenas plumbea,,,,,
Patagioenas subvinacea,Patagioenas subvinacea,,,,,
Patagioenas nigrirostris,Patagioenas nigrirostris,,,,,
Patagioenas goodsoni,Patagioenas goodsoni,,,,,
Nesoenas picturatus,Nesoenas picturatus,,,,,
Nesoenas cicur,Nesoenas cicur,,,,,
Nesoenas rodericanus,Nesoenas rodericanus,,,,,
Nesoenas mayeri,Nesoenas mayeri,13,15,18,22,
Nesoenas duboisi,,,,,,
Streptopelia turtur,Streptopelia turtur,13,14,20,22,B
Streptopelia lugens,Streptopelia lugens,20,,,,B
Streptopelia hypopyrrha,Streptopelia hypopyrrha,,,,,
Streptopelia orientalis,Streptopelia orientalis,15,15,15,17,
Streptopelia bitorquata,Streptopelia bitorquata,17,18,16,19,
Streptopelia dusumieri,Streptopelia dusumieri,,,,,
Streptopelia decaocto,Streptopelia decaocto,14,16,15,19,B
Streptopelia xanthocycla,Streptopelia xanthocycla,14,,,,
Streptopelia roseogrisea,Streptopelia roseogrisea,14,15,15,,
Streptopelia reichenowi,Streptopelia reichenowi,,,,,
Streptopelia decipiens,Streptopelia decipiens,13,14,15,18,
Streptopelia semitorquata,Streptopelia semitorquata,14.5,17,14,17,
Streptopelia capicola,Streptopelia capicola,13,15,16,17,
Streptopelia vinacea,Streptopelia vinacea,14,,13,14,
Streptopelia tranquebarica,Streptopelia tranquebarica,,,,,
Spilopelia chinensis,Spilopelia chinensis,14,16,15,,
Spilopelia suratensis,,14,16,15,,
Spilopelia senegalensis,Spilopelia senegalensis,12,13,12,13,B
Macropygia unchall,Macropygia unchall,15,16,19,,
Macropygia amboinensis,Macropygia amboinensis,,,,,B
,Macropygia doreya,,,,,B
Macropygia emiliana,Macropygia emiliana,,,,,
Macropygia cinnamomea,Macropygia cinnamomea,,,,,
,Macropygia modiglianii,,,,,
Macropygia magna,Macropygia magna,,,,,
Macropygia timorlaoensis,Macropygia timorlaoensis,,,,,
Macropygia macassariensis,Macropygia macassariensis,,,,,
Macropygia tenuirostris,Macropygia tenuirostris,,,,,
Macropygia phasianella,Macropygia phasianella,16,18,16,,
Macropygia rufipennis,Macropygia rufipennis,,,,,
Macropygia nigrirostris,Macropygia nigrirostris,17,,,,
Macropygia mackinlayi,Macropygia mackinlayi,,,,,
Macropygia ruficeps,Macropygia ruficeps,,,,,
Reinwardtoena reinwardti,Reinwardtoena reinwardti,,,,,B
Reinwardtoena browni,Reinwardtoena browni,,,,,
Reinwardtoena crassirostris,Reinwardtoena crassirostris,,,,,
Turacoena manadensis,Turacoena manadensis,,,,,
Turacoena sulaensis,Turacoena sulaensis,,,,,
Turacoena modesta,Turacoena modesta,,,,,
Turtur chalcospilos,Turtur chalcospilos,13,,16,18,
Turtur abyssinicus,Turtur abyssinicus,15,,17,,
Turtur afer,Turtur afer,13,,13,14,
Turtur tympanistria,Turtur tympanistria,17,20,13,22,F
Turtur brehmeri,Turtur brehmeri,,,14,,
Oena capensis,Oena capensis,13,16,16,,B
Chalcophaps indica,Chalcophaps indica,14,16,12,16,
Chalcophaps longirostris,Chalcophaps longirostris,,,,,
Chalcophaps stephani,Chalcophaps stephani,,,,,
Henicophaps albifrons,Henicophaps albifrons,,,,,
Henicophaps foersteri,Henicophaps foersteri,,,,,
Phaps chalcoptera,Phaps chalcoptera,14,16,,,
Phaps elegans,Phaps elegans,16,,16,20,
Phaps histrionica,Phaps histrionica,,,,,
Ocyphaps lophotes,Ocyphaps lophotes,18,20,16,25,
Geophaps plumifera,Geophaps plumifera,16,17,7,8,
Geophaps scripta,Geophaps scripta,17,,9,,
Geophaps smithii,Geophaps smithii,19,,9,,
Trugon terrestris,Trugon terrestris,,,,,
Leucosarcia melanoleuca,Leucosarcia melanoleuca,,,26,27,
Petrophassa rufipennis,Petrophassa rufipennis,15,19,16,21,
Petrophassa albipennis,Petrophassa albipennis,17,19,15,,
Geopelia cuneata,Geopelia cuneata,13,,11,14,B
Geopelia striata,Geopelia striata,13,,11,12,
Geopelia placida,Geopelia placida,13,14,16,,B
Geopelia maugeus,Geopelia maugeus,,,,,
Geopelia humeralis,Geopelia humeralis,14,16,16,21,
Columbina inca,Columbina inca,13,15,12,16,B
Columbina squammata,Columbina squammata,,,29,,
Columbina passerina,Columbina passerina,12,14,14,,
Columbina minuta,Columbina minuta,13,14,12,14,B
Columbina buckleyi,Columbina buckleyi,,,,,
Columbina talpacoti,Columbina talpacoti,12,13,11,14,B
Columbina picui,Columbina picui,,,,,B
Columbina cruziana,Columbina cruziana,12,15,10,12,
Columbina cyanopis,Columbina cyanopis,,,,,
Claravis pretiosa,Claravis pretiosa,14,15,13,14,B
Paraclaravis geoffroyi,Paraclaravis geoffroyi,15,,,,B
Paraclaravis mondetoura,Paraclaravis mondetoura,15,15,14,14,B
Metriopelia ceciliae,Metriopelia ceciliae,,,,,
Metriopelia morenoi,Metriopelia morenoi,,,,,
Metriopelia melanoptera,Metriopelia melanoptera,,,,,
Metriopelia aymara,Metriopelia aymara,,,,,
Uropelia campestris,Uropelia campestris,,,,,
Starnoenas cyanocephala,Starnoenas cyanocephala,,,,,
Geotrygon purpurata,Geotrygon purpurata,,,,,
Geotrygon saphirina,Geotrygon saphirina,,,,,
Geotrygon versicolor,Geotrygon versicolor,13,,12,,
Geotrygon montana,Geotrygon montana,10,11,14,,B
Geotrygon violacea,Geotrygon violacea,,,,,
Geotrygon caniceps,Geotrygon caniceps,13,,12,,
Geotrygon leucometopia,Geotrygon leucometopia,,,,,
Geotrygon chrysia,Geotrygon chrysia,,,,,
Geotrygon mystacea,Geotrygon mystacea,,,,,
Leptotrygon veraguensis,Leptotrygon veraguensis,,,,,
Leptotila verreauxi,Leptotila verreauxi,12,14,12,15,B
Leptotila megalura,Leptotila megalura,,,,,
Leptotila rufaxilla,Leptotila rufaxilla,15,,14,,
Leptotila plumbeiceps,Leptotila plumbeiceps,,,,,
Leptotila pallida,Leptotila pallida,,,,,
Leptotila battyi,,,,,,
Leptotila wellsi,Leptotila wellsi,,,,,
Leptotila jamaicensis,Leptotila jamaicensis,,,,,B
Leptotila cassinii,Leptotila cassinii,,,,,
Leptotila ochraceiventris,Leptotila ochraceiventris,,,,,
Leptotila conoveri,Leptotila conoveri,,,,,
Zentrygon carrikeri,Zentrygon carrikeri,,,,,
Zentrygon costaricensis,Zentrygon costaricensis,,,,,
Zentrygon lawrencii,Zentrygon lawrencii,,,,,
Zentrygon albifacies,Zentrygon albifacies,,,,,
Zentrygon frenata,Zentrygon frenata,,,,,
Zentrygon linearis,Zentrygon linearis,,,,,
Zentrygon chiriquensis,Zentrygon chiriquensis,,,,,
Zentrygon goldmani,Zentrygon goldmani,,,,,
Zenaida macroura,Zenaida macroura,15,15.5,11,15,
Zenaida graysoni,Zenaida graysoni,14,17,14,20,F
Zenaida auriculata,Zenaida auriculata,14,,14,,
Zenaida aurita,Zenaida aurita,13,15,13,15,F
Zenaida galapagoensis,Zenaida galapagoensis,13,,13,17,
Zenaida asiatica,Zenaida asiatica,14,,13,16,
Zenaida meloda,Zenaida meloda,13,15,11,15,B
Caloenas nicobarica,Caloenas nicobarica,,,,30,
Caloenas maculata,Caloenas maculata,,,,,
Gallicolumba tristigmata,Gallicolumba tristigmata,,,,,
Gallicolumba rufigula,Gallicolumba rufigula,,,,,
Gallicolumba luzonica,Gallicolumba luzonica,17,,12,,
Gallicolumba crinigera,Gallicolumba crinigera,,,,,
Gallicolumba platenae,Gallicolumba platenae,,,,,
Gallicolumba keayi,Gallicolumba keayi,,,,,
Gallicolumba menagei,Gallicolumba menagei,,,,,
Pampusana hoedtii,Pampusana hoedtii,,,,,
Pampusana jobiensis,Pampusana jobiensis,,,,,
Pampusana kubaryi,Pampusana kubaryi,,,,,
Pampusana erythroptera,Pampusana erythroptera,,,,,
Pampusana xanthonura,Pampusana xanthonura,,,,,
,Pampusana norfolkensis,,,,,
Pampusana stairi,Pampusana stairi,,,,,
Pampusana sanctaecrucis,Pampusana sanctaecrucis,,,,,
Pampusana ferruginea,Pampusana ferruginea,,,,,
Pampusana salamonis,Pampusana salamonis,,,,,
Pampusana rubescens,Pampusana rubescens,13,15,,,
Pampusana beccarii,Pampusana beccarii,,,,,
Pampusana johannae,,,,,,
Pampusana canifrons,Pampusana canifrons,,,,,
Microgoura meeki,Microgoura meeki,,,,,
Otidiphaps nobilis,Otidiphaps nobilis,,,,,
Otidiphaps aruensis,,,,,,
Otidiphaps cervicalis,,,,,,
Otidiphaps insularis,,,,,,
Goura cristata,Goura cristata,28,29,30,36,
Goura scheepmakeri,Goura scheepmakeri,,,,,
Goura sclaterii,Goura sclaterii,28,30,28,36,
Goura victoria,Goura victoria,30,,28,,
Raphus cucullatus,Raphus cucullatus,,,,,
Pezophaps solitaria,Pezophaps solitaria,,49,,,
Didunculus strigirostris,Didunculus strigirostris,,,,,
Phapitreron leucotis,Phapitreron leucotis,,,,,
Phapitreron nigrorum,,,,,,
Phapitreron brevirostris,,,,,,
Phapitreron amethystinus,Phapitreron amethystinus,,,,,
Phapitreron maculipectus,,,,,,
Phapitreron frontalis,,,,,,
Phapitreron cinereiceps,Phapitreron cinereiceps,,,,,
Phapitreron brunneiceps,Phapitreron brunneiceps,,,,,
Treron fulvicollis,Treron fulvicollis,,,,,
Treron olax,Treron olax,,,,,
Treron vernans,Treron vernans,,,,,
Treron bicinctus,Treron bicinctus,12,14,,,B
Treron pompadora,Treron pompadora,12,14,,,
Treron affinis,Treron affinis,12,14,,,B
Treron phayrei,Treron phayrei,,,,,
Treron chloropterus,Treron chloropterus,18,,,,B
Treron axillaris,Treron axillaris,,,,,
Treron aromaticus,Treron aromaticus,,,,,
Treron curvirostra,Treron curvirostra,14,,,,B
Treron griseicauda,Treron griseicauda,,,,,
Treron teysmannii,Treron teysmannii,,,,,
Treron floris,Treron floris,,,,,
Treron psittaceus,Treron psittaceus,,,,,
Treron capellei,Treron capellei,,,,,
Treron phoenicopterus,Treron phoenicopterus,,14,,,
Treron waalia,Treron waalia,,,,,
Treron australis,Treron australis,,,,,
Treron griveaudi,Treron griveaudi,,,,,
Treron calvus,Treron calvus,13,14,11,13,B
Treron delalandii,,,,,,
Treron pembaensis,Treron pembaensis,,,,,
Treron sanctithomae,Treron sanctithomae,,,,,
Treron apicauda,Treron apicauda,,,,,
Treron oxyurus,Treron oxyurus,,,,,
Treron seimundi,Treron seimundi,,,,,
Treron sphenurus,Treron sphenurus,14,19,12,,B
Treron sieboldii,Treron sieboldii,,,,,
Treron permagnus,,,,,,
Treron formosae,Treron formosae,,,,,
Ptilinopus cinctus,Ptilinopus cinctus,21,,14,,
Ptilinopus alligator,Ptilinopus alligator,,,65,150,
Ptilinopus dohertyi,Ptilinopus dohertyi,,,,,
Ptilinopus porphyreus,Ptilinopus porphyreus,,,,,
Ramphiculus marchei,Ptilinopus marchei,,,,,
Ramphiculus merrilli,Ptilinopus merrilli,,,,,
Ramphiculus occipitalis,Ptilinopus occipitalis,22,,17,,
Ramphiculus fischeri,Ptilinopus fischeri,,,,,
Ramphiculus jambu,Ptilinopus jambu,10,,,,B
Ramphiculus subgularis,Ptilinopus subgularis,,,,,
Ramphiculus epius,Ptilinopus epius,,,,,
Ramphiculus mangoliensis,Ptilinopus mangoliensis,,,,,
Ramphiculus leclancheri,Ptilinopus leclancheri,,,,,
Megaloprepia formosa,Ptilinopus bernsteinii,,,,,
Megaloprepia magnifica,Ptilinopus magnificus,21,,13,14,B
Ptilinopus perlatus,Ptilinopus perlatus,,,,,
Ptilinopus ornatus,Ptilinopus ornatus,,,,,
Ptilinopus gestroi,,,,,,
Ptilinopus tannensis,Ptilinopus tannensis,,,,,B
Ptilinopus aurantiifrons,Ptilinopus aurantiifrons,,,,,
Ptilinopus wallacii,Ptilinopus wallacii,,,,,
Ptilinopus superbus,Ptilinopus superbus,14,,6,7,B
Ptilinopus temminckii,,,,,,
Ptilinopus perousii,Ptilinopus perousii,,,,,B
Ptilinopus porphyraceus,Ptilinopus porphyraceus,,,,,
Ptilinopus fasciatus,,,,,,
Ptilinopus ponapensis,Ptilinopus ponapensis,,,,,
Ptilinopus hernsheimi,Ptilinopus hernsheimi,,,,,
Ptilinopus pelewensis,Ptilinopus pelewensis,,,,,
Ptilinopus rarotongensis,Ptilinopus rarotongensis,,,,,
Ptilinopus roseicapilla,Ptilinopus roseicapilla,,,,,
Ptilinopus regina,Ptilinopus regina,16,18,7,8,
Ptilinopus richardsii,Ptilinopus richardsii,,,,,
Ptilinopus chrysogaster,Ptilinopus chrysogaster,,,,,
Ptilinopus purpuratus,Ptilinopus purpuratus,,,,,
Ptilinopus chalcurus,Ptilinopus chalcurus,,,,,
Ptilinopus coralensis,Ptilinopus coralensis,,,,,
Ptilinopus greyi,Ptilinopus greyi,,,,,
Ptilinopus huttoni,Ptilinopus huttoni,,,,,
Ptilinopus dupetithouarsii,Ptilinopus dupetithouarsii,,,,,
Ptilinopus mercierii,Ptilinopus mercierii,,,,,
Ptilinopus insularis,Ptilinopus insularis,,,,,
Ptilinopus coronulatus,Ptilinopus coronulatus,18,,10,12,B
Ptilinopus pulchellus,Ptilinopus pulchellus,,,,,
Ptilinopus monacha,Ptilinopus monacha,,,,,
Ptilinopus rivoli,Ptilinopus rivoli,,,,,
Ptilinopus speciosus,Ptilinopus speciosus,,,,,
Ptilinopus solomonensis,Ptilinopus solomonensis,,,,,
Ptilinopus viridis,Ptilinopus viridis,,,,,
Ptilinopus eugeniae,Ptilinopus eugeniae,,,,,
Ptilinopus iozonus,Ptilinopus iozonus,,,,,
Ptilinopus insolitus,Ptilinopus insolitus,19,,14,,
Ptilinopus hyogastrus,Ptilinopus hyogastrus,,,,,
Ptilinopus granulifrons,Ptilinopus granulifrons,,,,,
Ptilinopus melanospilus,Ptilinopus melanospilus,18,26,8,14,
Ptilinopus nainus,Ptilinopus nainus,,,,,
Ptilinopus arcanus,Ptilinopus arcanus,,,,,
Chrysoena victor,Ptilinopus victor,,,,,F
Chrysoena luteovirens,Ptilinopus luteovirens,,,,,
Chrysoena viridis,Ptilinopus layardi,,,,,F
Drepanoptila holosericea,Drepanoptila holosericea,21,,21,,F
Alectroenas nitidissimus,Alectroenas nitidissimus,,,,,
Alectroenas payandeei,Alectroenas payandeei,,,,,
Alectroenas madagascariensis,Alectroenas madagascariensis,,,,,
Alectroenas sganzini,Alectroenas sganzini,,,,,
Alectroenas pulcherrimus,Alectroenas pulcherrimus,,28,,14,B
Ducula poliocephala,Ducula poliocephala,,,,,
Ducula forsteni,Ducula forsteni,,,,,
Ducula mindorensis,Ducula mindorensis,,,,,
Ducula radiata,Ducula radiata,,,,,
Ducula carola,Ducula carola,,,,,
Ducula aenea,Ducula aenea,,,,,B
Ducula oenothorax,Ducula oenothorax,,,,,
Ducula nicobarica,Ducula nicobarica,,,,,B
Ducula perspicillata,Ducula perspicillata,,,,,
Ducula neglecta,Ducula neglecta,,,,,
Ducula concinna,Ducula concinna,,,,,
Ducula pacifica,Ducula pacifica,,,,,B
Ducula oceanica,Ducula oceanica,,,,,
Ducula aurorae,Ducula aurorae,,,,,
Ducula galeata,Ducula galeata,,,,,
Ducula rubricera,Ducula rubricera,,,,,
Ducula myristicivora,Ducula myristicivora,,,,,
Ducula geelvinkiana,Ducula geelvinkiana,,,,,
Ducula rufigaster,Ducula rufigaster,,,,,
Ducula basilica,Ducula basilica,,,,,
Ducula obiensis,,,,,,
Ducula finschii,Ducula finschii,,,,,
Ducula chalconota,Ducula chalconota,,,,,
Ducula pistrinaria,Ducula pistrinaria,,,,,B
Ducula rosacea,Ducula rosacea,,,,,
Ducula whartoni,Ducula whartoni,,,24,27,
Ducula pickeringii,Ducula pickeringii,,,,,
Ducula latrans,Ducula latrans,,,,,
Ducula brenchleyi,Ducula brenchleyi,,,,,
Ducula bakeri,Ducula bakeri,,,,,
Ducula goliath,Ducula goliath,,,,,
Ducula pinon,Ducula pinon,,,,,
Ducula melanochroa,Ducula melanochroa,,,,,
Ducula mullerii,Ducula mullerii,,,,,
Ducula zoeae,Ducula zoeae,,,,,
Ducula cuprea,Ducula cuprea,,,,,
Ducula badia,Ducula badia,,,,,B
Ducula lacernulata,Ducula lacernulata,,,,,
Ducula cineracea,Ducula cineracea,,,,,
Ducula bicolor,Ducula bicolor,,,,,
Ducula luctuosa,Ducula luctuosa,,,,,
Ducula spilorrhoa,Ducula spilorrhoa,26,28,23,,B
Ducula subflavescens,Ducula subflavescens,26,28,23,,B
Lopholaimus antarcticus,Lopholaimus antarcticus,,,17,26,B
Hemiphaga novaeseelandiae,Hemiphaga novaeseelandiae,26,30,36,45,B
Hemiphaga chathamensis,Hemiphaga chathamensis,26,28,,,
Cryptophaps poecilorrhoa,Cryptophaps poecilorrhoa,,,,,
Gymnophaps albertisii,Gymnophaps albertisii,,,,,
Gymnophaps mada,Gymnophaps mada,,,,,
Gymnophaps stalkeri,Gymnophaps stalkeri,,,,,
Gymnophaps solomonensis,Gymnophaps solomonensis,,,,,
Podica senegalensis,Podica senegalensis,12,,,,F
Heliopais personatus,Heliopais personatus,,,,,
Heliornis fulica,Heliornis fulica,10,11,,,B
Mentocrex kioloides,Mentocrex kioloides,,,,,
Mentocrex beankaensis,Mentocrex beankaensis,,,,,
Sarothrura pulchra,Sarothrura pulchra,14,,42,49,B
Sarothrura elegans,Sarothrura elegans,15,16,1,2,B
Sarothrura rufa,Sarothrura rufa,14,18,2,3,B
Sarothrura lugens,Sarothrura lugens,,,,,
Sarothrura boehmi,Sarothrura boehmi,16,18,1,3,B
Sarothrura ayresi,Sarothrura ayresi,,,,,
Sarothrura affinis,Sarothrura affinis,15,,1,,B
Sarothrura insularis,Sarothrura insularis,,,,,F
Sarothrura watersi,Sarothrura watersi,,,,,
Rallicula rubra,Rallicula rubra,34,37,,,B
Rallicula leucospila,Rallicula leucospila,34,37,,,B
Rallicula forbesi,Rallicula forbesi,,,,,
Rallicula mayri,Rallicula mayri,,,,,
Canirallus oculeus,Canirallus oculeus,,,,,
Rufirallus castaneiceps,Anurolimnas castaneiceps,,,,,
Pardirallus maculatus,Pardirallus maculatus,,,,,B
Pardirallus nigricans,Pardirallus nigricans,18,21,,,
Pardirallus sanguinolentus,Pardirallus sanguinolentus,,,,,
Porzana albicollis,Mustelirallus albicollis,,,,,
Cyanolimnas cerverai,Mustelirallus cerverai,,,,,
Neocrex colombiana,Mustelirallus colombianus,,,,,
Neocrex erythrops,Mustelirallus erythrops,23,25,,,
Amaurolimnas concolor,Amaurolimnas concolor,,,,,
Aramides axillaris,Aramides axillaris,,,,,
Aramides mangle,Aramides mangle,,,,,
Aramides albiventris,Aramides albiventris,,,,,
Aramides cajaneus,Aramides cajaneus,20,,29,,B
Aramides wolfi,Aramides wolfi,19,,,,
Aramides ypecaha,Aramides ypecaha,24,,,,B
Aramides calopterus,Aramides calopterus,,,,,
Aramides saracura,Aramides saracura,,,,,
Rallus obsoletus,Rallus obsoletus,,,,,
Rallus crepitans,Rallus crepitans,18,29,,,B
Rallus tenuirostris,Rallus tenuirostris,,,,,
Rallus longirostris,Rallus longirostris,18,29,35,42,B
Rallus elegans,Rallus elegans,21,24,63,70,B
Rallus wetmorei,Rallus wetmorei,,,,,B
Rallus limicola,Rallus limicola,18,20,3,14,B
Rallus semiplumbeus,Rallus semiplumbeus,,,,,B
,Rallus aequatorialis,,,,,
Rallus antarcticus,Rallus antarcticus,,,,,
Rallus aquaticus,Rallus aquaticus,19,22,20,70,B
Rallus indicus,Rallus indicus,,,,,
Rallus caerulescens,Rallus caerulescens,20,,,,B
Rallus madagascariensis,Rallus madagascariensis,,,,,
Crex egregia,Crecopsis egregia,14,24,28,35,B
Rougetius rougetii,Rougetius rougetii,,,,,B
Dryolimnas cuvieri,Dryolimnas cuvieri,,,,,
Dryolimnas augusti,Dryolimnas augusti,,,,,
Crex crex,Crex crex,16,19,34,38,F
Aramidopsis plateni,Aramidopsis plateni,,,,,
Lewinia striata,Lewinia striata,19,22,,,B
Lewinia mirifica,Lewinia mirifica,,,,,
Lewinia pectoralis,Lewinia pectoralis,19,20,,,F
Lewinia muelleri,Lewinia muelleri,,,,,
Diaphorapteryx hawkinsi,Diaphorapteryx hawkinsi,,,,,
Aptenorallus calayanensis,Gallirallus calayanensis,,,,,
Habroptila wallacii,Gallirallus wallacii,,,,,
Gallirallus australis,Gallirallus australis,26,28,,,B
Eulabeornis castaneoventris,Gallirallus castaneoventris,,,,,
Gallirallus lafresnayanus,Gallirallus lafresnayanus,,,,,
Cabalus modestus,Gallirallus modestus,,,,,
Hypotaenidia okinawae,Gallirallus okinawae,,,,,
Hypotaenidia torquata,Gallirallus torquatus,,,,,F
Hypotaenidia philippensis,Gallirallus philippensis,18,19,35,63,B
Hypotaenidia owstoni,Gallirallus owstoni,19,,,,B
Hypotaenidia insignis,Gallirallus insignis,,,,,
Hypotaenidia rovianae,Gallirallus rovianae,,,,,
Hypotaenidia woodfordi,Gallirallus woodfordi,,,,,
Hypotaenidia tertia,,,,,,
Hypotaenidia immaculata,,,,,,
Hypotaenidia poeciloptera,Gallirallus poecilopterus,,,,,
Hypotaenidia sylvestris,Gallirallus sylvestris,20,23,,,B
Hypotaenidia dieffenbachii,Gallirallus dieffenbachii,,,,,
Hypotaenidia pacifica,Gallirallus pacificus,,,,,
Hypotaenidia wakensis,Gallirallus wakensis,,,,,
Porphyriops melanops,Porphyriops melanops,,,,,
Porzana carolina,Porzana carolina,16,22,28,,B
Porzana porzana,Porzana porzana,18,19,25,45,B
Porzana fluminea,Porzana fluminea,,,,,B
Tribonyx ventralis,Tribonyx ventralis,,,,,
Tribonyx hodgenorum,Tribonyx hodgenorum,,,,,
Tribonyx mortierii,Tribonyx mortierii,19,25,,,B
Paragallinula angulata,Paragallinula angulata,19,20,35,38,B
Gallinula tenebrosa,Gallinula tenebrosa,19,24,56,,B
Gallinula galeata,Gallinula galeata,19,22,40,50,B
Gallinula chloropus,Gallinula chloropus,17,22,45,50,B
Gallinula nesiotis,Gallinula nesiotis,,,,,
Gallinula comeri,Gallinula comeri,21,,,,B
Pareudiastes silvestris,Gallinula silvestris,,,,,
Pareudiastes pacificus,Gallinula pacifica,,,,,
Fulica rufifrons,Fulica rufifrons,,,,,
Fulica cornuta,Fulica cornuta,,,,,
Fulica gigantea,Fulica gigantea,,,,120,B
Fulica armillata,Fulica armillata,,,,,
Fulica atra,Fulica atra,21,26,55,60,B
Fulica cristata,Fulica cristata,18,25,55,60,B
Fulica newtonii,Fulica newtonii,,,,,
Fulica alai,Fulica alai,23,27,,,B
Fulica americana,Fulica americana,22,27,60,70,B
Fulica ardesiaca,Fulica ardesiaca,,,,,
Fulica leucoptera,Fulica leucoptera,,,,,
Porphyrio alleni,Porphyrio alleni,15,,,,B
Porphyrio martinicus,Porphyrio martinica,18,23,35,49,B
Porphyrio flavirostris,Porphyrio flavirostris,,,,,B
Porphyrio porphyrio,Porphyrio porphyrio,23,27,60,60,B
,Porphyrio madagascariensis,,,,,
,Porphyrio poliocephalus,,,,,
,Porphyrio indicus,,,,,F
,Porphyrio pulverulentus,,,,,F
,Porphyrio melanotus,23,27,44,60,B
Porphyrio albus,Porphyrio albus,,,,,
Porphyrio paepae,Porphyrio paepae,,,,,
Porphyrio mantelli,Porphyrio mantelli,29,31,,,B
Porphyrio hochstetteri,Porphyrio hochstetteri,29,31,,,B
Porphyrio kukwiedei,Porphyrio kukwiedei,,,,,
Porphyrio caerulescens,Porphyrio caerulescens,,,,,
Laterallus xenopterus,Rufirallus xenopterus,,,,,
Laterallus leucopyrrhus,Rufirallus leucopyrrhus,23,24,,,B
Porzana fasciata,Rufirallus fasciatus,,,,,
Micropygia schomburgkii,Rufirallus schomburgkii,,,,,F
Rufirallus viridis,Rufirallus viridis,,,,,
Coturnicops exquisitus,Coturnicops exquisitus,,,,,
Coturnicops noveboracensis,Coturnicops noveboracensis,17,18,1,2,F
Coturnicops notatus,Laterallus notatus,,,,,
Laterallus spilopterus,Laterallus spilopterus,,,,,
Laterallus rogersi,Laterallus rogersi,,,,,
Laterallus jamaicensis,Laterallus jamaicensis,17,20,,,B
Laterallus tuerosi,,,,,,
Laterallus spilonota,Laterallus spilonota,23,25,,,B
Laterallus flaviventer,Laterallus flaviventer,,,,,
Laterallus exilis,Laterallus exilis,,,,,
Laterallus albigularis,Laterallus albigularis,,,,,
Laterallus ruber,Laterallus ruber,,,,,
Laterallus levraudi,Laterallus levraudi,,,,,
Laterallus melanophaius,Laterallus melanophaius,19.5,20,4,,
Mundia elpenor,Mundia elpenor,,,,,
Laterallus podarces,Aphanocrex podarces,,,,,
Zapornia flavirostra,Zapornia flavirostra,,19,,,B
Zapornia olivieri,Zapornia olivieri,,,,,
Zapornia fusca,Zapornia fusca,,20,,,
Zapornia paykullii,Zapornia paykullii,,,,,
Zapornia bicolor,Zapornia bicolor,,,,,B
Zapornia akool,Zapornia akool,,,,,B
Zapornia pusilla,Zapornia pusilla,16,20,35,45,B
Zapornia astrictocarpus,Zapornia astrictocarpus,,,,,
Zapornia parva,Zapornia parva,21,23,45,50,B
Zapornia tabuensis,Zapornia tabuensis,19,22,,,B
Zapornia monasa,Zapornia monasa,,,,,
Zapornia nigra,Zapornia nigra,,,,,
Zapornia atra,Zapornia atra,21,,28,,B
Zapornia sandwichensis,Zapornia sandwichensis,,,,,
Zapornia palmeri,Zapornia palmeri,,,,,
Rallina eurizonoides,Rallina eurizonoides,,,,,B
Rallina canningi,Rallina canningi,,,,,B
Rallina fasciata,Rallina fasciata,,,,,B
Rallina tricolor,Rallina tricolor,18,22,,,B
Gymnocrex rosenbergii,Gymnocrex rosenbergii,,,,,
Gymnocrex talaudensis,Gymnocrex talaudensis,,,,,
Gymnocrex plumbeiventris,Gymnocrex plumbeiventris,,,,,
Himantornis haematopus,Himantornis haematopus,,,,,
Megacrex inepta,Megacrex inepta,,,,,
Amaurornis cinerea,Poliolimnas cinereus,18,,28,,B
Amaurornis marginalis,Aenigmatolimnas marginalis,17,18,42,49,M
Gallicrex cinerea,Gallicrex cinerea,24,,,,
Amaurornis phoenicurus,Amaurornis phoenicurus,20,,,,B
Amaurornis olivacea,Amaurornis olivacea,,,,,
Amaurornis magnirostris,Amaurornis magnirostris,,,,,
Amaurornis isabellina,Amaurornis isabellina,,,,,
Amaurornis moluccana,Amaurornis moluccana,,25,,,B
Aphanapteryx bonasia,Aphanapteryx bonasia,,,,,
Erythromachus leguati,Erythromachus leguati,,,,,
Psophia crepitans,Psophia crepitans,28,,,,
Psophia ochroptera,,25,30,,,
Psophia leucoptera,Psophia leucoptera,23,29,,,
Psophia viridis,Psophia viridis,27,,,,
Psophia dextralis,,,,,,
Psophia obscura,,27,,,,
Balearica regulorum,Balearica regulorum,28,31,56,100,
Balearica pavonina,Balearica pavonina,28,31,60,100,
Leucogeranus leucogeranus,Leucogeranus leucogeranus,29,,70,75,
Grus canadensis,Antigone canadensis,29,32,50,90,
Grus vipio,Antigone vipio,28,32,70,75,
Grus antigone,Antigone antigone,31,34,85,100,
Grus rubicunda,Antigone rubicunda,28,31,100,,
Bugeranus carunculatus,Bugeranus carunculatus,33,36,90,130,
Anthropoides paradiseus,Anthropoides paradiseus,30,33,85,,
Anthropoides virgo,Anthropoides virgo,27,29,55,65,B
Grus japonensis,Grus japonensis,29,34,95,,
Grus americana,Grus americana,28,31,80,90,
Grus grus,Grus grus,28,31,65,70,B
Grus monacha,Grus monacha,27,30,75,,
Grus nigricollis,Grus nigricollis,31,33,90,,
Aramus guarauna,Aramus guarauna,26,28,49,119,B
Tachybaptus rufolavatus,Tachybaptus rufolavatus,,,,,
Tachybaptus ruficollis,Tachybaptus ruficollis,20,25,44,48,B
,,20,25,44,48,
Tachybaptus novaehollandiae,Tachybaptus novaehollandiae,23,,56,,
Tachybaptus pelzelnii,Tachybaptus pelzelnii,,,,,
Tachybaptus dominicus,Tachybaptus dominicus,21,,,,B
Podilymbus podiceps,Podilymbus podiceps,23,27,25,62,B
Podilymbus gigas,Podilymbus gigas,,,,,
Rollandia rolland,Rollandia rolland,,,,,
Rollandia microptera,Rollandia microptera,,,,,
Poliocephalus poliocephalus,Poliocephalus poliocephalus,,,,,
Poliocephalus rufopectus,Poliocephalus rufopectus,22,23,,,
Podiceps major,Podiceps major,26,30,,,
Podiceps grisegena,Podiceps grisegena,21,23,72,72,B
Podiceps cristatus,Podiceps cristatus,25,31,71,79,B
Podiceps auritus,Podiceps auritus,22,25,55,60,B
Podiceps nigricollis,Podiceps nigricollis,20,22,30,30,B
Podiceps andinus,Podiceps andinus,,,,,
Podiceps occipitalis,Podiceps occipitalis,18,,,,
Podiceps juninensis,,18,,,,
Podiceps taczanowskii,Podiceps taczanowskii,,,,,
Podiceps gallardoi,Podiceps gallardoi,,,,,
Aechmophorus occidentalis,Aechmophorus occidentalis,21,28,70,,B
Aechmophorus clarkii,Aechmophorus clarkii,23,,63,77,
Phoenicopterus roseus,Phoenicopterus roseus,27,31,71,98,B
Phoenicopterus ruber,Phoenicopterus ruber,27,31,65,90,
Phoenicopterus chilensis,Phoenicopterus chilensis,27,31,70,80,B
Phoeniconaias minor,Phoeniconaias minor,28,,70,75,
Phoenicoparrus andinus,Phoenicoparrus andinus,28,,,,
Phoenicoparrus jamesi,Phoenicoparrus jamesi,27,31,,,B
Turnix tanki,Turnix tanki,12,16,10,,M
Turnix maculosus,Turnix maculosus,14,,,,M
Turnix suscitator,Turnix suscitator,12,14,,,M
Turnix ocellatus,Turnix ocellatus,,,,,
Turnix sylvaticus,Turnix sylvaticus,12,15,18,20,M
Turnix velox,Turnix velox,15,,,,M
Turnix pyrrhothorax,Turnix pyrrhothorax,13,18,,,M
Turnix worcesteri,Turnix worcesteri,,,,,
Turnix everetti,Turnix everetti,,,,,
Turnix nanus,Turnix nanus,12,14,,,M
Turnix hottentottus,Turnix hottentottus,12,14,32,35,M
Turnix castanotus,Turnix castanotus,14,15,,,
Turnix olivii,Turnix olivii,13,14,,,M
Turnix varius,Turnix varius,13,14,10,,M
Turnix novaecaledoniae,Turnix novaecaledoniae,,,,,
Turnix melanogaster,Turnix melanogaster,15,16,8,14,M
Turnix nigricollis,Turnix nigricollis,13,16,21,,M
Ortyxelos meiffrenii,Ortyxelos meiffrenii,,,,,M
Burhinus bistriatus,Hesperoburhinus bistriatus,26,27,,,B
Burhinus superciliaris,Hesperoburhinus superciliaris,,,,,
Esacus recurvirostris,Esacus recurvirostris,,,,,B
Esacus magnirostris,Esacus magnirostris,30,,84,,
Burhinus capensis,Burhinus capensis,24,,56,,
Burhinus vermiculatus,Burhinus vermiculatus,24,,,,
Burhinus grallarius,Burhinus grallarius,25,,47,59,B
Burhinus oedicnemus,Burhinus oedicnemus,24,26,36,42,B
Burhinus indicus,Burhinus indicus,,,,,
Burhinus senegalensis,Burhinus senegalensis,,,,,
Pluvianellus socialis,Pluvianellus socialis,,,28,30,B
Chionis albus,Chionis albus,26,32,50,60,B
Chionis minor,Chionis minor,27,33,55,60,
Haematopus leucopodus,Haematopus leucopodus,,,,,
Haematopus ater,Haematopus ater,,,,,
,Haematopus bachmani,24,33,40,40,
Haematopus palliatus,Haematopus palliatus,24,29,35,45,B
Haematopus meadewaldoi,Haematopus meadewaldoi,,,,,
Haematopus moquini,Haematopus moquini,27,39,35,40,
Haematopus ostralegus,Haematopus ostralegus,24,35,33,35,B
Haematopus finschi,Haematopus finschi,25,30,30,37,B
Haematopus longirostris,Haematopus longirostris,28,32,42,56,
Haematopus unicolor,Haematopus unicolor,25,32,42,49,
Haematopus chathamensis,Haematopus chathamensis,25,,46,49,
Haematopus fuliginosus,Haematopus fuliginosus,,,,,
Ibidorhyncha struthersii,Ibidorhyncha struthersii,,,45,50,B
Himantopus himantopus,Himantopus himantopus,22,26,28,37,B
,Himantopus leucocephalus,23,26,28,38,B
,Himantopus mexicanus,22,27,27,31,B
,,,,,,
Himantopus novaezelandiae,Himantopus novaezelandiae,24,26,41,55,B
Cladorhynchus leucocephalus,Cladorhynchus leucocephalus,19,21,50,,B
Recurvirostra avosetta,Recurvirostra avosetta,23,25,35,42,B
Recurvirostra americana,Recurvirostra americana,22,29,28,35,B
Recurvirostra novaehollandiae,Recurvirostra novaehollandiae,23,25,,,
Recurvirostra andina,Recurvirostra andina,,,,,
Pluvialis squatarola,Pluvialis squatarola,23,27,23,40,B
Pluvialis apricaria,Pluvialis apricaria,28,31,25,33,B
Pluvialis fulva,Pluvialis fulva,26,,,,B
Pluvialis dominica,Pluvialis dominica,23,27,22,23,B
Oreopholus ruficollis,Oreopholus ruficollis,,,,,
Charadrius modestus,Zonibyx modestus,,,,,B
Phegornis mitchellii,Phegornis mitchellii,,,,,
Eudromias morinellus,Eudromias morinellus,23,29,25,30,M
Charadrius vociferus,Charadrius vociferus,24,28,31,,B
Charadrius hiaticula,Charadrius hiaticula,21,27,24,24,B
Charadrius semipalmatus,Charadrius semipalmatus,23,25,22,31,B
Charadrius melodus,Charadrius melodus,25,28,25,30,B
Thinornis cucullatus,Thinornis cucullatus,27,31,32,36,B
Charadrius forbesi,Thinornis forbesi,22,,,,B
Charadrius tricollaris,Thinornis tricollaris,26,28,30,32,B
Charadrius bifrontatus,,,,,,B
Elseyornis melanops,Thinornis melanops,22,26,23,40,B
Thinornis novaeseelandiae,Thinornis novaeseelandiae,27,28,29,63,B
Charadrius dubius,Thinornis dubius,22,28,24,29,B
Charadrius placidus,Thinornis placidus,,,,,
Hoploxypterus cayanus,Hoploxypterus cayanus,,,,,
Vanellus vanellus,Vanellus vanellus,21,28,35,42,F
Vanellus crassirostris,Vanellus crassirostris,30,,56,,
Vanellus armatus,Vanellus armatus,23,31,41,,B
Vanellus spinosus,Vanellus spinosus,22,24,49,56,B
Vanellus duvaucelii,Vanellus duvaucelii,22,24,,,
Vanellus malabaricus,Vanellus malabaricus,26,30,32,,B
Vanellus tectus,Vanellus tectus,26,,28,,B
Vanellus albiceps,Vanellus albiceps,25,,,,
Vanellus lugubris,Vanellus lugubris,18,20,,,
Vanellus melanopterus,Vanellus melanopterus,,,,,
Vanellus coronatus,Vanellus coronatus,28,32,28,,
Vanellus senegallus,Vanellus senegallus,30,32,40,,
Vanellus melanocephalus,Vanellus melanocephalus,,,,,
Vanellus superciliosus,Vanellus superciliosus,24,,,,B
Vanellus cinereus,Vanellus cinereus,28,29,,,
Vanellus indicus,Vanellus indicus,26,30,38,,
Vanellus macropterus,Vanellus macropterus,,,,,
Vanellus tricolor,Vanellus tricolor,26,28,,,B
Vanellus miles,Vanellus miles,28,30,35,56,
Vanellus novaehollandiae,,28,30,35,56,B
Vanellus gregarius,Vanellus gregarius,25,22,35,40,F
Vanellus leucurus,Vanellus leucurus,21,24,30,30,B
Vanellus chilensis,Vanellus chilensis,27,,28,,
Vanellus resplendens,Vanellus resplendens,,,,,
Erythrogonys cinctus,Erythrogonys cinctus,,,,,B
Peltohyas australis,Peltohyas australis,26,30,,,B
Charadrius asiaticus,Anarhynchus asiaticus,25,25,27,30,B
Charadrius veredus,Anarhynchus veredus,,,,,F
Charadrius atrifrons,Anarhynchus atrifrons,22,24,30,35,
Charadrius mongolus,Anarhynchus mongolus,22,24,30,35,F
Charadrius leschenaultii,Anarhynchus leschenaultii,24,24,27,30,B
Charadrius bicinctus,Anarhynchus bicinctus,25,28,35,42,B
Anarhynchus frontalis,Anarhynchus frontalis,30,36,35,37,B
Charadrius obscurus,Anarhynchus obscurus,28,32,28,52,B
Charadrius aquilonius,,28,32,28,52,B
Charadrius wilsonia,Anarhynchus wilsonia,23,27,31,35,B
Charadrius collaris,Anarhynchus collaris,,,,,B
Charadrius montanus,Anarhynchus montanus,28,31,33,36,M
Charadrius alticola,Anarhynchus alticola,,,,,
Charadrius falklandicus,Anarhynchus falklandicus,28,,,,B
Charadrius thoracicus,Anarhynchus thoracicus,,,,,
Charadrius pecuarius,Anarhynchus pecuarius,22,28,26,32,B
Charadrius sanctaehelenae,Anarhynchus sanctaehelenae,,,,,
Charadrius ruficapillus,Anarhynchus ruficapillus,30,31,,,F
Charadrius nivosus,Anarhynchus nivosus,23,33,28,33,B
Charadrius pallidus,Anarhynchus pallidus,,,,,B
Charadrius peronii,Anarhynchus peronii,,,,,
Charadrius marginatus,Anarhynchus marginatus,26,33,35,38,B
Charadrius javanicus,Anarhynchus javanicus,,,,,
Charadrius alexandrinus,Anarhynchus alexandrinus,23,29,27,31,B
Charadrius dealbatus,Anarhynchus dealbatus,22,,,,F
Pluvianus aegyptius,Pluvianus aegyptius,28,31,30,35,B
Rostratula benghalensis,Rostratula benghalensis,15,21,,,
Rostratula australis,Rostratula australis,15,16,,,M
Nycticryphes semicollaris,Nycticryphes semicollaris,15,18,,,B
Hydrophasianus chirurgus,Hydrophasianus chirurgus,,,50,60,M
Jacana spinosa,Jacana spinosa,28,,,84,M
Jacana jacana,Jacana jacana,28,,,,M
Microparra capensis,Microparra capensis,22,24,,,B
Irediparra gallinacea,Irediparra gallinacea,28,,50,60,M
Metopidius indicus,Metopidius indicus,26,,,,M
Actophilornis africanus,Actophilornis africanus,20,26,40,70,M
Actophilornis albinucha,Actophilornis albinucha,,,,,
Pedionomus torquatus,Pedionomus torquatus,23,,,,M
Attagis gayi,Attagis gayi,,,,,
Attagis malouinus,Attagis malouinus,,,,,
Thinocorus orbignyianus,Thinocorus orbignyianus,,,,,
Thinocorus rumicivorus,Thinocorus rumicivorus,26,,49,,
Bartramia longicauda,Bartramia longicauda,21,29,27,37,B
Numenius tahitiensis,Numenius tahitiensis,,,,,B
Numenius phaeopus,Numenius phaeopus,22,28,35,40,B
,,,,,,
Numenius minutus,Numenius minutus,22,23,35,,B
Numenius borealis,Numenius borealis,,,,,B
Numenius americanus,Numenius americanus,27,28,41,45,B
Numenius madagascariensis,Numenius madagascariensis,,,,,
Numenius tenuirostris,Numenius tenuirostris,,,,,
Numenius arquata,Numenius arquata,27,29,32,38,B
Limosa lapponica,Limosa lapponica,20,21,28,28,B
Limosa limosa,Limosa limosa,22,24,28,34,B
Limosa haemastica,Limosa haemastica,22,25,30,,B
Limosa fedoa,Limosa fedoa,23,26,26,30,B
Limnodromus semipalmatus,Limnodromus semipalmatus,22,,,,B
Limnodromus scolopaceus,Limnodromus scolopaceus,20,21,,,B
Limnodromus griseus,Limnodromus griseus,19,21,,,B
Lymnocryptes minimus,Lymnocryptes minimus,21,24,,,F
Scolopax minor,Scolopax minor,20,22,14,15,F
Scolopax rusticola,Scolopax rusticola,24,48,18,22,F
Scolopax mira,Scolopax mira,,,,,
Scolopax bukidnonensis,Scolopax bukidnonensis,,,,,
Scolopax saturata,Scolopax saturata,,,,,
Scolopax rosenbergii,Scolopax rosenbergii,,,,,
Scolopax celebensis,Scolopax celebensis,,,,,
Scolopax rochussenii,Scolopax rochussenii,,,,,
Coenocorypha barrierensis,Coenocorypha barrierensis,,,,,
Coenocorypha iredalei,Coenocorypha iredalei,,,,,
Coenocorypha pusilla,Coenocorypha pusilla,20,,21,41,B
Coenocorypha huegeli,Coenocorypha huegeli,22,22,57,79,B
Coenocorypha aucklandica,Coenocorypha aucklandica,22,39,30,65,B
Gallinago imperialis,Gallinago imperialis,,,,,
Gallinago jamesoni,Gallinago jamesoni,,,,,
Gallinago stricklandii,Gallinago stricklandii,,,,,
Gallinago solitaria,Gallinago solitaria,,,,,
Gallinago nemoricola,Gallinago nemoricola,,,,,
Gallinago media,Gallinago media,22,24,21,28,F
Gallinago megala,Gallinago megala,18,20,18,20,
Gallinago stenura,Gallinago stenura,20,20,22.5,60,F
Gallinago hardwickii,Gallinago hardwickii,,,,,F
Gallinago nigripennis,Gallinago nigripennis,,,,,
Gallinago gallinago,Gallinago gallinago,17,20,19,20,F
Gallinago delicata,Gallinago delicata,18,20,19,20,F
Gallinago undulata,Gallinago undulata,,,,,
Gallinago nobilis,Gallinago nobilis,,,,,
Gallinago andina,Gallinago andina,,,,,
Gallinago macrodactyla,Gallinago macrodactyla,,,,,
Gallinago paraguaiae,Gallinago paraguaiae,19,,,,B
Gallinago magellanica,Gallinago magellanica,,,,,
Steganopus tricolor,Phalaropus tricolor,18,27,,,M
Phalaropus fulicarius,Phalaropus fulicarius,18,20,16,20,M
Phalaropus lobatus,Phalaropus lobatus,17,21,18,21,M
Xenus cinereus,Xenus cinereus,23,24,15,20,B
Actitis hypoleucos,Actitis hypoleucos,21,22,22,28,B
Actitis macularius,Actitis macularius,19,24,18,21,M
Tringa ochropus,Tringa ochropus,20,23,28,28,B
Tringa solitaria,Tringa solitaria,,,,,B
Tringa brevipes,Tringa brevipes,,,,,B
Tringa incana,Tringa incana,23,25,,,B
Tringa stagnatilis,Tringa stagnatilis,23,23,28,28,B
Tringa glareola,Tringa glareola,22,23,28,30,B
Tringa totanus,Tringa totanus,23,24,23,35,B
Tringa flavipes,Tringa flavipes,22,23,23,25,B
Tringa guttifer,Tringa guttifer,,,,,B
Tringa semipalmata,Tringa semipalmata,21,29,,,B
Tringa erythropus,Tringa erythropus,23,23,28,30,M
Tringa nebularia,Tringa nebularia,22,26,25,31,B
Tringa melanoleuca,Tringa melanoleuca,23,,,,B
Prosobonia cancellata,Prosobonia cancellata,,,,,
Prosobonia leucoptera,Prosobonia leucoptera,,,,,
Prosobonia ellisi,Prosobonia ellisi,,,,,
Prosobonia parvirostris,Prosobonia parvirostris,,,,,
Arenaria interpres,Arenaria interpres,21,24,19,23,B
Arenaria melanocephala,Arenaria melanocephala,21,,,,B
Calidris tenuirostris,Calidris tenuirostris,21,,20,25,B
Calidris canutus,Calidris canutus,21,22,18,20,B
Calidris virgata,Calidris virgata,,,,,B
Calidris pugnax,Calidris pugnax,20,23,25,28,F
Calidris falcinellus,Calidris falcinellus,21,22,,,B
Calidris acuminata,Calidris acuminata,,,,,F
Calidris himantopus,Calidris himantopus,19.5,21,,50,B
Calidris ferruginea,Calidris ferruginea,20.3,,14,20,F
Calidris temminckii,Calidris temminckii,21,22,15,18,B
Calidris subminuta,Calidris subminuta,,,,,B
Calidris ruficollis,Calidris ruficollis,20.5,22,16,17,B
Calidris pygmaea,Calidris pygmaea,19,23,15,20,B
Calidris subruficollis,Calidris subruficollis,23,25,18,20,F
Calidris alba,Calidris alba,23,32,17,21,B
Calidris alpina,Calidris alpina,20,24,18,24,B
Calidris maritima,Calidris maritima,21,24.5,4,17,B
Calidris ptilocnemis,Calidris ptilocnemis,20,,,,B
Calidris bairdii,Calidris bairdii,19,21,19,20,B
Calidris minuta,Calidris minuta,20,21,,,B
Calidris minutilla,Calidris minutilla,19.5,23,14,23,B
Calidris fuscicollis,Calidris fuscicollis,22,,16,17,F
Calidris melanotos,Calidris melanotos,21,23,28,42,F
Calidris mauri,Calidris mauri,21,,18,21,B
Calidris pusilla,Calidris pusilla,20,22,16,19,B
Dromas ardeola,Dromas ardeola,,,,,
Smutsornis africanus,Smutsornis africanus,26,27,35,42,B
Rhinoptilus chalcopterus,Rhinoptilus chalcopterus,25,27,,,B
Rhinoptilus cinctus,Rhinoptilus cinctus,25,27,,,
Rhinoptilus bitorquatus,Rhinoptilus bitorquatus,,,,,
Cursorius coromandelicus,Cursorius coromandelicus,35,,,,F
Cursorius temminckii,Cursorius temminckii,,,,,B
Cursorius rufus,Cursorius rufus,,,,,
Cursorius cursor,Cursorius cursor,18,19,30,,B
Cursorius somalensis,Cursorius somalensis,,,,,B
Stiltia isabella,Glareola isabella,18,21,21,35,B
Glareola nuchalis,Glareola nuchalis,20,,20,30,B
Glareola cinerea,Glareola cinerea,,,,,
Glareola lactea,Glareola lactea,17,18,,,B
Glareola maldivarum,Glareola maldivarum,,,,,
Glareola nordmanni,Glareola nordmanni,18,18,35,42,B
Glareola pratincola,Glareola pratincola,17,19,25,30,B
Glareola ocularis,Glareola ocularis,,,,,
Rynchops flavirostris,Rynchops flavirostris,21,,28,,B
Rynchops albicollis,Rynchops albicollis,21,24,,,B
Rynchops niger,Rynchops niger,21,25,28,30,B
Gygis alba,Gygis alba,21,41,31,75,B
Gygis candida,,21,41,31,75,B
Gygis microrhyncha,,,,,,
Anous stolidus,Anous stolidus,30,41,39,56,B
Anous tenuirostris,Anous tenuirostris,34,,40,,
Anous minutus,Anous minutus,30,39,39,52,B
Anous albivittus,Anous albivitta,,,32,45,
Anous ceruleus,Anous ceruleus,,,,,
Onychoprion aleuticus,Onychoprion aleuticus,22,27,26,28,
Onychoprion fuscatus,Onychoprion fuscatus,26,33,56,70,B
Onychoprion anaethetus,Onychoprion anaethetus,28,30,50,65,
Onychoprion lunatus,Onychoprion lunatus,24,35,35,,
Sternula albifrons,Sternula albifrons,21,24,20,24,B
Sternula saundersi,Sternula saundersi,,,,,
Sternula antillarum,Sternula antillarum,19,25,21,,
Sternula superciliaris,Sternula superciliaris,,,,,
Sternula lorata,Sternula lorata,22,26,17,21,B
Sternula nereis,Sternula nereis,20,25,22,23,
Sternula balaenarum,Sternula balaenarum,18,22,20,,
Phaetusa simplex,Phaetusa simplex,,,,,
Gelochelidon nilotica,Gelochelidon nilotica,22,23,28,35,B
Gelochelidon macrotarsa,Gelochelidon macrotarsa,16,16,,,B
Hydroprogne caspia,Hydroprogne caspia,26,28,35,45,B
Larosterna inca,Larosterna inca,,,28,,B
Chlidonias hybrida,Chlidonias hybrida,18,20,23,23,B
Chlidonias albostriatus,Chlidonias albostriatus,21,23,,,
Chlidonias niger,Chlidonias niger,20,23,22,25,B
Chlidonias leucopterus,Chlidonias leucopterus,18,22,20,25,B
Sterna aurantia,Sterna aurantia,18,19,,,
Sterna forsteri,Sterna forsteri,23,26,,,
Sterna trudeaui,Sterna trudeaui,,,,,
Sterna paradisaea,Sterna paradisaea,22,27,21,24,B
Sterna hirundinacea,Sterna hirundinacea,21,23,27,,
Sterna vittata,Sterna vittata,23,25,27,32,
Sterna virgata,Sterna virgata,24,,31,39,
Sterna hirundo,Sterna hirundo,22,28,24,28,B
Sterna repressa,Sterna repressa,,,,,
Sterna sumatrana,Sterna sumatrana,21,23,,,
Sterna dougallii,Sterna dougallii,22,26,23,30,B
Sterna striata,Sterna striata,,,29,35,
Sterna acuticauda,Sterna acuticauda,,,,,
Thalasseus sandvicensis,Thalasseus sandvicensis,21,29,27,29,B
,,21,29,27,29,B
Thalasseus elegans,Thalasseus elegans,25,,30,35,
Thalasseus bengalensis,Thalasseus bengalensis,21,26,30,35,B
,Thalasseus albididorsalis,30,31,28,35,B
Thalasseus maximus,Thalasseus maximus,28,35,28,35,B
Thalasseus bergii,Thalasseus bergii,25,30,38,40,
Thalasseus bernsteini,Thalasseus bernsteini,22,28,31,35,
Creagrus furcatus,Creagrus furcatus,33,35,58,65,B
Hydrocoloeus minutus,Hydrocoloeus minutus,23,25,21,24,B
Rhodostethia rosea,Rhodostethia rosea,19,22,,21,
Rissa tridactyla,Rissa tridactyla,24,28,35,49,B
Rissa brevirostris,Rissa brevirostris,25,32,37,,
Pagophila eburnea,Pagophila eburnea,24,26,28,35,B
Xema sabini,Xema sabini,23,25,35,35,B
Saundersilarus saundersi,Saundersilarus saundersi,,,,,
Larus genei,Chroicocephalus genei,22,,30,37,
Larus philadelphia,Chroicocephalus philadelphia,22,25,,,
Larus novaehollandiae,Chroicocephalus novaehollandiae,21,27,,,
Larus bulleri,Chroicocephalus bulleri,20,24,26,,B
Larus serranus,Chroicocephalus serranus,,,,,
Larus maculipennis,Chroicocephalus maculipennis,21,28,,,
Larus ridibundus,Chroicocephalus ridibundus,22,26,35,,B
Larus brunnicephalus,Chroicocephalus brunnicephalus,,,,,
Larus cirrocephalus,Chroicocephalus cirrocephalus,,,,,
Larus hartlaubii,Chroicocephalus hartlaubii,25,,40,,
Larus modestus,Leucophaeus modestus,29,32,60,70,B
Larus scoresbii,Leucophaeus scoresbii,24,27,,,
Larus atricilla,Leucophaeus atricilla,24,28,35,42,
Larus pipixcan,Leucophaeus pipixcan,23,26,35,,
Larus fuliginosus,Leucophaeus fuliginosus,,,60,,
Larus ichthyaetus,Ichthyaetus ichthyaetus,25,26,35,35,B
Larus relictus,Ichthyaetus relictus,24,26,,,
Larus audouinii,Ichthyaetus audouinii,26,33,35,40,B
Larus melanocephalus,Ichthyaetus melanocephalus,23,26,35,40,
Larus hemprichii,Ichthyaetus hemprichii,25,,,,
Larus leucophthalmus,Ichthyaetus leucophthalmus,,,,,
Larus pacificus,Larus pacificus,23,26,,,
Larus belcheri,Larus belcheri,,,,,
Larus crassirostris,Larus crassirostris,24,27,35,40,
Larus atlanticus,Larus atlanticus,,,,,
Larus heermanni,Larus heermanni,,,45,,
Larus canus,Larus canus,23.9,27.9,25,30,B
,Larus brachyrhynchus,22,28,25,32,B
Larus delawarensis,Larus delawarensis,25,28,37,,
Larus livens,Larus livens,,,,,
Larus occidentalis,Larus occidentalis,23,28,42,,
Larus cachinnans,Larus cachinnans,26,29,42,49,
Larus dominicanus,Larus dominicanus,24,30,49,,
Larus argentatus,Larus argentatus,26,32,45,50,B
,Larus vegae,,,40,50,
,Larus mongolicus,,,,,B
Larus michahellis,Larus michahellis,26,30,42,49,B
Larus armenicus,Larus armenicus,29,29,38,38,B
Larus marinus,Larus marinus,26,28,42,56,B
Larus hyperboreus,Larus hyperboreus,26,30,48,49,B
Larus fuscus,Larus fuscus,24,28,35,35,B
Larus californicus,Larus californicus,23.6,26.69,40,,B
Larus smithsonianus,Larus smithsonianus,26,32,45,50,B
Larus glaucescens,Larus glaucescens,26,28,45,,
Larus schistisagus,Larus schistisagus,28,30,40,45,
Larus glaucoides,Larus glaucoides,24,26,42,52,
Stercorarius longicaudus,Stercorarius longicaudus,24,24,24,27,B
Stercorarius parasiticus,Stercorarius parasiticus,26,27,26,30,B
Stercorarius pomarinus,Stercorarius pomarinus,23,27,,,B
Catharacta skua,Stercorarius skua,28,32,40,50,B
Catharacta chilensis,Stercorarius chilensis,28,32,,,
Catharacta antarctica,Stercorarius antarcticus,,,,,
Catharacta maccormicki,Stercorarius maccormicki,28,31,36,45,
Cerorhinca monocerata,Cerorhinca monocerata,39,52,38,56,B
Fratercula cirrhata,Fratercula cirrhata,41,54,38,59,B
Fratercula arctica,Fratercula arctica,36,45,34,57,B
Fratercula corniculata,Fratercula corniculata,38,45,34,46,B
Ptychoramphus aleuticus,Ptychoramphus aleuticus,37,57,41,51,B
Aethia pusilla,Aethia pusilla,30,31,25,33,B
Aethia pygmaea,Aethia pygmaea,35,36,39,42,B
Aethia cristatella,Aethia cristatella,34,35,27,36,B
Aethia psittacula,Aethia psittacula,35,36,34,37,B
Brachyramphus perdix,Brachyramphus perdix,,,27,40,
Brachyramphus brevirostris,Brachyramphus brevirostris,30,,24,,
Brachyramphus marmoratus,Brachyramphus marmoratus,27,30,27,40,B
Cepphus grylle,Cepphus grylle,28,32,30,40,B
Cepphus carbo,Cepphus carbo,30,33,33,,B
Cepphus columba,Cepphus columba,26,32,29,54,B
Alca torda,Alca torda,38,43,38,43,B
Pinguinus impennis,Pinguinus impennis,39,44,1,18,B
Alle alle,Alle alle,28,31,23,33,B
Uria lomvia,Uria lomvia,31,37,15,33,B
Uria aalge,Uria aalge,26,39,20.2,23.9,B
Synthliboramphus antiquus,Synthliboramphus antiquus,29,37,,,B
Synthliboramphus wumizusume,Synthliboramphus wumizusume,31,34,1,2,B
Synthliboramphus scrippsi,Synthliboramphus scrippsi,27,44,,,B
Synthliboramphus hypoleucus,Synthliboramphus hypoleucus,,,,,
Synthliboramphus craveri,Synthliboramphus craveri,31,33,1,2,B
Rhynochetos jubatus,Rhynochetos jubatus,33,37,,,B
Eurypyga helias,Eurypyga helias,26,27,17,24,B
Phaethon aethereus,Phaethon aethereus,42,44,80,110,B
Phaethon rubricauda,Phaethon rubricauda,42,46,67,91,
Phaethon lepturus,Phaethon lepturus,40,42,70,80,B
Gavia stellata,Gavia stellata,27,27,43,43,B
Gavia arctica,Gavia arctica,28,30,60,65,B
Gavia pacifica,Gavia pacifica,,,,,
Gavia immer,Gavia immer,24,25,70,77,B
Gavia adamsii,Gavia adamsii,25,25,74,74,B
Aptenodytes patagonicus,Aptenodytes patagonicus,52,56,300,395,B
Aptenodytes forsteri,Aptenodytes forsteri,62,66,150,,M
Pygoscelis adeliae,Pygoscelis adeliae,30,43,50,56,B
Pygoscelis antarcticus,Pygoscelis antarcticus,34,40,52,60,B
Pygoscelis papua,Pygoscelis papua,31,39,62,117,B
Eudyptula minor,Eudyptula minor,33,44,50,55,B
Spheniscus mendiculus,Spheniscus mendiculus,38,42,60,,B
Spheniscus humboldti,Spheniscus humboldti,40,,80,,B
Spheniscus magellanicus,Spheniscus magellanicus,38,42,80,,B
Spheniscus demersus,Spheniscus demersus,38,,70,80,B
Megadyptes antipodes,Megadyptes antipodes,39,51,97,119,B
Eudyptes chrysolophus,Eudyptes chrysolophus,33,40,60,,B
Eudyptes schlegeli,Eudyptes schlegeli,32,37,65,,B
Eudyptes moseleyi,Eudyptes moseleyi,32,34,70,70,B
,,32,34,70,,B
Eudyptes chrysocome,Eudyptes chrysocome,32,34,70,,B
Eudyptes pachyrhynchus,Eudyptes pachyrhynchus,31,36,75,,B
Eudyptes robustus,Eudyptes robustus,31,37,75,,B
Eudyptes sclateri,Eudyptes sclateri,30,,,,B
Oceanites oceanicus,Oceanites oceanicus,38,59,60,,B
Oceanites gracilis,Oceanites gracilis,,,,,
Oceanites pincoyae,Oceanites pincoyae,,,,,
Garrodia nereis,Garrodia nereis,45,,,,B
Pelagodroma marina,Pelagodroma marina,53,53,63,63,B
Fregetta grallaria,Fregetta grallaria,,,,,
Fregetta tropica,Fregetta tropica,38,44,65,71,
Fregetta lineata,Fregetta lineata,,,,,
Fregetta maoriana,Fregetta maoriana,51,,100,,B
Nesofregetta fuliginosa,Nesofregetta fuliginosa,,,,,
Diomedea sanfordi,Diomedea sanfordi,76,86,240,,
Diomedea epomophora,Diomedea epomophora,74,85,224,253,B
Diomedea exulans,Diomedea exulans,78,80,263,303,B
Diomedea dabbenena,Diomedea dabbenena,,,273,,
Diomedea antipodensis,Diomedea antipodensis,75,85,270,,B
Diomedea amsterdamensis,Diomedea amsterdamensis,79,,235,,B
Phoebastria irrorata,Phoebastria irrorata,60,,167,,B
Phoebastria immutabilis,Phoebastria immutabilis,65,,165,,B
Phoebastria nigripes,Phoebastria nigripes,65,,140,,B
Phoebastria albatrus,Phoebastria albatrus,49,,180,,B
Phoebetria fusca,Phoebetria fusca,70,,160,,B
Phoebetria palpebrata,Phoebetria palpebrata,69,,141,170,B
Thalassarche chlororhynchos,Thalassarche chlororhynchos,66,,130,,
Thalassarche carteri,Thalassarche carteri,71,,115,,B
Thalassarche chrysostoma,Thalassarche chrysostoma,69,78,141,,
Thalassarche bulleri,Thalassarche bulleri,69,72,147,189,B
Thalassarche cauta,Thalassarche cauta,68,75,112,136,B
Thalassarche steadi,,,,,,B
Thalassarche salvini,Thalassarche salvini,68,75,122,,
Thalassarche eremita,Thalassarche eremita,66,72,,,B
Thalassarche melanophris,Thalassarche melanophris,66,80,116,,B
Thalassarche impavida,,68,72,130,,B
Hydrobates pelagicus,Hydrobates pelagicus,41,40,59,70,B
Hydrobates furcatus,Hydrobates furcatus,39,,58,,
Hydrobates hornbyi,Hydrobates hornbyi,,,,,
Hydrobates monorhis,Hydrobates monorhis,,,,,
Hydrobates matsudairae,Hydrobates matsudairae,,,,,
Hydrobates leucorhous,Hydrobates leucorhous,37,50,63,70,B
Hydrobates socorroensis,Hydrobates socorroensis,,,,,
Hydrobates cheimomnestes,Hydrobates cheimomnestes,,,,,
Hydrobates homochroa,Hydrobates homochroa,42,,84,,
Hydrobates castro,Hydrobates castro,39,51,64,73,B
Hydrobates monteiroi,Hydrobates monteiroi,30,,60,,F
Hydrobates jabejabe,Hydrobates jabejabe,,,,,
Hydrobates tethys,Hydrobates tethys,,,76,,B
Hydrobates melania,Hydrobates melania,,,,,
Hydrobates macrodactylus,Hydrobates macrodactylus,,,,,
Hydrobates markhami,Hydrobates markhami,37,70,90,110,B
Hydrobates tristrami,Hydrobates tristrami,,,,,
Hydrobates microsoma,Hydrobates microsoma,,,,,
Macronectes giganteus,Macronectes giganteus,55,66,104,132,B
Macronectes halli,Macronectes halli,57,62,106,120,B
Fulmarus glacialis,Fulmarus glacialis,47,53,46,53,B
Fulmarus glacialoides,Fulmarus glacialoides,46,,48,56,B
Thalassoica antarctica,Thalassoica antarctica,40,48,42,47,
Daption capense,Daption capense,41,50,46,57,B
Pagodroma nivea,Pagodroma nivea,41,49,41,54,
Halobaena caerulea,Halobaena caerulea,45,52,43,60,B
Pachyptila vittata,Pachyptila vittata,45,50,50,,
Pachyptila salvini,Pachyptila salvini,43,52,52,65,
Pachyptila macgillivrayi,Pachyptila macgillivrayi,,,,,
Pachyptila desolata,Pachyptila desolata,42,50,45,55,B
Pachyptila belcheri,Pachyptila belcheri,46,47,43,54,B
Pachyptila turtur,Pachyptila turtur,44,56,43,56,B
Pachyptila crassirostris,Pachyptila crassirostris,,,,,
Aphrodroma brevirostris,Aphrodroma brevirostris,49,,59,62,
Pterodroma macroptera,Pterodroma macroptera,53,55,108,128,B
Pterodroma lessonii,Pterodroma lessonii,50,61,107,118,B
Pterodroma gouldi,Pterodroma gouldi,51,58,108,128,B
Pterodroma incerta,Pterodroma incerta,55,,138,,
Pterodroma solandri,Pterodroma solandri,56,,,,
Pterodroma magentae,Pterodroma magentae,,,,,
Pterodroma ultima,Pterodroma ultima,50,,100,,
Pterodroma mollis,Pterodroma mollis,50,,90,92,
Pterodroma madeira,Pterodroma madeira,53,53,85,85,B
Pterodroma feae,Pterodroma feae,53,53,95,95,B
Pterodroma deserta,,,,,,
Pterodroma cahow,Pterodroma cahow,51,54,90,100,B
Pterodroma hasitata,Pterodroma hasitata,,,105,,
Pterodroma caribbaea,Pterodroma caribbaea,,,,,
Pterodroma externa,Pterodroma externa,,,,,B
,Pterodroma occulta,,,,,B
Pterodroma neglecta,Pterodroma neglecta,50,52,110,130,
Pterodroma heraldica,Pterodroma heraldica,,,,,
Pterodroma arminjoniana,Pterodroma arminjoniana,53,,90,100,
Pterodroma atrata,Pterodroma atrata,,,90,,
Pterodroma alba,Pterodroma alba,,,,,
Pterodroma baraui,Pterodroma baraui,,,,,
Pterodroma sandwichensis,Pterodroma sandwichensis,52,56,110,117,B
Pterodroma phaeopygia,Pterodroma phaeopygia,52,56,110,117,
Pterodroma inexpectata,Pterodroma inexpectata,50,,90,105,B
Pterodroma cervicalis,Pterodroma cervicalis,,,100,115,
Pterodroma nigripennis,Pterodroma nigripennis,,,,,
Pterodroma axillaris,Pterodroma axillaris,,,,,B
Pterodroma hypoleuca,Pterodroma hypoleuca,49,,82,,
Pterodroma leucoptera,Pterodroma leucoptera,42,49,77,84,
Pterodroma brevipes,Pterodroma brevipes,42,49,77,84,B
Pterodroma cookii,Pterodroma cookii,47,51,88,,B
Pterodroma defilippiana,Pterodroma defilippiana,,,,,
Pterodroma longirostris,Pterodroma longirostris,,,,,
Pterodroma pycrofti,Pterodroma pycrofti,45,,77,84,B
Pseudobulweria aterrima,Pseudobulweria aterrima,,,,,
Pterodroma rupinarum,Pterodroma rupinarum,,,,,
Pseudobulweria rostrata,Pseudobulweria rostrata,,,,,
Pseudobulweria becki,Pseudobulweria becki,,,,,
Pseudobulweria macgillivrayi,Pseudobulweria macgillivrayi,,,,,
Procellaria cinerea,Procellaria cinerea,52,61,110,120,
Procellaria aequinoctialis,Procellaria aequinoctialis,57,62,87,106,B
Procellaria conspicillata,Procellaria conspicillata,,,,,
Procellaria parkinsoni,Procellaria parkinsoni,56.5,,96,122,B
Procellaria westlandica,Procellaria westlandica,57,65,120,140,
Calonectris leucomelas,Calonectris leucomelas,64,,66,80,
Calonectris borealis,Calonectris borealis,52,56,91,105,
Calonectris diomedea,Calonectris diomedea,49,56,84,98,
Calonectris edwardsii,Calonectris edwardsii,,,,,
Ardenna pacifica,Ardenna pacifica,50,54,100,,
Ardenna bulleri,Ardenna bulleri,51,,90,100,B
Ardenna grisea,Ardenna grisea,53,56,86,106,B
Ardenna tenuirostris,Ardenna tenuirostris,52,55,88,108,B
Ardenna creatopus,Ardenna creatopus,14,,,,B
Ardenna carneipes,Ardenna carneipes,60,,92,,
Ardenna gravis,Ardenna gravis,53,57,105,120,
Puffinus nativitatis,Puffinus nativitatis,50,54,96,,
Puffinus puffinus,Puffinus puffinus,47,66,62,76,B
Puffinus yelkouan,Puffinus yelkouan,52,51,70,72,B
Puffinus mauretanicus,Puffinus mauretanicus,51,51,70,70,B
Puffinus bryani,Puffinus bryani,,,,,
Puffinus opisthomelas,Puffinus opisthomelas,42,59,61,73,B
Puffinus auricularis,Puffinus auricularis,,,,,
Puffinus newelli,Puffinus newelli,62,62,88,100,
Puffinus myrtae,Puffinus myrtae,,,,,
Puffinus gavia,Puffinus gavia,,,,,
Puffinus huttoni,Puffinus huttoni,50,60,80,,
Puffinus lherminieri,Puffinus lherminieri,44,60,62,100,B
Puffinus persicus,Puffinus persicus,,,,,
Puffinus bailloni,Puffinus bailloni,44,60,62,100,
Puffinus subalaris,Puffinus subalaris,44,60,62,100,
Puffinus bannermani,Puffinus bannermani,,,,,
Puffinus heinrothi,Puffinus heinrothi,,,,,
Puffinus assimilis,Puffinus assimilis,52,58,70,75,B
Puffinus elegans,Puffinus elegans,,,,,
,Puffinus baroli,44,60,62,100,
,Puffinus boydi,42,60,62,100,
Pelecanoides garnotii,Pelecanoides garnotii,50,60,60,70,
Pelecanoides magellani,Pelecanoides magellani,,,,,
Pelecanoides georgicus,Pelecanoides georgicus,44,52,43,60,B
Pelecanoides whenuahouensis,,48.1,50,46.9,,B
Pelecanoides urinatrix,Pelecanoides urinatrix,53,55,45,59,
Bulweria bulwerii,Bulweria bulwerii,44,45,62,62,B
Bulweria bifax,Bulweria bifax,,,,,
Bulweria fallax,Bulweria fallax,,,,,
Anastomus lamelligerus,Anastomus lamelligerus,25,30,50,55,
Anastomus oscitans,Anastomus oscitans,27,30,35,36,
Leptoptilos crumenifer,Leptoptilos crumenifer,29,31,95,115,
Leptoptilos javanicus,Leptoptilos javanicus,,,,,
Leptoptilos dubius,Leptoptilos dubius,,,,,
Mycteria americana,Mycteria americana,27,32,50,60,
Mycteria ibis,Mycteria ibis,30,,55,,
Mycteria leucocephala,Mycteria leucocephala,30,,60,,
Mycteria cinerea,Mycteria cinerea,,,,,
Jabiru mycteria,Jabiru mycteria,60,,80,95,
Ephippiorhynchus senegalensis,Ephippiorhynchus senegalensis,30,35,70,100,
Ephippiorhynchus asiaticus,Ephippiorhynchus asiaticus,,,100,115,
Ciconia abdimii,Ciconia abdimii,30,31,50,60,
Ciconia microscelis,Ciconia microscelis,30,31,55,65,
Ciconia episcopus,Ciconia episcopus,30,31,55,65,
Ciconia stormi,Ciconia stormi,,,45,,
Ciconia nigra,Ciconia nigra,32,46,63,71,B
Ciconia maguari,Ciconia maguari,29,32,60,72,B
Ciconia ciconia,Ciconia ciconia,33,34,58,64,B
Ciconia boyciana,Ciconia boyciana,32,35,55,,
Fregata aquila,Fregata aquila,43,51,180,214,
Fregata magnificens,Fregata magnificens,53,61,150,185,B
Fregata ariel,Fregata ariel,45,,140,188,
Fregata minor,Fregata minor,51,57,120,160,B
Fregata andrewsi,Fregata andrewsi,50,54,133,168,
Papasula abbotti,Papasula abbotti,57,,140,175,
Morus bassanus,Morus bassanus,42,46,82,99,B
Morus capensis,Morus capensis,44,,97,,
Morus serrator,Morus serrator,44,,102,,
Sula sula,Sula sula,43,49,91,139,B
Sula leucogaster,Sula leucogaster,40,47,95,120,B
,Sula brewsteri,42,,90,,B
Sula dactylatra,Sula dactylatra,38,49,109,151,B
Sula granti,Sula granti,,,,,
Sula nebouxii,Sula nebouxii,41,,102,,
Sula variegata,Sula variegata,42,,78,105,
Anhinga anhinga,Anhinga anhinga,26,30,42,,B
Anhinga novaehollandiae,Anhinga novaehollandiae,26,30,,49,
Anhinga melanogaster,Anhinga melanogaster,26,30,,49,
Anhinga rufa,Anhinga rufa,26,30,49,,
Microcarbo pygmaeus,Microcarbo pygmaeus,27,30,70,70,B
Microcarbo africanus,Microcarbo africanus,23,25,28,35,
Microcarbo coronatus,Microcarbo coronatus,21,25,35,,
Microcarbo niger,Microcarbo niger,,,,,
Microcarbo melanoleucos,Microcarbo melanoleucos,,,,,
Poikilocarbo gaimardi,Poikilocarbo gaimardi,,,,,
Urile penicillatus,Urile penicillatus,,,,,
Urile urile,Urile urile,21,,60,,
Urile pelagicus,Urile pelagicus,31,,,,
Urile perspicillatus,Urile perspicillatus,,,,,
Phalacrocorax neglectus,Phalacrocorax neglectus,29,30,,,
Phalacrocorax nigrogularis,Phalacrocorax nigrogularis,,,,,
Phalacrocorax featherstoni,Phalacrocorax featherstoni,,,,,
Phalacrocorax punctatus,Phalacrocorax punctatus,28,35,57,71,
Phalacrocorax fuscescens,Phalacrocorax fuscescens,,,,,
Phalacrocorax varius,Phalacrocorax varius,25,33,47,60,
Phalacrocorax sulcirostris,Phalacrocorax sulcirostris,,,,,
Phalacrocorax fuscicollis,Phalacrocorax fuscicollis,,,,,
Phalacrocorax capensis,Phalacrocorax capensis,22,28,63,,
Phalacrocorax capillatus,Phalacrocorax capillatus,34,,40,,
Phalacrocorax carbo,Phalacrocorax carbo,27,38,45,55,B
Gulosus aristotelis,Gulosus aristotelis,30,31,53,53,B
Nannopterum harrisi,Nannopterum harrisi,35,,60,,
Nannopterum brasilianum,Nannopterum brasilianum,23,26,47,77,B
Nannopterum auritum,Nannopterum auritum,25,29,42,,
Leucocarbo magellanicus,Leucocarbo magellanicus,,,,,
Leucocarbo bougainvilliorum,Leucocarbo bougainvilliorum,,,,,
Leucocarbo ranfurlyi,Leucocarbo ranfurlyi,,,,,
Leucocarbo carunculatus,Leucocarbo carunculatus,,,,,
Leucocarbo onslowi,Leucocarbo onslowi,,,,,
Leucocarbo chalconotus,Leucocarbo chalconotus,,,,,
Leucocarbo colensoi,Leucocarbo colensoi,28,32,,,
Leucocarbo campbelli,Leucocarbo campbelli,,,,,
Leucocarbo atriceps,Leucocarbo atriceps,,,49,,
,Leucocarbo georgianus,27,31,56,65,
,Leucocarbo melanogenis,27,32,50,63,
,Leucocarbo bransfieldensis,29,29,40,45,B
Leucocarbo verrucosus,Leucocarbo verrucosus,29,30,,,
,Leucocarbo nivalis,29,32,55,,
,Leucocarbo purpurascens,32,33,60,90,
Threskiornis aethiopicus,Threskiornis aethiopicus,28,29,35,40,
Threskiornis bernieri,Threskiornis bernieri,28,29,35,40,
Threskiornis solitarius,Threskiornis solitarius,,,,,
Threskiornis melanocephalus,Threskiornis melanocephalus,23,25,,40,
Threskiornis moluccus,Threskiornis molucca,20,23,30,48,
Threskiornis spinicollis,Threskiornis spinicollis,24,25,,,
Pseudibis papillosa,Pseudibis papillosa,25,27,,,
Pseudibis davisoni,Pseudibis davisoni,28,29,26,40,F
Thaumatibis gigantea,Pseudibis gigantea,,,,,
Geronticus eremita,Geronticus eremita,24,28,43,47,
Geronticus calvus,Geronticus calvus,,,55,,
Nipponia nippon,Nipponia nippon,28,30,45,50,
Bostrychia olivacea,Bostrychia olivacea,,,,,
Bostrychia bocagei,Bostrychia bocagei,,,,,
Bostrychia rara,Bostrychia rara,20,,,,
Bostrychia hagedash,Bostrychia hagedash,25,28,49,,
Bostrychia carunculata,Bostrychia carunculata,,,,,
Theristicus caerulescens,Theristicus caerulescens,28,,,,
Theristicus caudatus,Theristicus caudatus,,,,,
Theristicus melanopis,Theristicus melanopis,,,,,
Theristicus branickii,Theristicus branickii,27,,49,,B
Cercibis oxycerca,Cercibis oxycerca,,,,,
Mesembrinibis cayennensis,Mesembrinibis cayennensis,,,23,27,
Phimosus infuscatus,Phimosus infuscatus,21,24,,,B
Eudocimus albus,Eudocimus albus,21,23,45,55,
Eudocimus ruber,Eudocimus ruber,21,24,29,42,B
Plegadis falcinellus,Plegadis falcinellus,20,23,25,28,B
Plegadis chihi,Plegadis chihi,17,21,42,49,B
Plegadis ridgwayi,Plegadis ridgwayi,,,,,
Lophotibis cristata,Lophotibis cristata,,,,,
Platalea leucorodia,Platalea leucorodia,24,25,45,50,B
Platalea minor,Platalea minor,,,,,
Platalea alba,Platalea alba,25,29,46,,
Platalea regia,Platalea regia,20,25,,,
Platalea flavipes,Platalea flavipes,26,31,,,
Platalea ajaja,Platalea ajaja,22,,42,,
Tigriornis leucolopha,Tigriornis leucolopha,29,,,,
Tigrisoma lineatum,Tigrisoma lineatum,31,34,,,F
Tigrisoma mexicanum,Tigrisoma mexicanum,23,28,,,B
Tigrisoma fasciatum,Tigrisoma fasciatum,,,35,,
Cochlearius cochlearius,Cochlearius cochlearius,23,28,,,B
Agamia agami,Agamia agami,,,,,
Zebrilus undulatus,Zebrilus undulatus,,,,,B
Botaurus stellaris,Botaurus stellaris,25,26,50,55,F
Botaurus poiciloptilus,Botaurus poiciloptilus,25,49,,,F
Botaurus lentiginosus,Botaurus lentiginosus,28,29,14,,
Botaurus pinnatus,Botaurus pinnatus,24,25,,,F
Ixobrychus involucris,Botaurus involucris,15,20,,,F
Ixobrychus exilis,Botaurus exilis,17,20,13,15,B
Ixobrychus flavicollis,Botaurus flavicollis,,,15,,
Ixobrychus cinnamomeus,Botaurus cinnamomeus,23,,10,,
Ixobrychus eurhythmus,Botaurus eurhythmus,16,18,,,B
Ixobrychus sturmii,Botaurus sturmii,14,15,7,11,
Ixobrychus minutus,Botaurus minutus,16,21,28,30,B
Ixobrychus sinensis,Botaurus sinensis,17,20,15,,B
Ixobrychus dubius,Botaurus dubius,16,21,25,30,B
Ixobrychus novaezelandiae,Botaurus novaezelandiae,,,,,
Nyctanassa violacea,Nyctanassa violacea,24,25,30,42,B
Nyctanassa carcinocatactes,Nyctanassa carcinocatactes,,,,,
Nycticorax nycticorax,Nycticorax nycticorax,21,26,40,50,B
,Nycticorax olsoni,,,,,
Nycticorax duboisi,Nycticorax duboisi,,,,,
Nycticorax mauritianus,Nycticorax mauritianus,,,,,
Nycticorax megacephalus,Nycticorax megacephalus,,,,,
Nycticorax caledonicus,Nycticorax caledonicus,,21,42,49,
Gorsachius melanolophus,Gorsachius melanolophus,,,,,
Gorsachius goisagi,Gorsachius goisagi,17,20,35,37,
Pilherodius pileatus,Pilherodius pileatus,26,27,,,
Syrigma sibilatrix,Syrigma sibilatrix,28,,,,
Egretta caerulea,Egretta caerulea,20,24,30,,B
Egretta tricolor,Egretta tricolor,22,,35,,B
Egretta rufescens,Egretta rufescens,25,26,45,,
Egretta vinaceigula,Egretta vinaceigula,,,,,
Egretta ardesiaca,Egretta ardesiaca,,,,,
Egretta sacra,Egretta sacra,25,28,35,42,
Egretta eulophotes,Egretta eulophotes,30,35,36,40,
Egretta thula,Egretta thula,22,26,49,56,B
Egretta garzetta,Egretta garzetta,21,25,40,45,B
,,,,,,
Egretta gularis,Egretta gularis,26,28,30,45,B
Egretta picata,Egretta picata,,,,,
Egretta novaehollandiae,Egretta novaehollandiae,24,26,38,42,
Calherodius leuconotus,Calherodius leuconotus,23,26,42,56,
Oroanassa magnifica,Oroanassa magnifica,,,67,,
,,19,29,14,30,B
Butorides striata,Butorides striata,19,29,14,30,B
,,,,,,B
,Butorides virescens,19,23,21,23,B
Zonerodius heliosylus,Zonerodius heliosylus,,,,,
Ardeola rufiventris,Ardeola rufiventris,,,24,32,
Ardeola ralloides,Ardeola ralloides,18,24,35,45,F
Ardeola idae,Ardeola idae,20,,15,,
Ardeola grayii,Ardeola grayii,24,,,,
Ardeola bacchus,Ardeola bacchus,18,22,30,,
Ardeola speciosa,Ardeola speciosa,,,,,
Ardea pacifica,Ardea pacifica,28,30,42,49,
Ardea alba,Ardea alba,25,26,49,56,B
Ardea brachyrhyncha,Ardea brachyrhyncha,24,27,35,40,
Ardea intermedia,Ardea intermedia,21,27,,35,
Ardea plumifera,Ardea plumifera,26,27,37,53,B
Bubulcus ibis,Ardea ibis,21,26,30,30,B
,Ardea coromanda,,,25,40,B
Ardea cinerea,Ardea cinerea,21,26,50,50,B
Ardea herodias,Ardea herodias,25,29,60,,
Ardea occidentalis,,,,,,
Ardea cocoi,Ardea cocoi,20,29,55,,B
Ardea purpurea,Ardea purpurea,25,27,45,50,B
Ardea humbloti,Ardea humbloti,,,,,
Ardea insignis,Ardea insignis,,,,,
Ardea sumatrana,Ardea sumatrana,,,,,
Ardea melanocephala,Ardea melanocephala,23,27,40,55,
Ardea goliath,Ardea goliath,24,30,42,81,
Scopus umbretta,Scopus umbretta,28,32,44,50,
Balaeniceps rex,Balaeniceps rex,30,,95,105,B
Pelecanus onocrotalus,Pelecanus onocrotalus,29,36,65,75,B
Pelecanus rufescens,Pelecanus rufescens,,,84,,
Pelecanus philippensis,Pelecanus philippensis,30,,120,123,
Pelecanus crispus,Pelecanus crispus,30,34,85,85,B
Pelecanus conspicillatus,Pelecanus conspicillatus,32,35,90,92,
Pelecanus erythrorhynchos,Pelecanus erythrorhynchos,30,,62,64,B
Pelecanus occidentalis,Pelecanus occidentalis,28,30,63,76,
Pelecanus thagus,Pelecanus thagus,,,,,
Opisthocomus hoazin,Opisthocomus hoazin,28,34,14,21,B
Gymnogyps californianus,Gymnogyps californianus,55,60,180,,
Sarcoramphus papa,Sarcoramphus papa,53,58,72,86,B
Vultur gryphus,Vultur gryphus,59,,180,,
Coragyps atratus,Coragyps atratus,38,39,90,,B
Cathartes aura,Cathartes aura,36,42,60,80,B
Cathartes burrovianus,Cathartes burrovianus,40,,70,75,
Cathartes melambrotus,Cathartes melambrotus,,,,,
Sagittarius serpentarius,Sagittarius serpentarius,42,46,64,106,B
Pandion haliaetus,Pandion haliaetus,35,43,,50,B
Gampsonyx swainsonii,Gampsonyx swainsonii,24,,35,,F
Chelictinia riocourii,Chelictinia riocourii,,,,,
Elanus leucurus,Elanus leucurus,30,32,35,40,
Elanus caeruleus,Elanus caeruleus,30,33,30,35,F
Elanus axillaris,Elanus axillaris,29,34,33,38,
Elanus scriptus,Elanus scriptus,36,,30,35,
Polyboroides typus,Polyboroides typus,35,,45,55,
Polyboroides radiatus,Polyboroides radiatus,,,,,
Gypohierax angolensis,Gypohierax angolensis,44,,90,,B
Gypaetus barbatus,Gypaetus barbatus,53,58,106,130,B
Neophron percnopterus,Neophron percnopterus,42,,70,85,B
Eutriorchis astur,Eutriorchis astur,40,,62,,B
Chondrohierax uncinatus,Chondrohierax uncinatus,30,34,,,B
Chondrohierax wilsonii,Chondrohierax wilsonii,,,,,
Leptodon cayanensis,Leptodon cayanensis,32,35,35,40,B
Leptodon forbesi,Leptodon forbesi,,,,,
Aviceda cuculoides,Aviceda cuculoides,32,33,30,42,B
Aviceda madagascariensis,Aviceda madagascariensis,31,31,43,43,F
Aviceda jerdoni,Aviceda jerdoni,,,,,
Aviceda subcristata,Aviceda subcristata,29,33,32,35,
Aviceda leuphotes,Aviceda leuphotes,,,,,B
Pernis apivorus,Pernis apivorus,30,35,40,44,B
Pernis ptilorhynchus,Pernis ptilorhynchus,28,35,35,45,B
Pernis celebensis,Pernis celebensis,,,,,
Pernis steerei,Pernis steerei,,,,,
Elanoides forficatus,Elanoides forficatus,24,28,38,41,B
Hamirostra melanosternon,Hamirostra melanosternon,32,38,68,73,F
Lophoictinia isura,Lophoictinia isura,37,42,59,65,
Henicopernis longicauda,Henicopernis longicauda,,,,,
Henicopernis infuscatus,Henicopernis infuscatus,,,,,
Sarcogyps calvus,Sarcogyps calvus,45,,,,B
Trigonoceps occipitalis,Trigonoceps occipitalis,55,56,115,120,
Aegypius monachus,Aegypius monachus,54,56,95,120,B
Torgos tracheliotos,Torgos tracheliotos,54,56,125,135,
Necrosyrtes monachus,Necrosyrtes monachus,48,54,89,130,
Gyps himalayensis,Gyps himalayensis,50,,,,
Gyps bengalensis,Gyps bengalensis,45,,90,,B
Gyps africanus,Gyps africanus,56,,120,130,B
Gyps indicus,Gyps indicus,,,,,B
Gyps tenuirostris,Gyps tenuirostris,,,,,
Gyps coprotheres,Gyps coprotheres,55,,140,,B
Gyps rueppelli,Gyps rueppelli,55,,150,,B
Gyps fulvus,Gyps fulvus,49,65,97,136,B
Spilornis klossi,Spilornis klossi,,,,,
Spilornis rufipectus,Spilornis rufipectus,,,,,
Spilornis kinabaluensis,Spilornis kinabaluensis,,,,,
Spilornis cheela,Spilornis cheela,35,,,,F
Spilornis holospilus,Spilornis holospilus,,,,,
Spilornis elgini,Spilornis elgini,,,,,
Pithecophaga jefferyi,Pithecophaga jefferyi,60,61,161,168,B
Terathopius ecaudatus,Terathopius ecaudatus,52,59,93,194,B
Circaetus cinerascens,Circaetus cinerascens,,,56,,
Circaetus fasciolatus,Circaetus fasciolatus,,,,,
Dryotriorchis spectabilis,Circaetus spectabilis,,,,,
Circaetus beaudouini,Circaetus beaudouini,,,,,
Circaetus pectoralis,Circaetus pectoralis,51,52,89,90,
Circaetus gallicus,Circaetus gallicus,45,47,60,80,F
Circaetus cinereus,Circaetus cinereus,48,50,97,113,
Macheiramphus alcinus,Macheiramphus alcinus,48,,67,,B
Harpyopsis novaeguineae,Harpyopsis novaeguineae,,,,,
Morphnus guianensis,Morphnus guianensis,,,100,110,F
Harpia harpyja,Harpia harpyja,56,,135,180,B
Stephanoaetus coronatus,Stephanoaetus coronatus,49,65,90,115,B
Nisaetus nanus,Nisaetus nanus,,,,,
,Nisaetus kelaarti,,,,,
Nisaetus nipalensis,Nisaetus nipalensis,,,,,F
Nisaetus alboniger,Nisaetus alboniger,,,,,
Nisaetus bartelsi,Nisaetus bartelsi,,,,,
Nisaetus lanceolatus,Nisaetus lanceolatus,,,,,
Nisaetus pinskeri,Nisaetus pinskeri,,,,,
Nisaetus philippensis,Nisaetus philippensis,,,,,
Nisaetus cirrhatus,Nisaetus cirrhatus,40,,68,,F
Nisaetus floris,Nisaetus floris,,,,,
Spizaetus tyrannus,Spizaetus tyrannus,40,44,61,90,
Spizaetus melanoleucus,Spizaetus melanoleucus,,,,,
Spizaetus ornatus,Spizaetus ornatus,48,51,66,93,F
Spizaetus isidori,Spizaetus isidori,,,120,,
Lophotriorchis kienerii,Lophotriorchis kienerii,,,,,B
Polemaetus bellicosus,Polemaetus bellicosus,47,51,96,99,
Lophaetus occipitalis,Lophaetus occipitalis,42,,53,58,
Ictinaetus malaiensis,Ictinaetus malaiensis,,,,,
Clanga hastata,Clanga hastata,,,,,
Clanga pomarina,Clanga pomarina,36,41,56,77,F
Clanga clanga,Clanga clanga,42,,63,67,F
Hieraaetus wahlbergi,Hieraaetus wahlbergi,44,46,70,75,
Hieraaetus ayresii,Hieraaetus ayresii,43,45,73,75,
Hieraaetus weiskei,Hieraaetus weiskei,,,,,
Hieraaetus pennatus,Hieraaetus pennatus,37,40,50,54,F
Hieraaetus morphnoides,Hieraaetus morphnoides,36,41,54,66,
Aquila nipalensis,Aquila nipalensis,45,,55,65,F
Aquila rapax,Aquila rapax,39,44,77,84,
Aquila adalberti,Aquila adalberti,44,,75,,B
Aquila heliaca,Aquila heliaca,43,,60,77,B
Aquila africana,Aquila africana,,,,,
Aquila chrysaetos,Aquila chrysaetos,41,45,65,80,F
Aquila fasciata,Aquila fasciata,37,41,60,70,F
Aquila spilogaster,Aquila spilogaster,42,44,61,71,
Aquila verreauxii,Aquila verreauxii,43,46,90,98,
Aquila gurneyi,Aquila gurneyi,,,,,
Aquila audax,Aquila audax,42,48,79,95,
Accipiter trivirgatus,Lophospiza trivirgata,,34,,,
Accipiter griseiceps,Lophospiza griseiceps,,,,,
Micronisus gabar,Micronisus gabar,33,35,30,35,
Urotriorchis macrourus,Urotriorchis macrourus,,,,,
Melierax metabates,Melierax metabates,30,,36,50,
Melierax poliopterus,Melierax poliopterus,36,38,49,56,
Melierax canorus,Melierax canorus,35,,45,,
Kaupifalco monogrammicus,Kaupifalco monogrammicus,33,34,40,,
Accipiter castanilius,Aerospiza castanilius,,,,,
Accipiter tachiro,Aerospiza tachiro,30,35,32,35,
Accipiter toussenelii,,30,35,32,36,
Accipiter erythropus,Tachyspiza erythropus,,,,,
Accipiter minullus,Tachyspiza minulla,31,32,25,27,
Accipiter virgatus,Tachyspiza virgata,,,,,
Accipiter nanus,Tachyspiza nanus,,,,,
Accipiter erythrauchen,Tachyspiza erythrauchen,,,,,
Accipiter cirrocephalus,Tachyspiza cirrocephala,35,37,28,33,
Accipiter brachyurus,Tachyspiza brachyura,,,,,
Accipiter rhodogaster,Tachyspiza rhodogaster,,,,,
Accipiter gularis,Tachyspiza gularis,25,28,,,
Accipiter brevipes,Tachyspiza brevipes,33,33,43,43,F
Accipiter badius,Tachyspiza badia,30,35,32,,
Accipiter butleri,Tachyspiza butleri,,,,,
Accipiter soloensis,Tachyspiza soloensis,,,22,,B
Accipiter francesiae,Tachyspiza francesiae,,,,,
Accipiter trinotatus,Tachyspiza trinotata,,,,,
Accipiter poliocephalus,Tachyspiza poliocephala,,,,,
Accipiter princeps,Tachyspiza princeps,,,,,
Accipiter novaehollandiae,Tachyspiza novaehollandiae,31,34,30,42,
Accipiter hiogaster,Tachyspiza hiogaster,30,,,,
Accipiter sylvestris,,,,,,
Accipiter imitator,Tachyspiza imitator,,,,,
Accipiter melanochlamys,Tachyspiza melanochlamys,,,,,
Accipiter albogularis,Tachyspiza albogularis,,,,,
Accipiter rufitorques,Tachyspiza rufitorques,,,,,
Accipiter henicogrammus,Tachyspiza henicogramma,,,,,
Accipiter luteoschistaceus,Tachyspiza luteoschistacea,,,,,
Accipiter haplochrous,Tachyspiza haplochroa,,,,,
Accipiter fasciatus,Tachyspiza fasciata,29,33,28,37,
Erythrotriorchis buergersi,Erythrotriorchis buergersi,,,,,
Erythrotriorchis radiatus,Erythrotriorchis radiatus,39,43,51,53,F
Accipiter poliogaster,Accipiter poliogaster,,,49,,F
Accipiter ovampensis,Accipiter ovampensis,33,35,33,,
Accipiter madagascariensis,Accipiter madagascariensis,,,,,
Accipiter striatus,Accipiter striatus,21,35,21,40,B
,,,,,,
,,,,,,
,,,,,,
Accipiter nisus,Accipiter nisus,32,34,26,30,F
Accipiter rufiventris,Accipiter rufiventris,34,,31,36,
Accipiter bicolor,Astur bicolor,33,37,30,36,F
,Astur chilensis,,,,,
Accipiter cooperii,Astur cooperii,30,34,27,30,
Accipiter gundlachi,Astur gundlachi,,,,,
Accipiter gentilis,Astur gentilis,35,38,34,41,F
,Astur atricapillus,28,32,34,35,F
Accipiter meyerianus,Astur meyerianus,,,,,B
Accipiter melanoleucus,Astur melanoleucus,34,38,37,47,
Accipiter henstii,Astur henstii,39,40,43,47,B
Megatriorchis doriae,Megatriorchis doriae,,,,,
Circus assimilis,Circus assimilis,32,34,36,43,
Circus macrourus,Circus macrourus,29,30,35,45,F
Circus maurus,Circus maurus,34,,36,41,
Circus cyaneus,Circus cyaneus,29,31,29,38,F
Circus hudsonius,Circus hudsonius,30,32,45.5,66.5,F
Circus cinereus,Circus cinereus,,,,,
Circus buffoni,Circus buffoni,,,,,
Circus pygargus,Circus pygargus,28,29,30,40,F
Circus melanoleucos,Circus melanoleucos,,,,,F
Circus aeruginosus,Circus aeruginosus,31,38,35,40,F
Circus ranivorus,Circus ranivorus,31,34,38,41,
Circus spilonotus,Circus spilonotus,33,48,35,40,
Circus spilothorax,Circus spilothorax,,,,,
Circus approximans,Circus approximans,31,34,43,46,
Circus macrosceles,Circus macrosceles,33,36,45,50,
Circus maillardi,Circus maillardi,33,36,45,50,
Accipiter superciliosus,Microspizias superciliosus,30,35,,,F
Accipiter collaris,Microspizias collaris,,,,,
Harpagus bidentatus,Harpagus bidentatus,42,45,27,37,F
Harpagus diodon,Harpagus diodon,,,28,,
Milvus milvus,Milvus milvus,31,32,50,60,F
Milvus migrans,Milvus migrans,26,38,42,63,F
Milvus aegyptius,,26,38,42,63,F
Haliastur indus,Haliastur indus,26,35,40,45,B
Haliastur sphenurus,Haliastur sphenurus,35,38,44,54,
Haliaeetus pelagicus,Haliaeetus pelagicus,38,45,70,,
Haliaeetus leucoryphus,Haliaeetus leucoryphus,40,,70,105,F
Haliaeetus albicilla,Haliaeetus albicilla,34,46,70,90,B
Haliaeetus leucocephalus,Haliaeetus leucocephalus,35,,70,92,
Haliaeetus vocifer,Icthyophaga vocifer,42,45,65,75,
Haliaeetus vociferoides,Icthyophaga vociferoides,41,,120,,
Haliaeetus leucogaster,Icthyophaga leucogaster,,40,65,70,
Haliaeetus sanfordi,Icthyophaga sanfordi,,,,,
Icthyophaga humilis,Icthyophaga humilis,,,,,
Icthyophaga ichthyaetus,Icthyophaga ichthyaetus,28,30,,70,B
Butastur liventer,Butastur liventer,,,,,
Butastur rufipennis,Butastur rufipennis,,,,,
Butastur teesa,Butastur teesa,19,,,,F
Butastur indicus,Butastur indicus,28,30,34,36,
Ictinia mississippiensis,Ictinia mississippiensis,29,31,34,,
Ictinia plumbea,Ictinia plumbea,32,33,38,,B
Geranospiza caerulescens,Geranospiza caerulescens,,,,,
Busarellus nigricollis,Busarellus nigricollis,35,40,55,,F
Rostrhamus sociabilis,Rostrhamus sociabilis,26,28,40,49,B
Helicolestes hamatus,Helicolestes hamatus,30,,35,40,B
Morphnarchus princeps,Morphnarchus princeps,,,80,,
Cryptoleucopteryx plumbea,Cryptoleucopteryx plumbea,,,,,
Buteogallus schistaceus,Buteogallus schistaceus,,,,,
Buteogallus anthracinus,Buteogallus anthracinus,38,40,41,52,B
Buteogallus gundlachii,Buteogallus gundlachii,,,,,
Buteogallus aequinoctialis,Buteogallus aequinoctialis,,,,,
Buteogallus meridionalis,Buteogallus meridionalis,39,,45,50,
Buteogallus lacernulatus,Buteogallus lacernulatus,,,,,
Buteogallus urubitinga,Buteogallus urubitinga,38,42,65,70,B
Buteogallus solitarius,Buteogallus solitarius,,,,,
Buteogallus coronatus,Buteogallus coronatus,45,,65,70,B
Rupornis magnirostris,Rupornis magnirostris,33,37,38,,F
Parabuteo unicinctus,Parabuteo unicinctus,33,36,40,50,B
Parabuteo leucorrhous,Parabuteo leucorrhous,,,,,
Pseudastur occidentalis,Pseudastur occidentalis,,,,,
Pseudastur albicollis,Pseudastur albicollis,34,36,88,,
Pseudastur polionotus,Pseudastur polionotus,,,,,
Geranoaetus albicaudatus,Geranoaetus albicaudatus,29,32,47,52,
Geranoaetus polyosoma,Geranoaetus polyosoma,,,40,50,B
Geranoaetus melanoleucus,Geranoaetus melanoleucus,30,,,,B
Leucopternis semiplumbeus,Leucopternis semiplumbeus,,,,,
Leucopternis melanops,Leucopternis melanops,,,,,
Leucopternis kuhli,Leucopternis kuhli,,,,,
Bermuteo avivorus,Bermuteo avivorus,,,,,
Buteo plagiatus,Buteo plagiatus,32,34,,,
Buteo nitidus,Buteo nitidus,32,,42,,B
Buteo platypterus,Buteo platypterus,28,31,29,31,B
Buteo lineatus,Buteo lineatus,33,,45,,
Buteo ridgwayi,Buteo ridgwayi,28,29,94,,B
Buteo albonotatus,Buteo albonotatus,28,34,41,53,
Buteo solitarius,Buteo solitarius,38,63,59,63,B
Buteo albigula,Buteo albigula,28,31,40,40,F
Buteo brachyurus,Buteo brachyurus,34,39,35,,F
Buteo swainsoni,Buteo swainsoni,34,35,42,44,
Buteo galapagoensis,Buteo galapagoensis,37,38,50,60,B
Buteo jamaicensis,Buteo jamaicensis,28,35,42,46,B
Buteo ventralis,Buteo ventralis,30,30,,,
Buteo lagopus,Buteo lagopus,28,31,34,45,F
Buteo regalis,Buteo regalis,32,33,38,40,
Buteo auguralis,Buteo auguralis,,,,,
Buteo augur,Buteo augur,39,40,48,55,
Buteo rufofuscus,Buteo rufofuscus,40,,50,53,
Buteo oreophilus,Buteo oreophilus,,,50,,
Buteo buteo,Buteo buteo,33,38,43,60,F
Buteo trizonatus,Buteo trizonatus,30,,45,55,
Buteo brachypterus,Buteo brachypterus,48,35,42,49,
Buteo socotraensis,Buteo socotraensis,,,,,
,,33,38,43,60,F
Buteo rufinus,Buteo rufinus,28,,45,,F
Buteo hemilasius,Buteo hemilasius,30,,45,,
Buteo refectus,Buteo refectus,,,,,
Buteo japonicus,Buteo japonicus,30,33,,,B
Tyto tenebricosa,Tyto tenebricosa,35,,60,,
Tyto multipunctata,,40,42,90,,F
Tyto inexspectata,Tyto inexspectata,,,,,
Tyto nigrobrunnea,Tyto nigrobrunnea,,,,,
,Tyto sororcula,,,,,
,Tyto almae,,,,,
,Tyto manusi,,,,,
Tyto aurantia,Tyto aurantia,,,,,
Tyto novaehollandiae,Tyto novaehollandiae,35,42,70,84,
Tyto rosenbergii,Tyto rosenbergii,,,,,
Tyto soumagnei,Tyto soumagnei,,,70,,
Tyto alba,Tyto alba,29,34,49,70,F
,Tyto furcata,29,34,64,,F
,Tyto javanica,29,34,,,
,Tyto deroepstorffi,,,,,
Tyto glaucops,Tyto glaucops,,,,,
Tyto capensis,Tyto capensis,32,42,42,,
Tyto longimembris,Tyto longimembris,31,,60,,
Tyto prigoginei,Tyto prigoginei,,,,,
Phodilus badius,Phodilus badius,,,,,
Phodilus assimilis,Phodilus assimilis,,,,,
Uroglaux dimorpha,Uroglaux dimorpha,,,,,
Ninox albifacies,Ninox albifacies,,,,,
Ninox rufa,Ninox rufa,36,38,49,56,F
Ninox strenua,Ninox strenua,35,38,56,,F
Ninox connivens,Ninox connivens,36,,35,42,F
Ninox rudolfi,Ninox rudolfi,,,,,
Ninox boobook,Ninox boobook,30,,35,,F
Ninox rotiensis,Ninox rotiensis,,,,,
Ninox fusca,Ninox fusca,,,,,
Ninox plesseni,Ninox plesseni,,,,,
Ninox leucopsis,Ninox leucopsis,30,36,38,40,
Ninox novaeseelandiae,Ninox novaeseelandiae,30,,35,,F
Ninox japonica,Ninox japonica,25,31,,,
Ninox scutulata,Ninox scutulata,25,,28,,
Ninox obscura,Ninox obscura,,,,,
Ninox randi,Ninox randi,,,,,
Ninox affinis,Ninox affinis,,,,,
Ninox philippensis,Ninox philippensis,,,,,
Ninox spilocephala,Ninox spilocephala,,,,,
Ninox leventisi,Ninox leventisi,,,,,
Ninox reyi,Ninox reyi,,,,,
Ninox rumseyi,Ninox rumseyi,,,,,
Ninox spilonotus,Ninox spilonotus,,,,,
Ninox mindorensis,Ninox mindorensis,,,,,
Ninox sumbaensis,Ninox sumbaensis,,,,,
Ninox burhani,Ninox burhani,,,,,
Ninox ochracea,Ninox ochracea,,,,,
Ninox ios,Ninox ios,,,,,
Ninox hypogramma,Ninox hypogramma,,,,,
Ninox hantu,Ninox hantu,,,,,
Ninox squamipila,Ninox squamipila,,,,,
Ninox forbesi,Ninox forbesi,,,,,
Ninox natalis,Ninox natalis,,,,,
Ninox meeki,Ninox meeki,,,,,
Ninox theomacha,Ninox theomacha,,,,,
Ninox punctulata,Ninox punctulata,,,,,
Ninox odiosa,Ninox odiosa,,,,,
Ninox variegata,Ninox variegata,,,,,
Margarobyas lawrencii,Margarobyas lawrencii,,,,,
Glaucidium brodiei,Taenioptynx brodiei,25,,,,
Glaucidium sylvaticum,Taenioptynx sylvaticus,,,,,
Micrathene whitneyi,Micrathene whitneyi,21,24,28,33,F
Xenoglaux loweryi,Xenoglaux loweryi,,,,,
Aegolius funereus,Aegolius funereus,29,29,28,36,F
Aegolius acadicus,Aegolius acadicus,27,29,,,F
Aegolius gradyi,Aegolius gradyi,,,,,
Aegolius ridgwayi,Aegolius ridgwayi,,,,,
Aegolius harrisii,Aegolius harrisii,,,,,
Athene blewitti,Athene blewitti,30,30,40,40,
Athene superciliaris,Athene superciliaris,,,,,
Athene cunicularia,Athene cunicularia,28,30,44,53,F
Athene noctua,Athene noctua,28,33,30,35,F
Athene brama,Athene brama,28,32,32,,
Athene jacquinoti,Athene jacquinoti,,,,,
Athene granti,Athene granti,,,,,
Athene malaitae,Athene malaitae,,,,,
Athene roseoaxillaris,Athene roseoaxillaris,,,,,
Surnia ulula,Surnia ulula,25,30,25,35,F
Glaucidium passerinum,Glaucidium passerinum,28,30,27,34,F
Glaucidium perlatum,Glaucidium perlatum,29,,31,,F
Glaucidium tephronotum,Glaucidium tephronotum,,,,,
Glaucidium sjostedti,Glaucidium sjostedti,28,,,,
Glaucidium cuculoides,Glaucidium cuculoides,,,,,
Glaucidium castanopterum,Glaucidium castanopterum,,,,,
Glaucidium radiatum,Glaucidium radiatum,,,,,
Glaucidium castanotum,Glaucidium castanotum,,,,,
Glaucidium capense,Glaucidium capense,,,32,,
Glaucidium castaneum,,,,,,
Glaucidium albertinum,Glaucidium albertinum,,,,,
,,28,,23,,
Glaucidium gnoma,Glaucidium gnoma,28,,23,,F
,,,,,,
,,,,,,
Glaucidium costaricanum,Glaucidium costaricanum,,,,,
Glaucidium nubicola,Glaucidium nubicola,,,,,
Glaucidium jardinii,Glaucidium jardinii,,,,,
Glaucidium bolivianum,Glaucidium bolivianum,,,,,
Glaucidium palmarum,Glaucidium palmarum,,,,,
Glaucidium sanchezi,Glaucidium sanchezi,,,,,
Glaucidium griseiceps,Glaucidium griseiceps,,,,,
Glaucidium parkeri,Glaucidium parkeri,,,,,
Glaucidium hardyi,Glaucidium hardyi,,,,,
Glaucidium minutissimum,Glaucidium minutissimum,,,,,
Glaucidium mooreorum,Glaucidium mooreorum,,,,,
Glaucidium brasilianum,Glaucidium brasilianum,22,28,21,29,F
Glaucidium peruanum,Glaucidium peruanum,,,,,
Glaucidium nana,Glaucidium nana,26,28,15,17,
Glaucidium siju,Glaucidium siju,,,,,F
Otus gurneyi,Otus gurneyi,,,,,
Otus sagittatus,Otus sagittatus,,,,,
Otus rufescens,Otus rufescens,,,,,
Otus thilohoffmanni,Otus thilohoffmanni,,,,,
Otus icterorhynchus,Otus icterorhynchus,,,,,
Otus ireneae,Otus ireneae,,,,,
Otus balli,Otus balli,,,,,
Otus alfredi,Otus alfredi,,,,,
Otus spilocephalus,Otus spilocephalus,,,,,
Otus angelinae,Otus angelinae,,,,,
Otus mirus,Otus mirus,,,,,
Otus longicornis,Otus longicornis,,,,,
Otus mindorensis,Otus mindorensis,,,,,
,,,,,,F
Otus rutilus,Otus rutilus,,,,,F
Otus mayottensis,Otus mayottensis,,,,,
Otus pauliani,Otus pauliani,,,,,
Otus capnodes,Otus capnodes,,,,,
Otus moheliensis,Otus moheliensis,,,,,
Mascarenotus grucheti,Otus grucheti,,,,,
Mascarenotus sauzieri,Otus sauzieri,,,,,
Mascarenotus murivorus,Otus murivorus,,,,,
Otus brucei,Otus brucei,,,,,
Otus pamelae,Otus pamelae,,,,,
Otus scops,Otus scops,24,25,21,29,F
Otus cyprius,Otus cyprius,,,,,
Otus bikegila,Otus bikegila,,,,,
Otus pembaensis,Otus pembaensis,,,,,
Otus hartlaubi,Otus hartlaubi,,,,,
Otus senegalensis,Otus senegalensis,20,24,26,,
Otus feae,,,,,,
Otus socotranus,Otus socotranus,,,,,
Otus sunia,Otus sunia,24,25,,,
Otus elegans,Otus elegans,30,,30,,
Otus magicus,Otus magicus,,,,,
Otus tempestatis,Otus tempestatis,,,,,
Otus sulaensis,Otus sulaensis,,,,,
Otus beccarii,Otus beccarii,,,,,
Otus manadensis,Otus manadensis,,,,,
Otus mendeni,Otus mendeni,,,,,
Otus siaoensis,Otus siaoensis,,,,,
Otus collari,Otus collari,,,,,
Otus mantananensis,Otus mantananensis,,,,,
Otus insularis,Otus insularis,21,28,28,42,F
Otus alius,Otus alius,,,,,
Otus umbra,Otus umbra,,,,,
Otus enganensis,Otus enganensis,,,,,
Otus mentawi,Otus mentawi,,,,,
Otus brookii,Otus brookii,,,,,
Otus bakkamoena,Otus bakkamoena,25,27,,,
Otus lettia,Otus lettia,,,,,B
Otus semitorques,Otus semitorques,,,,,
Otus lempiji,Otus lempiji,,,,,
Otus megalotis,Otus megalotis,,,,,
Otus nigrorum,Otus nigrorum,,,,,
Otus everetti,Otus everetti,,,,,
Otus fuliginosus,Otus fuliginosus,,,,,
Otus silvicola,Otus silvicola,,,,,
Otus jolandae,Otus jolandae,,,,,
Pyrroglaux podargina,Otus podarginus,,,,,
Ptilopsis leucotis,Ptilopsis leucotis,30,,30,32,B
Ptilopsis granti,Ptilopsis granti,30,,71,74,F
Pseudoscops grammicus,Asio grammicus,,,,,
Asio clamator,Asio clamator,33,,,,F
Asio otus,Asio otus,26,28,30,35,F
Asio abyssinicus,Asio abyssinicus,,,,,
Asio madagascariensis,Asio madagascariensis,,,,,
Asio stygius,Asio stygius,,,,,F
Asio flammeus,Asio flammeus,26,29,12,18,F
Asio capensis,Asio capensis,28,,35,,F
Nesasio solomonensis,Asio solomonensis,,,,,
Jubula lettii,Jubula lettii,28,28,33,33,
Bubo scandiacus,Bubo scandiacus,31,32,35,45,F
Bubo virginianus,Bubo virginianus,30,37,70,,F
Bubo magellanicus,Bubo magellanicus,21,35,41,52,F
Bubo bubo,Bubo bubo,34,36,49,55,F
Bubo bengalensis,Bubo bengalensis,35,,,,
Bubo ascalaphus,Bubo ascalaphus,31,36,52,70,F
Bubo capensis,Bubo capensis,34,36,60,77,F
Bubo milesi,Bubo milesi,,,,,
Bubo cinerascens,Bubo cinerascens,,,,,F
Bubo africanus,Bubo africanus,30,32,48,,F
Bubo poensis,Ketupa poensis,,,,,
Bubo leucostictus,Ketupa leucosticta,,,,,
Bubo lacteus,Ketupa lactea,20,,62,63,F
Bubo shelleyi,Ketupa shelleyi,,,,,
Bubo blakistoni,Ketupa blakistoni,35,37,70,77,F
Ketupa zeylonensis,Ketupa zeylonensis,34,38,51,,F
Ketupa flavipes,Ketupa flavipes,,,,,
Ketupa ketupu,Ketupa ketupu,28,29,45,,
Bubo sumatranus,Ketupa sumatrana,,,,,
Bubo nipalensis,Ketupa nipalensis,,,,,
Bubo coromandus,Ketupa coromanda,,,,,B
Bubo philippensis,Ketupa philippensis,,,,,
Scotopelia peli,Scotopelia peli,32,33,68,70,F
Scotopelia ussheri,Scotopelia ussheri,32,33,68,70,F
Scotopelia bouvieri,Scotopelia bouvieri,,,,,
Psiloscops flammeolus,Psiloscops flammeolus,21,24,25,,F
Gymnasio nudipes,Gymnasio nudipes,,,,,F
Megascops trichopsis,Megascops trichopsis,,,,,F
Megascops clarkii,Megascops clarkii,,,,,
Megascops albogularis,Megascops albogularis,,,,,
Megascops choliba,Megascops choliba,,,30,,F
Megascops barbarus,Megascops barbarus,,,,,
Megascops cooperi,Megascops cooperi,,,,,
Megascops kennicottii,Megascops kennicottii,26,,28,,F
Megascops asio,Megascops asio,26,,25,27,F
Megascops seductus,Megascops seductus,,,,,
Megascops guatemalae,Megascops guatemalae,,,,,
Megascops vermiculatus,,,,,,
Megascops koepckeae,Megascops koepckeae,,,,,
Megascops ingens,Megascops ingens,,,,,
Megascops petersoni,Megascops petersoni,,,,,
Megascops marshalli,Megascops marshalli,,,,,
Megascops hoyi,Megascops hoyi,,,,,
,Megascops centralis,,,,,
,Megascops roraimae,,,,,
Megascops sanctaecatarinae,Megascops sanctaecatarinae,,,,,F
Megascops gilesi,Megascops gilesi,,,,,
Megascops roboratus,Megascops roboratus,,,,,
Megascops watsonii,Megascops watsonii,,,,,
Megascops atricapilla,Megascops atricapilla,,,,,
Pulsatrix perspicillata,Pulsatrix perspicillata,35,,35,42,F
Pulsatrix koeniswaldiana,Pulsatrix koeniswaldiana,35,,35,42,F
Pulsatrix melanota,Pulsatrix melanota,,,,,
Lophostrix cristata,Lophostrix cristata,,,,,
Strix seloputo,Strix seloputo,,,,,
Strix ocellata,Strix ocellata,,,,,
Strix leptogrammica,Strix leptogrammica,30,,,,
Strix aluco,Strix aluco,28,30,32,37,F
,Strix mauritanica,,,,,
Strix nivicolum,Strix nivicolum,,,,,
Strix hadorami,Strix hadorami,34,39,30,40,F
Strix butleri,Strix butleri,34,39,30,40,
Strix occidentalis,Strix occidentalis,30,,34,36,F
Strix varia,Strix varia,28,33,42,,F
,Strix sartorii,,,28,84,F
Strix fulvescens,Strix fulvescens,28,30,,,F
Strix hylophila,Strix hylophila,28,29,32,35,F
Strix chacoensis,Strix chacoensis,35,,35,,
Strix rufipes,Strix rufipes,,,,,
Strix uralensis,Strix uralensis,28,35,40,45,F
Strix nebulosa,Strix nebulosa,28,36,32,44,F
Strix woodfordii,Strix woodfordii,31,,46,,F
Ciccaba virgata,Strix virgata,28,30,27,33,F
Ciccaba nigrolineata,Strix nigrolineata,,,,,
Ciccaba huhula,Strix huhula,,,,,F
Ciccaba albitarsis,Strix albitarsis,,,,,
Colius striatus,Colius striatus,10,11,17,18,B
Colius leucocephalus,Colius leucocephalus,,,,,
Colius castanotus,Colius castanotus,,,,,
Colius colius,Colius colius,,,,,
Urocolius macrourus,Urocolius macrourus,11,,16,17,
Urocolius indicus,Urocolius indicus,10.5,15,14,20,B
Leptosomus discolor,Leptosomus discolor,20,,30,,F
Apaloderma narina,Apaloderma narina,16,21,25,,F
Apaloderma aequatoriale,Apaloderma aequatoriale,16,,16,,
Apaloderma vittatum,Apaloderma vittatum,,,,,
Apalharpactes reinwardtii,Apalharpactes reinwardtii,,,,,
Apalharpactes mackloti,Apalharpactes mackloti,,,,,
Harpactes fasciatus,Harpactes fasciatus,,,,,
Harpactes kasumba,Harpactes kasumba,,,,,
Harpactes diardii,Harpactes diardii,,,,,
Harpactes ardens,Harpactes ardens,,,,,
Harpactes whiteheadi,Harpactes whiteheadi,,,,,
Harpactes orrhophaeus,Harpactes orrhophaeus,,,,,
Harpactes duvaucelii,Harpactes duvaucelii,,,,,
Harpactes oreskios,Harpactes oreskios,,,,,
Harpactes erythrocephalus,Harpactes erythrocephalus,,,,,
Harpactes wardi,Harpactes wardi,,,,,
Euptilotis neoxenus,Euptilotis neoxenus,22,,29,31,B
Pharomachrus pavoninus,Pharomachrus pavoninus,,,,,
Pharomachrus auriceps,Pharomachrus auriceps,,,,,
Pharomachrus mocinno,Pharomachrus mocinno,17,19,23,31,
Pharomachrus fulgidus,Pharomachrus fulgidus,,,,,
Pharomachrus antisianus,Pharomachrus antisianus,,,,,
Priotelus temnurus,Priotelus temnurus,,,,,
Temnotrogon roseigaster,Priotelus roseigaster,16,20,,,
Trogon clathratus,Trogon clathratus,,,,,
Trogon massena,Trogon massena,,,,,
Trogon comptus,Trogon comptus,,,,,
Trogon mesurus,Trogon mesurus,,,,,B
Trogon melanurus,Trogon melanurus,,,,,
Trogon melanocephalus,Trogon melanocephalus,19,,16,17,
Trogon citreolus,Trogon citreolus,,,,,
Trogon chionurus,Trogon chionurus,16,17,,,B
Trogon bairdii,Trogon bairdii,16,17,25,,
Trogon viridis,Trogon viridis,,,,,
,Trogon caligatus,,,,,
,Trogon ramonianus,,,,,
Trogon violaceus,Trogon violaceus,,,17,,
Trogon curucui,Trogon curucui,,,,,
Trogon surrucura,Trogon surrucura,16,19,20,,B
Trogon aurantius,,,,,,
,Trogon tenellus,18,,14,15,B
,Trogon cupreicauda,,,,,B
Trogon rufus,Trogon rufus,,,,,
,Trogon chrysochloros,18,,15,,B
Trogon elegans,Trogon elegans,19,,15,16,
Trogon ambiguus,,17,21,15,17,B
Trogon mexicanus,Trogon mexicanus,19,,15,16,
Trogon collaris,Trogon collaris,,,16,,B
Trogon personatus,Trogon personatus,,,,,
Upupa epops,Upupa epops,14,20,22,32,F
Upupa marginata,Upupa marginata,,,,,
Upupa antaios,Upupa antaios,,,,,
Rhinopomastus castaneiceps,Rhinopomastus castaneiceps,,,,,B
Phoeniculus bollei,Phoeniculus bollei,,,,,
Phoeniculus purpureus,Phoeniculus purpureus,17,18,,,F
Phoeniculus somaliensis,Phoeniculus somaliensis,,,,,
Phoeniculus damarensis,Phoeniculus damarensis,21,,,,F
Rhinopomastus aterrimus,Rhinopomastus aterrimus,,,,,B
Rhinopomastus cyanomelas,Rhinopomastus cyanomelas,,,,,
Rhinopomastus minor,Rhinopomastus minor,,,,,
Bucorvus abyssinicus,Bucorvus abyssinicus,37,41,80,90,F
Bucorvus leadbeateri,Bucorvus leadbeateri,37,43,86,,F
,Tockus ruahae,,,,,
,Tockus kempi,23,25,39,50,F
Tockus damarensis,Tockus damarensis,24,27,45,,F
,Tockus rufirostris,,,,,
Tockus erythrorhynchus,Tockus erythrorhynchus,23,25,39,50,F
Tockus monteiri,Tockus monteiri,24,27,43,46,F
Tockus deckeni,Tockus deckeni,30,,47,50,F
Tockus jacksoni,Tockus jacksoni,,,,,
Tockus leucomelas,Tockus leucomelas,24,,42,47,F
Tockus flavirostris,Tockus flavirostris,,,,,F
Lophoceros bradfieldi,Lophoceros bradfieldi,,,48,,F
Lophoceros alboterminatus,Lophoceros alboterminatus,25,27,46,55,F
Lophoceros semifasciatus,Lophoceros semifasciatus,,,,,
Lophoceros fasciatus,Lophoceros fasciatus,,,,,F
Lophoceros hemprichii,Lophoceros hemprichii,,,,,F
Lophoceros nasutus,Lophoceros nasutus,24,26,43,49,F
Lophoceros camurus,Lophoceros camurus,,,,,F
Lophoceros pallidirostris,Lophoceros pallidirostris,,,,,F
Bycanistes fistulator,Bycanistes fistulator,,,,,F
Bycanistes sharpii,,,,,,
Bycanistes bucinator,Bycanistes bucinator,28,,50,,F
Bycanistes cylindricus,Bycanistes cylindricus,,,,,F
Bycanistes albotibialis,Bycanistes albotibialis,,,,,
Bycanistes subcylindricus,Bycanistes subcylindricus,42,,70,79,F
Bycanistes brevis,Bycanistes brevis,40,,77,80,F
Ceratogymna atrata,Ceratogymna atrata,,,,,F
Ceratogymna elata,Ceratogymna elata,,,,,B
Horizocerus hartlaubi,Horizocerus hartlaubi,,,,,F
Horizocerus granti,Horizocerus granti,,,,,F
Horizocerus albocristatus,Horizocerus albocristatus,,,,,F
Horizocerus cassini,Horizocerus cassini,,,,,
Berenicornis comatus,Berenicornis comatus,,,,,
Buceros rhinoceros,Buceros rhinoceros,37,46,78,80,F
Buceros bicornis,Buceros bicornis,38,40,72,96,F
Buceros hydrocorax,Buceros hydrocorax,,,,,
Buceros mindanensis,,,,,,
Rhinoplax vigil,Rhinoplax vigil,,,,,F
Anthracoceros marchei,Anthracoceros marchei,,,,,F
Anthracoceros albirostris,Anthracoceros albirostris,25,27,49,55,F
Anthracoceros coronatus,Anthracoceros coronatus,26,30,45,52,F
Anthracoceros montani,Anthracoceros montani,,,,,
Anthracoceros malayanus,Anthracoceros malayanus,30,,50,,F
Ocyceros griseus,Ocyceros griseus,40,,46,,F
Ocyceros gingalensis,Ocyceros gingalensis,28,30,55,,F
Ocyceros birostris,Ocyceros birostris,21,,45,,F
Anorrhinus tickelli,Anorrhinus tickelli,,,,,
Anorrhinus austeni,Anorrhinus austeni,30,,62,,
Anorrhinus galeritus,Anorrhinus galeritus,30,,60,,
Aceros nipalensis,Aceros nipalensis,,,,,F
Rhyticeros plicatus,Rhyticeros plicatus,,,,,F
Rhyticeros narcondami,Rhyticeros narcondami,,,,,F
Rhyticeros undulatus,Rhyticeros undulatus,40,,90,,F
Rhyticeros everetti,Rhyticeros everetti,,,,,
Rhyticeros subruficollis,Rhyticeros subruficollis,,,,,
Rhyticeros cassidix,Rhyticeros cassidix,32,35,100,,F
Rhabdotorrhinus waldeni,Rhabdotorrhinus waldeni,,,,,F
Rhabdotorrhinus leucocephalus,Rhabdotorrhinus leucocephalus,,,,,F
Rhabdotorrhinus exarhatus,Rhabdotorrhinus exarhatus,16,19,55,70,F
Rhabdotorrhinus corrugatus,Rhabdotorrhinus corrugatus,29,,65,73,F
Penelopides manillae,Penelopides manillae,28,31,50,65,F
Penelopides mindorensis,Penelopides mindorensis,,,,,
Penelopides affinis,Penelopides affinis,,25,47,54,F
,Penelopides samarensis,,,,,
Penelopides panini,Penelopides panini,30,35,55,58,F
Coracias naevius,Coracias naevius,,,,,
Coracias benghalensis,Coracias benghalensis,17,19,30,35,F
Coracias affinis,Coracias affinis,,,,,
Coracias temminckii,Coracias temminckii,,,,,
Coracias spatulatus,Coracias spatulatus,,,,,
Coracias caudatus,Coracias caudatus,22,24,35,,B
Coracias abyssinicus,Coracias abyssinicus,,,,,
Coracias garrulus,Coracias garrulus,17,19,25,30,F
Coracias cyanogaster,Coracias cyanogaster,,18,18,34,
Eurystomus gularis,Eurystomus gularis,,,,,
Eurystomus glaucurus,Eurystomus glaucurus,,,,,
Eurystomus orientalis,Eurystomus orientalis,22,23,23,,
Eurystomus azureus,Eurystomus azureus,,,,,
Brachypteracias leptosomus,Brachypteracias leptosomus,22,26,30,,F
Geobiastes squamiger,Geobiastes squamiger,,,18,,F
Atelornis pittoides,Atelornis pittoides,,,,,F
Atelornis crossleyi,Atelornis crossleyi,,,,,
Uratelornis chimaera,Uratelornis chimaera,,,,,
Actenoides monachus,Actenoides monachus,,,,,
Actenoides capucinus,,,,,,
Actenoides princeps,Actenoides princeps,,,,,
Actenoides bougainvillei,Actenoides bougainvillei,,,,,
Actenoides lindsayi,Actenoides lindsayi,,,,,
Actenoides hombroni,Actenoides hombroni,,,,,
Actenoides concretus,Actenoides concretus,,,22,,
Melidora macrorrhina,Melidora macrorrhina,,,,,
Lacedo pulchella,Lacedo pulchella,,,,,
Lacedo melanops,,,,,,
Tanysiptera galatea,Tanysiptera galatea,,,,,
Tanysiptera ellioti,Tanysiptera ellioti,,,,,
Tanysiptera riedelii,Tanysiptera riedelii,,,,,
Tanysiptera carolinae,Tanysiptera carolinae,,,,,
Tanysiptera hydrocharis,Tanysiptera hydrocharis,,,,,
Tanysiptera sylvia,Tanysiptera sylvia,26,28,26,35,B
Tanysiptera nigriceps,Tanysiptera nigriceps,26,28,26,35,B
Tanysiptera nympha,Tanysiptera nympha,,,,,
Tanysiptera danae,Tanysiptera danae,,,,,
Cittura cyanotis,Cittura cyanotis,,,,,
Cittura sanghirensis,Cittura sanghirensis,,,,,
Dacelo rex,Dacelo rex,,,,,
Dacelo tyro,Dacelo tyro,,,,,
Dacelo gaudichaud,Dacelo gaudichaud,,,,,
Dacelo novaeguineae,Dacelo novaeguineae,24,29,32,40,B
Dacelo leachii,Dacelo leachii,25,26,36,,B
Caridonax fulgidus,Caridonax fulgidus,,,,,
Pelargopsis capensis,Pelargopsis capensis,,,,,
Pelargopsis melanorhyncha,Pelargopsis melanorhyncha,,,,,
Pelargopsis amauroptera,Pelargopsis amauroptera,,,,,
Halcyon coromanda,Halcyon coromanda,,,,,B
Halcyon smyrnensis,Halcyon smyrnensis,18,20,26,27,B
Halcyon gularis,Halcyon gularis,,,,,
Halcyon cyanoventris,Halcyon cyanoventris,,,,,
Halcyon badia,Halcyon badia,,,,,B
Halcyon pileata,Halcyon pileata,,,,,
Halcyon leucocephala,Halcyon leucocephala,,,21,,
Halcyon albiventris,Halcyon albiventris,12,,21,,
Halcyon chelicuti,Halcyon chelicuti,,,,,B
Halcyon malimbica,Halcyon malimbica,,,,,
Halcyon senegalensis,Halcyon senegalensis,13,14,15,24,B
Halcyon senegaloides,Halcyon senegaloides,,,,,
Todiramphus nigrocyaneus,Todiramphus nigrocyaneus,,,,,
Todiramphus winchelli,Todiramphus winchelli,,,,,
Todiramphus diops,Todiramphus diops,,,,,
Todiramphus lazuli,Todiramphus lazuli,,,,,
Todiramphus macleayii,Todiramphus macleayii,18,21,27,31,B
Todiramphus albonotatus,Todiramphus albonotatus,,,,,
Todiramphus leucopygius,Todiramphus leucopygius,,,,,
Todiramphus farquhari,Todiramphus farquhari,,,,,
Todiramphus funebris,Todiramphus funebris,,,,,
Todiramphus chloris,Todiramphus chloris,15,16,29,30,
,Todiramphus sordidus,44,,29,30,
,Todiramphus colonus,44,,29,30,
,Todiramphus albicilla,44,,29,30,
,Todiramphus tristrami,44,,29,30,
,Todiramphus sacer,44,,29,30,
Todiramphus enigma,Todiramphus enigma,,,,,
Todiramphus cinnamominus,Todiramphus cinnamominus,,,,,
Todiramphus pelewensis,Todiramphus pelewensis,,,,,
Todiramphus reichenbachii,Todiramphus reichenbachii,,,,,
Todiramphus saurophagus,Todiramphus saurophagus,,,,,
Todiramphus sanctus,Todiramphus sanctus,16,21,24,29,B
Todiramphus recurvirostris,Todiramphus recurvirostris,,,,,
Todiramphus australasia,Todiramphus australasia,,,,,
Todiramphus tutus,Todiramphus tutus,21,23,26,,B
Todiramphus ruficollaris,Todiramphus ruficollaris,21,23,26,,B
Todiramphus veneratus,Todiramphus veneratus,,,,,
Todiramphus youngi,,,,,,
Todiramphus gambieri,Todiramphus gambieri,,,,,
,,,,,,
Todiramphus godeffroyi,Todiramphus godeffroyi,,,,,
Todiramphus pyrrhopygius,Todiramphus pyrrhopygius,20,23,26,30,B
Syma torotoro,Syma torotoro,,,,,B
Syma megarhyncha,Syma megarhyncha,,,,,
Ispidina lecontei,Ispidina lecontei,,,,,
Ispidina picta,Ispidina picta,,,,,
Corythornis madagascariensis,Corythornis madagascariensis,,,,,B
Corythornis leucogaster,Corythornis leucogaster,,,,,
Corythornis cristatus,Corythornis cristatus,14,16,15,,B
Corythornis nais,,,,,,
Corythornis thomensis,,,,,,
Corythornis vintsioides,Corythornis vintsioides,,,,,B
Alcedo coerulescens,Alcedo coerulescens,,,,,
Alcedo peninsulae,Alcedo peninsulae,,,,,
Alcedo euryzona,Alcedo euryzona,,,,,
Alcedo quadribrachys,Alcedo quadribrachys,,,,,
Alcedo meninting,Alcedo meninting,,,,,B
Alcedo atthis,Alcedo atthis,19,21,23,27,B
Alcedo semitorquata,Alcedo semitorquata,16,,27,,B
Alcedo hercules,Alcedo hercules,,,,,B
Ceyx erithaca,Ceyx erithaca,,,,,
Ceyx rufidorsa,Ceyx rufidorsa,,,,,
Ceyx melanurus,Ceyx melanurus,,,,,
Ceyx mindanensis,,,,,,
Ceyx sangirensis,Ceyx sangirensis,,,,,
Ceyx fallax,Ceyx fallax,,,,,
Ceyx lepidus,Ceyx lepidus,,,,,
Ceyx margarethae,Ceyx margarethae,,,,,
Ceyx wallacii,Ceyx wallacii,,,,,
Ceyx cajeli,Ceyx cajeli,,,,,
Ceyx solitarius,Ceyx solitarius,,,,,
Ceyx dispar,Ceyx dispar,,,,,
Ceyx mulcatus,Ceyx mulcatus,,,,,
Ceyx sacerdotis,Ceyx sacerdotis,,,,,
Ceyx meeki,Ceyx meeki,,,,,
Ceyx collectoris,Ceyx collectoris,,,,,
Ceyx nigromaxilla,Ceyx nigromaxilla,,,,,
Ceyx gentianus,Ceyx gentianus,,,,,
Ceyx cyanopectus,Ceyx cyanopectus,,,,,
Ceyx nigrirostris,,,,,,
Ceyx argentatus,Ceyx argentatus,,,,,
Ceyx flumenicola,Ceyx flumenicola,,,,,
Ceyx azureus,Ceyx azureus,20,22,21,35,B
Ceyx websteri,Ceyx websteri,,,,,
Ceyx pusillus,Ceyx pusillus,,,,,
Chloroceryle amazona,Chloroceryle amazona,22,,29,30,B
Chloroceryle aenea,Chloroceryle aenea,,,,,B
Chloroceryle americana,Chloroceryle americana,19,21,36,27,B
Chloroceryle inda,Chloroceryle inda,,,,,
Megaceryle lugubris,Megaceryle lugubris,,,40,,F
Megaceryle maxima,Megaceryle maxima,,,37,,B
Megaceryle torquata,Megaceryle torquata,22,,35,38,B
Megaceryle alcyon,Megaceryle alcyon,22,24,27,35,B
Ceryle rudis,Ceryle rudis,18,,23,26,B
Todus multicolor,Todus multicolor,,,,,
Todus subulatus,Todus subulatus,,,,,
Todus angustirostris,Todus angustirostris,,,,,
Todus todus,Todus todus,,,,,
Todus mexicanus,Todus mexicanus,21,22,19,20,
Hylomanes momotula,Hylomanes momotula,,,,,
Aspatha gularis,Aspatha gularis,21,22,29,31,
Momotus mexicanus,Momotus mexicanus,,,,,
Momotus coeruliceps,Momotus coeruliceps,21,,29,32,
Momotus lessonii,Momotus lessonii,21,,29,32,
Momotus subrufescens,Momotus subrufescens,,,,,
Momotus bahamensis,Momotus bahamensis,,,,,
Momotus momota,Momotus momota,21,,29,32,
Momotus aequatorialis,Momotus aequatorialis,,,,,
Baryphthengus martii,Baryphthengus martii,,,,,B
Baryphthengus ruficapillus,Baryphthengus ruficapillus,,,,,
Electron carinatum,Electron carinatum,,,,,
Electron platyrhynchum,Electron platyrhynchum,,,24,25,B
Eumomota superciliosa,Eumomota superciliosa,18,20,24,31,
Nyctyornis amictus,Nyctyornis amictus,,,,,B
Nyctyornis athertoni,Nyctyornis athertoni,,,,,F
Meropogon forsteni,Meropogon forsteni,,,,,
Merops breweri,Merops breweri,,,,,F
Merops muelleri,Merops muelleri,,,,,
Merops mentalis,Merops mentalis,,,,,
Merops gularis,Merops gularis,,,,,
Merops hirundineus,Merops hirundineus,,,,,
Merops pusillus,Merops pusillus,18,20,23,24,F
Merops variegatus,Merops variegatus,,,,,
Merops lafresnayii,Merops lafresnayii,,,,,
Merops oreobates,Merops oreobates,,,25,,B
Merops bulocki,Merops bulocki,19,21,28,,B
Merops bullockoides,Merops bullockoides,,,,,B
Merops revoilii,Merops revoilii,,,,,
Merops albicollis,Merops albicollis,,,,,
Merops boehmi,Merops boehmi,,,,,
Merops viridissimus,Merops viridissimus,,,,,
Merops cyanophrys,Merops cyanophrys,17,19,20,25,B
Merops orientalis,Merops orientalis,,,,,
Merops persicus,Merops persicus,23,26,28,30,B
Merops superciliosus,Merops superciliosus,,,,,
Merops philippinus,Merops philippinus,,,,,
Merops ornatus,Merops ornatus,21,,,,
Merops viridis,Merops viridis,,,,30,B
Merops americanus,Merops americanus,,,,,
Merops leschenaulti,Merops leschenaulti,,,,,B
Merops apiaster,Merops apiaster,13,20,30,31,B
Merops malimbicus,Merops malimbicus,,,,,
Merops nubicus,Merops nubicus,,,30,,
Merops nubicoides,Merops nubicoides,,,,,
Galbalcyrhynchus leucotis,Galbalcyrhynchus leucotis,,,,,
Galbalcyrhynchus purusianus,Galbalcyrhynchus purusianus,,,,,
Brachygalba salmoni,Brachygalba salmoni,,,,,
Brachygalba goeringi,Brachygalba goeringi,,,,,
Brachygalba lugubris,Brachygalba lugubris,,,,,
Brachygalba albogularis,Brachygalba albogularis,,,,,
Jacamaralcyon tridactyla,Jacamaralcyon tridactyla,19,20,28,30,B
Galbula albirostris,Galbula albirostris,,,,,
Galbula chalcocephala,,,,,,
Galbula cyanicollis,Galbula cyanicollis,,,,,
Galbula ruficauda,Galbula ruficauda,19,23,20,26,B
Galbula galbula,Galbula galbula,,,,,
Galbula pastazae,Galbula pastazae,,,,,
Galbula tombacea,Galbula tombacea,,,,,
Galbula cyanescens,Galbula cyanescens,,,,,
Galbula chalcothorax,Galbula chalcothorax,,,,,
Galbula leucogastra,Galbula leucogastra,,,,,
Galbula dea,Galbula dea,,,,,
Jacamerops aureus,Jacamerops aureus,,,,,
Notharchus hyperrhynchus,Notharchus hyperrhynchus,,,,,
Notharchus macrorhynchos,Notharchus macrorhynchos,,,,,
Notharchus swainsoni,Notharchus swainsoni,,,,,
Notharchus pectoralis,Notharchus pectoralis,,,,,
Notharchus ordii,Notharchus ordii,,,,,
Notharchus tectus,Notharchus tectus,,,,,
Notharchus subtectus,,,,,,
Cyphos macrodactylus,Bucco macrodactylus,,,,,
Nystactes tamatia,Bucco tamatia,15,,,,B
Nystactes noanamae,Bucco noanamae,,,,,
Bucco capensis,Bucco capensis,,,,,
Nystalus radiatus,Nystalus radiatus,,,,,
Nystalus chacuru,Nystalus chacuru,,,,,
Nystalus striolatus,Nystalus striolatus,,,,,
,Nystalus obamai,,,,,
Nystalus maculatus,Nystalus maculatus,,,,,B
Hypnelus ruficollis,Hypnelus ruficollis,,,,,
Hypnelus bicinctus,Hypnelus bicinctus,,,,,
Malacoptila striata,Malacoptila striata,12,,16,20,
Malacoptila minor,,,,,,
Malacoptila fusca,Malacoptila fusca,,,,,
Malacoptila semicincta,Malacoptila semicincta,,,,,
Malacoptila fulvogularis,Malacoptila fulvogularis,,,,,
Malacoptila rufa,Malacoptila rufa,,,,,
Malacoptila panamensis,Malacoptila panamensis,,,20,,
Malacoptila mystacalis,Malacoptila mystacalis,,,,,
Micromonacha lanceolata,Micromonacha lanceolata,15,,,,
Nonnula rubecula,Nonnula rubecula,,,,,
Nonnula sclateri,Nonnula sclateri,,,,,
Nonnula brunnea,Nonnula brunnea,,,,,
Nonnula frontalis,Nonnula frontalis,,,,,
Nonnula ruficapilla,Nonnula ruficapilla,,,,,
Nonnula amaurocephala,Nonnula amaurocephala,,,,,
Hapaloptila castanea,Hapaloptila castanea,15,18,37,38,B
Monasa atra,Monasa atra,,,,,
Monasa nigrifrons,Monasa nigrifrons,,,,,
Monasa morphoeus,Monasa morphoeus,,,,,
Monasa flavirostris,Monasa flavirostris,,,,,
Chelidoptera tenebrosa,Chelidoptera tenebrosa,15,,,,
Capito aurovirens,Capito aurovirens,,,,,
Capito wallacei,Capito wallacei,,,,,
Capito fitzpatricki,Capito fitzpatricki,,,,,
Capito maculicoronatus,Capito maculicoronatus,,,,,
Capito squamatus,Capito squamatus,,,,,
Capito hypoleucus,Capito hypoleucus,,,,,
Capito dayi,Capito dayi,,,,,
Capito brunneipectus,Capito brunneipectus,,,,,
Capito niger,Capito niger,,,34,,B
Capito auratus,Capito auratus,,,,,
Capito quinticolor,Capito quinticolor,,,,,
Eubucco richardsoni,Eubucco richardsoni,,,,,
Eubucco aurantiicollis,,,,,,
Eubucco bourcierii,Eubucco bourcierii,15,,31,42,
Eubucco tucinkae,Eubucco tucinkae,,,,,
Eubucco versicolor,Eubucco versicolor,,,,,
Eubucco steerii,,,,,,
Eubucco glaucogularis,,,,,,
Semnornis frantzii,Semnornis frantzii,14,15,,,B
Semnornis ramphastinus,Semnornis ramphastinus,15,,43,46,B
Ramphastos toco,Ramphastos toco,16,18,43,52,B
Ramphastos ambiguus,Ramphastos ambiguus,,,,,
Ramphastos tucanus,Ramphastos tucanus,15,16,48,49,B
Ramphastos cuvieri,,15,16,48,49,B
Ramphastos dicolorus,Ramphastos dicolorus,16,,40,42,B
Ramphastos brevis,Ramphastos brevis,,,,,
Ramphastos sulfuratus,Ramphastos sulfuratus,,,42,47,B
Ramphastos citreolaemus,,16,18,37,46,B
Ramphastos vitellinus,Ramphastos vitellinus,16,18,37,46,B
Ramphastos culminatus,,16,18,37,46,B
Ramphastos ariel,,16,18,37,46,B
Pteroglossus bailloni,Pteroglossus bailloni,16,,,,B
Pteroglossus viridis,Pteroglossus viridis,17,,43,45,B
Pteroglossus inscriptus,Pteroglossus inscriptus,,,,,
Pteroglossus humboldti,,,,,,
Pteroglossus beauharnaisii,Pteroglossus beauharnaisii,15,,,,
Pteroglossus bitorquatus,Pteroglossus bitorquatus,27,44,,,B
Pteroglossus sturmii,,,,,,
Pteroglossus azara,Pteroglossus azara,,,,,
Pteroglossus castanotis,Pteroglossus castanotis,,,,,
Pteroglossus pluricinctus,Pteroglossus pluricinctus,,,,,
Pteroglossus aracari,Pteroglossus aracari,16,17,40,,B
Pteroglossus frantzii,Pteroglossus frantzii,,,,,
Pteroglossus torquatus,Pteroglossus torquatus,16,,44,,
Pteroglossus sanguineus,,16,16,44,44,
Pteroglossus erythropygius,,16,17,44,,
Andigena laminirostris,Andigena laminirostris,16,17,46,60,B
Andigena nigrirostris,Andigena nigrirostris,,,,,
Andigena cucullata,Andigena cucullata,,,,,
Andigena hypoglauca,Andigena hypoglauca,,,,,
Selenidera spectabilis,Selenidera spectabilis,,,,,
Selenidera piperivora,Selenidera piperivora,16,,,,
Selenidera nattereri,Selenidera nattereri,,,,,
Selenidera reinwardtii,Selenidera reinwardtii,,,,,
Selenidera langsdorffii,,,,,,
Selenidera maculirostris,Selenidera maculirostris,15,,42,49,B
Selenidera gouldii,Selenidera gouldii,,,,,
Aulacorhynchus wagleri,,16,,42,45,B
Aulacorhynchus prasinus,Aulacorhynchus prasinus,16,,42,45,F
Aulacorhynchus caeruleogularis,,16,,,,
Aulacorhynchus albivitta,Aulacorhynchus albivitta,,,,,
Aulacorhynchus atrogularis,,16,,42,45,B
Aulacorhynchus cyanolaemus,,16,,42,45,B
Aulacorhynchus huallagae,Aulacorhynchus huallagae,,,,,
Aulacorhynchus coeruleicinctis,Aulacorhynchus coeruleicinctis,,,,,
Aulacorhynchus haematopygus,Aulacorhynchus haematopygus,16,17,49,,F
Aulacorhynchus whitelianus,Aulacorhynchus whitelianus,,,,,
Aulacorhynchus derbianus,Aulacorhynchus derbianus,,,,,
Aulacorhynchus sulcatus,Aulacorhynchus sulcatus,,,,,
Aulacorhynchus calorhynchus,,,,,,
Psilopogon pyrolophus,Psilopogon pyrolophus,,,42,,
Psilopogon virens,Psilopogon virens,13,15,38,39,B
Psilopogon lagrandieri,Psilopogon lagrandieri,,,,,
Psilopogon zeylanicus,Psilopogon zeylanicus,,,,,B
Psilopogon lineatus,Psilopogon lineatus,14,15,,,B
Psilopogon viridis,Psilopogon viridis,14,15,36,38,B
Psilopogon faiostrictus,Psilopogon faiostrictus,,,,,
Psilopogon corvinus,Psilopogon corvinus,,,,,
Psilopogon chrysopogon,Psilopogon chrysopogon,,,,,
Psilopogon rafflesii,Psilopogon rafflesii,,,,,
Psilopogon mystacophanos,Psilopogon mystacophanos,17,18,24,29,B
Psilopogon javensis,Psilopogon javensis,,,,,
Psilopogon flavifrons,Psilopogon flavifrons,,,,,
Psilopogon franklinii,Psilopogon franklinii,,,,,B
Psilopogon auricularis,Psilopogon auricularis,,,,,
Psilopogon oorti,Psilopogon oorti,,,,,
Psilopogon annamensis,Psilopogon annamensis,,,,,
Psilopogon faber,Psilopogon faber,13,15,23,29,B
Psilopogon nuchalis,Psilopogon nuchalis,13,15,23,29,B
Psilopogon asiaticus,Psilopogon asiaticus,14,,,,B
Psilopogon chersonesus,Psilopogon chersonesus,14,,,,B
Psilopogon monticola,Psilopogon monticola,,,,,
Psilopogon incognitus,Psilopogon incognitus,,,,,
Psilopogon henricii,Psilopogon henricii,,,,,
Psilopogon armillaris,Psilopogon armillaris,13,15,37,,B
Psilopogon pulcherrimus,Psilopogon pulcherrimus,,,,,
Psilopogon australis,Psilopogon australis,,,,,
Psilopogon cyanotis,Psilopogon cyanotis,13,14,,,
Psilopogon duvaucelii,Psilopogon duvaucelii,,,,,
Psilopogon eximius,Psilopogon eximius,,,,,
Psilopogon rubricapillus,Psilopogon rubricapillus,14,15,35,37,B
Psilopogon malabaricus,Psilopogon malabaricus,14,15,35,37,B
Psilopogon haemacephalus,Psilopogon haemacephalus,12,14,35,,B
Caloramphus fuliginosus,Caloramphus fuliginosus,,,,,
Caloramphus hayii,Caloramphus hayii,,,,,
Trachylaemus goffinii,Trachylaemus goffinii,,,,,
Trachylaemus togoensis,,,,,,
Trachylaemus purpuratus,Trachylaemus purpuratus,,,,,
Trachyphonus vaillantii,Trachyphonus vaillantii,13,17,17,30,B
Trachyphonus erythrocephalus,Trachyphonus erythrocephalus,,,,,M
Trachyphonus margaritatus,Trachyphonus margaritatus,,,,,
Trachyphonus darnaudii,Trachyphonus darnaudii,,,,,
Trachyphonus emini,,,,,,
Trachyphonus usambiro,,,,,,
Cryptolybia olivacea,Cryptolybia olivacea,,35,,,
Gymnobucco bonapartei,Gymnobucco bonapartei,,,,,
Gymnobucco cinereiceps,,,,,,
Gymnobucco sladeni,Gymnobucco sladeni,,,,,
Gymnobucco peli,Gymnobucco peli,,,,,
Gymnobucco calvus,Gymnobucco calvus,,,,,
Gymnobucco vernayi,,,,,,
Stactolaema leucotis,Stactolaema leucotis,14,18,39,,B
Stactolaema leucogrammica,,,,,,
Stactolaema whytii,Stactolaema whytii,,40,,,
Stactolaema anchietae,Stactolaema anchietae,,,,,
Pogoniulus scolopaceus,Pogoniulus scolopaceus,,,,,
Pogoniulus simplex,Pogoniulus simplex,,,,,
Pogoniulus leucomystax,Pogoniulus leucomystax,,,32,34,
Pogoniulus coryphaea,Pogoniulus coryphaea,,,,,
Pogoniulus atroflavus,Pogoniulus atroflavus,,,,,
Pogoniulus subsulphureus,Pogoniulus subsulphureus,,,,,
Pogoniulus bilineatus,Pogoniulus bilineatus,12,,17,20,B
Pogoniulus makawai,,12,,17,20,
,Pogoniulus uropygialis,12,,23,,B
Pogoniulus pusillus,Pogoniulus pusillus,12,,23,,B
Pogoniulus chrysoconus,Pogoniulus chrysoconus,12,,21,,B
Buccanodon duchaillui,Buccanodon duchaillui,,,,,
Buccanodon dowsetti,,,,,,
Tricholaema hirsuta,Tricholaema hirsuta,,,,,
Tricholaema diademata,Tricholaema diademata,12,,28,,
Tricholaema frontata,Tricholaema frontata,,,,,
Tricholaema leucomelas,Tricholaema leucomelas,14,16,32,35,B
Tricholaema lacrymosa,Tricholaema lacrymosa,,,,,
Tricholaema melanocephala,Tricholaema melanocephala,,,,,
Lybius undatus,Lybius undatus,,,,,
Lybius vieilloti,Lybius vieilloti,,,,,
Lybius leucocephalus,Lybius leucocephalus,15,21,,,B
Lybius senex,,15,,,,
Lybius leucogaster,,15,21,,,
Lybius chaplini,Lybius chaplini,,,,,
Lybius rubrifacies,Lybius rubrifacies,,,,,
Lybius guifsobalito,Lybius guifsobalito,,,,,
Lybius torquatus,Lybius torquatus,18,19,33,35,B
Pogonornis melanopterus,Pogonornis melanopterus,,,,,
Pogonornis minor,Pogonornis minor,,,,,B
Pogonornis macclounii,,,,,,B
Pogonornis bidentatus,Pogonornis bidentatus,13,14,37,39,B
Pogonornis dubius,Pogonornis dubius,16,,40,,
Pogonornis rolleti,Pogonornis rolleti,,,,,
Prodotiscus insignis,Prodotiscus insignis,,,,,
Prodotiscus zambesiae,Prodotiscus zambesiae,12,13,21,,
Prodotiscus regulus,Prodotiscus regulus,,,,,
Melignomon zenkeri,Melignomon zenkeri,,,,,
Melignomon eisentrauti,Melignomon eisentrauti,,,,,
Indicator pumilio,Indicator pumilio,,,,,
Indicator willcocksi,Indicator willcocksi,,,,,
Indicator meliphilus,Indicator meliphilus,,,,,
Indicator exilis,Indicator exilis,,,,,
Indicator minor,Indicator minor,12,16,38,,
Indicator maculatus,Indicator maculatus,,,,,
Indicator variegatus,Indicator variegatus,18,,28,,
Indicator xanthonotus,Indicator xanthonotus,,,,,
Indicator archipelagicus,Indicator archipelagicus,,,,,
Indicator indicator,Indicator indicator,,,35,40,
Melichneutes robustus,Melichneutes robustus,,,,,
Jynx torquilla,Jynx torquilla,11,12,20,22,B
Jynx ruficollis,Jynx ruficollis,12,15,25,26,B
Picumnus innominatus,Picumnus innominatus,11,,11,,B
Picumnus aurifrons,Picumnus aurifrons,,,,,
Picumnus lafresnayi,Picumnus lafresnayi,,,,,
Picumnus pumilus,Picumnus pumilus,,,,,
Picumnus exilis,Picumnus exilis,,,,,
Picumnus sclateri,Picumnus sclateri,,,,,
Picumnus squamulatus,Picumnus squamulatus,,,,,
Picumnus nigropunctatus,,,,,,
Picumnus spilogaster,Picumnus spilogaster,,,,,
Picumnus minutissimus,Picumnus minutissimus,12,14,28,,B
Picumnus pygmaeus,Picumnus pygmaeus,,,,,
Picumnus steindachneri,Picumnus steindachneri,,,,,
Picumnus varzeae,Picumnus varzeae,,,,,
Picumnus cirratus,Picumnus cirratus,,,,,B
Picumnus dorbignyanus,Picumnus dorbignyanus,,,,,
Picumnus temminckii,Picumnus temminckii,,,,,F
Picumnus albosquamatus,Picumnus albosquamatus,,,,,
Picumnus fuscus,Picumnus fuscus,,,,,
Picumnus rufiventris,Picumnus rufiventris,,,,,
Picumnus limae,Picumnus limae,,,,,B
Picumnus nebulosus,Picumnus nebulosus,17,,22,25,B
Picumnus castelnau,Picumnus castelnau,,,,,
Picumnus subtilis,Picumnus subtilis,,,,,
Picumnus olivaceus,Picumnus olivaceus,13,14,24,25,B
Picumnus granadensis,Picumnus granadensis,,,,,
Picumnus cinnamomeus,Picumnus cinnamomeus,,,,,
Verreauxia africana,Verreauxia africana,,,,,B
Sasia abnormis,Sasia abnormis,,,,,
Sasia ochracea,Sasia ochracea,,,,,
Nesoctites micromegas,Nesoctites micromegas,,,,,
Hemicircus concretus,Hemicircus concretus,,,,,
Hemicircus sordidus,,,,,,
Hemicircus canente,Hemicircus canente,,,,,
Melanerpes candidus,Melanerpes candidus,,,35,36,B
Melanerpes lewis,Melanerpes lewis,13,14,28,35,B
Melanerpes herminieri,Melanerpes herminieri,14,16,33,37,B
Melanerpes portoricensis,Melanerpes portoricensis,,,,,
Melanerpes erythrocephalus,Melanerpes erythrocephalus,12,14,24,31,B
Melanerpes formicivorus,Melanerpes formicivorus,11,12,30,32,B
Melanerpes cruentatus,Melanerpes cruentatus,,,30,,B
Melanerpes flavifrons,Melanerpes flavifrons,12,,,35,B
Melanerpes chrysauchen,Melanerpes chrysauchen,12,,33,34,B
Melanerpes pulcher,Melanerpes pulcher,,,,,
Melanerpes pucherani,Melanerpes pucherani,14,,21,,B
Melanerpes cactorum,Melanerpes cactorum,,,,,
Melanerpes striatus,Melanerpes striatus,,,,,
Melanerpes radiolatus,Melanerpes radiolatus,13,,28,31,B
Melanerpes chrysogenys,Melanerpes chrysogenys,,,,,
Melanerpes hypopolius,Melanerpes hypopolius,,,,,
Melanerpes pygmaeus,Melanerpes pygmaeus,,,,,
Melanerpes rubricapillus,Melanerpes rubricapillus,10,,31,33,B
Melanerpes uropygialis,Melanerpes uropygialis,13,,28,,B
Melanerpes hoffmannii,Melanerpes hoffmannii,,,,,
Melanerpes aurifrons,Melanerpes aurifrons,12,14,30,,B
Melanerpes carolinus,Melanerpes carolinus,12,,22,27,B
Melanerpes superciliaris,Melanerpes superciliaris,12,,,,
Sphyrapicus thyroideus,Sphyrapicus thyroideus,12,14,31,32,B
Sphyrapicus varius,Sphyrapicus varius,12,13,25,29,B
Sphyrapicus nuchalis,Sphyrapicus nuchalis,13,,25,28,B
Sphyrapicus ruber,Sphyrapicus ruber,14,15,28,30,
Xiphidiopicus percussus,Xiphidiopicus percussus,,,,,
Pardipicus nivosus,Pardipicus nivosus,,,,,
Pardipicus caroli,Pardipicus caroli,,,,,
Geocolaptes olivaceus,Geocolaptes olivaceus,,,,,B
Campethera punctuligera,Campethera punctuligera,,,,,
Campethera bennettii,Campethera bennettii,15,18,,,B
Campethera scriptoricauda,Campethera scriptoricauda,,,,,
Campethera nubica,Campethera nubica,,,,,B
Campethera abingoni,Campethera abingoni,13,,22,25,B
Campethera mombassica,Campethera mombassica,,,,,
Campethera notata,Campethera notata,12,19,21,28,
Campethera maculosa,Campethera maculosa,,,,,B
Campethera cailliautii,,,,,,B
Campethera tullbergi,Campethera tullbergi,,,,,
Campethera taeniolaema,Campethera taeniolaema,,,,,
Picoides temminckii,Yungipicus temminckii,,,,,
Picoides nanus,Yungipicus nanus,,,,,
Picoides canicapillus,Yungipicus canicapillus,12,13,21,,B
Picoides maculatus,Yungipicus maculatus,,,,,
Picoides ramsayi,Yungipicus ramsayi,,,,,
Picoides moluccensis,Yungipicus moluccensis,,,,,
Picoides kizuki,Yungipicus kizuki,12,14,21,,
Picoides tridactylus,Picoides tridactylus,11,14,22,26,B
Picoides funebris,,,,,,
,Picoides dorsalis,11,14,24,,B
Picoides arcticus,Picoides arcticus,13,,21,25,B
Dendropicos dorae,Dendrocoptes dorae,11,,22,,B
Leiopicus auriceps,Dendrocoptes auriceps,,,,,
Leiopicus medius,Dendrocoptes medius,11,14,20,26,B
Leiopicus mahrattensis,Leiopicus mahrattensis,13,,,,B
Dendropicos namaquus,Chloropicus namaquus,13,,27,,B
Dendropicos xantholophus,Chloropicus xantholophus,,,,,
Dendropicos pyrrhogaster,Chloropicus pyrrhogaster,,,,,
Dendropicos elachus,Dendropicos elachus,,,,,
Dendropicos poecilolaemus,Dendropicos poecilolaemus,,,,,
Dendropicos abyssinicus,Dendropicos abyssinicus,,,,,
Dendropicos fuscescens,Dendropicos fuscescens,10,13,27,,B
Dendropicos gabonensis,Dendropicos gabonensis,,,,,
Dendropicos lugubris,Dendropicos lugubris,,,,,
Dendropicos stierlingi,Dendropicos stierlingi,,,,,
Dendropicos elliotii,Dendropicos elliotii,,,,,
Dendropicos johnstoni,,,,,,
Dendropicos goertae,Dendropicos goertae,,,,,
Dendropicos spodocephalus,Dendropicos spodocephalus,,,,,
Dendropicos griseocephalus,Dendropicos griseocephalus,15,17,26,,B
Dendropicos obsoletus,Dendropicos obsoletus,,,,,B
Dryobates nuttallii,Dryobates nuttallii,14,,15,,B
Dryobates scalaris,Dryobates scalaris,,,,,B
Dryobates pubescens,Dryobates pubescens,12,,20,23,B
Dryobates cathpharius,Dryobates cathpharius,,,,,
Dryobates pernyii,Dryobates pernyii,,,,,
Dryobates minor,Dryobates minor,10,12,18,21,B
Veniliornis passerinus,Dryobates passerinus,,,,,
Veniliornis frontalis,Dryobates frontalis,,,,,M
Veniliornis spilogaster,Dryobates spilogaster,,,,,
Veniliornis mixtus,Dryobates mixtus,,,,,
Veniliornis lignarius,Dryobates lignarius,,,,,
Veniliornis callonotus,Dryobates callonotus,,,,,
Veniliornis dignus,Dryobates dignus,,,,,
Veniliornis nigriceps,Dryobates nigriceps,,,,,
Veniliornis sanguineus,Dryobates sanguineus,,,,,B
Veniliornis kirkii,Dryobates kirkii,,,,,
Veniliornis affinis,Dryobates affinis,,,,,
Veniliornis chocoensis,Dryobates chocoensis,,,,,
Veniliornis cassini,Dryobates cassini,,,,,
Veniliornis maculifrons,Dryobates maculifrons,,,,,
Leuconotopicus borealis,Dryobates borealis,10,11,26,29,B
Leuconotopicus fumigatus,Dryobates fumigatus,,,,,
Leuconotopicus arizonae,Dryobates arizonae,,,,,
Leuconotopicus stricklandi,Dryobates stricklandi,,14,24,27,B
Leuconotopicus villosus,Dryobates villosus,14,,28,30,B
Leuconotopicus albolarvatus,Dryobates albolarvatus,14,,26,,B
Dendrocopos hyperythrus,Dendrocopos hyperythrus,,,,,
Dendrocopos macei,Dendrocopos macei,,,,,B
Dendrocopos analis,Dendrocopos analis,,,,,B
Dendrocopos atratus,Dendrocopos atratus,,,10,,
Dendrocopos darjellensis,Dendrocopos darjellensis,,,,,
Dendrocopos himalayensis,Dendrocopos himalayensis,14,,21,,B
Dendrocopos assimilis,Dendrocopos assimilis,15,16,,,B
Dendrocopos syriacus,Dendrocopos syriacus,9,11,20,24,B
Dendrocopos leucopterus,Dendrocopos leucopterus,,,,,
Dendrocopos major,Dendrocopos major,10,12,20,23,B
Dendrocopos noguchii,Dendrocopos noguchii,,,,,
Dendrocopos leucotos,Dendrocopos leucotos,14,16,27,28,B
Dendrocopos owstoni,,,,,,
Piculus simplex,Piculus simplex,,,,,
Piculus callopterus,Piculus callopterus,,,,,
Piculus leucolaemus,Piculus leucolaemus,,,,,
Piculus litae,Piculus litae,,,,,
Piculus flavigula,Piculus flavigula,,,,,
Piculus chrysochloros,Piculus chrysochloros,,,,,
Piculus aurulentus,Piculus aurulentus,,,,,
Colaptes rubiginosus,Colaptes rubiginosus,,,24,,B
Colaptes aeruginosus,,,,,,
Colaptes auricularis,Colaptes auricularis,,,,,B
Colaptes rivolii,Colaptes rivolii,,,,,
Colaptes atriceps,,,,,,
Colaptes atricollis,Colaptes atricollis,14,,28,,B
Colaptes punctigula,Colaptes punctigula,,,,,
Colaptes melanochloros,Colaptes melanochloros,11,15,,,B
Colaptes melanolaimus,,,,,,B
Colaptes auratus,Colaptes auratus,11,12,25,28,B
Colaptes cafer,,11,12,24,28,B
Colaptes mexicanoides,Colaptes mexicanoides,,,,,B
Colaptes chrysoides,Colaptes chrysoides,11,,24,25,
Colaptes oceanicus,Colaptes oceanicus,,,,,
Colaptes fernandinae,Colaptes fernandinae,18,,22,,
Colaptes pitius,Colaptes pitius,,,,,
Colaptes rupicola,Colaptes rupicola,,,,,
Colaptes cinereicapillus,,,,,,
Colaptes campestris,Colaptes campestris,16,,30,,B
Colaptes campestroides,,,,,,
Celeus loricatus,Celeus loricatus,,,,,
Celeus undatus,Celeus undatus,,,,,
Celeus castaneus,Celeus castaneus,,,,,
Celeus elegans,Celeus elegans,,,,,
Celeus lugubris,Celeus lugubris,,,,,
Celeus flavescens,Celeus flavescens,,,,,B
Celeus ochraceus,Celeus ochraceus,,,,,B
Celeus flavus,Celeus flavus,,,,,
Celeus spectabilis,Celeus spectabilis,,,,,
Celeus obrieni,Celeus obrieni,,,,,
Celeus torquatus,Celeus torquatus,,,,,
Celeus occidentalis,,,,,,
Celeus tinnunculus,,,,,,
Celeus galeatus,Celeus galeatus,,,,,
Hylatomus schulzii,Dryocopus schulzii,,,,,
Hylatomus lineatus,Dryocopus lineatus,,,,,B
Hylatomus fuscipennis,,,,,,
Hylatomus pileatus,Dryocopus pileatus,15,16,24,28,B
Dryocopus javensis,Dryocopus javensis,14,,26,,B
Dryocopus hodgei,Dryocopus hodgei,14,,26,,B
Dryocopus martius,Dryocopus martius,12,14,24,31,B
Campephilus pollens,Campephilus pollens,,,,,
Campephilus splendens,,,,,,
Campephilus haematogaster,Campephilus haematogaster,,,,,
Campephilus rubricollis,Campephilus rubricollis,,,,,
Campephilus robustus,Campephilus robustus,,,,,B
Campephilus melanoleucos,Campephilus melanoleucos,,,,,B
Campephilus guatemalensis,Campephilus guatemalensis,,,,,B
Campephilus gayaquilensis,Campephilus gayaquilensis,,,,,
Campephilus leucopogon,Campephilus leucopogon,,,,,
Campephilus magellanicus,Campephilus magellanicus,20,,45,,
Campephilus principalis,Campephilus principalis,20,,35,,B
Campephilus imperialis,Campephilus imperialis,,,,,
Chrysophlegma miniaceum,Chrysophlegma miniaceum,,,,,
Chrysophlegma mentale,Chrysophlegma mentale,,,,,
Chrysophlegma humii,,,,,,
Chrysophlegma flavinucha,Chrysophlegma flavinucha,,,,,B
Picus chlorolophus,Picus chlorolophus,,,,,B
Picus puniceus,Picus puniceus,,,,,
Picus viridanus,Picus viridanus,,,,,
Picus vittatus,Picus vittatus,,,,,
Picus xanthopygaeus,Picus xanthopygaeus,,,,,
Picus squamatus,Picus squamatus,17,,,,B
Picus awokera,Picus awokera,,,,,
Picus viridis,Picus viridis,14,17,23,27,B
Picus sharpei,Picus sharpei,14,17,24,27,B
Picus vaillantii,Picus vaillantii,14,17,23,27,B
Picus rabieri,Picus rabieri,,,,,
Picus erythropygius,Picus erythropygius,,,,,
Picus canus,Picus canus,14,17,23,27,B
Picus guerini,,,,,,
Picus dedemi,,,,,,
Dinopium shorii,Dinopium shorii,,,,,
Dinopium javanense,Dinopium javanense,,,,,
Dinopium everetti,Dinopium everetti,,,,,
Dinopium benghalense,Dinopium benghalense,17,19,21,,B
Dinopium psarodes,Dinopium psarodes,,,,,B
Chrysocolaptes validus,Chrysocolaptes validus,,,,,
Chrysocolaptes lucidus,Chrysocolaptes lucidus,14,15,24,26,B
Chrysocolaptes haematribon,Chrysocolaptes haematribon,,,,,
Chrysocolaptes xanthocephalus,Chrysocolaptes xanthocephalus,,,,,
Chrysocolaptes erythrocephalus,Chrysocolaptes erythrocephalus,,,,,
Chrysocolaptes strictus,Chrysocolaptes strictus,,,,,
Chrysocolaptes guttacristatus,Chrysocolaptes guttacristatus,14,15,24,26,B
,Chrysocolaptes socialis,,,,,
Chrysocolaptes stricklandi,Chrysocolaptes stricklandi,,,,,
Chrysocolaptes festivus,Chrysocolaptes festivus,,,,,B
Gecinulus grantia,Gecinulus grantia,,,,,
Gecinulus viridis,Gecinulus viridis,,,,,
Chloropicoides rafflesii,Gecinulus rafflesii,,,,,B
Blythipicus rubiginosus,Blythipicus rubiginosus,,,,,
Blythipicus pyrrhotis,Blythipicus pyrrhotis,,,,,B
Micropternus brachyurus,Micropternus brachyurus,12,14,,,B
Meiglyptes grammithorax,Meiglyptes grammithorax,,,,,
Meiglyptes tristis,Meiglyptes tristis,,,,,
Meiglyptes jugularis,Meiglyptes jugularis,,,,,
Meiglyptes tukki,Meiglyptes tukki,,,,,
Mulleripicus fulvus,Mulleripicus fulvus,,,,,
Mulleripicus funebris,Mulleripicus funebris,,,,,
Mulleripicus fuliginosus,Mulleripicus fuliginosus,,,,,
Mulleripicus pulverulentus,Mulleripicus pulverulentus,,,,,B
Cariama cristata,Cariama cristata,24,30,14,,B
Chunga burmeisteri,Chunga burmeisteri,,,,,
Spiziapteryx circumcincta,Spiziapteryx circumcincta,,,33,,
Caracara lutosa,Caracara lutosa,,,,,
Caracara plancus,Caracara plancus,28,33,42,56,B
Ibycter americanus,Ibycter americanus,,,,,
Daptrius ater,Daptrius ater,,,,,
Milvago chimachima,Daptrius chimachima,21,23,17,20,F
Phalcoboenus chimango,Daptrius chimango,26,32,32,41,B
Phalcoboenus australis,Daptrius australis,,,,,
Phalcoboenus carunculatus,Daptrius carunculatus,,,,,
Phalcoboenus megalopterus,Daptrius megalopterus,35,40,,,
Phalcoboenus albogularis,Daptrius albogularis,,,,,
Herpetotheres cachinnans,Herpetotheres cachinnans,40,45,55,59,F
Micrastur ruficollis,Micrastur ruficollis,33,35,35,44,F
Micrastur plumbeus,Micrastur plumbeus,,,,,
Micrastur gilvicollis,Micrastur gilvicollis,,,,,
Micrastur mintoni,Micrastur mintoni,,,,,
Micrastur mirandollei,Micrastur mirandollei,,,,,
Micrastur semitorquatus,Micrastur semitorquatus,46,48,46,56,F
Micrastur buckleyi,Micrastur buckleyi,,,,,
Polihierax semitorquatus,Polihierax semitorquatus,28,30,27,40,
Microhierax caerulescens,Microhierax caerulescens,,,,,
Microhierax fringillarius,Microhierax fringillarius,,,,,
Microhierax latifrons,Microhierax latifrons,,,,,
Microhierax erythrogenys,Microhierax erythrogenys,,,,,
Microhierax melanoleucos,Microhierax melanoleucos,,,,,
Neohierax insignis,Neohierax insignis,,,,,B
Falco naumanni,Falco naumanni,26,28,28,36,B
Falco tinnunculus,Falco tinnunculus,27,31,27,35,F
,Falco rupicolus,27,31,27,35,F
Falco newtoni,Falco newtoni,,,,,F
Falco punctatus,Falco punctatus,30,38,39,,
Falco duboisi,Falco duboisi,,,,,
Falco araeus,Falco araeus,28,31,35,42,
Falco moluccensis,Falco moluccensis,,,,,
Falco cenchroides,Falco cenchroides,26,29,28,35,F
Falco sparverius,Falco sparverius,26,32,28,31,B
Falco rupicoloides,Falco rupicoloides,32,33,30,34,
Falco alopex,Falco alopex,,,,,
Falco ardosiaceus,Falco ardosiaceus,30,,30,,
Falco dickinsoni,Falco dickinsoni,30,,33,35,
Falco zoniventris,Falco zoniventris,,,,,
Falco chicquera,Falco chicquera,32,35,34,40,
Falco ruficollis,,32,35,34,40,F
Falco vespertinus,Falco vespertinus,27,28,27,30,B
Falco amurensis,Falco amurensis,28,30,30,,B
Falco eleonorae,Falco eleonorae,28,30,37,,F
Falco concolor,Falco concolor,27,29,32,38,F
Falco femoralis,Falco femoralis,31,32,28,35,B
Falco columbarius,Falco columbarius,28,32,28,32,B
Falco rufigularis,Falco rufigularis,30,,35,40,B
Falco deiroleucus,Falco deiroleucus,34,,45,,B
Falco subbuteo,Falco subbuteo,28,33,28,34,F
Falco cuvierii,Falco cuvierii,30,,30,,
Falco severus,Falco severus,28,30,30,,B
Falco longipennis,Falco longipennis,28,35,34,38,
Falco novaeseelandiae,Falco novaeseelandiae,29,35,32,35,
Falco berigora,Falco berigora,31,36,36,42,
Falco hypoleucos,Falco hypoleucos,35,,41,52,
Falco subniger,Falco subniger,34,,38,49,
Falco biarmicus,Falco biarmicus,32,33,35,47,B
Falco jugger,Falco jugger,,,,,B
Falco cherrug,Falco cherrug,31,29,45,50,F
Falco rusticolus,Falco rusticolus,34,36,46,53,B
Falco mexicanus,Falco mexicanus,29,39,29,47,B
Falco peregrinus,Falco peregrinus,33,35,35,42,B
Falco fasciinucha,Falco fasciinucha,31,33,42,,
Strigops habroptilus,Strigops habroptilus,30,30,105,,F
Nestor notabilis,Nestor notabilis,21,28,91,,F
Nestor meridionalis,Nestor meridionalis,21,,63,70,F
Nestor productus,Nestor productus,,,,,F
Zanda funerea,Zanda funerea,28,32,70,84,F
Zanda baudinii,Zanda baudinii,28,,,,F
Zanda latirostris,Zanda latirostris,28,29,70,77,F
Calyptorhynchus banksii,Calyptorhynchus banksii,28,32,70,84,F
Calyptorhynchus lathami,Calyptorhynchus lathami,29,,60,100,F
Nymphicus hollandicus,Nymphicus hollandicus,20,,,,B
Probosciger aterrimus,Probosciger aterrimus,33,,78,81,F
Callocephalon fimbriatum,Callocephalon fimbriatum,24,30,49,56,B
Eolophus roseicapilla,Eolophus roseicapilla,22,26,49,,B
Cacatua leadbeateri,Cacatua leadbeateri,23,24,53,66,B
Cacatua haematuropygia,Cacatua haematuropygia,28,,63,70,
Cacatua goffiniana,Cacatua goffiniana,28,,70,,B
Cacatua ducorpsii,Cacatua ducorpsii,,,,,
Cacatua pastinator,Cacatua pastinator,22,26,52,68,B
Cacatua sanguinea,Cacatua sanguinea,24,26,70,,B
Cacatua tenuirostris,Cacatua tenuirostris,24,,55,60,B
Cacatua alba,Cacatua alba,27,28,98,,B
Cacatua ophthalmica,Cacatua ophthalmica,28,30,84,91,
Cacatua moluccensis,Cacatua moluccensis,28,29,98,,B
Cacatua sulphurea,Cacatua sulphurea,27,,70,,B
Cacatua citrinocristata,Cacatua citrinocristata,,,,,
Cacatua galerita,Cacatua galerita,25,27,63,84,B
Psittacus erithacus,Psittacus erithacus,21,30,80,,F
Psittacus timneh,Psittacus timneh,21,30,80,,
Poicephalus gulielmi,Poicephalus gulielmi,26,28,,,F
Poicephalus flavifrons,Poicephalus flavifrons,,,,,F
Poicephalus fuscicollis,Poicephalus fuscicollis,26,28,56,77,F
Poicephalus robustus,Poicephalus robustus,28,32,55,81,F
Poicephalus meyeri,Poicephalus meyeri,29,31,60,84,F
Poicephalus rueppellii,Poicephalus rueppellii,,,120,,F
Poicephalus cryptoxanthus,Poicephalus cryptoxanthus,28,,84,,F
Poicephalus crassus,Poicephalus crassus,,,,,F
Poicephalus senegalus,Poicephalus senegalus,25,,63,,F
Poicephalus rufiventris,Poicephalus rufiventris,,,,,F
Touit batavicus,Touit batavicus,,,,,F
Touit huetii,Touit huetii,,,,,F
Touit costaricensis,Touit costaricensis,,,,,F
Touit dilectissimus,Touit dilectissimus,,,,,F
Touit purpuratus,Touit purpuratus,,,,,F
Touit melanonotus,Touit melanonotus,,,,,F
Touit surdus,Touit surdus,,,,,F
Touit stictopterus,Touit stictopterus,,,,,F
Psilopsiagon aymara,Psilopsiagon aymara,28,,42,49,F
Psilopsiagon aurifrons,Psilopsiagon aurifrons,23,,56,,F
Bolborhynchus lineola,Bolborhynchus lineola,18,,35,,F
Bolborhynchus ferrugineifrons,Bolborhynchus ferrugineifrons,,,,,F
Bolborhynchus orbygnesius,Bolborhynchus orbygnesius,,,,,F
Nannopsittaca panychlora,Nannopsittaca panychlora,,,,,F
Nannopsittaca dachilleae,Nannopsittaca dachilleae,,,,,F
Myiopsitta monachus,Myiopsitta monachus,24,24,40,50,F
Myiopsitta luchsi,,,,,,
Brotogeris sanctithomae,Brotogeris sanctithomae,,,,,F
Brotogeris tirica,Brotogeris tirica,26,,49,,F
Brotogeris versicolurus,Brotogeris versicolurus,25,26,27,35,F
Brotogeris chiriri,Brotogeris chiriri,23,26,56,,F
Brotogeris pyrrhoptera,Brotogeris pyrrhoptera,,,42,,F
Brotogeris jugularis,Brotogeris jugularis,21,,,,F
Brotogeris cyanoptera,Brotogeris cyanoptera,24,,,,F
Brotogeris chrysoptera,Brotogeris chrysoptera,,,,,F
Pionopsitta pileata,Pionopsitta pileata,24,,52,54,F
Triclaria malachitacea,Triclaria malachitacea,28,,,,F
Pyrilia haematotis,Pyrilia haematotis,,,,,F
Pyrilia pyrilia,Pyrilia pyrilia,,,,,F
Pyrilia pulchra,Pyrilia pulchra,,,,,F
Pyrilia barrabandi,Pyrilia barrabandi,,,,,F
Pyrilia caica,Pyrilia caica,,,,,F
Pyrilia aurantiocephala,Pyrilia aurantiocephala,,,,,F
Pyrilia vulturina,Pyrilia vulturina,,,,,F
Hapalopsittaca amazonina,Hapalopsittaca amazonina,,,,,F
Hapalopsittaca fuertesi,Hapalopsittaca fuertesi,24.5,26.5,55,64.5,F
Hapalopsittaca pyrrhops,Hapalopsittaca pyrrhops,,,,,F
Hapalopsittaca melanotis,Hapalopsittaca melanotis,,,,,F
Pionus fuscus,Pionus fuscus,,,,,F
Pionus sordidus,Pionus sordidus,27,84,,,F
Pionus maximiliani,Pionus maximiliani,,,63,,F
Pionus tumultuosus,Pionus tumultuosus,26,,,,F
Pionus seniloides,,,,,,
Pionus menstruus,Pionus menstruus,24,29,55,60,F
Pionus reichenowi,,25,,,,
Pionus senilis,Pionus senilis,26,28,54,68,F
Pionus chalcopterus,Pionus chalcopterus,26,,60,,F
Graydidascalus brachyurus,Graydidascalus brachyurus,,,,,F
Alipiopsitta xanthops,Alipiopsitta xanthops,23,24,45,,F
Amazona festiva,Amazona festiva,26,27,,,
Amazona bodini,,,,,,
Amazona vinacea,Amazona vinacea,25,26,50,70,F
Amazona tucumana,Amazona tucumana,26,27,,,F
Amazona pretrei,Amazona pretrei,26,27,50,,F
Amazona agilis,Amazona agilis,26,28,56,,F
Amazona albifrons,Amazona albifrons,24,,,,F
Amazona collaria,Amazona collaria,24,25,70,,F
Amazona leucocephala,Amazona leucocephala,26,28,56,60,F
Amazona ventralis,Amazona ventralis,25,,56,,F
Amazona vittata,Amazona vittata,26,,63,,F
Amazona finschi,Amazona finschi,28,29,60,,F
Amazona autumnalis,Amazona autumnalis,25,26,70,,F
Amazona lilacina,,,,,,
Amazona diadema,,,,,,
Amazona viridigenalis,Amazona viridigenalis,28,,63,,F
Amazona xantholora,Amazona xantholora,22,23,,,F
Amazona dufresniana,Amazona dufresniana,23,26,,,F
Amazona rhodocorytha,Amazona rhodocorytha,24,,34,,F
Amazona arausiaca,Amazona arausiaca,,,,,F
Amazona versicolor,Amazona versicolor,28,,81,,F
Amazona oratrix,Amazona oratrix,25,26,,,F
Amazona auropalliata,Amazona auropalliata,25,26,,,F
Amazona martinicana,Amazona martinicana,,,,,
Amazona violacea,Amazona violacea,,,,,
Amazona ochrocephala,Amazona ochrocephala,22,28,59,86,F
Amazona barbadensis,Amazona barbadensis,22,27,53,61,F
Amazona aestiva,Amazona aestiva,23,25,58,60,F
Amazona mercenarius,Amazona mercenarius,25,26,,,F
Amazona farinosa,Amazona farinosa,26,27,,,
Amazona guatemalae,,26,27,,,
Amazona kawalli,Amazona kawalli,,,,,F
Amazona imperialis,Amazona imperialis,,,,,F
Amazona brasiliensis,Amazona brasiliensis,27,28,55,,F
Amazona amazonica,Amazona amazonica,21,29,60,,F
Amazona guildingii,Amazona guildingii,24,,67,69,F
Forpus modestus,Forpus modestus,19,,,,F
Forpus cyanopygius,Forpus cyanopygius,21,22,35,,F
,Forpus crassirostris,,,,,
Forpus spengeli,Forpus spengeli,18,18,,,F
Forpus xanthopterygius,Forpus xanthopterygius,18,,28,,F
Forpus passerinus,Forpus passerinus,14,,28,35,F
Forpus conspicillatus,Forpus conspicillatus,,,,,F
Forpus coelestis,Forpus coelestis,17,,30,,F
Forpus xanthops,Forpus xanthops,20,24,30,40,F
Pionites melanocephalus,Pionites melanocephalus,,,,,F
Pionites leucogaster,Pionites leucogaster,,,,,
Pionites xanthomerius,,,,,,
Pionites xanthurus,,,,,,
Deroptyus accipitrinus,Deroptyus accipitrinus,28,,63,,F
Pyrrhura cruentata,Pyrrhura cruentata,22,25,45,,F
Pyrrhura devillei,Pyrrhura devillei,,,,,F
Pyrrhura frontalis,Pyrrhura frontalis,30,,45,,F
Pyrrhura lepida,Pyrrhura lepida,,,,,F
Pyrrhura perlata,Pyrrhura perlata,25,,49,56,F
Pyrrhura molinae,Pyrrhura molinae,22,24,49,,F
Pyrrhura pfrimeri,Pyrrhura pfrimeri,27,,35,,F
Pyrrhura griseipectus,Pyrrhura griseipectus,27,,35,,F
Pyrrhura leucotis,Pyrrhura leucotis,27,,35,,F
Pyrrhura picta,Pyrrhura picta,,,,,F
Pyrrhura eisenmanni,,,,,,
Pyrrhura subandina,,,,,,
Pyrrhura caeruleiceps,,,,,,
Pyrrhura emma,,,,,,
Pyrrhura amazonum,Pyrrhura amazonum,,,,,
Pyrrhura snethlageae,,,,,,
Pyrrhura lucianii,Pyrrhura lucianii,,,,,
Pyrrhura roseifrons,Pyrrhura roseifrons,,,,,
Pyrrhura peruviana,,,,,,
Pyrrhura parvifrons,,,,,,
Pyrrhura viridicata,Pyrrhura viridicata,22,,45,48,F
Pyrrhura egregia,Pyrrhura egregia,,,,,F
Pyrrhura melanura,Pyrrhura melanura,25,,49,56,F
Pyrrhura pacifica,,,,,,
Pyrrhura chapmani,,,,,,
Pyrrhura orcesi,Pyrrhura orcesi,,,,,F
Pyrrhura albipectus,Pyrrhura albipectus,,,,,F
Pyrrhura rupicola,Pyrrhura rupicola,,,,,F
Pyrrhura calliptera,Pyrrhura calliptera,,,,,F
Pyrrhura hoematotis,Pyrrhura hoematotis,,,,,F
Pyrrhura rhodocephala,Pyrrhura rhodocephala,,,,,F
Pyrrhura hoffmanni,Pyrrhura hoffmanni,24,,70,,F
Enicognathus ferrugineus,Enicognathus ferrugineus,26,,,,F
Enicognathus leptorhynchus,Enicognathus leptorhynchus,26,28,42,45,F
Cyanoliseus patagonus,Cyanoliseus patagonus,24,25,53,68,F
Anodorhynchus hyacinthinus,Anodorhynchus hyacinthinus,27,30,105,110,F
Anodorhynchus leari,Anodorhynchus leari,28,,,,F
Anodorhynchus glaucus,Anodorhynchus glaucus,,,,,F
Rhynchopsitta pachyrhyncha,Rhynchopsitta pachyrhyncha,24,28,,,F
Rhynchopsitta terrisi,Rhynchopsitta terrisi,,,,,F
Eupsittula nana,Eupsittula nana,,,,,
Eupsittula astec,,,,,,
Eupsittula canicularis,Eupsittula canicularis,30,,42,,F
Eupsittula aurea,Eupsittula aurea,23,,48,,F
Eupsittula pertinax,Eupsittula pertinax,23,,36,37,F
Eupsittula cactorum,Eupsittula cactorum,16,26,42,,F
Conuropsis carolinensis,Conuropsis carolinensis,,,,,
Aratinga weddellii,Aratinga weddellii,23,,50,,F
Aratinga nenday,Aratinga nenday,21,23,54,,F
Aratinga solstitialis,Aratinga solstitialis,28,,56,,F
Aratinga maculata,Aratinga maculata,,,,,
Aratinga jandaya,Aratinga jandaya,24,26,56,,F
Aratinga auricapillus,Aratinga auricapillus,24,,,,F
Cyanopsitta spixii,Cyanopsitta spixii,26,,60,,F
Orthopsittaca manilatus,Orthopsittaca manilatus,25,,73,78,F
Primolius couloni,Primolius couloni,,,,,F
Primolius auricollis,Primolius auricollis,23,,49,,F
Primolius maracana,Primolius maracana,26,27,70,,F
Ara ararauna,Ara ararauna,24,26,59,,F
Ara glaucogularis,Ara glaucogularis,26,28,85,94,F
Ara severus,Ara severus,28,,,63,F
Ara rubrogenys,Ara rubrogenys,26,,70,73,F
Ara tricolor,Ara tricolor,,,,,
Ara militaris,Ara militaris,,,,,F
Ara ambiguus,Ara ambiguus,29,,77,,F
Ara macao,Ara macao,24,28,98,140,F
Ara chloropterus,Ara chloropterus,,,,,F
Leptosittaca branickii,Leptosittaca branickii,,,,,F
Ognorhynchus icterotis,Ognorhynchus icterotis,,,,,F
Guaruba guarouba,Guaruba guarouba,30,,,,F
Diopsittaca nobilis,Diopsittaca nobilis,24,,60,,F
Diopsittaca cumanensis,,24,,60,,
Psittacara acuticaudatus,Thectocercus acuticaudatus,23,,50,,F
Psittacara holochlorus,Psittacara holochlorus,23,,50,,F
Psittacara rubritorquis,,,,,,F
,Psittacara brevipes,,,,,
,Psittacara strenuus,,,,,
Psittacara wagleri,Psittacara wagleri,,,,,
Psittacara frontatus,Psittacara frontatus,,,,,
Psittacara mitratus,Psittacara mitratus,,,,,F
Psittacara erythrogenys,Psittacara erythrogenys,23,,42,,F
Psittacara finschi,Psittacara finschi,,,,,F
Psittacara leucophthalmus,Psittacara leucophthalmus,28,,63,,F
Psittacara euops,Psittacara euops,22,23,45,50,F
Psittacara chloropterus,Psittacara chloropterus,20,23,,,F
,Psittacara maugei,,,,,
Psittacara labati,Psittacara labati,,,,,
Psittrichas fulgidus,Psittrichas fulgidus,27,31,,,F
Mascarinus mascarin,Mascarinus mascarinus,,,,,F
Coracopsis vasa,Coracopsis vasa,17,,45,49,F
Coracopsis barklyi,Coracopsis barklyi,14,18,36,61,F
Coracopsis sibilans,Coracopsis sibilans,,,,,
Coracopsis nigra,Coracopsis nigra,14,18,35,49,F
Micropsitta keiensis,Micropsitta keiensis,,,,,F
Micropsitta geelvinkiana,Micropsitta geelvinkiana,,,,,F
Micropsitta pusio,Micropsitta pusio,,,,,F
Micropsitta meeki,Micropsitta meeki,,,,,F
Micropsitta finschii,Micropsitta finschii,,,,,F
Micropsitta bruijnii,Micropsitta bruijnii,,,,,F
Polytelis swainsonii,Polytelis swainsonii,20,,30,,F
Polytelis anthopeplus,Polytelis anthopeplus,21,,42,,F
Polytelis alexandrae,Polytelis alexandrae,21,,,,F
Alisterus amboinensis,Alisterus amboinensis,19,,63,,F
Alisterus chloropterus,Alisterus chloropterus,,,,,F
Alisterus scapularis,Alisterus scapularis,20,,35,,F
Aprosmictus jonquillaceus,Aprosmictus jonquillaceus,,,,,F
Aprosmictus erythropterus,Aprosmictus erythropterus,21,,35,,F
Prioniturus mada,Prioniturus mada,,,,,F
Prioniturus platurus,Prioniturus platurus,,,,,F
Prioniturus waterstradti,Prioniturus waterstradti,,,,,F
Prioniturus montanus,Prioniturus montanus,,,,,F
Prioniturus platenae,Prioniturus platenae,,,,,F
Prioniturus mindorensis,Prioniturus mindorensis,,,,,
Prioniturus verticalis,Prioniturus verticalis,,,,,F
Prioniturus flavicans,Prioniturus flavicans,,,,,F
Prioniturus luconensis,Prioniturus luconensis,,,,,F
Prioniturus discurus,Prioniturus discurus,,,,,F
Eclectus roratus,Eclectus roratus,26,,84,,F
Eclectus cornelia,Eclectus cornelia,26,,,,B
Eclectus riedeli,Eclectus riedeli,26,,,,
Eclectus polychloros,Eclectus polychloros,26,,,,
Eclectus infectus,Eclectus infectus,,,,,
Geoffroyus geoffroyi,Geoffroyus geoffroyi,,,,,F
Geoffroyus simplex,Geoffroyus simplex,,,,,F
Geoffroyus heteroclitus,Geoffroyus heteroclitus,,,,,F
Geoffroyus hyacinthinus,,,,,,
Psittinus cyanurus,Psittinus cyanurus,,,,,F
Psittinus abbotti,Psittinus abbotti,,,,,
Tanygnathus megalorynchos,Tanygnathus megalorynchos,,,,,F
Tanygnathus lucionensis,Tanygnathus lucionensis,,,,,F
Tanygnathus everetti,Tanygnathus everetti,,,,,
Tanygnathus sumatranus,Tanygnathus sumatranus,,,,,F
Tanygnathus gramineus,Tanygnathus gramineus,,,,,F
Himalayapsitta finschii,Psittacula finschii,,,,,F
Himalayapsitta himalayana,Psittacula himalayana,24,,40,,F
Himalayapsitta roseata,Psittacula roseata,,,42,,F
Himalayapsitta cyanocephala,Psittacula cyanocephala,24,,42,,F
Psittacula alexandri,Psittacula alexandri,28,,50,,F
Psittacula derbiana,Psittacula derbiana,,,,,F
Belocercus longicaudus,Psittacula longicauda,24,,,,F
Nicopsitta columboides,Psittacula columboides,23,27,32,,B
Nicopsitta calthrapae,Psittacula calthrapae,21,,49,,F
Palaeornis eupatria,Psittacula eupatria,19,21,,,
Palaeornis wardi,Psittacula wardi,,,,,
Alexandrinus krameri,Psittacula krameri,22,23,45,49,F
Alexandrinus eques,Psittacula eques,22,,63,,F
Alexandrinus exsul,Psittacula exsul,,,,,
Psittacula caniceps,Psittacula caniceps,,,,,F
Lophopsittacus bensoni,Lophopsittacus bensoni,,,,,
Psittacella brehmii,Psittacella brehmii,,,,,F
Psittacella picta,Psittacella picta,,,,,F
Psittacella lorentzi,,,,,,
Psittacella modesta,Psittacella modesta,,,,,F
Psittacella madaraszi,Psittacella madaraszi,,,,,F
Psephotus haematonotus,Psephotus haematonotus,19,,28,,F
Northiella haematogaster,Northiella haematogaster,19,,30,,F
,Northiella narethae,,,,,
Psephotellus varius,Psephotellus varius,19,,28,,F
Psephotellus dissimilis,Psephotellus dissimilis,,,,,F
Psephotellus chrysopterygius,Psephotellus chrysopterygius,20,,35,,F
Psephotellus pulcherrimus,Psephotellus pulcherrimus,,,,,F
Purpureicephalus spurius,Purpureicephalus spurius,20,,35,,F
Platycercus caledonicus,Platycercus caledonicus,19,,35,,F
Platycercus elegans,Platycercus elegans,19,,35,,F
Platycercus venustus,Platycercus venustus,19,,49,,F
Platycercus adscitus,Platycercus adscitus,19,,35,,F
Platycercus eximius,Platycercus eximius,19,,35,,F
Platycercus icterotis,Platycercus icterotis,19,,35,,F
Barnardius zonarius,Barnardius zonarius,19,,35,,F
Lathamus discolor,Lathamus discolor,20,,70,,F
Prosopeia splendens,Prosopeia splendens,,,,,F
Prosopeia personata,Prosopeia personata,,,,,F
Prosopeia tabuensis,Prosopeia tabuensis,24,,49,,F
Eunymphicus cornutus,Eunymphicus cornutus,21,22,35,42,F
Eunymphicus uvaeensis,Eunymphicus uvaeensis,21,22,35,42,F
,Cyanoramphus saisseti,20,22,37,42,F
,Cyanoramphus cookii,,,,,
,,,,,,
Cyanoramphus forbesi,Cyanoramphus forbesi,,,,,F
Cyanoramphus unicolor,Cyanoramphus unicolor,,,,,F
Cyanoramphus malherbi,Cyanoramphus malherbi,,,,,F
,Cyanoramphus hochstetteri,,,,,
Cyanoramphus auriceps,Cyanoramphus auriceps,,,,,F
Cyanoramphus novaezelandiae,Cyanoramphus novaezelandiae,20,,35,42,F
Cyanoramphus zealandicus,Cyanoramphus zealandicus,,,,,
Cyanoramphus ulietanus,Cyanoramphus ulietanus,,,,,
Pezoporus wallicus,Pezoporus wallicus,21,,20,28,F
Pezoporus occidentalis,Pezoporus occidentalis,,,,,F
Neopsephotus bourkii,Neopsephotus bourkii,18,,28,,F
Neophema chrysostoma,Neophema chrysostoma,18,20,30,,F
Neophema elegans,Neophema elegans,18,,30,,F
Neophema petrophila,Neophema petrophila,18,,30,,F
Neophema chrysogaster,Neophema chrysogaster,21,,35,,F
Neophema pulchella,Neophema pulchella,20,,28,,F
Neophema splendida,Neophema splendida,18,,30,,F
Oreopsittacus arfaki,Oreopsittacus arfaki,,,,,F
Charmosyna wilhelminae,Charminetta wilhelminae,,,,,F
Charmosyna rubronotata,Hypocharmosyna rubronotata,,,,,F
Charmosyna placentis,Hypocharmosyna placentis,,,,,F
Charmosyna toxopei,Charmosynopsis toxopei,,,,,F
Charmosyna pulchella,Charmosynopsis pulchella,25,,60,,F
Charmosyna multistriata,Charmosyna multistriata,,,,,F
Charmosyna josefinae,Charmosyna josefinae,,,,,F
Charmosyna papou,Charmosyna papou,21,,49,,F
Charmosyna stellae,Charmosyna stellae,21,,49,,
Charmosyna margarethae,Vini margarethae,,,,,F
Charmosyna meeki,Vini meeki,,,,,F
Charmosyna rubrigularis,Vini rubrigularis,,,,,F
Charmosyna palmarum,Vini palmarum,,,,,F
Charmosyna amabilis,Vini amabilis,,,,,F
Charmosyna diadema,Vini diadema,,,,,F
Phigys solitarius,Vini solitaria,30,,63,,F
Vini australis,Vini australis,23,,,,F
Vini ultramarina,Vini ultramarina,,,56,,F
Vini stepheni,Vini stepheni,,,,,F
Vini kuhlii,Vini kuhlii,,,63,,F
Vini peruviana,Vini peruviana,25,,60,,
Neopsittacus musschenbroekii,Neopsittacus musschenbroekii,,,,,F
Neopsittacus pullicauda,Neopsittacus pullicauda,,,,,F
Lorius albidinucha,Lorius albidinucha,,,,,F
Lorius chlorocercus,Lorius chlorocercus,,,,,F
Lorius domicella,Lorius domicella,24,,90,,F
Lorius garrulus,Lorius garrulus,,,76,,F
Lorius hypoinochrous,Lorius hypoinochrous,,,,,F
Lorius lory,Lorius lory,24,,60,,F
Psitteuteles versicolor,Psitteuteles versicolor,20,23,40,,F
Glossopsitta porphyrocephala,Psitteuteles porphyrocephalus,22,,42,,F
Glossopsitta pusilla,Psitteuteles pusillus,22,,42,,F
Pseudeos fuscata,Chalcopsitta fuscata,24,,70,,F
Chalcopsitta cardinalis,Chalcopsitta cardinalis,,,,,F
Chalcopsitta duivenbodei,Chalcopsitta duivenbodei,24,,77,,F
Chalcopsitta atra,Chalcopsitta atra,25,,75,,F
Chalcopsitta scintillata,Chalcopsitta scintillata,,,,,F
Psitteuteles goldiei,Glossoptilus goldiei,23,,60,,F
Glossopsitta concinna,Trichoglossus concinnus,21,30,45,50,F
Trichoglossus johnstoniae,Trichoglossus johnstoniae,14,21,35,,F
Trichoglossus iris,Trichoglossus iris,23,,67,,F
Trichoglossus flavoviridis,Trichoglossus flavoviridis,23,,,65,F
Trichoglossus meyeri,Trichoglossus meyeri,23,,,65,
Trichoglossus ornatus,Trichoglossus ornatus,27,,80,,F
Eos reticulata,Trichoglossus reticulatus,,,,84,F
Eos semilarvata,Trichoglossus semilarvatus,,,,,F
Eos bornea,Trichoglossus borneus,,,49,63,F
Eos cyanogenia,Trichoglossus cyanogenius,26,,75,87,F
Eos histrio,Trichoglossus histrio,,,,,F
Eos squamata,Trichoglossus squamatus,27,,80,,F
Trichoglossus rubiginosus,Trichoglossus rubiginosus,,,,,F
Trichoglossus chlorolepidotus,Trichoglossus chlorolepidotus,25,,56,,F
Trichoglossus haematodus,Trichoglossus haematodus,25,,49,56,F
Trichoglossus rosenbergii,Trichoglossus rosenbergii,,,,,
Trichoglossus moluccanus,Trichoglossus moluccanus,,,54,57,
Trichoglossus rubritorquis,Trichoglossus rubritorquis,25,,49,56,
Trichoglossus euteles,Trichoglossus euteles,23,,,,F
Trichoglossus capistratus,Trichoglossus capistratus,,,,,
Trichoglossus weberi,Trichoglossus weberi,,,,,
Trichoglossus forsteni,Trichoglossus forsteni,,,,,
Melopsittacus undulatus,Melopsittacus undulatus,18,,30,,F
Psittaculirostris desmarestii,Cyclopsitta desmarestii,,,,,F
Psittaculirostris godmani,,,,,,
Psittaculirostris cervicalis,,,,,,
Psittaculirostris edwardsii,Cyclopsitta edwardsii,,,,,F
Psittaculirostris salvadorii,Cyclopsitta salvadorii,,,,,F
Cyclopsitta gulielmitertii,Nannopsittacus gulielmitertii,20,22,35,42,F
Cyclopsitta nigrifrons,Nannopsittacus nigrifrons,20,22,35,42,
Cyclopsitta amabilis,,20,22,35,42,
Cyclopsitta melanogenia,Nannopsittacus melanogenia,20,22,35,42,
Cyclopsitta diophthalma,Cyclopsitta diophthalma,18,,52,,F
Cyclopsitta coxeni,,,,,,
Bolbopsittacus lunulatus,Bolbopsittacus lunulatus,,,,,F
Loriculus vernalis,Loriculus vernalis,22,,35,,
Loriculus beryllinus,Loriculus beryllinus,,,,,F
Loriculus philippensis,Loriculus philippensis,20,,35,,F
,Loriculus camiguinensis,,,,,
,Loriculus bonapartei,,,,,
Loriculus galgulus,Loriculus galgulus,,,35,,F
Loriculus stigmatus,Loriculus stigmatus,,,,,F
Loriculus amabilis,Loriculus amabilis,,,,,F
Loriculus sclateri,Loriculus sclateri,,,,,F
Loriculus catamene,Loriculus catamene,,,,,F
Loriculus aurantiifrons,Loriculus aurantiifrons,,,,,F
Loriculus tener,Loriculus tener,,,,,F
Loriculus exilis,Loriculus exilis,,,,,F
Loriculus pusillus,Loriculus pusillus,,,,,F
Loriculus flosculus,Loriculus flosculus,,,,,F
Agapornis canus,Agapornis canus,23,,43,,F
Agapornis pullarius,Agapornis pullarius,22,,42,,F
Agapornis taranta,Agapornis taranta,25,,49,,F
Agapornis swindernianus,Agapornis swindernianus,,,,,F
Agapornis roseicollis,Agapornis roseicollis,23,,43,,F
Agapornis fischeri,Agapornis fischeri,23,,38,,F
Agapornis personatus,Agapornis personatus,23,,44,,F
Agapornis lilianae,Agapornis lilianae,22,,44,,F
Agapornis nigrigenis,Agapornis nigrigenis,24,,41,,F
Lophopsittacus mauritianus,Lophopsittacus mauritianus,,,,,
Necropsittacus rodricanus,Necropsittacus rodricanus,,,,,
Acanthisitta chloris,Acanthisitta chloris,19,21,21,27,B
Xenicus longipes,Xenicus longipes,,,,,B
Xenicus gilviventris,Xenicus gilviventris,18,22,21,26,B
Traversia lyalli,Traversia lyalli,,,,,
Sapayoa aenigma,Sapayoa aenigma,,,,,
Philepitta schlegeli,Philepitta schlegeli,,,,,
Philepitta castanea,Philepitta castanea,,,17,17,F
Neodrepanis coruscans,Neodrepanis coruscans,,,,,B
Neodrepanis hypoxantha,Neodrepanis hypoxantha,,,,,B
Pseudocalyptomena graueri,Pseudocalyptomena graueri,,,,,
Psarisomus dalhousiae,Psarisomus dalhousiae,,,,,B
Corydon sumatranus,Corydon sumatranus,,,,,
Sarcophanops samarensis,Sarcophanops samarensis,,,,,
Sarcophanops steerii,Sarcophanops steerii,,,,,
Serilophus rubropygius,Serilophus rubropygius,,,,,B
Serilophus lunatus,Serilophus lunatus,15,18,,,B
Cymbirhynchus macrorhynchos,Cymbirhynchus macrorhynchos,,,,,
Cymbirhynchus affinis,,,,,,
Eurylaimus javanicus,Eurylaimus javanicus,,,,,
Eurylaimus harterti,,,,,,
Eurylaimus ochromalus,Eurylaimus ochromalus,,,,,
Smithornis sharpei,Smithornis sharpei,,,,,
Smithornis rufolateralis,Smithornis rufolateralis,,,,,F
Smithornis capensis,Smithornis capensis,,,,,
Calyptomena viridis,Calyptomena viridis,17,18,22,23,F
Calyptomena hosii,Calyptomena hosii,,,,,
Calyptomena whiteheadi,Calyptomena whiteheadi,,,,,
Hydrornis phayrei,Hydrornis phayrei,,,,,
Hydrornis caeruleus,Hydrornis caeruleus,16,16,16,16,B
Hydrornis oatesi,Hydrornis oatesi,,,19,20,
Hydrornis schneideri,Hydrornis schneideri,,,,,
Hydrornis nipalensis,Hydrornis nipalensis,,,,,B
Hydrornis soror,Hydrornis soror,,,,,
Hydrornis irena,Hydrornis irena,13,13,15,24,B
Hydrornis guajanus,Hydrornis guajanus,13,,15,,B
Hydrornis schwaneri,Hydrornis schwaneri,,,,,
Hydrornis baudii,Hydrornis baudii,,,,,B
Hydrornis cyaneus,Hydrornis cyaneus,,,,,B
Hydrornis gurneyi,Hydrornis gurneyi,,,14,15,B
Hydrornis elliotii,Hydrornis elliotii,,,,,
Erythropitta kochi,Erythropitta kochi,,,,,
Erythropitta erythrogaster,Erythropitta erythrogaster,,,,,B
Erythropitta inspeculata,,,,,,
Erythropitta dohertyi,Erythropitta dohertyi,,,,,
Erythropitta celebensis,Erythropitta celebensis,,,,,B
Erythropitta palliceps,,,,,,
Erythropitta caeruleitorques,,,,,,
Erythropitta rufiventris,Erythropitta rufiventris,,,,,
Erythropitta rubrinucha,Erythropitta rubrinucha,,,,,
Erythropitta macklotii,Erythropitta macklotii,,,,,B
Erythropitta novaehibernicae,Erythropitta novaehibernicae,,,,,
Erythropitta splendida,,,,,,
Erythropitta gazellae,,,,,,
Erythropitta meeki,Erythropitta meeki,,,,,
Erythropitta venusta,Erythropitta venusta,,,,,
Erythropitta granatina,Erythropitta granatina,,,,,
Erythropitta ussheri,Erythropitta ussheri,,,,,
Erythropitta arquata,Erythropitta arquata,,,,,
Pitta angolensis,Pitta angolensis,,,,,
Pitta reichenowi,Pitta reichenowi,,,,,B
Pitta brachyura,Pitta brachyura,17,17,15,15,B
Pitta moluccensis,Pitta moluccensis,18,18,,,B
Pitta megarhyncha,Pitta megarhyncha,15,,14,17,B
Pitta sordida,Pitta sordida,15,16,12,16,B
,Pitta abbotti,,,,,
,Pitta forsteni,,,,,
Pitta novaeguineae,Pitta novaeguineae,,,16,16,"B,F"
Pitta rosenbergii,Pitta rosenbergii,,,16,,
Pitta nympha,Pitta nympha,,,,,B
Pitta versicolor,Pitta versicolor,15,17,14,20,B
Pitta maxima,Pitta maxima,,,,,
Pitta morotaiensis,,,,,,
Pitta concinna,Pitta concinna,,,,,
Pitta elegans,Pitta elegans,,,,,
Pitta vigorsii,Pitta vigorsii,,,,,
Pitta anerythra,Pitta anerythra,,,,,
Pitta steerii,Pitta steerii,,,,,
Pitta superba,Pitta superba,,,,,
Pitta iris,Pitta iris,14,14,13,15,B
Sclerurus mexicanus,Sclerurus mexicanus,,,,,
,Sclerurus obscurior,,,,,
Sclerurus rufigularis,Sclerurus rufigularis,,,,,
Sclerurus guatemalensis,Sclerurus guatemalensis,21,,14,15,B
Sclerurus caudacutus,Sclerurus caudacutus,,,,,
Sclerurus albigularis,Sclerurus albigularis,,,,,
Sclerurus scansor,Sclerurus scansor,,,,,
Sclerurus cearensis,,,,,,
Geositta peruviana,Geositta peruviana,,,,,
Geositta tenuirostris,Geositta tenuirostris,,,,,
Geositta cunicularia,Geositta cunicularia,,,,,B
Geositta punensis,Geositta punensis,,,,,
Geositta poeciloptera,Geositta poeciloptera,,,,,
Geositta crassirostris,Geositta crassirostris,,,,,
Geositta rufipennis,Geositta rufipennis,,,,,
Geositta maritima,Geositta maritima,,,,,
Geositta antarctica,Geositta antarctica,,,,,
Geositta saxicolina,Geositta saxicolina,,,,,
Geositta isabellina,Geositta isabellina,,,,,
Certhiasomus stictolaemus,Certhiasomus stictolaemus,,,,,
Sittasomus griseicapillus,Sittasomus griseicapillus,,,,,F
Sittasomus griseus,,,,,,
Deconychura typica,Deconychura typica,,,,,F
Deconychura longicauda,Deconychura longicauda,,,,,F
Deconychura pallida,Deconychura pallida,,,,,
Dendrocincla tyrannina,Dendrocincla tyrannina,,,29,,
Dendrocincla merula,Dendrocincla merula,,,,,
Dendrocincla homochroa,Dendrocincla homochroa,,,,,
Dendrocincla anabatina,Dendrocincla anabatina,20,21,24,24,F
Dendrocincla fuliginosa,Dendrocincla fuliginosa,,,23,25,F
Dendrocincla turdina,Dendrocincla turdina,,,,,F
Glyphorynchus spirurus,Glyphorynchus spirurus,,,17,17,B
Dendrexetastes rufigula,Dendrexetastes rufigula,,,,,
Nasica longirostris,Nasica longirostris,,,,,
Dendrocolaptes sanctithomae,Dendrocolaptes sanctithomae,,,,,B
Dendrocolaptes punctipectus,,,,,,
Dendrocolaptes certhia,Dendrocolaptes certhia,,,,,B
Dendrocolaptes picumnus,Dendrocolaptes picumnus,,,,,B
Dendrocolaptes hoffmannsi,Dendrocolaptes hoffmannsi,,,,,
Dendrocolaptes platyrostris,Dendrocolaptes platyrostris,14,16,16,18,B
Hylexetastes stresemanni,Hylexetastes stresemanni,,,,,
Hylexetastes perrotii,Hylexetastes perrotii,,,,,
Hylexetastes uniformis,Hylexetastes uniformis,,,,,
Xiphocolaptes promeropirhynchus,Xiphocolaptes promeropirhynchus,,,21,28,
Xiphocolaptes falcirostris,Xiphocolaptes falcirostris,,,,,B
Xiphocolaptes albicollis,Xiphocolaptes albicollis,17,,18,22,B
Xiphocolaptes major,Xiphocolaptes major,,,,,
Xiphorhynchus obsoletus,Xiphorhynchus obsoletus,,,,,
Xiphorhynchus fuscus,Xiphorhynchus fuscus,,,,,F
Xiphorhynchus atlanticus,Xiphorhynchus atlanticus,,,,,
Xiphorhynchus pardalotus,Xiphorhynchus pardalotus,,,,,
Xiphorhynchus ocellatus,Xiphorhynchus ocellatus,,,,,
Xiphorhynchus beauperthuysii,,,,,,
Xiphorhynchus chunchotambo,,,,,,
Xiphorhynchus elegans,Xiphorhynchus elegans,16,,18,19,
Xiphorhynchus spixii,Xiphorhynchus spixii,,,,,
Xiphorhynchus guttatus,Xiphorhynchus guttatus,,,,,
Xiphorhynchus guttatoides,,,,,,
Xiphorhynchus susurrans,Xiphorhynchus susurrans,18,18,19,20,F
Xiphorhynchus flavigaster,Xiphorhynchus flavigaster,,,,,
Xiphorhynchus lachrymosus,Xiphorhynchus lachrymosus,,,,,
Xiphorhynchus erythropygius,Xiphorhynchus erythropygius,,,,,
Xiphorhynchus aequatorialis,,,,,,
Xiphorhynchus triangularis,Xiphorhynchus triangularis,,,,,
Dendroplex picus,Dendroplex picus,17,,17,18,B
Dendroplex kienerii,Dendroplex kienerii,,,,,
Campylorhamphus trochilirostris,Campylorhamphus trochilirostris,15,,23,,B
Campylorhamphus falcularius,Campylorhamphus falcularius,,,,,B
Campylorhamphus procurvoides,Campylorhamphus procurvoides,,,,,
Campylorhamphus probatus,Campylorhamphus probatus,,,,,
Campylorhamphus multostriatus,Campylorhamphus multostriatus,,,,,
Campylorhamphus pusillus,Campylorhamphus pusillus,,,,,
Drymotoxeres pucheranii,Drymotoxeres pucheranii,,,,,
Drymornis bridgesii,Drymornis bridgesii,14,14,21,21,B
Lepidocolaptes leucogaster,Lepidocolaptes leucogaster,,,,,
Lepidocolaptes souleyetii,Lepidocolaptes souleyetii,15,15,18,19,B
Lepidocolaptes angustirostris,Lepidocolaptes angustirostris,,,,,
Lepidocolaptes affinis,Lepidocolaptes affinis,17,17,19,19,B
Lepidocolaptes neglectus,,17,17,19,19,B
Lepidocolaptes lacrymiger,Lepidocolaptes lacrymiger,,,,,B
Lepidocolaptes squamatus,Lepidocolaptes squamatus,,,,,
Lepidocolaptes falcinellus,Lepidocolaptes falcinellus,15,16,18,19,
Lepidocolaptes albolineatus,Lepidocolaptes albolineatus,,,,,
Lepidocolaptes duidae,Lepidocolaptes duidae,,,,,
Lepidocolaptes fatimalimae,Lepidocolaptes fatimalimae,,,,,
Lepidocolaptes fuscicapillus,Lepidocolaptes fuscicapillus,,,,,
Xenops tenuirostris,Xenops tenuirostris,,,,,
,Xenops mexicanus,15,17,13,14,B
Xenops genibarbis,Xenops genibarbis,15,17,13,14,B
Xenops minutus,Xenops minutus,15,17,13,14,B
Xenops rutilus,Xenops rutilans,,,,,
Berlepschia rikeri,Berlepschia rikeri,,,,,
Microxenops milleri,Microxenops milleri,,,,,
Pygarrhichas albogularis,Pygarrhichas albogularis,,,,,
Ochetorhynchus ruficaudus,Ochetorhynchus ruficaudus,,,,,
Ochetorhynchus andaecola,Ochetorhynchus andaecola,,,,,
Ochetorhynchus phoenicurus,Ochetorhynchus phoenicurus,,,,,
Ochetorhynchus melanurus,Ochetorhynchus melanurus,,,,,
Pseudocolaptes lawrencii,Pseudocolaptes lawrencii,,,29,,
Pseudocolaptes johnsoni,Pseudocolaptes johnsoni,,,,,
Pseudocolaptes boissonneauii,Pseudocolaptes boissonneautii,,,,,
Premnornis guttuliger,Premnornis guttuliger,,,,,
Tarphonomus harterti,Tarphonomus harterti,,,,,
Tarphonomus certhioides,Tarphonomus certhioides,,,,,
Furnarius figulus,Furnarius figulus,20,,,,
Furnarius cinnamomeus,Furnarius cinnamomeus,,,,,
Furnarius longirostris,Furnarius longirostris,,,,,
Furnarius leucopus,Furnarius leucopus,16,17,26,33,
Furnarius torridus,Furnarius torridus,,,,,
Furnarius minor,Furnarius minor,,,,,
Furnarius rufus,Furnarius rufus,14,18,23,26,B
Furnarius cristatus,Furnarius cristatus,,,,,
Lochmias nematura,Lochmias nematura,,,,,
Phleocryptes melanops,Phleocryptes melanops,16,18,16,,
Limnornis curvirostris,Limnornis curvirostris,,,,,
Geocerthia serrana,Geocerthia serrana,,,,,
Upucerthia dumetaria,Upucerthia dumetaria,,,,,
Upucerthia saturatior,Upucerthia saturatior,,,,,
Upucerthia albigula,Upucerthia albigula,,,,,
Upucerthia validirostris,Upucerthia validirostris,,,,,
Cinclodes pabsti,Cinclodes pabsti,,,,,
Cinclodes antarcticus,Cinclodes antarcticus,16,16,25,25,
Cinclodes maculirostris,,16,,25,,
Cinclodes fuscus,Cinclodes fuscus,,,,,
Cinclodes comechingonus,Cinclodes comechingonus,,,,,
Cinclodes albidiventris,Cinclodes albidiventris,,,,,
Cinclodes albiventris,Cinclodes albiventris,,,,,
Cinclodes olrogi,Cinclodes olrogi,,,,,
Cinclodes oustaleti,Cinclodes oustaleti,,,,,
Cinclodes excelsior,Cinclodes excelsior,,,,,
Cinclodes aricomae,Cinclodes aricomae,,,,,
Cinclodes palliatus,Cinclodes palliatus,,,,,
Cinclodes atacamensis,Cinclodes atacamensis,,,,,
Cinclodes patagonicus,Cinclodes patagonicus,,,,,
Cinclodes taczanowskii,Cinclodes taczanowskii,,,,,
Cinclodes nigrofumosus,Cinclodes nigrofumosus,,,18,19,B
Anabazenops dorsalis,Anabazenops dorsalis,,,,,
Anabazenops fuscus,Anabazenops fuscus,,,,,
Megaxenops parnaguae,Megaxenops parnaguae,,,,,
Cichlocolaptes leucophrus,Cichlocolaptes leucophrus,,,,,
Cichlocolaptes holti,,,,,,
Cichlocolaptes mazarbarnetti,Cichlocolaptes mazarbarnetti,,,,,
Heliobletus contaminatus,Heliobletus contaminatus,,,,,
Philydor fuscipenne,Neophilydor fuscipenne,,,,,
Philydor erythrocercum,Neophilydor erythrocercum,,,,,
Philydor novaesi,Philydor novaesi,,,,,
Philydor atricapillus,Philydor atricapillus,,,,,
Philydor pyrrhodes,Philydor pyrrhodes,,,,,
Anabacerthia striaticollis,Anabacerthia striaticollis,,,,,
Anabacerthia variegaticeps,Anabacerthia variegaticeps,,,,,
Anabacerthia ruficaudata,Anabacerthia ruficaudata,,,,,
Anabacerthia amaurotis,Anabacerthia amaurotis,,,,,
Anabacerthia lichtensteini,Anabacerthia lichtensteini,,,,,
Syndactyla rufosuperciliata,Syndactyla rufosuperciliata,,,,,
Syndactyla dimidiata,Syndactyla dimidiata,,,,,
Syndactyla roraimae,Syndactyla roraimae,,,,,
Syndactyla subalaris,Syndactyla subalaris,,,,,
Syndactyla ruficollis,Syndactyla ruficollis,,,,,
Syndactyla guttulata,Syndactyla guttulata,,,,,
Syndactyla ucayalae,Syndactyla ucayalae,,,,,
Syndactyla striata,Syndactyla striata,,,,,
Ancistrops strigilatus,Ancistrops strigilatus,,,,,
Dendroma rufa,Dendroma rufa,,,,,
Dendroma erythroptera,Dendroma erythroptera,,,,,
Clibanornis dendrocolaptoides,Clibanornis dendrocolaptoides,,,,,
Clibanornis rectirostris,Clibanornis rectirostris,17,21,25,,
Clibanornis erythrocephalus,Clibanornis erythrocephalus,16,19,,,B
Clibanornis rubiginosus,Clibanornis rubiginosus,,,,,F
Clibanornis rufipectus,Clibanornis rufipectus,,,,,
Thripadectes ignobilis,Thripadectes ignobilis,,,,,
Thripadectes flammulatus,Thripadectes flammulatus,,,,,
Thripadectes scrutator,Thripadectes scrutator,,,,,
Thripadectes rufobrunneus,Thripadectes rufobrunneus,,,,,"M,B"
Thripadectes melanorhynchus,Thripadectes melanorhynchus,,,,,
Thripadectes holostictus,Thripadectes holostictus,14,17,20,23,
Thripadectes virgaticeps,Thripadectes virgaticeps,,,,,
Automolus rufipileatus,Automolus rufipileatus,,,,,
Automolus melanopezus,Automolus melanopezus,,,,,
Automolus cervinigularis,Automolus cervinigularis,,,,,
Automolus ochrolaemus,Automolus ochrolaemus,,,,,
Automolus exsertus,Automolus exsertus,20,21,18,,B
Automolus virgatus,Automolus virgatus,,,,,
Automolus subulatus,Automolus subulatus,,,,,B
Automolus infuscatus,Automolus infuscatus,,,,,
Automolus paraensis,Automolus paraensis,,,,,
Automolus lammi,Automolus lammi,,,,,
Automolus leucophthalmus,Automolus leucophthalmus,,,,,
Premnoplex brunnescens,Premnoplex brunnescens,27,31,,,B
Premnoplex tatei,Premnoplex tatei,,,19,21,
Premnoplex pariae,,,,,,
Margarornis bellulus,Margarornis bellulus,,,,,
Margarornis rubiginosus,Margarornis rubiginosus,,,,,
Margarornis stellatus,Margarornis stellatus,,,,,
Margarornis squamiger,Margarornis squamiger,,,,,
Aphrastura spinicauda,Aphrastura spinicauda,15,15,,,
Aphrastura masafuerae,Aphrastura masafuerae,,,,,
Sylviorthorhynchus desmurii,Sylviorthorhynchus desmursii,,,,,
Sylviorthorhynchus yanacensis,Sylviorthorhynchus yanacensis,,,,,
Leptasthenura fuliginiceps,Leptasthenura fuliginiceps,,,,,
Leptasthenura platensis,Leptasthenura platensis,14,15,15,16,
Leptasthenura aegithaloides,Leptasthenura aegithaloides,,,,,
Leptasthenura berlepschi,,,,,,
Leptasthenura pallida,,,,,,
Leptasthenura striolata,Leptasthenura striolata,,,,,
Leptasthenura pileata,Leptasthenura pileata,,,,,
Leptasthenura xenothorax,Leptasthenura xenothorax,,,,,
Leptasthenura striata,Leptasthenura striata,,,,,
Leptasthenura andicola,Leptasthenura andicola,16,,,,
Leptasthenura setaria,Leptasthenura setaria,,,,,
Phacellodomus rufifrons,Phacellodomus rufifrons,16,17,21,22,B
Phacellodomus inornatus,Phacellodomus inornatus,16,17,21,22,B
Phacellodomus striaticeps,Phacellodomus striaticeps,,,,,
Phacellodomus sibilatrix,Phacellodomus sibilatrix,,,,,
Phacellodomus dorsalis,Phacellodomus dorsalis,,,,,
Phacellodomus maculipectus,Phacellodomus maculipectus,16,,12,13,
Phacellodomus striaticollis,Phacellodomus striaticollis,16,,12,13,
Phacellodomus ruber,Phacellodomus ruber,,,,,
Phacellodomus erythrophthalmus,Phacellodomus erythrophthalmus,,,,,
Phacellodomus ferrugineigula,Phacellodomus ferrugineigula,,,,,
Hellmayrea gularis,Hellmayrea gularis,,,,,
Anumbius annumbi,Anumbius annumbi,14,16,17,18,B
Coryphistera alaudina,Coryphistera alaudina,,,,,
Asthenes huancavelicae,,,,,,
Asthenes usheri,,,,,,
Asthenes arequipae,,,,,,
Asthenes dorbignyi,Asthenes dorbignyi,,,,,
Asthenes berlepschi,Asthenes berlepschi,,,,,
Asthenes baeri,Asthenes baeri,14,15.5,14,14,
Asthenes luizae,Asthenes luizae,,,,,
Asthenes hudsoni,Asthenes hudsoni,,,,,
Asthenes anthoides,Asthenes anthoides,,,,,
Asthenes urubambensis,Asthenes urubambensis,,,,,
Asthenes flammulata,Asthenes flammulata,,,,,
Asthenes virgata,Asthenes virgata,,,,,
Asthenes maculicauda,Asthenes maculicauda,,,,,
Asthenes wyatti,Asthenes wyatti,,,,,
Asthenes humilis,Asthenes humilis,,,,,
Asthenes modesta,Asthenes modesta,,,,,
Asthenes moreirae,Asthenes moreirae,,,,,
Asthenes pyrrholeuca,Asthenes pyrrholeuca,,,,,
Asthenes harterti,Asthenes harterti,,,,,
Asthenes helleri,Asthenes helleri,,,,,
Asthenes vilcabambae,Asthenes vilcabambae,,,,,
Asthenes ayacuchensis,Asthenes ayacuchensis,,,,,
Asthenes pudibunda,Asthenes pudibunda,,,,,
Asthenes ottonis,Asthenes ottonis,,,,,
Asthenes heterura,Asthenes heterura,,,,,
Asthenes palpebralis,Asthenes palpebralis,,,,,
Asthenes coryi,Asthenes coryi,,,,,
Asthenes perijana,Asthenes perijana,,,,,
Asthenes fuliginosa,Asthenes fuliginosa,,,,,
Asthenes griseomurina,Asthenes griseomurina,,,,,
Acrobatornis fonsecai,Acrobatornis fonsecai,,,,,
Metopothrix aurantiaca,Metopothrix aurantiaca,,,,,
Xenerpestes minlosi,Xenerpestes minlosi,,,,,
Xenerpestes singularis,Xenerpestes singularis,,,,,
Siptornis striaticollis,Siptornis striaticollis,,,,,
Roraimia adusta,Roraimia adusta,,,,,
Thripophaga gutturata,Thripophaga gutturata,,,,,
Thripophaga macroura,Thripophaga macroura,,,,,
Thripophaga cherriei,Thripophaga cherriei,,,,,
Thripophaga amacurensis,Thripophaga amacurensis,,,,,
Thripophaga fusciceps,Thripophaga fusciceps,,,,,
Limnoctites rectirostris,Limnoctites rectirostris,14,22,15,18,B
Limnoctites sulphuriferus,Limnoctites sulphuriferus,,,,,
Cranioleuca berlepschi,Cranioleuca berlepschi,,,,,
Cranioleuca weskei,,,,,,
Cranioleuca marcapatae,Cranioleuca marcapatae,,,,,
Cranioleuca albiceps,Cranioleuca albiceps,,,,,
Cranioleuca vulpina,Cranioleuca vulpina,,,,,
Cranioleuca dissita,Cranioleuca dissita,,,,,
Cranioleuca vulpecula,Cranioleuca vulpecula,,,,,
Cranioleuca subcristata,Cranioleuca subcristata,,,,,
Cranioleuca pyrrhophia,Cranioleuca pyrrhophia,,,13,15,
Cranioleuca henricae,Cranioleuca henricae,,,,,
Cranioleuca obsoleta,Cranioleuca obsoleta,,,,,
Cranioleuca pallida,Cranioleuca pallida,,,,,
Cranioleuca semicinerea,Cranioleuca semicinerea,,,,,
Cranioleuca albicapilla,Cranioleuca albicapilla,,,,,
Cranioleuca erythrops,Cranioleuca erythrops,,,,,
Cranioleuca demissa,Cranioleuca demissa,,,,,
Cranioleuca hellmayri,Cranioleuca hellmayri,,,,,
Cranioleuca curtata,Cranioleuca curtata,,,,,
Cranioleuca antisiensis,Cranioleuca antisiensis,,,,,
Cranioleuca muelleri,Cranioleuca muelleri,,,,,
Pseudasthenes humicola,Pseudasthenes humicola,20,22,14,18,B
Pseudasthenes patagonica,Pseudasthenes patagonica,,,,,
Pseudasthenes steinbachi,Pseudasthenes steinbachi,,,,,
Pseudasthenes cactorum,Pseudasthenes cactorum,,,,,
Spartonoica maluroides,Spartonoica maluroides,13,,11,14,B
Pseudoseisura cristata,Pseudoseisura cristata,,,,,
Pseudoseisura unirufa,Pseudoseisura unirufa,,,,,
Pseudoseisura lophotes,Pseudoseisura lophotes,18,20,18,23,B
Pseudoseisura gutturalis,Pseudoseisura gutturalis,,,,,
Certhiaxis cinnamomeus,Certhiaxis cinnamomeus,14,15,18,,
Certhiaxis mustelinus,Certhiaxis mustelinus,,,,,
Mazaria propinqua,Mazaria propinqua,,,,,
Schoeniophylax phryganophilus,Schoeniophylax phryganophilus,15,16,13,14,B
Synallaxis scutata,Synallaxis scutata,,,,,
Synallaxis cinerascens,Synallaxis cinerascens,,,,,
Synallaxis gujanensis,Synallaxis gujanensis,,,,,
Synallaxis simoni,Synallaxis simoni,,,,,
Synallaxis albilora,Synallaxis albilora,14.6,16,13,14,F
Synallaxis maranonica,Synallaxis maranonica,,,,,
Synallaxis hypochondriaca,Synallaxis hypochondriaca,,,,,
Synallaxis chinchipensis,Synallaxis chinchipensis,,,,,
Synallaxis stictothorax,Synallaxis stictothorax,25,,16,22,
Synallaxis zimmeri,Synallaxis zimmeri,,,,,
Synallaxis brachyura,Synallaxis brachyura,18,19,17,,
Synallaxis subpudica,Synallaxis subpudica,,,,,
Synallaxis hellmayri,Synallaxis hellmayri,,,,,B
Synallaxis ruficapilla,Synallaxis ruficapilla,,,,,
Synallaxis cinerea,Synallaxis cinerea,,,,,
Synallaxis infuscata,Synallaxis infuscata,21,22,14,16,B
Synallaxis moesta,Synallaxis moesta,,,,,
Synallaxis macconnelli,Synallaxis macconnelli,,,,,
Synallaxis cabanisi,Synallaxis cabanisi,,,,,
Synallaxis hypospodia,Synallaxis hypospodia,,,,,
Synallaxis spixi,Synallaxis spixi,,,,,
Synallaxis albigularis,Synallaxis albigularis,,,,,
Synallaxis beverlyae,Synallaxis beverlyae,,,,,
Synallaxis albescens,Synallaxis albescens,15,18,16,,B
Synallaxis frontalis,Synallaxis frontalis,15,16,,,
Synallaxis azarae,Synallaxis azarae,,,,,
Synallaxis courseni,Synallaxis courseni,,,,,
Synallaxis candei,Synallaxis candei,,,,,
Synallaxis erythrothorax,Synallaxis erythrothorax,17,18,,,
Synallaxis kollari,Synallaxis kollari,,,,,
Synallaxis tithys,Synallaxis tithys,,,,,
Synallaxis fuscorufa,Synallaxis fuscorufa,,,,,
Synallaxis unirufa,Synallaxis unirufa,,,,,
Synallaxis castanea,Synallaxis castanea,,,,,
Synallaxis cinnamomea,Synallaxis cinnamomea,,,,,
Synallaxis rutilans,Synallaxis rutilans,,,,,
Synallaxis cherriei,Synallaxis cherriei,,,,,
Euchrepomis callinota,Euchrepomis callinota,,,,,
Euchrepomis humeralis,Euchrepomis humeralis,,,,,
Euchrepomis sharpei,Euchrepomis sharpei,,,,,
Euchrepomis spodioptila,Euchrepomis spodioptila,,,,,
Myrmornis torquata,Myrmornis torquata,,,,,
Myrmornis stictoptera,,,,,,
Pygiptila stellaris,Pygiptila stellaris,,,,,
Thamnistes anabatinus,Thamnistes anabatinus,,,,,B
Thamnistes aequatorialis,,,,,,
,Thamnistes rufescens,20,21,18,,B
Microrhopias quixensis,Microrhopias quixensis,,,,,B
Neoctantes niger,Neoctantes niger,,,,,M
Clytoctantes alixii,Clytoctantes alixii,,,,,
Clytoctantes atrogularis,Clytoctantes atrogularis,,,,,
Epinecrophylla fulviventris,Epinecrophylla fulviventris,18,20,,,B
Epinecrophylla ornata,Epinecrophylla ornata,,,,,
Epinecrophylla hoffmannsi,,,,,,
Epinecrophylla erythrura,Epinecrophylla erythrura,,,,,
Epinecrophylla leucophthalma,Epinecrophylla leucophthalma,,,,,
Epinecrophylla gutturalis,Epinecrophylla gutturalis,,,11,,B
Epinecrophylla haematonota,Epinecrophylla haematonota,,,,,
Epinecrophylla spodionota,Epinecrophylla spodionota,,,,,
Epinecrophylla amazonica,Epinecrophylla amazonica,,,,,
Myrmorchilus strigilatus,Myrmorchilus strigilatus,,,,,
Aprositornis disjuncta,Aprositornis disjuncta,,,,,
Ammonastes pelzelni,Ammonastes pelzelni,,,,,
Myrmophylax atrothorax,Myrmophylax atrothorax,,,,,
Myrmotherula ignota,Myrmotherula ignota,,,,,
Myrmotherula brachyura,Myrmotherula brachyura,,,,,
Myrmotherula surinamensis,Myrmotherula surinamensis,,,,,
Myrmotherula multostriata,Myrmotherula multostriata,,,,,B
Myrmotherula pacifica,Myrmotherula pacifica,,,,,
Myrmotherula cherriei,Myrmotherula cherriei,,,,,
Myrmotherula klagesi,Myrmotherula klagesi,,,,,
Myrmotherula longicauda,Myrmotherula longicauda,,,,,
Myrmotherula ambigua,Myrmotherula ambigua,,,,,
Myrmotherula sclateri,Myrmotherula sclateri,,,,,
Myrmotherula axillaris,Myrmotherula axillaris,16,19,8,12,B
Myrmotherula luctuosa,,,,,,
Myrmotherula schisticolor,Myrmotherula schisticolor,15,,9,,B
Myrmotherula sunensis,Myrmotherula sunensis,,,,,
Myrmotherula minor,Myrmotherula minor,,,,,
Myrmotherula longipennis,Myrmotherula longipennis,,,,,
Myrmotherula urosticta,Myrmotherula urosticta,,,,,
Myrmotherula iheringi,Myrmotherula iheringi,,,,,B
,Myrmotherula fluminensis,,,,,
Myrmotherula grisea,Myrmotherula grisea,,,,,
Myrmotherula unicolor,Myrmotherula unicolor,,,,,
Myrmotherula snowi,Myrmotherula snowi,,,,,
Myrmotherula behni,Myrmotherula behni,,,,,
Myrmotherula menetriesii,Myrmotherula menetriesii,,,,,
Myrmotherula assimilis,Myrmotherula assimilis,,,,,
Terenura maculata,Terenura maculata,,,,,
Terenura sicki,Terenura sicki,,,,,
Myrmochanes hemileucus,Myrmochanes hemileucus,,,,,
Formicivora iheringi,Formicivora iheringi,,,,,
Formicivora erythronotos,Formicivora erythronotos,13,15,10,11,B
Formicivora intermedia,Formicivora intermedia,,,,,
Formicivora grisea,Formicivora grisea,,,,,
Formicivora serrana,Formicivora serrana,,,,,
Formicivora melanogaster,Formicivora melanogaster,16,,,,B
Formicivora rufa,Formicivora rufa,,,8,,B
Formicivora grantsaui,Formicivora grantsaui,,,,,
Formicivora acutirostris,Formicivora acutirostris,,,,,B
Formicivora paludicola,,,,,,B
Dichrozona cincta,Dichrozona cincta,,,,,
Rhopias gularis,Rhopias gularis,17,,11,,
Isleria hauxwelli,Isleria hauxwelli,,,,,B
Isleria guttata,Isleria guttata,,,,,
Thamnomanes ardesiacus,Thamnomanes ardesiacus,11,12,,,
Thamnomanes saturninus,Thamnomanes saturninus,,,,,
Thamnomanes caesius,Thamnomanes caesius,,,,,
Thamnomanes schistogynus,Thamnomanes schistogynus,,,,,
Megastictus margaritatus,Megastictus margaritatus,,,,,B
Sakesphorus cristatus,Sakesphoroides cristatus,,,,,B
Herpsilochmus pileatus,Herpsilochmus pileatus,,,,,
Herpsilochmus atricapillus,Herpsilochmus atricapillus,,,,,
Herpsilochmus stotzi,Herpsilochmus stotzi,,,,,
Herpsilochmus praedictus,Herpsilochmus praedictus,,,,,
Herpsilochmus motacilloides,Herpsilochmus motacilloides,,,,,
Herpsilochmus parkeri,Herpsilochmus parkeri,,,,,
Herpsilochmus sticturus,Herpsilochmus sticturus,,,,,
Herpsilochmus dugandi,Herpsilochmus dugandi,,,,,
Herpsilochmus stictocephalus,Herpsilochmus stictocephalus,,,,,
Herpsilochmus dorsimaculatus,Herpsilochmus dorsimaculatus,,,,,
Herpsilochmus roraimae,Herpsilochmus roraimae,,,,,
Herpsilochmus pectoralis,Herpsilochmus pectoralis,,,,,
Herpsilochmus longirostris,Herpsilochmus longirostris,,,,,B
Herpsilochmus gentryi,Herpsilochmus gentryi,,,,,
Herpsilochmus axillaris,Herpsilochmus axillaris,,,,,
Herpsilochmus scapularis,Herpsilochmus frater,,,,,
Herpsilochmus rufimarginatus,Herpsilochmus rufimarginatus,,,,,
Dysithamnus stictothorax,Dysithamnus stictothorax,,,,,
Dysithamnus mentalis,Dysithamnus mentalis,15,,9,10,B
Dysithamnus striaticeps,Dysithamnus striaticeps,14,,,,B
Dysithamnus puncticeps,Dysithamnus puncticeps,,,,,B
Dysithamnus xanthopterus,Dysithamnus xanthopterus,,,,,
Dysithamnus occidentalis,Dysithamnus occidentalis,,,,,
Dysithamnus plumbeus,Dysithamnus plumbeus,,,,,
Dysithamnus leucostictus,Dysithamnus leucostictus,,,,,
Thamnophilus bernardi,Thamnophilus bernardi,15,16,11,12,B
Thamnophilus shumbae,,,,,,
Thamnophilus melanonotus,Thamnophilus melanonotus,,,,,
Thamnophilus melanothorax,Thamnophilus melanothorax,,,,,
Thamnophilus doliatus,Thamnophilus doliatus,14,15,10,13,B
Thamnophilus zarumae,Thamnophilus zarumae,,,,,
Thamnophilus multistriatus,Thamnophilus multistriatus,,,,,
Thamnophilus tenuepunctatus,Thamnophilus tenuepunctatus,,,,,
Thamnophilus palliatus,Thamnophilus palliatus,,,,,B
Thamnophilus bridgesi,Thamnophilus bridgesi,14,15,,,B
Thamnophilus nigriceps,Thamnophilus nigriceps,,,,,
Thamnophilus praecox,Thamnophilus praecox,,,,,
Thamnophilus nigrocinereus,Thamnophilus nigrocinereus,,,,,
Thamnophilus cryptoleucus,Thamnophilus cryptoleucus,,,,,
Thamnophilus aethiops,Thamnophilus aethiops,,,,,B
Thamnophilus unicolor,Thamnophilus unicolor,,,,,
Thamnophilus schistaceus,Thamnophilus schistaceus,,,,,B
Thamnophilus murinus,Thamnophilus murinus,,,,,B
Thamnophilus aroyae,Thamnophilus aroyae,,,,,
Thamnophilus atrinucha,Thamnophilus atrinucha,15,16,9,10,B
Thamnophilus punctatus,Thamnophilus punctatus,,,,,
Thamnophilus stictocephalus,Thamnophilus stictocephalus,,,,,
Thamnophilus sticturus,Thamnophilus sticturus,,,,,
Thamnophilus pelzelni,Thamnophilus pelzelni,,,,,B
Thamnophilus ambiguus,Thamnophilus ambiguus,,,,,
Thamnophilus amazonicus,Thamnophilus amazonicus,,,,,
Thamnophilus divisorius,Thamnophilus divisorius,,,,,
Thamnophilus insignis,Thamnophilus insignis,,,,,
Thamnophilus caerulescens,Thamnophilus caerulescens,,,,,B
Thamnophilus torquatus,Thamnophilus torquatus,15,,10,,B
Thamnophilus ruficapillus,Thamnophilus ruficapillus,,,,,
Thamnophilus subfasciatus,,,,,,
Sakesphorus canadensis,Sakesphorus canadensis,14,,,,B
Sakesphorus pulchellus,,,,,,
Sakesphorus luctuosus,Sakesphorus luctuosus,,,,,
Herpsilochmus sellowi,Radinopsyche sellowi,,,,,
Biatas nigropectus,Biatas nigropectus,,,,,
Cymbilaimus lineatus,Cymbilaimus lineatus,,,,,B
Cymbilaimus sanctaemariae,Cymbilaimus sanctaemariae,,,,,
Taraba major,Taraba major,17,18,12,13,B
Mackenziaena leachii,Mackenziaena leachii,,,,,
Mackenziaena severa,Mackenziaena severa,,,,,
Frederickena viridis,Frederickena viridis,,,,,
Frederickena unduliger,Frederickena unduliger,,,,,B
,Frederickena fulva,,,,,B
Hypoedaleus guttatus,Hypoedaleus guttatus,,,,,
Batara cinerea,Batara cinerea,,,,,
Xenornis setifrons,Xenornis setifrons,,,,,
Pithys albifrons,Pithys albifrons,15,,12,,B
Pithys castaneus,Pithys castaneus,,,,,
Phaenostictus mcleannani,Phaenostictus mcleannani,16,,14,,B
Gymnopithys bicolor,Gymnopithys bicolor,15,16,13,15,B
Gymnopithys leucaspis,Gymnopithys leucaspis,,,,,
Gymnopithys rufigula,Gymnopithys rufigula,,,13,14,B
Oneillornis salvini,Oneillornis salvini,,,,,
Oneillornis lunulatus,Oneillornis lunulatus,,,,,
Rhegmatorhina gymnops,Rhegmatorhina gymnops,,,,,
Rhegmatorhina berlepschi,Rhegmatorhina berlepschi,,,,,
Rhegmatorhina hoffmannsi,Rhegmatorhina hoffmannsi,,,,,
Rhegmatorhina cristata,Rhegmatorhina cristata,,,,,
Rhegmatorhina melanosticta,Rhegmatorhina melanosticta,,,14,,B
Phlegopsis nigromaculata,Phlegopsis nigromaculata,,,13,,B
Phlegopsis erythroptera,Phlegopsis erythroptera,,,,,
Phlegopsis borbae,Phlegopsis borbae,,,,,
Willisornis poecilinotus,Willisornis poecilinotus,,,,,B
Willisornis vidua,Willisornis vidua,,,,,B
Willisornis nigrigula,,,,,,
Drymophila ferruginea,Drymophila ferruginea,,,,,
Drymophila rubricollis,Drymophila rubricollis,,,,,
Drymophila genei,Drymophila genei,,,,,
Drymophila ochropyga,Drymophila ochropyga,,,,,
Drymophila malura,Drymophila malura,,,,,
Drymophila squamata,Drymophila squamata,,,,,B
Drymophila devillei,Drymophila devillei,,,,,
Drymophila hellmayri,Drymophila hellmayri,,,,,
Drymophila klagesi,Drymophila klagesi,,,,,
Drymophila caudata,Drymophila caudata,,,,,
Drymophila striaticeps,Drymophila striaticeps,,,,,
Hypocnemis cantator,Hypocnemis cantator,12,,11,,B
Hypocnemis flavescens,Hypocnemis flavescens,,,,,
Hypocnemis peruviana,Hypocnemis peruviana,,,,,
Hypocnemis subflava,Hypocnemis subflava,,,11,,B
Hypocnemis ochrogyna,Hypocnemis ochrogyna,,,,,
Hypocnemis striata,Hypocnemis striata,,,,,
Hypocnemis rondoni,Hypocnemis rondoni,,,,,
Hypocnemis hypoxantha,Hypocnemis hypoxantha,,,,,
Sciaphylax hemimelaena,Sciaphylax hemimelaena,,,,,
Sciaphylax castanea,Sciaphylax castanea,,,,,
Cercomacroides laeta,Cercomacroides laeta,,,,,B
Cercomacroides parkeri,Cercomacroides parkeri,,,,,
Cercomacroides nigrescens,Cercomacroides nigrescens,,,,,
Cercomacroides fuscicauda,Cercomacroides fuscicauda,,,,,
Cercomacroides tyrannina,Cercomacroides tyrannina,14,20,9,11,B
Cercomacroides serva,Cercomacroides serva,,,12,14,
Cercomacra manu,Cercomacra manu,,,,,B
Cercomacra brasiliana,Cercomacra brasiliana,,,,,
Cercomacra cinerascens,Cercomacra cinerascens,,,,,
Cercomacra melanaria,Cercomacra melanaria,14,,8,11,B
Cercomacra ferdinandi,Cercomacra ferdinandi,,,,,
Cercomacra nigricans,Cercomacra nigricans,,,,,
Cercomacra carbonaria,Cercomacra carbonaria,,,,,
Myrmoderus ferrugineus,Myrmoderus ferrugineus,,,,,
Myrmoderus eowilsoni,Myrmoderus eowilsoni,,,,,
Myrmoderus ruficauda,Myrmoderus ruficauda,15,,12,14,B
Myrmoderus loricatus,Myrmoderus loricatus,,,,,
Myrmoderus squamosus,Myrmoderus squamosus,,,,,
Hypocnemoides melanopogon,Hypocnemoides melanopogon,,,,,
Hypocnemoides maculicauda,Hypocnemoides maculicauda,,,,,
Hylophylax naevioides,Hylophylax naevioides,15,16,11,12,B
Hylophylax naevius,Hylophylax naevius,,,12.5,,B
Hylophylax punctulatus,Hylophylax punctulatus,,,,,
Sclateria naevia,Sclateria naevia,,,,,
Myrmelastes hyperythrus,Myrmelastes hyperythrus,,,,,
Myrmelastes schistaceus,Myrmelastes schistaceus,,,,,
Myrmelastes leucostigma,Myrmelastes leucostigma,,,,,
Myrmelastes humaythae,Myrmelastes humaythae,,,,,
Myrmelastes brunneiceps,Myrmelastes brunneiceps,,,,,
Myrmelastes rufifacies,Myrmelastes rufifacies,,,,,
Myrmelastes saturatus,Myrmelastes saturatus,,,,,
Myrmelastes caurensis,Myrmelastes caurensis,,,,,
Poliocrania exsul,Poliocrania exsul,14,,,,B
Poliocrania maculifer,,14,,,,B
Ampelornis griseiceps,Ampelornis griseiceps,,,,,
Sipia berlepschi,Sipia berlepschi,,,,,
Sipia nigricauda,Sipia nigricauda,,,,,
Sipia palliata,Sipia palliata,,,,,
Sipia laemosticta,Sipia laemosticta,,,,,
Myrmeciza longipes,Myrmeciza longipes,,,,,
Myrmoborus melanurus,Myrmoborus melanurus,,,,,
Myrmoborus lophotes,Myrmoborus lophotes,,,,,
Myrmoborus myotherinus,Myrmoborus myotherinus,,,,,
Myrmoborus leucophrys,Myrmoborus leucophrys,,,,,
Myrmoborus lugubris,Myrmoborus lugubris,,,,,
Gymnocichla nudiceps,Gymnocichla nudiceps,,,,,
,Pyriglena maura,12,,10,11,B
,Pyriglena similis,12,,10,11,B
Pyriglena leuconota,Pyriglena leuconota,12,,10,11,B
Pyriglena atra,Pyriglena atra,,,,,
Pyriglena leucoptera,Pyriglena leucoptera,,,,,B
Rhopornis ardesiacus,Rhopornis ardesiacus,13,,,,B
Percnostola rufifrons,Percnostola rufifrons,,,,,B
Percnostola arenarum,Percnostola arenarum,,,,,
Akletos melanoceps,Akletos melanoceps,,,10,11,B
Akletos goeldii,Akletos goeldii,,,,,B
Hafferia fortis,Hafferia fortis,,,9,,B
Hafferia immaculata,Hafferia immaculata,,,,,
Hafferia zeledoni,Hafferia zeledoni,17,,14,,B
Formicarius colma,Formicarius colma,,,,,B
Formicarius analis,Formicarius analis,17,20,17,20,B
Formicarius moniliger,Formicarius moniliger,,,,,
Formicarius rufifrons,Formicarius rufifrons,,,,,
Formicarius nigricapillus,Formicarius nigricapillus,,,,,
Formicarius rufipectus,Formicarius rufipectus,,,,,
Chamaeza campanisona,Chamaeza campanisona,,,,,
Chamaeza nobilis,Chamaeza nobilis,,,,,
Chamaeza meruloides,Chamaeza meruloides,,,,,
Chamaeza ruficauda,Chamaeza ruficauda,,,,,
Chamaeza turdina,Chamaeza turdina,,,,,
Chamaeza mollissima,Chamaeza mollissima,,,,,
Grallaria squamigera,Grallaria squamigera,,,,,
Grallaria gigantea,Grallaria gigantea,,,22,,
Grallaria excelsa,Grallaria excelsa,,,,,B
Grallaria varia,Grallaria varia,17,,,,F
Grallaria alleni,Grallaria alleni,,,15,17,
Grallaria guatimalensis,Grallaria guatimalensis,19,,17,19,B
Grallaria chthonia,Grallaria chthonia,,,,,
Grallaria haplonota,Grallaria haplonota,,,,,
Grallaria dignissima,Grallaria dignissima,,,,,
Grallaria eludens,Grallaria eludens,,,,,
Grallaria ruficapilla,Grallaria ruficapilla,,,,,B
Grallaria watkinsi,Grallaria watkinsi,,,,,
Grallaria bangsi,Grallaria bangsi,,,,,
Grallaria kaestneri,Grallaria kaestneri,,,,,
Grallaria andicolus,Grallaria andicolus,,,,,
Grallaria griseonucha,Grallaria griseonucha,,,,,
Grallaria ridgelyi,Grallaria ridgelyi,,,,,
Grallaria nuchalis,Grallaria nuchalis,,,,,
Grallaria carrikeri,Grallaria carrikeri,,,,,
Grallaria albigula,Grallaria albigula,,,,,B
Grallaria flavotincta,Grallaria flavotincta,,,,,
Grallaria hypoleuca,Grallaria hypoleuca,17,,,,B
Grallaria przewalskii,Grallaria przewalskii,,,,,
Grallaria capitalis,Grallaria capitalis,,,,,
Grallaria erythroleuca,Grallaria erythroleuca,,,,,
,Grallaria spatiator,,,,,
Grallaria saltuensis,Grallaria saltuensis,,,,,
Grallaria rufula,Grallaria rufula,,,,,
Grallaria rufocinerea,Grallaria rufocinerea,,,,,
,Grallaria alvarezi,,,,,
,Grallaria saturata,,,,,B
,Grallaria cajamarcae,,,,,
Grallaria blakei,Grallaria blakei,,,,,
,Grallaria gravesi,,,,,
,Grallaria oneilli,,,,,
,Grallaria obscura,,,,,
,Grallaria centralis,,,,,
,Grallaria ayacuchensis,,,,,
,Grallaria occabambae,,,,,
,Grallaria sinaensis,,,,,
,Grallaria cochabambae,,,,,
Grallaria quitensis,Grallaria quitensis,21.5,,,,B
Grallaria alticola,Grallaria alticola,,,,,
Grallaria atuensis,Grallaria atuensis,,,,,
Grallaria milleri,Grallaria milleri,,,,,B
Grallaria fenwickorum,Grallaria urraoensis,,,,,
Grallaria erythrotis,Grallaria erythrotis,15,,15,,
Cryptopezus nattereri,Cryptopezus nattereri,,,,,
Hylopezus perspicillatus,Hylopezus perspicillatus,,,,,B
Hylopezus macularius,Hylopezus macularius,,,,,B
,Hylopezus paraensis,,,,,
,Hylopezus whittakeri,,,,,
Hylopezus auricularis,Hylopezus auricularis,,,,,
Hylopezus ochroleucus,Hylopezus ochroleucus,,,,,
Myrmothera fulviventris,Myrmothera fulviventris,,,,,
Myrmothera berlepschi,Myrmothera berlepschi,,,,,
Myrmothera dives,Myrmothera dives,,,,,
Myrmothera simplex,Myrmothera simplex,,,,,B
Myrmothera campanisona,Myrmothera campanisona,,,,,
Myrmothera subcanescens,Myrmothera subcanescens,,,,,
Grallaricula flavirostris,Grallaricula flavirostris,17,21,14,16,
Grallaricula loricata,Grallaricula loricata,,,,,
Grallaricula cucullata,Grallaricula cucullata,,,,,
Grallaricula peruviana,Grallaricula peruviana,,,,,
Grallaricula ochraceifrons,Grallaricula ochraceifrons,,,,,
Grallaricula ferrugineipectus,Grallaricula ferrugineipectus,16,17,13,,
Grallaricula leymebambae,Grallaricula leymebambae,,,,,
Grallaricula nana,Grallaricula nana,,,,,B
Grallaricula cumanensis,Grallaricula cumanensis,,,,,
Grallaricula lineifrons,Grallaricula lineifrons,,,,,
Conopophaga lineata,Conopophaga lineata,14,,14,,B
Conopophaga aurita,Conopophaga aurita,,,,,
Conopophaga snethlageae,Conopophaga snethlageae,,,,,
Conopophaga roberti,Conopophaga roberti,,,,,
Conopophaga peruviana,Conopophaga peruviana,,,,,
Conopophaga cearae,Conopophaga cearae,,,,,
Conopophaga ardesiaca,Conopophaga ardesiaca,,,,,
Conopophaga castaneiceps,Conopophaga castaneiceps,,,,,
Conopophaga melanops,Conopophaga melanops,18,,15,,B
Conopophaga melanogaster,Conopophaga melanogaster,,,,,
Pittasoma michleri,Pittasoma michleri,,,,,
Pittasoma rufopileatum,Pittasoma rufopileatum,,,,,
Acropternis orthonyx,Acropternis orthonyx,,,,,
Pteroptochos castaneus,Pteroptochos castaneus,,,,,
Pteroptochos tarnii,Pteroptochos tarnii,22,,21,,B
Pteroptochos megapodius,Pteroptochos megapodius,,,,,
Scelorchilus albicollis,Scelorchilus albicollis,,,,,B
Scelorchilus rubecula,Scelorchilus rubecula,23,,21,,
Rhinocrypta lanceolata,Rhinocrypta lanceolata,16,17,14,15,B
Teledromas fuscus,Teledromas fuscus,,,,,
Liosceles thoracicus,Liosceles thoracicus,,,,,
Psilorhamphus guttatus,Psilorhamphus guttatus,,,,,
Merulaxis ater,Merulaxis ater,,,,,
Merulaxis stresemanni,Merulaxis stresemanni,,,,,
Eugralla paradoxa,Eugralla paradoxa,,,,,
Myornis senilis,Myornis senilis,,,,,
Eleoscytalopus indigoticus,Eleoscytalopus indigoticus,15,,,,
Eleoscytalopus psychopompus,Eleoscytalopus psychopompus,,,,,
Scytalopus iraiensis,Scytalopus iraiensis,,,,,
Scytalopus diamantinensis,Scytalopus diamantinensis,,,,,
Scytalopus novacapitalis,Scytalopus novacapitalis,,,,,
Scytalopus petrophilus,Scytalopus petrophilus,,,,,
Scytalopus pachecoi,Scytalopus pachecoi,,,,,
Scytalopus gonzagai,Scytalopus gonzagai,,,,,
Scytalopus speluncae,Scytalopus speluncae,,,,,
Scytalopus fuscus,Scytalopus fuscus,,,,,
Scytalopus magellanicus,Scytalopus magellanicus,19,,11,,B
Scytalopus affinis,Scytalopus affinis,,,,,
,Scytalopus krabbei,,,,,
,Scytalopus androstictus,,,,,
Scytalopus opacus,Scytalopus opacus,,,,,
Scytalopus canus,Scytalopus canus,,,,,
Scytalopus superciliaris,Scytalopus superciliaris,,,,,
Scytalopus zimmeri,Scytalopus zimmeri,,,,,
Scytalopus simonsi,Scytalopus simonsi,,,,,
Scytalopus schulenbergi,Scytalopus schulenbergi,,,,,
Scytalopus urubambae,Scytalopus urubambae,,,,,
,Scytalopus whitneyi,,,,,
,Scytalopus frankeae,,,,,
Scytalopus altirostris,Scytalopus altirostris,,,,,
Scytalopus parvirostris,Scytalopus parvirostris,,,,,
Scytalopus bolivianus,Scytalopus bolivianus,,,,,
Scytalopus atratus,Scytalopus atratus,,,,,
Scytalopus sanctaemartae,Scytalopus sanctaemartae,,,,,
Scytalopus micropterus,Scytalopus micropterus,,,,,
Scytalopus femoralis,Scytalopus femoralis,,,,,
,Scytalopus intermedius,,,,,
Scytalopus macropus,Scytalopus macropus,,,,,
Scytalopus gettyae,Scytalopus gettyae,,,,,
Scytalopus unicolor,Scytalopus unicolor,,,,,
Scytalopus acutirostris,Scytalopus acutirostris,,,,,
Scytalopus latrans,Scytalopus latrans,,,,,
Scytalopus argentifrons,Scytalopus argentifrons,,,,,
Scytalopus vicinior,Scytalopus vicinior,,,,,
Scytalopus panamensis,Scytalopus panamensis,,,,,
Scytalopus chocoensis,Scytalopus chocoensis,,,,,
Scytalopus rodriguezi,Scytalopus rodriguezi,,,,,
Scytalopus stilesi,Scytalopus stilesi,,,,,
Scytalopus alvarezlopezi,Scytalopus alvarezlopezi,,,,,
Scytalopus robbinsi,Scytalopus robbinsi,,,,,
Scytalopus caracae,Scytalopus caracae,,,,,
Scytalopus griseicollis,Scytalopus griseicollis,,,,,
Scytalopus latebricola,Scytalopus latebricola,,,,,
Scytalopus perijanus,Scytalopus perijanus,,,,,
Scytalopus meridanus,Scytalopus meridanus,,,,,
Scytalopus parkeri,Scytalopus parkeri,,,,,B
Scytalopus spillmanni,Scytalopus spillmanni,,,,,
Melanopareia torquata,Melanopareia torquata,12,18,12,14,B
Melanopareia maximiliani,Melanopareia maximiliani,,,,,
Melanopareia maranonica,Melanopareia maranonica,,,,,
Melanopareia elegans,Melanopareia elegans,,,10,12,
Piprites griseiceps,Piprites griseiceps,,,,,
Piprites chloris,Piprites chloris,,,,,
Piprites pileata,Piprites pileata,,,,,
Phyllomyias virescens,Phyllomyias virescens,,,,,
Phyllomyias reiseri,Phyllomyias reiseri,,,,,
Phyllomyias urichi,Phyllomyias urichi,,,,,
Phyllomyias sclateri,Phyllomyias sclateri,,,,,
Phyllomyias weedeni,Phyllomyias weedeni,,,,,
Phyllomyias fasciatus,Phyllomyias fasciatus,,,,,
Phyllomyias griseiceps,Phyllomyias griseiceps,,,,,
Phyllomyias plumbeiceps,Phyllomyias plumbeiceps,,,,,
Phyllomyias griseocapilla,Phyllomyias griseocapilla,,,,,
Phyllomyias burmeisteri,Acrochordopus burmeisteri,,,,,
Phyllomyias zeledoni,Acrochordopus zeledoni,,,,,
Phyllomyias nigrocapillus,Tyranniscus nigrocapillus,,,,,
Phyllomyias cinereiceps,Tyranniscus cinereiceps,,,,,
Phyllomyias uropygialis,Tyranniscus uropygialis,,,,,
Tyrannulus elatus,Tyrannulus elatus,,,,,F
Myiopagis gaimardii,Myiopagis gaimardii,,,,,
Myiopagis parambae,Myiopagis parambae,,,,,
Myiopagis cinerea,Myiopagis cinerea,,,,,
Myiopagis caniceps,Myiopagis caniceps,,,,,
Myiopagis olallai,Myiopagis olallai,,,,,
Myiopagis subplacens,Myiopagis subplacens,,,,,
Myiopagis flavivertex,Myiopagis flavivertex,,,,,
Myiopagis viridicata,Myiopagis viridicata,,,,,
Myiopagis cotta,Myiopagis cotta,,,,,
Elaenia flavogaster,Elaenia flavogaster,16,,15,17,F
Elaenia martinica,Elaenia martinica,,,,,
Elaenia spectabilis,Elaenia spectabilis,14,15,17,19,
Elaenia ridleyana,Elaenia ridleyana,,,,,
Elaenia albiceps,Elaenia albiceps,,,,,
,,,,,,
Elaenia parvirostris,Elaenia parvirostris,14,,15,,
Elaenia mesoleuca,Elaenia mesoleuca,15,16,20,,
Elaenia strepera,Elaenia strepera,,,,,
Elaenia gigas,Elaenia gigas,,,,,
Elaenia pelzelni,Elaenia pelzelni,,,,,
Elaenia cristata,Elaenia cristata,18,19,17,19,
Elaenia chiriquensis,Elaenia chiriquensis,14,15,15,16,F
Elaenia brachyptera,Elaenia brachyptera,,,,,
Elaenia ruficeps,Elaenia ruficeps,,,,,
Elaenia frantzii,Elaenia frantzii,15,,17,,
Elaenia obscura,Elaenia obscura,,,,,
Elaenia sordida,Elaenia sordida,,,,,
Elaenia dayi,Elaenia dayi,,,,,
Elaenia pallatangae,Elaenia pallatangae,,,,,
Elaenia olivina,Elaenia olivina,,,,,
Elaenia fallax,Elaenia fallax,,,,,
Elaenia cherriei,,,,,,
Ornithion semiflavum,Ornithion semiflavum,,,,,
Ornithion brunneicapillus,Ornithion brunneicapillus,,,,,
Ornithion inerme,Ornithion inerme,,,,,
Camptostoma imberbe,Camptostoma imberbe,14,16,12,,F
Camptostoma obsoletum,Camptostoma obsoletum,14,15,17,,
Suiriri suiriri,Suiriri suiriri,15,,18,,F
Mecocerculus leucophrys,Mecocerculus leucophrys,,,,,
Mecocerculus poecilocercus,Mecocerculus poecilocercus,,,,,
Mecocerculus hellmayri,Mecocerculus hellmayri,,,,,
Mecocerculus calopterus,Mecocerculus calopterus,,,,,
Mecocerculus minor,Mecocerculus minor,,,,,
Mecocerculus stictopterus,Mecocerculus stictopterus,,,,,
Anairetes nigrocristatus,Anairetes nigrocristatus,,,,,
Anairetes reguloides,Anairetes reguloides,,,,,
Anairetes alpinus,Anairetes alpinus,,,,,
Anairetes flavirostris,Anairetes flavirostris,13,,,,
Anairetes parulus,Anairetes parulus,,,,,
Anairetes fernandezianus,Anairetes fernandezianus,,,,,
Uromyias agilis,Uromyias agilis,,,,,
Uromyias agraphia,Uromyias agraphia,,,,,
Serpophaga cinerea,Serpophaga cinerea,,,,,
Serpophaga hypoleuca,Serpophaga hypoleuca,,,,,
Serpophaga nigricans,Serpophaga nigricans,,,16,18,
Serpophaga subcristata,Serpophaga subcristata,13,15,13,14,B
Serpophaga griseicapilla,Serpophaga griseicapilla,,,,,
Nesotriccus ridgwayi,Nesotriccus ridgwayi,,,,,F
Phaeomyias murina,Nesotriccus murinus,14,17,17,,F
Phaeomyias tumbezana,Nesotriccus tumbezanus,16,17,14,15,
,Nesotriccus maranonicus,,,,,
Capsiempis flaveola,Capsiempis flaveola,,,,,
Polystictus pectoralis,Polystictus pectoralis,,,,,
Polystictus superciliaris,Polystictus superciliaris,15,16,,,F
Pseudocolopteryx dinelliana,Pseudocolopteryx dinelliana,,,,,
Pseudocolopteryx sclateri,Pseudocolopteryx sclateri,,,,,
Pseudocolopteryx acutipennis,Pseudocolopteryx acutipennis,,,,,
Pseudocolopteryx flaviventris,Pseudocolopteryx flaviventris,,,,,
Pseudocolopteryx citreola,Pseudocolopteryx citreola,,,,,
Pseudotriccus pelzelni,Pseudotriccus pelzelni,,,,,
Pseudotriccus simplex,Pseudotriccus simplex,,,,,
Pseudotriccus ruficeps,Pseudotriccus ruficeps,,,,,
Corythopis torquatus,Corythopis torquatus,,,13,,
Corythopis delalandi,Corythopis delalandi,,,14,,
Euscarthmus meloryphus,Euscarthmus meloryphus,14,16,11,12,
Euscarthmus fulviceps,Euscarthmus fulviceps,14,15,11,12,
Euscarthmus rufomarginatus,Euscarthmus rufomarginatus,14,16,,,
Pseudelaenia leucospodia,Pseudelaenia leucospodia,16,,15,17,
Stigmatura napensis,Stigmatura napensis,,,,,
Stigmatura bahiae,Stigmatura bahiae,,,,,
Stigmatura budytoides,Stigmatura budytoides,14,15,12,,
Zimmerius vilissimus,Zimmerius vilissimus,,,,,
Zimmerius parvus,Zimmerius parvus,16,16,18,19,
Zimmerius improbus,Zimmerius improbus,,,,,
Zimmerius petersi,Zimmerius petersi,,,,,
Zimmerius bolivianus,Zimmerius bolivianus,,,,,
Zimmerius cinereicapilla,Zimmerius cinereicapilla,,,,,
Zimmerius villarejoi,Zimmerius villarejoi,,,,,
Zimmerius chicomendesi,Zimmerius chicomendesi,,,,,
Zimmerius gracilipes,Zimmerius gracilipes,,,,,
Zimmerius acer,Zimmerius acer,,,,,
Zimmerius chrysops,Zimmerius chrysops,17,,17,19,F
,,,,,,
Zimmerius albigularis,Zimmerius albigularis,,,,,
,,,,,,
Zimmerius viridiflavus,Zimmerius viridiflavus,,,,,
Pogonotriccus poecilotis,Pogonotriccus poecilotis,,,,,
Pogonotriccus chapmani,Pogonotriccus chapmani,,,,,
Pogonotriccus ophthalmicus,Pogonotriccus ophthalmicus,,,,,
Pogonotriccus orbitalis,Pogonotriccus orbitalis,,,,,
Pogonotriccus venezuelanus,Pogonotriccus venezuelanus,,,,,
Pogonotriccus lanyoni,Pogonotriccus lanyoni,,,,,
Pogonotriccus eximius,Pogonotriccus eximius,,,,,
Phylloscartes paulista,Pogonotriccus paulista,,,,,
Phylloscartes difficilis,Pogonotriccus difficilis,,,,,
Phylloscartes ventralis,Phylloscartes ventralis,17.8,,17.1,,F
Phylloscartes ceciliae,Phylloscartes ceciliae,,,,,
Phylloscartes kronei,Phylloscartes kronei,12,,,,F
Phylloscartes beckeri,Phylloscartes beckeri,,,,,
Phylloscartes flavovirens,Phylloscartes flavovirens,,,,,
Phylloscartes virescens,Phylloscartes virescens,,,,,
Phylloscartes gualaquizae,Phylloscartes gualaquizae,,,,,
Phylloscartes nigrifrons,Phylloscartes nigrifrons,,,,,
Phylloscartes superciliaris,Phylloscartes superciliaris,,,,,
Phylloscartes flaviventris,Phylloscartes flaviventris,,,,,
Phylloscartes parkeri,Phylloscartes parkeri,,,,,
Phylloscartes roquettei,Phylloscartes roquettei,,,,,
Phylloscartes oustaleti,Phylloscartes oustaleti,,,,,
Phylloscartes sylviolus,Phylloscartes sylviolus,,,,,
Mionectes striaticollis,Mionectes striaticollis,19,,18,,
Mionectes olivaceus,Mionectes olivaceus,,,,,
Mionectes galbinus,Mionectes galbinus,,,,,
Mionectes oleagineus,Mionectes oleagineus,23.3,,,,F
Mionectes macconnelli,Mionectes macconnelli,19,,17,20,
Mionectes roraimae,Mionectes roraimae,,,,,
Mionectes rufiventris,Mionectes rufiventris,,,,,
Leptopogon amaurocephalus,Leptopogon amaurocephalus,,,,,
Leptopogon superciliaris,Leptopogon superciliaris,,,,,
Leptopogon albidiventer,,,,,,
Leptopogon rufipectus,Leptopogon rufipectus,21,23,,,
Leptopogon taczanowskii,Leptopogon taczanowskii,,,,,
Guyramemua affinis,Guyramemua affine,15,16,,,F
Sublegatus arenarum,Sublegatus arenarum,14,,,,F
Sublegatus obscurior,Sublegatus obscurior,,,,,
Sublegatus modestus,Sublegatus modestus,17,,14,16,
Inezia tenuirostris,Inezia tenuirostris,,,,,
Inezia inornata,Inezia inornata,,,,,
Inezia subflava,Inezia subflava,,,,,
Inezia caudata,Inezia caudata,,,,,
Myiophobus flavicans,Myiophobus flavicans,,,,,
Myiophobus phoenicomitra,Myiophobus phoenicomitra,,,,,
Myiophobus inornatus,Myiophobus inornatus,,,,,
Myiophobus roraimae,Myiophobus roraimae,,,,,
Myiophobus cryptoxanthus,Myiophobus cryptoxanthus,,,,,
Myiophobus fasciatus,Myiophobus fasciatus,14,17,13,17,F
Myiophobus crypterythrus,Myiophobus crypterythrus,17,17,11,11,F
Myiophobus rufescens,Myiophobus rufescens,,,,,
Nephelomyias pulcher,Nephelomyias pulcher,,,,,
Nephelomyias lintoni,Nephelomyias lintoni,,,,,
Nephelomyias ochraceiventris,Nephelomyias ochraceiventris,,,,,F
Myiotriccus ornatus,Myiotriccus ornatus,,,,,
Myiotriccus phoenicurus,,,,,,
Tachuris rubrigastra,Tachuris rubrigastra,15,17,12,18,
Culicivora caudacuta,Culicivora caudacuta,,,,,
Hemitriccus diops,Hemitriccus diops,,,,,
Hemitriccus obsoletus,Hemitriccus obsoletus,,,,,
Hemitriccus flammulatus,Hemitriccus flammulatus,,,,,
Hemitriccus minor,Hemitriccus minor,,,,,
Hemitriccus spodiops,Hemitriccus spodiops,,,,,
Hemitriccus cohnhafti,Hemitriccus cohnhafti,,,,,
Hemitriccus josephinae,Hemitriccus josephinae,,,,,
Hemitriccus zosterops,Hemitriccus zosterops,,,,,
Hemitriccus griseipectus,Hemitriccus griseipectus,,,,,
Hemitriccus minimus,Hemitriccus minimus,,,,,
Hemitriccus orbitatus,Hemitriccus orbitatus,,,,,
Hemitriccus iohannis,Hemitriccus iohannis,,,,,
Hemitriccus striaticollis,Hemitriccus striaticollis,,,,,
Hemitriccus nidipendulus,Hemitriccus nidipendulus,,,,,
Hemitriccus margaritaceiventer,Hemitriccus margaritaceiventer,,,13,14,
Hemitriccus inornatus,Hemitriccus inornatus,,,,,
Hemitriccus granadensis,Hemitriccus granadensis,19,19,,,
Hemitriccus mirandae,Hemitriccus mirandae,,,,,
Hemitriccus cinnamomeipectus,Hemitriccus cinnamomeipectus,,,,,
Hemitriccus kaempferi,Hemitriccus kaempferi,,,,,
Hemitriccus rufigularis,Hemitriccus rufigularis,,,,,
Hemitriccus furcatus,Hemitriccus furcatus,,,,,
Myiornis auricularis,Myiornis auricularis,,,,,F
Myiornis albiventris,Myiornis albiventris,,,,,
Myiornis atricapillus,Myiornis atricapillus,,,,,F
Myiornis ecaudatus,Myiornis ecaudatus,,,,,F
Oncostoma cinereigulare,Oncostoma cinereigulare,,,,,F
Oncostoma olivaceum,Oncostoma olivaceum,,,,,F
Lophotriccus pileatus,Lophotriccus pileatus,,,,,F
Lophotriccus eulophotes,Lophotriccus eulophotes,,,,,
Lophotriccus vitiosus,Lophotriccus vitiosus,,,,,
Lophotriccus galeatus,Lophotriccus galeatus,,,,,
Atalotriccus pilaris,Atalotriccus pilaris,,,,,
Poecilotriccus ruficeps,Poecilotriccus ruficeps,,,,,
Poecilotriccus luluae,Poecilotriccus luluae,,,,,
Poecilotriccus albifacies,Poecilotriccus albifacies,,,,,
Poecilotriccus capitalis,Poecilotriccus capitalis,,,,,
Poecilotriccus senex,Poecilotriccus senex,,,,,
Poecilotriccus russatus,Poecilotriccus russatus,,,,,
Poecilotriccus plumbeiceps,Poecilotriccus plumbeiceps,,,,,
Poecilotriccus fumifrons,Poecilotriccus fumifrons,,,,,
Poecilotriccus latirostris,Poecilotriccus latirostris,,,,,
Poecilotriccus sylvia,Poecilotriccus sylvia,,,18,21,
Poecilotriccus calopterus,Poecilotriccus calopterus,,,,,
Poecilotriccus pulchellus,Poecilotriccus pulchellus,,,,,
Taeniotriccus andrei,Taeniotriccus andrei,,,,,
Todirostrum maculatum,Todirostrum maculatum,16,21,15,19,F
Todirostrum poliocephalum,Todirostrum poliocephalum,17,,12,14,
Todirostrum cinereum,Todirostrum cinereum,18,,17,18,F
Todirostrum viridanum,Todirostrum viridanum,,,,,
Todirostrum pictum,Todirostrum pictum,,,,,
Todirostrum chrysocrotaphum,Todirostrum chrysocrotaphum,,,,,B
Todirostrum nigriceps,Todirostrum nigriceps,,,,,
Cnipodectes subbrunneus,Cnipodectes subbrunneus,,,,,
Cnipodectes superrufus,Cnipodectes superrufus,,,,,
Rhynchocyclus pacificus,Rhynchocyclus pacificus,,,,,
Rhynchocyclus brevirostris,Rhynchocyclus brevirostris,,,,,
Rhynchocyclus fulvipectus,Rhynchocyclus fulvipectus,,,,,
Rhynchocyclus aequinoctialis,Rhynchocyclus aequinoctialis,,,,,
Rhynchocyclus olivaceus,Rhynchocyclus olivaceus,14,,21,,
Tolmomyias sulphurescens,Tolmomyias sulphurescens,17,18,22,24,F
Tolmomyias traylori,Tolmomyias traylori,,,,,
Tolmomyias flavotectus,Tolmomyias flavotectus,,,,,
Tolmomyias assimilis,Tolmomyias assimilis,,,,,
Tolmomyias poliocephalus,Tolmomyias poliocephalus,,,,,
Tolmomyias flaviventris,Tolmomyias flaviventris,16,17,,,F
Tolmomyias viridiceps,Tolmomyias viridiceps,,,,,
Calyptura cristata,Calyptura cristata,,,,,
Platyrinchus saturatus,Platyrinchus saturatus,,,,,
Platyrinchus cancrominus,Platyrinchus cancrominus,,,,,
Platyrinchus mystaceus,Platyrinchus mystaceus,,,,,
Platyrinchus albogularis,,,,,,
Platyrinchus coronatus,Platyrinchus coronatus,20,21,,,
Platyrinchus flavigularis,Platyrinchus flavigularis,,,,,
Platyrinchus platyrhynchos,Platyrinchus platyrhynchos,,,,,
Platyrinchus leucoryphus,Platyrinchus leucoryphus,,,,,
Neopipo cinnamomea,Neopipo cinnamomea,,,,,
Pyrrhomyias cinnamomeus,Pyrrhomyias cinnamomeus,,,,,
Hirundinea ferruginea,Hirundinea ferruginea,19,,26,27,F
Hirundinea bellicosa,,,,,,
Lathrotriccus euleri,Lathrotriccus euleri,,,,,
Lathrotriccus griseipectus,Lathrotriccus griseipectus,16,,14,,
Aphanotriccus capitalis,Aphanotriccus capitalis,,,,,
Aphanotriccus audax,Aphanotriccus audax,,,,,
Cnemotriccus fuscatus,Cnemotriccus fuscatus,,,,,
Xenotriccus callizonus,Xenotriccus callizonus,,,,,
Xenotriccus mexicanus,Xenotriccus mexicanus,,,,,
Sayornis phoebe,Sayornis phoebe,16,,15,18,
Sayornis nigricans,Sayornis nigricans,15,17,14,21,F
Sayornis saya,Sayornis saya,14,18,17,21,
Mitrephanes phaeocercus,Mitrephanes phaeocercus,,,,,
Mitrephanes olivaceus,Mitrephanes olivaceus,,,,,
Contopus cooperi,Contopus cooperi,14,19,15,23,
Contopus pertinax,Contopus pertinax,,,,,
Contopus lugubris,Contopus lugubris,,,,,
Contopus fumigatus,Contopus fumigatus,16,,21,,
Contopus ochraceus,Contopus ochraceus,,,,,
Contopus sordidulus,Contopus sordidulus,14,15,14,18,
Contopus virens,Contopus virens,12,13,16,18,
Contopus bogotensis,Contopus bogotensis,15,16,,,F
Contopus punensis,Contopus punensis,,,,,
Contopus cinereus,Contopus cinereus,15,16,,,F
Contopus albogularis,Contopus albogularis,,,,,
Contopus nigrescens,Contopus nigrescens,,,,,
Contopus caribaeus,Contopus caribaeus,,,,,
Contopus hispaniolensis,Contopus hispaniolensis,,,,,F
Contopus pallidus,Contopus pallidus,,,,,
Contopus latirostris,Contopus latirostris,,,,,
Empidonax flaviventris,Empidonax flaviventris,15,,13,,
Empidonax virescens,Empidonax virescens,13,15,12,18,
Empidonax traillii,Empidonax traillii,13,14,13,15,
Empidonax alnorum,Empidonax alnorum,11,15,14,,
Empidonax albigularis,Empidonax albigularis,,,,,
Empidonax minimus,Empidonax minimus,13,15,12,17,
Empidonax hammondii,Empidonax hammondii,15,,16,18,
Empidonax oberholseri,Empidonax oberholseri,15,16,17,18,
Empidonax wrightii,Empidonax wrightii,14,15,16,,
Empidonax affinis,Empidonax affinis,,,,,
Empidonax difficilis,Empidonax difficilis,13,16,14,17,
Empidonax occidentalis,,,,,,
Empidonax flavescens,Empidonax flavescens,,,,,
Empidonax fulvifrons,Empidonax fulvifrons,14,16,15,17,
Empidonax atriceps,Empidonax atriceps,,,,,
Pyrocephalus rubinus,Pyrocephalus rubinus,13,15,13,16,F
,,13,15,13,16,F
Pyrocephalus nanus,Pyrocephalus nanus,,,,,
Pyrocephalus dubius,,,,,,
Ochthornis littoralis,Ochthornis littoralis,,,,,
Satrapa icterophrys,Satrapa icterophrys,15,16,15,20,
Muscisaxicola fluviatilis,Syrtidicola fluviatilis,,,,,
Muscisaxicola maculirostris,Muscisaxicola maculirostris,,,,,
Muscisaxicola albifrons,Muscisaxicola albifrons,,,,,
Muscisaxicola flavinucha,Muscisaxicola flavinucha,,,,,
Muscisaxicola alpinus,Muscisaxicola alpinus,,,,,
Muscisaxicola griseus,Muscisaxicola griseus,,,,,
Muscisaxicola cinereus,Muscisaxicola cinereus,,,,,
Muscisaxicola rufivertex,Muscisaxicola rufivertex,,,,,
Muscisaxicola occipitalis,,,,,,
Muscisaxicola maclovianus,Muscisaxicola maclovianus,,,18,,
Muscisaxicola albilora,Muscisaxicola albilora,,,,,
Muscisaxicola capistratus,Muscisaxicola capistratus,,,,,
Muscisaxicola juninensis,Muscisaxicola juninensis,,,,,
Muscisaxicola frontalis,Muscisaxicola frontalis,,,,,
Lessonia oreas,Lessonia oreas,,,,,
Lessonia rufa,Lessonia rufa,,,,,
Hymenops perspicillatus,Hymenops perspicillatus,14,16,,,F
Knipolegus cyanirostris,Knipolegus cyanirostris,,,,,
Knipolegus signatus,Knipolegus signatus,,,,,
Knipolegus cabanisi,Knipolegus cabanisi,,,,,
Knipolegus striaticeps,Knipolegus striaticeps,,,,,
Knipolegus aterrimus,Knipolegus aterrimus,,,,,
Knipolegus heterogyna,,,,,,
Knipolegus hudsoni,Knipolegus hudsoni,,,,,
Knipolegus poecilurus,Knipolegus poecilurus,,,,,
Knipolegus orenocensis,Knipolegus orenocensis,,,,,
Knipolegus sclateri,,,,,,
Knipolegus poecilocercus,Knipolegus poecilocercus,,,,,
Knipolegus lophotes,Knipolegus lophotes,,,,,
Knipolegus nigerrimus,Knipolegus nigerrimus,,,,,
Knipolegus franciscanus,Knipolegus franciscanus,,,,,
Cnemarchus erythropygius,Cnemarchus erythropygius,,,,,
Polioxolmis rufipennis,Cnemarchus rufipennis,,,,,
Xolmis velatus,Xolmis velatus,,,,,
Xolmis irupero,Xolmis irupero,12,14,17,,F
Xolmis pyrope,Pyrope pyrope,,,,,
Xolmis cinereus,Nengetus cinereus,,,,,
Xolmis coronatus,Neoxolmis coronatus,16,,13,16,
Xolmis rubetra,Neoxolmis rubetra,,,,,
Xolmis salinarum,Neoxolmis salinarum,,,,,
Neoxolmis rufiventris,Neoxolmis rufiventris,,,,,
Myiotheretes striaticollis,Myiotheretes striaticollis,,,,,
Myiotheretes fuscorufus,Myiotheretes fuscorufus,13,,21,,B
Myiotheretes pernix,Myiotheretes pernix,,,,,
Myiotheretes fumigatus,Myiotheretes fumigatus,,,16,17,
Agriornis montanus,Agriornis montanus,,,,,
Agriornis murinus,Agriornis murinus,,,,,
Agriornis albicauda,Agriornis albicauda,,,,,
Agriornis micropterus,Agriornis micropterus,,,,,
Agriornis lividus,Agriornis lividus,,,,,
Gubernetes yetapa,Gubernetes yetapa,,,,,
Muscipipra vetula,Muscipipra vetula,,,,,
Fluvicola pica,Fluvicola pica,,,,,B
Fluvicola albiventer,Fluvicola albiventer,12,14,10,15,
Fluvicola nengeta,Fluvicola nengeta,15,,,,F
Arundinicola leucocephala,Arundinicola leucocephala,,,,,B
Xolmis dominicanus,Heteroxolmis dominicana,15,16,,,
Alectrurus tricolor,Alectrurus tricolor,,,,,
Alectrurus risora,Alectrurus risora,,,,,
Ochthoeca salvini,Ochthoeca salvini,,,,,
Silvicultrix frontalis,Silvicultrix frontalis,,,,,
,,,,,,
Silvicultrix pulchella,Silvicultrix pulchella,,,,,
Silvicultrix diadema,Silvicultrix diadema,,,,,
Silvicultrix jelskii,Silvicultrix jelskii,,,,,
Ochthoeca cinnamomeiventris,Ochthoeca cinnamomeiventris,14,,18,20,
Ochthoeca nigrita,Ochthoeca nigrita,,,,,
Ochthoeca thoracica,Ochthoeca thoracica,,,,,
Ochthoeca rufipectoralis,Ochthoeca rufipectoralis,,,,,
Ochthoeca fumicolor,Ochthoeca fumicolor,,,,,
Ochthoeca superciliosa,Ochthoeca superciliosa,,,,,
Ochthoeca oenanthoides,Ochthoeca oenanthoides,,,,,
Ochthoeca leucophrys,Ochthoeca leucophrys,,,,,
Ochthoeca piurae,Ochthoeca piurae,,,,,
Colorhamphus parvirostris,Colorhamphus parvirostris,,,,,
Colonia colonus,Colonia colonus,,,,,
Muscigralla brevicauda,Muscigralla brevicauda,13,14,13,14,
Machetornis rixosa,Machetornis rixosa,14,15,16,,
Legatus leucophaius,Legatus leucophaius,16,,18,20,F
Phelpsia inornata,Phelpsia inornata,,,,,
Myiozetetes cayanensis,Myiozetetes cayanensis,15,,17,21,
Myiozetetes similis,Myiozetetes similis,15,16,17,21,F
Myiozetetes granadensis,Myiozetetes granadensis,,,,,
Myiozetetes luteiventris,Myiozetetes luteiventris,,,,,
Pitangus sulphuratus,Pitangus sulphuratus,15,17,15,22,F
Philohydor lictor,Philohydor lictor,,,,,
Conopias albovittatus,Conopias albovittatus,,,,,
Conopias parvus,Conopias parvus,,,,,
Conopias trivirgatus,Conopias trivirgatus,,,,,
Conopias cinchoneti,Conopias cinchoneti,,,,,
Myiodynastes hemichrysus,Myiodynastes hemichrysus,,,,,
Myiodynastes chrysocephalus,Myiodynastes chrysocephalus,,,,,
Myiodynastes bairdii,Myiodynastes bairdii,,,,,
Myiodynastes luteiventris,Myiodynastes luteiventris,16,,16,18,F
Myiodynastes maculatus,Myiodynastes maculatus,15,17,17,21,F
Myiodynastes solitarius,,16,17,17,21,F
Megarynchus pitangua,Megarynchus pitangua,17,18,23,26,
Tyrannopsis sulphurea,Tyrannopsis sulphurea,,,,,
Empidonomus varius,Empidonomus varius,14,16,,,F
Griseotyrannus aurantioatrocristatus,Empidonomus aurantioatrocristatus,15,16,16,,
Tyrannus niveigularis,Tyrannus niveigularis,15,16,14,19,
Tyrannus albogularis,Tyrannus albogularis,16.3,,18,,
Tyrannus melancholicus,Tyrannus melancholicus,12,19,13,20,F
Tyrannus couchii,Tyrannus couchii,,,,,F
Tyrannus vociferans,Tyrannus vociferans,15,16,12,14,F
Tyrannus crassirostris,Tyrannus crassirostris,16,,16,18,
Tyrannus verticalis,Tyrannus verticalis,12,19,16,,F
Tyrannus forficatus,Tyrannus forficatus,13,22,14,17,F
Tyrannus savana,Tyrannus savana,14,17,13,16,
Tyrannus tyrannus,Tyrannus tyrannus,14,17,16,17,F
Tyrannus dominicensis,Tyrannus dominicensis,14,15,16,18,
Tyrannus cubensis,Tyrannus cubensis,,,,,
Tyrannus caudifasciatus,Tyrannus caudifasciatus,,,,,
Rhytipterna simplex,Rhytipterna simplex,,,,,
Rhytipterna immunda,Rhytipterna immunda,,,,,
Rhytipterna holerythra,Rhytipterna holerythra,,,,,
Sirystes sibilator,Sirystes sibilator,,,,,
Sirystes albocinereus,Sirystes albocinereus,,,,,
Sirystes subcanescens,Sirystes subcanescens,,,,,
Sirystes albogriseus,Sirystes albogriseus,,,,,
Casiornis rufus,Casiornis rufus,15,,15,17,
Casiornis fuscus,Casiornis fuscus,,,,,
Myiarchus semirufus,Myiarchus semirufus,,,,,
Myiarchus yucatanensis,Myiarchus yucatanensis,,,,,
Myiarchus barbirostris,Myiarchus barbirostris,,,,,
Myiarchus tuberculifer,Myiarchus tuberculifer,,,13,,
Myiarchus swainsoni,Myiarchus swainsoni,,,,,
Myiarchus venezuelensis,Myiarchus venezuelensis,,,,,
Myiarchus panamensis,Myiarchus panamensis,,,,,
Myiarchus ferox,Myiarchus ferox,,,,,
Myiarchus apicalis,Myiarchus apicalis,,,16,17,
Myiarchus cephalotes,Myiarchus cephalotes,,,,,
Myiarchus phaeocephalus,Myiarchus phaeocephalus,,,,,
Myiarchus cinerascens,Myiarchus cinerascens,14,16,13,17,F
Myiarchus nuttingi,Myiarchus nuttingi,,,,,
Myiarchus crinitus,Myiarchus crinitus,13,15,13,15,F
Myiarchus tyrannulus,Myiarchus tyrannulus,,,15,,F
Myiarchus magnirostris,Myiarchus magnirostris,,,,,
Myiarchus nugator,Myiarchus nugator,,,,,
Myiarchus validus,Myiarchus validus,,,,,
Myiarchus sagrae,Myiarchus sagrae,,,,,
Myiarchus stolidus,Myiarchus stolidus,,,,,
Myiarchus antillarum,Myiarchus antillarum,,,,,
Myiarchus oberi,Myiarchus oberi,,,,,
Ramphotrigon megacephalum,Ramphotrigon megacephalum,,,,,
Deltarhynchus flammulatus,Ramphotrigon flammulatum,,,,,
Ramphotrigon ruficauda,Ramphotrigon ruficauda,,,,,
Ramphotrigon fuscicauda,Ramphotrigon fuscicauda,,,,,
Attila phoenicurus,Attila phoenicurus,,,,,
Attila cinnamomeus,Attila cinnamomeus,,,,,
Attila torridus,Attila torridus,,,,,
Attila citriniventris,Attila citriniventris,,,,,
Attila bolivianus,Attila bolivianus,,,,,
Attila rufus,Attila rufus,,,,,
Attila spadiceus,Attila spadiceus,18,19,18,,F
Ampelioides tschudii,Ampelioides tschudii,,,,,
Pipreola chlorolepidota,Pipreola chlorolepidota,,,,,
Pipreola frontalis,Pipreola frontalis,,,,,
Pipreola squamipectus,,,,,,
Pipreola formosa,Pipreola formosa,,,,,
Pipreola whitelyi,Pipreola whitelyi,,,,,
Pipreola lubomirskii,Pipreola lubomirskii,,,,,
Pipreola jucunda,Pipreola jucunda,16,17,,,
Pipreola pulchra,Pipreola pulchra,,,,,
Pipreola aureopectus,Pipreola aureopectus,,,,,
Pipreola arcuata,Pipreola arcuata,,,,,
Pipreola intermedia,Pipreola intermedia,,,,,
Pipreola riefferii,Pipreola riefferii,,,,,
Snowornis subalaris,Snowornis subalaris,,,,,
Snowornis cryptolophus,Snowornis cryptolophus,,,,,
Carpornis cucullata,Carpornis cucullata,,,,,
Carpornis melanocephala,Carpornis melanocephala,,,,,F
Rupicola peruvianus,Rupicola peruvianus,28,,42,48,
Rupicola rupicola,Rupicola rupicola,27,28,33,44,F
Phoenicircus carnifex,Phoenicircus carnifex,,,,,
Phoenicircus nigricollis,Phoenicircus nigricollis,,,,,F
Zaratornis stresemanni,Zaratornis stresemanni,,,,,
Phytotoma rara,Phytotoma rara,14,14,,,B
Phytotoma raimondii,Phytotoma raimondii,13,19,15,20,F
Phytotoma rutila,Phytotoma rutila,14,15,17,,F
Phibalura flavirostris,Phibalura flavirostris,,,,,B
Phibalura boliviana,,17,19,25,30,B
Doliornis sclateri,Doliornis sclateri,,,,,
Doliornis remseni,Doliornis remseni,,,,,
Ampelion rubrocristatus,Ampelion rubrocristatus,,,,,
Ampelion rufaxilla,Ampelion rufaxilla,,,,,
Haematoderus militaris,Haematoderus militaris,,,,,
Querula purpurata,Querula purpurata,25,,32,33,
Pyroderus scutatus,Pyroderus scutatus,,,30,35,
Cephalopterus glabricollis,Cephalopterus glabricollis,24,,,,
Cephalopterus penduliger,Cephalopterus penduliger,,,,,
Cephalopterus ornatus,Cephalopterus ornatus,,,,,
Perissocephalus tricolor,Perissocephalus tricolor,26,27,,,F
Lipaugus unirufus,Lipaugus unirufus,25,26,28,29,
Lipaugus streptophorus,Lipaugus streptophorus,,,,,
Lipaugus vociferans,Lipaugus vociferans,,,,,
Lipaugus lanioides,Lipaugus lanioides,26,,25,26,F
Lipaugus ater,Lipaugus ater,,,,,
Lipaugus conditus,Lipaugus conditus,,,,,
Lipaugus weberi,Lipaugus weberi,,,,,
Lipaugus fuscocinereus,Lipaugus fuscocinereus,,,,,
Lipaugus uropygialis,Lipaugus uropygialis,,,,,
Procnias albus,Procnias albus,,,,,
Procnias tricarunculatus,Procnias tricarunculatus,,,,,
Procnias nudicollis,Procnias nudicollis,23,,27,,
Procnias averano,Procnias averano,18,23,33,,
Cotinga maynana,Cotinga maynana,,,,,
Cotinga cayana,Cotinga cayana,,,,,F
Cotinga amabilis,Cotinga amabilis,,,,,
Cotinga nattererii,Cotinga nattererii,,,,,
Cotinga ridgwayi,Cotinga ridgwayi,,,,,
Cotinga maculata,Cotinga maculata,,,,,F
Cotinga cotinga,Cotinga cotinga,,,,,
Porphyrolaema porphyrolaema,Porphyrolaema porphyrolaema,,,,,
Conioptilon mcilhennyi,Conioptilon mcilhennyi,,,,,
Gymnoderus foetidus,Gymnoderus foetidus,,,,,
Xipholena punicea,Xipholena punicea,,,,,F
Xipholena lamellipennis,Xipholena lamellipennis,,,,,
Xipholena atropurpurea,Xipholena atropurpurea,,,,,
Carpodectes hopkei,Carpodectes hopkei,,,,,
Carpodectes antoniae,Carpodectes antoniae,,,,,F
Carpodectes nitidus,Carpodectes nitidus,27,,,,
Tyranneutes stolzmanni,Tyranneutes stolzmanni,,,,,
Tyranneutes virescens,Tyranneutes virescens,,,,,
Neopelma chrysocephalum,Neopelma chrysocephalum,,,,,
Neopelma sulphureiventer,Neopelma sulphureiventer,,,,,
Neopelma pallescens,Neopelma pallescens,,,,,
Neopelma aurifrons,Neopelma aurifrons,,,,,
Neopelma chrysolophum,Neopelma chrysolophum,,,,,
Chloropipo flavicapilla,Chloropipo flavicapilla,,,,,
Chloropipo unicolor,Chloropipo unicolor,,,,,
Chiroxiphia boliviana,Chiroxiphia boliviana,,,,,
Chiroxiphia pareola,Chiroxiphia pareola,17,,15,,
Chiroxiphia linearis,Chiroxiphia linearis,,,,,
Chiroxiphia lanceolata,Chiroxiphia lanceolata,,,,,
Chiroxiphia caudata,Chiroxiphia caudata,18,,20,,F
Antilophia bokermanni,Chiroxiphia bokermanni,19,21,16,21,F
Antilophia galeata,Chiroxiphia galeata,17,19,13,19,F
Ilicura militaris,Ilicura militaris,,,,,
Masius chrysopterus,Masius chrysopterus,,,,,
Corapipo gutturalis,Corapipo gutturalis,,,,,
,Corapipo altera,,,,,
Corapipo leucorrhoa,Corapipo leucorrhoa,,,,,
Xenopipo uniformis,Xenopipo uniformis,,,,,
Xenopipo atronitens,Xenopipo atronitens,,,,,
Cryptopipo litae,Cryptopipo litae,,,,,F
Cryptopipo holochlora,Cryptopipo holochlora,,,,,
,Lepidothrix velutina,17.5,19,13,16,F
Lepidothrix coronata,Lepidothrix coronata,17.5,19,13,15,
Lepidothrix nattereri,Lepidothrix nattereri,,,,,
Lepidothrix vilasboasi,Lepidothrix vilasboasi,,,,,
Lepidothrix iris,Lepidothrix iris,,,,,
Lepidothrix suavissima,Lepidothrix suavissima,,,,,
Lepidothrix serena,Lepidothrix serena,,,,,
Lepidothrix isidorei,Lepidothrix isidorei,,,,,
Lepidothrix coeruleocapilla,Lepidothrix coeruleocapilla,,,,,
Heterocercus aurantiivertex,Heterocercus aurantiivertex,,,,,
Heterocercus flavivertex,Heterocercus flavivertex,,,,,
Heterocercus linteatus,Heterocercus linteatus,,,,,
Manacus manacus,Manacus manacus,18,19,13,15,F
Manacus candei,Manacus candei,,,,,
Manacus vitellinus,Manacus vitellinus,,,13,15,
Manacus aurantiacus,Manacus aurantiacus,18,20,13,15,
Pipra aureola,Pipra aureola,,,,,
Pipra filicauda,Pipra filicauda,,,,,
Pipra fasciicauda,Pipra fasciicauda,,,,,
Machaeropterus deliciosus,Machaeropterus deliciosus,,,,,
Machaeropterus regulus,Machaeropterus regulus,,,,,
Machaeropterus striolatus,Machaeropterus striolatus,,,,,
Machaeropterus eckelberryi,Machaeropterus eckelberryi,,,,,
Machaeropterus pyrocephalus,Machaeropterus pyrocephalus,,,,,
Pseudopipra pipra,Pseudopipra pipra,,,,,
Ceratopipra cornuta,Ceratopipra cornuta,,,,,
Ceratopipra mentalis,Ceratopipra mentalis,,,,,
Ceratopipra chloromeros,Ceratopipra chloromeros,,,,,
Ceratopipra erythrocephala,Ceratopipra erythrocephala,16,19,14,20,F
Ceratopipra rubrocapilla,Ceratopipra rubrocapilla,,,13,14,
Tityra inquisitor,Tityra inquisitor,18,21,20,30,F
Tityra cayana,Tityra cayana,18,21,20,30,F
Tityra braziliensis,,,,,,
Tityra semifasciata,Tityra semifasciata,18,21,20,30,F
Tityra leucura,Tityra leucura,,,,,
Schiffornis major,Schiffornis major,,,,,
Schiffornis olivacea,Schiffornis olivacea,21,,,,
Schiffornis veraepacis,Schiffornis veraepacis,20,21,,,F
Schiffornis aenea,Schiffornis aenea,,,,,
Schiffornis stenorhyncha,Schiffornis stenorhyncha,21,,20,,F
Schiffornis turdina,Schiffornis turdina,20,21,,,
Schiffornis virescens,Schiffornis virescens,,,,,
Laniocera rufescens,Laniocera rufescens,,,,,
Laniocera hypopyrra,Laniocera hypopyrra,,,20,,
Iodopleura pipra,Iodopleura pipra,,,,,
Iodopleura fusca,Iodopleura fusca,,,,,B
Iodopleura isabellae,Iodopleura isabellae,,,,,
Laniisoma buckleyi,Laniisoma buckleyi,,,,,
Laniisoma elegans,Laniisoma elegans,,,,,
Xenopsaris albinucha,Xenopsaris albinucha,14,15,16,17,B
Pachyramphus viridis,Pachyramphus viridis,18,21,20,30,F
Pachyramphus griseigularis,,14,17,23,27,B
Pachyramphus xanthogenys,,,,,,
Pachyramphus versicolor,Pachyramphus versicolor,18,21,20,30,F
Pachyramphus spodiurus,Pachyramphus spodiurus,,,,,
Pachyramphus rufus,Pachyramphus rufus,18,21,20,30,F
Pachyramphus castaneus,Pachyramphus castaneus,,,,,
Pachyramphus cinnamomeus,Pachyramphus cinnamomeus,18,21,20,30,F
,Pachyramphus salvini,,,,,
Pachyramphus polychopterus,Pachyramphus polychopterus,18,21,21,,F
Pachyramphus marginatus,Pachyramphus marginatus,,,,,
Pachyramphus albogriseus,Pachyramphus albogriseus,18,21,20,22,F
Pachyramphus major,Pachyramphus major,,,,,
Pachyramphus uropygialis,,,,,,
Pachyramphus surinamus,Pachyramphus surinamus,,,,,
Pachyramphus homochrous,Pachyramphus homochrous,,,24,29,
Pachyramphus minor,Pachyramphus minor,,,,,
Pachyramphus validus,Pachyramphus validus,18,19,,,F
Pachyramphus aglaiae,Pachyramphus aglaiae,18,21,20,30,F
Pachyramphus niger,Pachyramphus niger,,,,,
Oxyruncus cristatus,Oxyruncus cristatus,14,24,25,30,F
Onychorhynchus swainsoni,Onychorhynchus swainsoni,,,,,
Onychorhynchus coronatus,Onychorhynchus coronatus,,,,,F
Onychorhynchus mexicanus,,,,,,
Onychorhynchus occidentalis,,,,,,
Myiobius villosus,Myiobius villosus,,,,,
Myiobius sulphureipygius,Myiobius sulphureipygius,,,,,F
Myiobius barbatus,Myiobius barbatus,,,,,
Myiobius atricaudus,Myiobius atricaudus,,,,,F
Terenotriccus erythrurus,Terenotriccus erythrurus,,,,,F
Menura alberti,Menura alberti,,,39,,F
Menura novaehollandiae,Menura novaehollandiae,50,,47,,F
Atrichornis rufescens,Atrichornis rufescens,36,38,21,28,F
Atrichornis clamosus,Atrichornis clamosus,35,42,21,28,F
,Ailuroedus stonii,17,24,17,23,F
Ailuroedus buccoides,Ailuroedus buccoides,17,24,17,23,F
,Ailuroedus geislerorum,17,24,17,23,F
Ailuroedus crassirostris,Ailuroedus crassirostris,23,24,21,,F
,Ailuroedus maculosus,22,23,19,20,F
,Ailuroedus astigmaticus,,,,,
,Ailuroedus melanocephalus,,,,,
,Ailuroedus jobiensis,,,,,
,Ailuroedus arfakianus,,,,,
Ailuroedus melanotis,Ailuroedus melanotis,22,23,19,20,F
Scenopoeetes dentirostris,Scenopoeetes dentirostris,,,,,
Archboldia papuensis,Archboldia papuensis,26,27,30,,
Amblyornis inornata,Amblyornis inornata,,,,,
Amblyornis macgregoriae,Amblyornis macgregoriae,17,,,,
,,,,,,
Amblyornis subalaris,Amblyornis subalaris,,,,,
Amblyornis flavifrons,Amblyornis flavifrons,,,,,
Prionodura newtoniana,Prionodura newtoniana,21,23,17,20,
Sericulus aureus,Sericulus aureus,21,22,21,23,
Sericulus ardens,Sericulus ardens,21,22,21,23,
Sericulus bakeri,Sericulus bakeri,,,,,
Sericulus chrysocephalus,Sericulus chrysocephalus,17,21,17,,
Ptilonorhynchus violaceus,Ptilonorhynchus violaceus,21,22,17,21,
Chlamydera guttata,Chlamydera guttata,,,,,
Chlamydera nuchalis,Chlamydera nuchalis,21,,14,21,
Chlamydera maculata,Chlamydera maculata,,,14,21,
Chlamydera lauterbachi,Chlamydera lauterbachi,,,,,
Chlamydera cerviniventris,Chlamydera cerviniventris,,,21,,
Cormobates leucophaea,Cormobates leucophaea,22,23,24,26,F
Cormobates placens,Cormobates placens,,,,,
Climacteris erythrops,Climacteris erythrops,18,,25,,F
Climacteris affinis,Climacteris affinis,18,,26,,F
Climacteris rufus,Climacteris rufus,17,,28,,F
Climacteris picumnus,Climacteris picumnus,15,16,21,26,F
Climacteris melanurus,Climacteris melanurus,,,,,F
Sipodotus wallacii,Sipodotus wallacii,,,,,
Chenorhamphus grayi,Chenorhamphus grayi,,,,,
,Chenorhamphus campbelli,,,,,
Malurus cyanocephalus,Malurus cyanocephalus,,,,,
Malurus amabilis,Malurus amabilis,13,14,14,,
Malurus assimilis,Malurus assimilis,,,,,
Malurus lamberti,Malurus lamberti,14,16,10,12,F
Malurus pulcherrimus,Malurus pulcherrimus,14,15,10,12,F
Malurus elegans,Malurus elegans,14,15,11,12,F
Malurus cyaneus,Malurus cyaneus,14,14,10,14,F
Malurus splendens,Malurus splendens,14,15,10,13,F
Malurus coronatus,Malurus coronatus,14,,10,,
Malurus alboscapulatus,Malurus alboscapulatus,11,12,12,13,F
Malurus melanocephalus,Malurus melanocephalus,12,13,11,12,F
Malurus leucopterus,Malurus leucopterus,13,14,10,11,F
Clytomyias insignis,Clytomyias insignis,,,,,
Stipiturus malachurus,Stipiturus malachurus,13,14,11,15,F
Stipiturus mallee,Stipiturus mallee,,,,,F
Stipiturus ruficeps,Stipiturus ruficeps,,,,,
Amytornis barbatus,Amytornis barbatus,,,,,
Amytornis housei,Amytornis housei,,,,,F
Amytornis woodwardi,Amytornis woodwardi,,,,,
Amytornis dorotheae,Amytornis dorotheae,,,,,
Amytornis merrotsyi,Amytornis merrotsyi,,,,,
,Amytornis whitei,,,,,
,Amytornis oweni,,,,,
,Amytornis rowleyi,,,,,
Amytornis striatus,Amytornis striatus,13,19,12,14,F
Amytornis goyderi,Amytornis goyderi,,,,,
Amytornis textilis,Amytornis textilis,15,17,10,14,F
Amytornis modestus,Amytornis modestus,13,15,10,14,B
Amytornis purnelli,Amytornis purnelli,,,,,F
Amytornis ballarae,Amytornis ballarae,,,,,
Myza celebensis,Myza celebensis,,,,,
Myza sarasinorum,Myza sarasinorum,,,,,
Acanthorhynchus tenuirostris,Acanthorhynchus tenuirostris,13,16,12,15,F
Acanthorhynchus superciliosus,Acanthorhynchus superciliosus,,,15,,F
Glycichaera fallax,Glycichaera fallax,,,,,
Melionyx fuscus,Melionyx fuscus,,,,,
Melionyx princeps,Melionyx princeps,,,,,
Melionyx nouhuysi,Melionyx nouhuysi,,,,,
Ptiloprora plumbea,Ptiloprora plumbea,,,,,
Ptiloprora meekiana,Ptiloprora meekiana,,,,,
Ptiloprora erythropleura,Ptiloprora erythropleura,,,,,
Ptiloprora guisei,Ptiloprora guisei,,,,,
Ptiloprora mayri,Ptiloprora mayri,,,,,
Ptiloprora perstriata,Ptiloprora perstriata,,,,,
Ashbyia lovensis,Ashbyia lovensis,,,,,B
Epthianura tricolor,Epthianura tricolor,10,14,9,11,B
Epthianura aurifrons,Epthianura aurifrons,11,12,10,,B
Epthianura crocea,Epthianura crocea,,,11,12,
Epthianura albifrons,Epthianura albifrons,13,14,10,15,B
Stresemannia bougainvillei,Stresemannia bougainvillei,,,,,
Conopophila albogularis,Conopophila albogularis,13,17,10,15,F
Conopophila rufogularis,Conopophila rufogularis,13,15,12,,F
Conopophila whitei,Conopophila whitei,,,,,B
Ramsayornis fasciatus,Ramsayornis fasciatus,,,,,B
Ramsayornis modestus,Ramsayornis modestus,14,16,12,17,F
Melilestes megarhynchus,Melilestes megarhynchus,16,19,14,17,
Timeliopsis fulvigula,Timeliopsis fulvigula,,,,,
Timeliopsis griseigula,Timeliopsis griseigula,,,,,
Melipotes gymnops,Melipotes gymnops,,,,,
Melipotes fumigatus,Melipotes fumigatus,,,,,
Melipotes carolae,Melipotes carolae,,,,,
Melipotes ater,Melipotes ater,,,,,
Macgregoria pulchra,Macgregoria pulchra,,,,,
Gliciphila undulata,Gliciphila undulata,,,,,B
Gliciphila notabilis,Gliciphila notabilis,,,,,
Gliciphila melanops,Gliciphila melanops,13,16,12,13,F
Pycnopygius ixoides,Pycnopygius ixoides,,,,,
Pycnopygius cinereus,Pycnopygius cinereus,,,,,
Pycnopygius stictocephalus,Pycnopygius stictocephalus,,,,,
Certhionyx variegatus,Certhionyx variegatus,,14,12,13,B
Prosthemadera novaeseelandiae,Prosthemadera novaeseelandiae,12,15,11,23,F
Anthornis melanura,Anthornis melanura,,,,,
Anthornis melanocephala,Anthornis melanocephala,13,15.5,14.19,,F
Lichmera lombokia,Lichmera lombokia,,,,,
Sugomel nigrum,Sugomel nigrum,13,16,15,16,"B,F"
Melitograis gilolensis,Melitograis gilolensis,,,,,
Vosea whitemanensis,Vosea whitemanensis,,,,,
Myzomela blasii,Myzomela blasii,,,,,
Myzomela albigula,Myzomela albigula,,,,,
Myzomela cineracea,Myzomela cineracea,,,,,
Myzomela eques,Myzomela eques,,,,,
Myzomela simplex,Myzomela simplex,,,,,
Myzomela rubrotincta,Myzomela rubrotincta,,,,,
Myzomela rubrobrunnea,Myzomela rubrobrunnea,,,,,
Myzomela obscura,Myzomela obscura,,,,,
Myzomela cruentata,Myzomela cruentata,,,,,
Myzomela erythrina,Myzomela erythrina,,,,,
Myzomela nigrita,Myzomela nigrita,,,,,
Myzomela pulchella,Myzomela pulchella,,,,,
Myzomela kuehni,Myzomela kuehni,,,,,
Myzomela prawiradilagae,Myzomela prawiradilagae,,,,,
Myzomela erythrocephala,Myzomela erythrocephala,,,,,
Myzomela dammermani,Myzomela dammermani,,,,,
,Myzomela irianawidodoae,,,,,
Myzomela adolphinae,Myzomela adolphinae,,,,,
Myzomela boiei,Myzomela boiei,,,,,
,Myzomela wahe,,,,,
Myzomela chloroptera,Myzomela chloroptera,,,,,
Myzomela batjanensis,Myzomela batjanensis,,,,,
Myzomela wakoloensis,Myzomela wakoloensis,,,,,
Myzomela sanguinolenta,Myzomela sanguinolenta,11,12,11,12,F
Myzomela caledonica,Myzomela caledonica,,,,,B
Myzomela cardinalis,Myzomela cardinalis,12,14,12,14,F
,Myzomela nigriventris,12,14,12,14,B
Myzomela chermesina,Myzomela chermesina,,,,,
Myzomela rubratra,Myzomela rubratra,12,,13,16,B
Myzomela sclateri,Myzomela sclateri,,,,,
Myzomela pammelaena,Myzomela pammelaena,,,,,
Myzomela lafargei,Myzomela lafargei,,,,,
Myzomela eichhorni,Myzomela eichhorni,,,,,
Myzomela malaitae,Myzomela malaitae,,,,,
Myzomela melanocephala,Myzomela melanocephala,,,,,
Myzomela tristrami,Myzomela tristrami,,,,,
Myzomela jugularis,Myzomela jugularis,,,,,
Myzomela erythromelas,Myzomela erythromelas,,,,,
Myzomela vulnerata,Myzomela vulnerata,,,,,
Myzomela rosenbergii,Myzomela rosenbergii,,,,,
Myzomela longirostris,Myzomela longirostris,,,,,
Philemon meyeri,Philemon meyeri,,,,,
Philemon brassi,Philemon brassi,,,,,
Philemon citreogularis,Philemon citreogularis,13,16,13,15,F
Philemon kisserensis,Philemon kisserensis,,,,,
Philemon inornatus,Philemon inornatus,,,,,
Philemon fuscicapillus,Philemon fuscicapillus,,,,,
Philemon subcorniculatus,Philemon subcorniculatus,,,,,
Philemon moluccensis,Philemon moluccensis,,,,,
Philemon plumigenis,Philemon plumigenis,,,,,
Philemon buceroides,Philemon buceroides,17,19,15,18,
Philemon cockerelli,Philemon cockerelli,,,,,
Philemon eichhorni,Philemon eichhorni,,,,,
Philemon albitorques,Philemon albitorques,,,,,
Philemon argenticeps,Philemon argenticeps,16,,,,F
Philemon corniculatus,Philemon corniculatus,15,19,16,19,F
Philemon diemenensis,Philemon diemenensis,,,,,
Xanthotis polygrammus,Xanthotis polygrammus,,,,,
Xanthotis macleayanus,Xanthotis macleayanus,,,,,F
Xanthotis flaviventer,Xanthotis flaviventer,15,,14,,F
Plectorhyncha lanceolata,Plectorhyncha lanceolata,15,17,15,17,B
Grantiella picta,Grantiella picta,13,15,20,,B
Trichodere cockerelli,Trichodere cockerelli,,,,,
Phylidonyris pyrrhopterus,Phylidonyris pyrrhopterus,13.1,13.5,12,13,F
Phylidonyris novaehollandiae,Phylidonyris novaehollandiae,13,15,12,16.5,F
Phylidonyris niger,Phylidonyris niger,13,15.5,13,16.5,F
Lichmera argentauris,Lichmera argentauris,,,,,
Lichmera indistincta,Lichmera indistincta,12,15,13,17,F
Lichmera incana,Lichmera incana,14,,12,,B
Lichmera alboauricularis,Lichmera alboauricularis,14,,12,,
Lichmera squamata,Lichmera squamata,,,,,
Lichmera deningeri,Lichmera deningeri,,,,,
Lichmera monticola,Lichmera monticola,,,,,
Lichmera flavicans,Lichmera flavicans,,,,,
Lichmera notabilis,Lichmera notabilis,,,,,
Cissomela pectoralis,Cissomela pectoralis,,,,,F
Guadalcanaria inexpectata,Guadalcanaria inexpectata,,,,,
Meliarchus sclateri,Meliarchus sclateri,,,,,
Gymnomyza viridis,Gymnomyza viridis,,,,,
Gymnomyza brunneirostris,Gymnomyza brunneirostris,,,,,
Gymnomyza samoensis,Gymnomyza samoensis,,,,,
Gymnomyza aubryana,Gymnomyza aubryana,,,,,
Foulehaio carunculatus,Foulehaio carunculatus,,,,,
Foulehaio taviunensis,Foulehaio taviunensis,,,,,
Foulehaio procerior,Foulehaio procerior,,,,,
Meliphacator provocator,Meliphacator provocator,,,,,
Nesoptilotis leucotis,Nesoptilotis leucotis,,,,,F
Nesoptilotis flavicollis,Nesoptilotis flavicollis,15,17,16,,F
Entomyzon cyanotis,Entomyzon cyanotis,16,17,23,24,F
Entomyzon albipennis,,,,,,
Melithreptus gularis,Melithreptus gularis,,,,,
Melithreptus laetior,,,,,,
Melithreptus validirostris,Melithreptus validirostris,,,,,B
Melithreptus brevirostris,Melithreptus brevirostris,,,11,15,B
Melithreptus albogularis,Melithreptus albogularis,13,,14,,
Melithreptus lunatus,Melithreptus lunatus,10,14,14,16.5,F
Melithreptus chloropsis,Melithreptus chloropsis,14,14,14,14,F
Melithreptus affinis,Melithreptus affinis,16,21,,,"B,F"
Stomiopera unicolor,Stomiopera unicolor,15,16,13,14,F
Stomiopera flava,Stomiopera flava,,,12,14,F
Meliphaga aruensis,Meliphaga aruensis,,,,,F
Meliphaga notata,Meliphaga notata,14,15,14,15,
Meliphaga lewinii,Meliphaga lewinii,14,15,15,,
Purnella albifrons,Purnella albifrons,12,13,10,12,F
Lichenostomus melanops,Lichenostomus melanops,14,16,10,16,F
Lichenostomus cratitius,Lichenostomus cratitius,13,14,,,
Microptilotis mimikae,Meliphaga mimikae,,,,,
Microptilotis montanus,Meliphaga montana,,,,,
Microptilotis orientalis,Meliphaga orientalis,,,,,
Microptilotis albonotatus,Meliphaga albonotata,,,,,
Microptilotis analogus,Meliphaga analoga,,,,,
Microptilotis vicina,Meliphaga vicina,,,,,
Microptilotis gracilis,Meliphaga gracilis,15,,10,,
Microptilotis imitatrix,Meliphaga imitatrix,15,,10,11,
Microptilotis cinereifrons,Meliphaga cinereifrons,12,14,,,
Microptilotis flavirictus,Meliphaga flavirictus,,,,,
Microptilotis albilineatus,Meliphaga albilineata,,,,,
Microptilotis fordianus,Meliphaga fordiana,,,,,
Microptilotis reticulatus,Meliphaga reticulata,,,,,
Gavicalis versicolor,Gavicalis versicolor,,,,,
Gavicalis fasciogularis,Gavicalis fasciogularis,,,,,
Gavicalis virescens,Gavicalis virescens,12,14,11,16,F
Oreornis chrysogenys,Meliphaga chrysogenys,,,,,
Ptilotula flavescens,Ptilotula flavescens,10,12,14,,
Ptilotula fusca,Ptilotula fusca,11,18,12,19,F
Ptilotula keartlandi,Ptilotula keartlandi,,,,,
Ptilotula plumula,Ptilotula plumula,14,15,,,F
Ptilotula ornata,Ptilotula ornata,12,15,12,14,
Ptilotula penicillata,Ptilotula penicillata,13,15,11,15,F
Caligavis chrysops,Caligavis chrysops,13,17,11,17,F
Caligavis subfrenata,Caligavis subfrenata,,,,,
Caligavis obscura,Caligavis obscura,,,,,
Anthochaera chrysoptera,Anthochaera chrysoptera,12,15,10,18,
Anthochaera lunulata,Anthochaera lunulata,,,,,
Anthochaera carunculata,Anthochaera carunculata,15,21,14,26,"B,F"
Anthochaera paradoxa,Anthochaera paradoxa,12,16,18,21,F
Anthochaera phrygia,Anthochaera phrygia,12,15,13,21,F
Acanthagenys rufogularis,Acanthagenys rufogularis,14,15,14,19,
Bolemoreus frenatus,Bolemoreus frenatus,,,,,
Bolemoreus hindwoodi,Bolemoreus hindwoodi,13,14,9,15,
Melidectes ochromelas,Melidectes ochromelas,,,,,
Melidectes leucostephes,Melidectes leucostephes,,,,,
Melidectes rufocrissalis,Melidectes rufocrissalis,,,,,
Melidectes foersteri,Melidectes foersteri,,,,,
Melidectes belfordi,Melidectes belfordi,,,,,
Melidectes torquatus,Melidectes torquatus,,,,,
Manorina melanophrys,Manorina melanophrys,12,18,10,15,F
Manorina melanocephala,Manorina melanocephala,15,18,13,16,F
Manorina flavigula,Manorina flavigula,15,16,15,16,"B,F"
Manorina melanotis,Manorina melanotis,,,,,B
Dasyornis brachypterus,Dasyornis brachypterus,21,,11,,F
Dasyornis longirostris,Dasyornis longirostris,,,,,
Dasyornis broadbenti,Dasyornis broadbenti,16,21,18,21,F
Pardalotus punctatus,Pardalotus punctatus,16,22,18,25,B
Pardalotus quadragintus,Pardalotus quadragintus,18,23,23,25,B
Pardalotus rubricatus,Pardalotus rubricatus,,,,,B
Pardalotus striatus,Pardalotus striatus,15,23,21,25,B
Pachycare flavogriseum,Pachycare flavogriseum,,,,,
Oreoscopus gutturalis,Oreoscopus gutturalis,,29,21,23,F
Pycnoptilus floccosus,Pycnoptilus floccosus,20,22,14,17,F
Pyrrholaemus brunneus,Pyrrholaemus brunneus,,,13,,F
Pyrrholaemus sagittatus,Pyrrholaemus sagittatus,17,20,15,19,F
Hylacola cauta,Hylacola cauta,,,,,F
Hylacola pyrrhopygia,Hylacola pyrrhopygia,14,16,18,,F
Calamanthus fuliginosus,Calamanthus fuliginosus,,,,,F
Calamanthus campestris,Calamanthus campestris,14,16,18,,F
Calamanthus montanellus,Calamanthus montanellus,,,,,
Smicrornis brevirostris,Smicrornis brevirostris,18,21,17,20,B
Neosericornis citreogularis,Neosericornis citreogularis,17,24,21,,F
Origma robusta,Origma robusta,,,,,
Origma murina,Origma murina,,,,,
Origma solitaria,Origma solitaria,21,27,16,21,
Sericornis humilis,Sericornis humilis,17,,,,
Sericornis frontalis,Sericornis frontalis,17,22,12,15,F
,Sericornis maculatus,15,20,12,14,F
Sericornis keri,Sericornis keri,,,,,F
Sericornis beccarii,Sericornis beccarii,,,,,
Sericornis magnirostra,Sericornis magnirostra,13,,,,
Sericornis nouhuysi,Sericornis nouhuysi,,,,,
Aethomyias spilodera,Aethomyias spilodera,,,,,
Aethomyias nigrorufus,Aethomyias nigrorufus,,,,,
Aethomyias rufescens,Aethomyias rufescens,,,,,
Aethomyias perspicillatus,Aethomyias perspicillatus,,,,,
Aethomyias arfakianus,Aethomyias arfakianus,,,,,
Aethomyias papuensis,Aethomyias papuensis,,,,,
Acanthornis magna,Acanthornis magna,,,,,
Aphelocephala leucopsis,Aphelocephala leucopsis,22,,19,,
Aphelocephala nigricincta,Aphelocephala nigricincta,,,,,
Aphelocephala pectoralis,Aphelocephala pectoralis,,,,,
Acanthiza chrysorrhoa,Acanthiza chrysorrhoa,16,18,17,21,F
Acanthiza cinerea,Acanthiza cinerea,,,,,
Acanthiza murina,Acanthiza murina,,,,,
Acanthiza nana,Acanthiza nana,16,17,,,
Acanthiza lineata,Acanthiza lineata,11,17,18,20,F
Acanthiza apicalis,Acanthiza apicalis,19,21,16,18,
Acanthiza ewingii,Acanthiza ewingii,,,,,F
Acanthiza katherina,Acanthiza katherina,,,,,
Acanthiza pusilla,Acanthiza pusilla,16,20,16,,F
Acanthiza robustirostris,Acanthiza robustirostris,,,,,
Acanthiza iredalei,Acanthiza iredalei,,,,,
Acanthiza uropygialis,Acanthiza uropygialis,19,,18,20,B
Acanthiza inornata,Acanthiza inornata,18,21,17,19,F
Acanthiza reguloides,Acanthiza reguloides,16,21,16,19,F
Gerygone chrysogaster,Gerygone chrysogaster,,,,,
Gerygone mouki,Gerygone mouki,18,19,14,16,B
Gerygone chloronota,Gerygone chloronota,,,,,F
Gerygone palpebrosa,Gerygone palpebrosa,,,,,F
Gerygone magnirostris,Gerygone magnirostris,15,21,13,,F
Gerygone hypoxantha,Gerygone hypoxantha,,,,,
Gerygone inornata,Gerygone inornata,,,,,
Gerygone dorsalis,Gerygone dorsalis,,,,,
Gerygone olivacea,Gerygone olivacea,18,,15,17,
Gerygone sulphurea,Gerygone sulphurea,,,14,15,
Gerygone tenebrosa,Gerygone tenebrosa,,,,,
Gerygone flavolateralis,Gerygone flavolateralis,,,,,
Gerygone citrina,Gerygone citrina,,,,,
Gerygone levigaster,Gerygone levigaster,14,17,14,17,
Gerygone fusca,Gerygone fusca,10,12,10,15,
Gerygone ruficollis,Gerygone ruficollis,,,,,
Gerygone insularis,Gerygone insularis,,,,,
Gerygone modesta,Gerygone modesta,,,,,B
Gerygone igata,Gerygone igata,19.5,,17,19,F
Gerygone albofrontata,Gerygone albofrontata,17,21,19,23,F
Garritornis isidorei,Garritornis isidorei,,,,,
Pomatostomus temporalis,Pomatostomus temporalis,21,25,17,23,F
Pomatostomus halli,Pomatostomus halli,10,,,,
Pomatostomus superciliosus,Pomatostomus superciliosus,19,20,16,17,F
Pomatostomus ruficeps,Pomatostomus ruficeps,,,,,
Orthonyx novaeguineae,Orthonyx novaeguineae,,,,,
Orthonyx temminckii,Orthonyx temminckii,21,25,18,19,F
Orthonyx spaldingii,Orthonyx spaldingii,25,,22,27,F
Cnemophilus loriae,Cnemophilus loriae,25,,,,
Cnemophilus macgregorii,Cnemophilus macgregorii,19,26,30,,
Cnemophilus sanguineus,,26,,30,,
Loboparadisea sericea,Loboparadisea sericea,,,,,
Melanocharis arfakiana,Melanocharis arfakiana,,,,,
Melanocharis longicauda,Melanocharis longicauda,,,,,
Melanocharis nigra,Melanocharis nigra,,,,,
Melanocharis versteri,Melanocharis versteri,,,,,
Melanocharis striativentris,Melanocharis striativentris,,,,,
Melanocharis citreola,Melanocharis citreola,,,,,
Rhamphocharis crassirostris,Melanocharis crassirostris,,,,,
Rhamphocharis piperata,Melanocharis piperata,,,,,
Oedistoma iliolophus,Oedistoma iliolophus,,,,,
Oedistoma pygmaeum,Oedistoma pygmaeum,,,,,
Toxorhamphus novaeguineae,Toxorhamphus novaeguineae,,,,,
Toxorhamphus poliopterus,Toxorhamphus poliopterus,,,,,
Oreocharis arfaki,Oreocharis arfaki,,,,,B
Paramythia olivacea,Paramythia olivacea,,,,,F
Paramythia montium,Paramythia montium,12,,,,F
Callaeas wilsoni,Callaeas wilsoni,16,21,27,42,F
Callaeas cinereus,Callaeas cinereus,18,,27,42,F
Philesturnus rufusater,Philesturnus rufusater,18,,23,27,F
Philesturnus carunculatus,Philesturnus carunculatus,18,20,23,27,F
Heteralocha acutirostris,Heteralocha acutirostris,,,,,
Notiomystis cincta,Notiomystis cincta,13,19,26,32,F
Androphobus viridis,Androphobus viridis,,,,,
Psophodes olivaceus,Psophodes olivaceus,16,18,10,13,F
Psophodes nigrogularis,Psophodes nigrogularis,21,21,10,12,B
Psophodes cristatus,Psophodes cristatus,14,17,,,B
Psophodes occidentalis,Psophodes occidentalis,17,,,,
Ptilorrhoa leucosticta,Ptilorrhoa leucosticta,,,,,
Ptilorrhoa caerulescens,Ptilorrhoa caerulescens,,,,,
Ptilorrhoa geislerorum,Ptilorrhoa geislerorum,,,,,
Ptilorrhoa castanonota,Ptilorrhoa castanonota,,,,,
Cinclosoma punctatum,Cinclosoma punctatum,14,,14,,F
Cinclosoma castanotum,Cinclosoma castanotum,10,,12,,
,Cinclosoma clarum,10,,12,,F
Cinclosoma cinnamomeum,Cinclosoma cinnamomeum,,,,,
Cinclosoma alisteri,Cinclosoma alisteri,,,,,F
Cinclosoma castaneothorax,Cinclosoma castaneothorax,,,,,B
Cinclosoma marginatum,Cinclosoma marginatum,,,,,B
Cinclosoma ajax,Cinclosoma ajax,,,,,
Batis diops,Batis diops,,,,,
Batis margaritae,Batis margaritae,,,,,
Batis mixta,Batis mixta,,,15,,
Batis reichenowi,,,,,,
Batis crypta,Batis crypta,,,,,
Batis dimorpha,Batis dimorpha,,,,,
Batis capensis,Batis capensis,17,21,16,,
Batis fratrum,Batis fratrum,,,,,
Batis molitor,Batis molitor,16,18,17,,
Batis senegalensis,Batis senegalensis,15,,18,,
Batis orientalis,Batis orientalis,,,,,
Batis soror,Batis soror,,,,,
Batis pririt,Batis pririt,17,,17,,
Batis minor,Batis minor,,,,,
Batis erlangeri,Batis erlangeri,,,,,
Batis perkeo,Batis perkeo,,,,,
Batis minulla,Batis minulla,,,,,
Batis minima,Batis minima,,,,,
Batis ituriensis,Batis ituriensis,,,,,
Batis occulta,Batis occulta,,,,,F
Batis poensis,Batis poensis,,,,,
Lanioturdus torquatus,Lanioturdus torquatus,15,,19,21,F
Dyaphorophyia hormophora,Dyaphorophyia hormophora,17,,14,16,B
Dyaphorophyia castanea,Dyaphorophyia castanea,17,,14,16,B
Dyaphorophyia tonsa,Dyaphorophyia tonsa,,,,,
Platysteira laticincta,Platysteira laticincta,15,17,,,
Platysteira peltata,Platysteira peltata,16,18,14,16,
Platysteira albifrons,Platysteira albifrons,,,,,
Platysteira cyanea,Platysteira cyanea,,,,,
Dyaphorophyia concreta,Platysteira concreta,16,,12,13,
Dyaphorophyia ansorgei,,16,,12,13,F
Dyaphorophyia blissetti,Platysteira blissetti,14,,15,,
Dyaphorophyia chalybea,Platysteira chalybea,,,,,
Dyaphorophyia jamesoni,Platysteira jamesoni,,,,,
Malaconotus cruentus,Malaconotus cruentus,,,,,
Malaconotus monteiri,Malaconotus monteiri,,,,,
Malaconotus blanchoti,Malaconotus blanchoti,15,17,20,21,F
Malaconotus lagdeni,Malaconotus lagdeni,,,,,
Malaconotus gladiator,Malaconotus gladiator,,,,,
Malaconotus alius,Malaconotus alius,,,,,
Chlorophoneus kupeensis,Chlorophoneus kupeensis,,,,,
Chlorophoneus multicolor,Chlorophoneus multicolor,,,,,
Chlorophoneus nigrifrons,Chlorophoneus nigrifrons,,,,,B
Chlorophoneus olivaceus,Chlorophoneus olivaceus,18,,16,17,B
Chlorophoneus bocagei,Chlorophoneus bocagei,,,,,
Chlorophoneus sulfureopectus,Chlorophoneus sulfureopectus,13,14,12,14,B
Telophorus viridis,Telophorus viridis,,,,,F
Telophorus dohertyi,Telophorus dohertyi,,,,,
Telophorus zeylonus,Telophorus zeylonus,14,19,14,21,B
Rhodophoneus cruentus,Rhodophoneus cruentus,,,,,
Bocagia minuta,Bocagia minuta,,,,,B
Tchagra australis,Tchagra australis,13,16,15,16,B
Tchagra jamesi,Tchagra jamesi,,,,,B
Tchagra tchagra,Tchagra tchagra,15.5,16,13,15,
Tchagra senegalus,Tchagra senegalus,12,15,14,16,B
Dryoscopus sabini,Dryoscopus sabini,,,,,
Dryoscopus angolensis,Dryoscopus angolensis,,,,,
Dryoscopus senegalensis,Dryoscopus senegalensis,16,,,,F
Dryoscopus cubla,Dryoscopus cubla,13,,18,,F
Dryoscopus gambensis,Dryoscopus gambensis,,,,,
Dryoscopus pringlii,Dryoscopus pringlii,,,,,
Laniarius leucorhynchus,Laniarius leucorhynchus,,,,,F
Laniarius poensis,Laniarius poensis,,,,,
Laniarius holomelas,Laniarius holomelas,,,,,
,Laniarius willardi,,,,,
Laniarius fuelleborni,Laniarius fuelleborni,,,,,B
Laniarius funebris,Laniarius funebris,17,,14,15,B
Laniarius luehderi,Laniarius luehderi,15,,15,,B
Laniarius brauni,Laniarius brauni,,,,,
Laniarius amboimensis,Laniarius amboimensis,,,,,
Laniarius ruficeps,Laniarius ruficeps,,,,,
Laniarius nigerrimus,Laniarius nigerrimus,,,,,
Laniarius aethiopicus,Laniarius aethiopicus,15,,15,,B
,Laniarius major,15,,15,,B
Laniarius sublacteus,Laniarius sublacteus,,,,,
Laniarius ferrugineus,Laniarius ferrugineus,16,17,16,17,B
Laniarius bicolor,Laniarius bicolor,21,13,,,B
Laniarius turatii,Laniarius turatii,,,,,
Laniarius barbarus,Laniarius barbarus,,,,,
Laniarius mufumbiri,Laniarius mufumbiri,,,,,
Laniarius erythrogaster,Laniarius erythrogaster,,,,,
Laniarius atrococcineus,Laniarius atrococcineus,16.5,,18.5,19.5,
Laniarius atroflavus,Laniarius atroflavus,,,,,
Nilaus afer,Nilaus afer,19,,21,22,B
Machaerirhynchus flaviventer,Machaerirhynchus flaviventer,14,,,,B
Machaerirhynchus nigripectus,Machaerirhynchus nigripectus,,,,,
Calicalicus madagascariensis,Calicalicus madagascariensis,16,,16,,B
Calicalicus rufocarpalis,Calicalicus rufocarpalis,,,,,
Vanga curvirostris,Vanga curvirostris,22,24,20,22,B
Oriolia bernieri,Oriolia bernieri,17,,17,,B
Xenopirostris xenopirostris,Xenopirostris xenopirostris,,,,,B
Xenopirostris damii,Xenopirostris damii,,,,,B
Xenopirostris polleni,Xenopirostris polleni,,,,,
Falculea palliata,Falculea palliata,16,18,19,23,B
Artamella viridis,Artamella viridis,19,,22,24,B
Leptopterus chabert,Leptopterus chabert,,,,,B
Cyanolanius comorensis,Cyanolanius comorensis,,,,,
Cyanolanius madagascarinus,Cyanolanius madagascarinus,,,,,
Schetba rufa,Schetba rufa,14,19,12,27,B
Euryceros prevostii,Euryceros prevostii,,,17,,B
Tylas eduardi,Tylas eduardi,16,,15,,B
Hypositta corallirostris,Hypositta corallirostris,,,,,
Newtonia amphichroa,Newtonia amphichroa,,,,,
Newtonia brunneicauda,Newtonia brunneicauda,,,,,
Newtonia archboldi,Newtonia archboldi,,,,,
Newtonia fanovanae,Newtonia fanovanae,,,,,
Pseudobias wardi,Pseudobias wardi,,,,,
Mystacornis crossleyi,Mystacornis crossleyi,,,,,
Prionops plumatus,Prionops plumatus,16,21,17,22,B
Prionops poliolophus,Prionops poliolophus,16,18,22,24,B
Prionops alberti,Prionops alberti,,,,,
Prionops caniceps,Prionops caniceps,,,,,
Prionops rufiventris,Prionops rufiventris,,,,,
Prionops retzii,Prionops retzii,17,,20,,B
Prionops gabela,Prionops gabela,,,,,
Prionops scopifrons,Prionops scopifrons,,,,,B
Hemipus picatus,Hemipus picatus,,,,,B
Hemipus hirundinaceus,Hemipus hirundinaceus,,,,,
Tephrodornis virgatus,Tephrodornis virgatus,,,,,
Tephrodornis sylvicola,Tephrodornis sylvicola,15,16,17,,
Tephrodornis pondicerianus,Tephrodornis pondicerianus,,,,,B
Tephrodornis affinis,Tephrodornis affinis,,,,,
Philentoma pyrhoptera,Philentoma pyrhoptera,,,,,
Philentoma velata,Philentoma velata,,,,,
Megabyas flammulatus,Megabyas flammulatus,16,,,,
Bias musicus,Bias musicus,18,19,22,27,
Pityriasis gymnocephala,Pityriasis gymnocephala,,,,,
Artamus fuscus,Artamus fuscus,,,,,
Artamus leucoryn,Artamus leucorynchus,,,,,B
Artamus mentalis,Artamus mentalis,,,,,B
Artamus monachus,Artamus monachus,,,,,
Artamus maximus,Artamus maximus,,,,,
Artamus insignis,Artamus insignis,,,,,
Artamus personatus,Artamus personatus,12,,12,13,B
Artamus superciliosus,Artamus superciliosus,12,16,13,16,B
Artamus cinereus,Artamus cinereus,13,17,18,,B
Artamus cyanopterus,Artamus cyanopterus,14,15,16,19,B
Artamus minor,Artamus minor,,16,16,20,
Peltops blainvillii,Peltops blainvillii,,,,,
Peltops montanus,Peltops montanus,,,,,
Melloria quoyi,Melloria quoyi,,,,,
Gymnorhina tibicen,Gymnorhina tibicen,21,,30,,F
Cracticus torquatus,Cracticus torquatus,21,,25,26,F
Cracticus argenteus,Cracticus argenteus,,,,,
Cracticus mentalis,Cracticus mentalis,21,,14,,F
Cracticus nigrogularis,Cracticus nigrogularis,19,21,30,,F
Cracticus cassicus,Cracticus cassicus,,,,,
Cracticus louisiadensis,Cracticus louisiadensis,,,,,
Strepera graculina,Strepera graculina,21,,31,33,F
Strepera fuliginosa,Strepera fuliginosa,,,,,
Strepera versicolor,Strepera versicolor,23,,32,,F
Rhagologus leucostigma,Rhagologus leucostigma,,,,,
Aegithina tiphia,Aegithina tiphia,,14,,,B
Aegithina nigrolutea,Aegithina nigrolutea,,,,,
Aegithina viridissima,Aegithina viridissima,,,,,
Aegithina lafresnayei,Aegithina lafresnayei,,,,,
Pericrocotus erythropygius,Pericrocotus erythropygius,16,,,,F
Pericrocotus albifrons,Pericrocotus albifrons,,,,,
Pericrocotus igneus,Pericrocotus igneus,,,,,
Pericrocotus cinnamomeus,Pericrocotus cinnamomeus,,,,,F
Pericrocotus solaris,Pericrocotus solaris,,,,,
Pericrocotus montanus,,,,,,
Pericrocotus miniatus,Pericrocotus miniatus,,,,,
Pericrocotus brevirostris,Pericrocotus brevirostris,,,,,
Pericrocotus lansbergei,Pericrocotus lansbergei,,,,,
Pericrocotus ethologus,Pericrocotus ethologus,,,,,
Pericrocotus flammeus,Pericrocotus flammeus,,,,,F
,Pericrocotus speciosus,,,,,F
Pericrocotus divaricatus,Pericrocotus divaricatus,17,18,,,
Pericrocotus tegimae,Pericrocotus tegimae,,,,,
Pericrocotus cantonensis,Pericrocotus cantonensis,,,,,
Pericrocotus roseus,Pericrocotus roseus,,,,,
Ceblepyris cinereus,Ceblepyris cinereus,,,,,B
Ceblepyris cucullatus,Ceblepyris cucullatus,,,,,
Ceblepyris graueri,Ceblepyris graueri,,,,,
Ceblepyris pectoralis,Ceblepyris pectoralis,23,,24,30,B
Ceblepyris caesius,Ceblepyris caesius,,,,,B
Coracina caeruleogrisea,Coracina caeruleogrisea,,,,,
Coracina longicauda,Coracina longicauda,,,,,
Coracina temminckii,Coracina temminckii,,,,,
Coracina bicolor,Coracina bicolor,,,,,
Coracina maxima,Coracina maxima,,,29,,
Coracina lineata,Coracina lineata,,,,,B
Coracina novaehollandiae,Coracina novaehollandiae,,,22,26,B
Coracina boyeri,Coracina boyeri,,,,,
Coracina fortis,Coracina fortis,,,,,
Coracina personata,Coracina personata,,,,,
Coracina welchmani,Coracina welchmani,,,,,
Coracina caledonica,Coracina caledonica,,,,,
Coracina striata,Coracina striata,,,,,
,Coracina mindorensis,,,,,
Coracina panayensis,Coracina panayensis,,,,,
,Coracina kochii,,,,,
,Coracina guillemardi,,,,,
Coracina macei,Coracina macei,,,,,
Coracina javensis,Coracina javensis,,,,,
,Coracina larutensis,,,,,B
Coracina dobsoni,Coracina dobsoni,,,,,
Coracina schistacea,Coracina schistacea,,,,,
Coracina leucopygia,Coracina leucopygia,,,,,
Coracina larvata,Coracina larvata,,,,,
Coracina papuensis,Coracina papuensis,21,22,22,,B
,Coracina ingens,,,,,
Coracina atriceps,Coracina atriceps,,,,,
Coracina parvula,Coracina parvula,,,,,
Campephaga flava,Campephaga flava,20,,20,23,F
Campephaga phoenicea,Campephaga phoenicea,,,,,
Campephaga petiti,Campephaga petiti,,,,,
Campephaga quiscalina,Campephaga quiscalina,20,,22,,F
Lobotos lobatus,Lobotos lobatus,,,,,
Lobotos oriolinus,Lobotos oriolinus,,,,,
Campochaera sloetii,Campochaera sloetii,,,,,
Malindangia mcgregori,Malindangia mcgregori,,,,,
Edolisoma anale,Edolisoma anale,,,,,
Edolisoma coerulescens,Edolisoma coerulescens,,,,,
Edolisoma ostentum,Edolisoma ostentum,,,,,
Edolisoma montanum,Edolisoma montanum,,,,,
Edolisoma dohertyi,Edolisoma dohertyi,,,,,
Edolisoma dispar,Edolisoma dispar,,,,,
,Edolisoma timoriense,,,,,
Edolisoma ceramense,Edolisoma ceramense,,,,,
Edolisoma insperatum,Edolisoma insperatum,,,,,
Edolisoma mindanense,Edolisoma mindanense,,,,,
Edolisoma schisticeps,Edolisoma schisticeps,,,,,
Edolisoma melas,Edolisoma melas,,,,,
Edolisoma holopolium,Edolisoma holopolium,,,,,
Edolisoma pygmaeum,,,,,,
,Edolisoma tricolor,,,,,
Edolisoma salomonis,Edolisoma salomonis,,,,,
,Edolisoma admiralitatis,,,,,
,Edolisoma salvadorii,,,,,
Edolisoma monacha,Edolisoma monacha,,,,,
Edolisoma nesiotis,Edolisoma nesiotis,,,,,
,Edolisoma erythropygium,,,,,
Edolisoma morio,Edolisoma morio,,,,,
Edolisoma meyerii,Edolisoma meyerii,,,,,
,Edolisoma pelingi,,,,,
Edolisoma obiense,Edolisoma obiense,,,,,
Edolisoma sula,Edolisoma sula,,,,,
Edolisoma grayi,Edolisoma grayi,,,,,
Edolisoma incertum,Edolisoma incertum,,,,,
Edolisoma remotum,Edolisoma remotum,,,,,
Edolisoma rostratum,Edolisoma rostratum,,,,,
,Edolisoma amboinense,,,,,
Edolisoma tenuirostre,Edolisoma tenuirostre,22,,27,,F
Celebesica abbotti,Celebesica abbotti,,,,,
Cyanograucalus azureus,Cyanograucalus azureus,,,,,
Lalage maculosa,Lalage maculosa,,,,,
Lalage sharpei,Lalage sharpei,,,,,
Lalage sueurii,Lalage sueurii,,,,,
Lalage leucopyga,Lalage leucopyga,,,,,
Lalage tricolor,Lalage tricolor,14,,12,,B
Lalage aurea,Lalage aurea,,,,,
Lalage atrovirens,Lalage atrovirens,,,,,
Lalage leucoptera,Lalage leucoptera,,,,,
Lalage moesta,Lalage moesta,,,,,
Lalage leucomela,Lalage leucomela,,,,,
Lalage conjuncta,Lalage conjuncta,,,,,
Lalage melanoleuca,Lalage melanoleuca,,,,,
Lalage minor,,,,,,
Lalage nigra,Lalage nigra,,,,,
Lalage leucopygialis,Lalage leucopygialis,,,,,
Lalage melaschistos,Lalage melaschistos,,,,,
Lalage melanoptera,Lalage melanoptera,,,,,B
Lalage polioptera,Lalage polioptera,,,,,
Lalage fimbriata,Lalage fimbriata,,,,,
Lalage typica,Lalage typica,24,25,22,24,B
Lalage newtoni,Lalage newtoni,21,24,20,,
Mohoua ochrocephala,Mohoua ochrocephala,21,,22,,F
Mohoua albicilla,Mohoua albicilla,17,19,16,19,F
Mohoua novaeseelandiae,Mohoua novaeseelandiae,19,,20,,F
Daphoenositta chrysoptera,Daphoenositta chrysoptera,19,20,9,14,F
Daphoenositta papuensis,Daphoenositta papuensis,,,,,
Daphoenositta miranda,Daphoenositta miranda,,,,,
Eulacestoma nigropectus,Eulacestoma nigropectus,,,,,M
Aleadryas rufinucha,Aleadryas rufinucha,,,,,
Ornorectes cristatus,Ornorectes cristatus,,,,,
Oreoica gutturalis,Oreoica gutturalis,,,,,
Falcunculus whitei,Falcunculus whitei,18,20,15,17,F
Falcunculus leucogaster,Falcunculus leucogaster,18,20,,,F
Falcunculus frontatus,Falcunculus frontatus,18,20,15,17,F
Coracornis raveni,Coracornis raveni,,,,,
Coracornis sanghirensis,Coracornis sanghirensis,,,,,
Melanorectes nigrescens,Melanorectes nigrescens,,,,,
Pachycephala olivacea,Pachycephala olivacea,,,,,B
Pachycephala rufogularis,Pachycephala rufogularis,15,,,,B
Pachycephala inornata,Pachycephala inornata,15,,,,B
Pachycephala cinerea,Pachycephala cinerea,,,,,
Pachycephala albiventris,Pachycephala albiventris,,,,,
Pachycephala homeyeri,Pachycephala homeyeri,,,,,
Pachycephala phaionota,Pachycephala phaionota,,,,,
,Pachycephala melanorhyncha,16,17,10,12,F
Pachycephala hyperythra,Pachycephala hyperythra,,,,,
Pachycephala modesta,Pachycephala modesta,,,,,
Pachycephala philippinensis,Pachycephala philippinensis,,,,,
Pachycephala sulfuriventer,Pachycephala sulfuriventer,,,,,
Pachycephala hypoxantha,Pachycephala hypoxantha,,,,,
Pachycephala meyeri,Pachycephala meyeri,,,,,
Pachycephala simplex,Pachycephala simplex,,,,,
Pachycephala griseiceps,,,,,,
Pachycephala orpheus,Pachycephala orpheus,,,,,
Pachycephala par,,,,,,
Pachycephala soror,Pachycephala soror,,,,,
,Pachycephala calliope,,,,,
Pachycephala fulvotincta,,,,,,
Pachycephala teysmanni,Pachycephala teysmanni,,,,,
,Pachycephala macrorhyncha,,,,,
,Pachycephala balim,,,,,
Pachycephala mentalis,Pachycephala mentalis,15,16,10,12,B
Pachycephala pectoralis,Pachycephala pectoralis,15,16,10,12,B
,,15,16,10,12,B
,Pachycephala citreogaster,15,16,10,12,B
Pachycephala orioloides,Pachycephala orioloides,,,,,
,Pachycephala collaris,,,,,
Pachycephala feminina,Pachycephala feminina,,,,,
,Pachycephala chlorura,,,,,
Pachycephala caledonica,Pachycephala caledonica,,,,,B
Pachycephala vitiensis,Pachycephala vitiensis,15,16,10,12,B
,Pachycephala graeffii,,,,,
,Pachycephala ornata,,,,,
,Pachycephala utupuae,,,,,
,Pachycephala vanikorensis,,,,,
Pachycephala jacquinoti,Pachycephala jacquinoti,,,,,
Pachycephala melanura,Pachycephala melanura,,,,,
Pachycephala flavifrons,Pachycephala flavifrons,,,,,
Pachycephala implicata,Pachycephala implicata,,,,,
Pachycephala richardsi,Pachycephala richardsi,,,,,
Pachycephala nudigula,Pachycephala nudigula,,,,,
Pachycephala lorentzi,Pachycephala lorentzi,,,,,
Pachycephala schlegelii,Pachycephala schlegelii,,,,,
Pachycephala aurea,Pachycephala aurea,,,,,
Pachycephala rufiventris,Pachycephala rufiventris,13,16,10,12,B
Pachycephala monacha,Pachycephala monacha,,,,,
Pachycephala leucogastra,Pachycephala leucogastra,,,,,
,Pachycephala sharpei,,,,,
Pachycephala arctitorquis,Pachycephala arctitorquis,,,,,
Pachycephala griseonota,Pachycephala griseonota,,,,,
,,,,,,
Pachycephala lanioides,Pachycephala lanioides,,,,,B
Pachycephala tenebrosa,Pachycephala tenebrosa,,,,,
Pseudorectes incertus,Pseudorectes incertus,,,,,
Pseudorectes ferrugineus,Pseudorectes ferrugineus,,,,,
Colluricincla boweri,Colluricincla boweri,,,,,B
Colluricincla tenebrosa,Colluricincla tenebrosa,,,,,
Colluricincla megarhyncha,Colluricincla megarhyncha,16,19,10,12,B
,Colluricincla fortis,,,,,
,Colluricincla affinis,,,,,
,Colluricincla obscura,,,,,
,Colluricincla discolor,,,,,
,Colluricincla tappenbecki,,,,,
,Colluricincla rufogaster,16,17,10,,B
Colluricincla harmonica,Colluricincla harmonica,15,19,17,18,B
Colluricincla woodwardi,Colluricincla woodwardi,,,,,
Pteruthius xanthochlorus,Pteruthius xanthochlorus,,,,,
Pteruthius melanotis,Pteruthius melanotis,,,,,B
Pteruthius rufiventer,Pteruthius rufiventer,,,,,
Pteruthius aeralatus,Pteruthius aeralatus,,,,,
Pteruthius flaviscapis,Pteruthius flaviscapis,,,,,
,Pteruthius intermedius,,,,,
Pteruthius aenobarbus,Pteruthius aenobarbus,,,,,
Erpornis zantholeuca,Erpornis zantholeuca,,,,,
Cyclarhis gujanensis,Cyclarhis gujanensis,14,,,,B
Cyclarhis nigrirostris,Cyclarhis nigrirostris,,,,,
Vireolanius melitophrys,Vireolanius melitophrys,,,,,
Vireolanius pulchellus,Vireolanius pulchellus,,,,,
Vireolanius eximius,Vireolanius eximius,,,,,
Vireolanius leucotis,Vireolanius leucotis,,,,,B
Vireolanius mikettae,,,,,,
Hylophilus amaurocephalus,Hylophilus amaurocephalus,,,,,
Hylophilus poicilotis,Hylophilus poicilotis,,,,,
Hylophilus olivaceus,Hylophilus olivaceus,,,,,
Hylophilus pectoralis,Hylophilus pectoralis,,,,,B
Hylophilus brunneiceps,Hylophilus brunneiceps,,,,,
Hylophilus thoracicus,Hylophilus thoracicus,,,,,
Hylophilus griseiventris,,,,,,B
Hylophilus flavipes,Hylophilus flavipes,,,,,
Hylophilus viridiflavus,,,,,,
Hylophilus insularis,,,,,,
Hylophilus semicinereus,Hylophilus semicinereus,,,,,
Tunchiornis ochraceiceps,Tunchiornis ochraceiceps,15,15,11,14,F
,,,,,,
Tunchiornis luteifrons,,,,,,
Tunchiornis rubrifrons,,,,,,
Pachysylvia decurtata,Pachysylvia decurtata,16,,12,,F
Pachysylvia hypoxantha,Pachysylvia hypoxantha,,,,,
Pachysylvia muscicapina,Pachysylvia muscicapina,,,,,
Pachysylvia aurantiifrons,Pachysylvia aurantiifrons,,,,,
Pachysylvia semibrunnea,Pachysylvia semibrunnea,,,,,
Pachysylvia hypochrysea,Vireo hypochryseus,,,,,
Vireo flavoviridis,Vireo flavoviridis,12,14,,,F
Vireo olivaceus,Vireo olivaceus,11,15,10,12,F
Vireo magister,Vireo magister,,,,,
Vireo altiloquus,Vireo altiloquus,14,14,11,11,F
Vireo chivi,Vireo chivi,10,16,10,13,F
Vireo gracilirostris,Vireo gracilirostris,12,13,,,
Vireo sclateri,Vireo sclateri,,,,,
Vireo philadelphicus,Vireo philadelphicus,11,13,14,,B
Vireo gilvus,Vireo gilvus,10.5,16,10.5,19,B
Vireo leucophrys,Vireo leucophrys,,,,,
Vireo huttoni,Vireo huttoni,14,16,14,17,B
Vireo vicinior,Vireo vicinior,12,14,13,15,B
Vireo flavifrons,Vireo flavifrons,13,16,13,13,B
Vireo carmioli,Vireo carmioli,,,,,B
Vireo masteri,Vireo masteri,13,,13,,
Vireo solitarius,Vireo solitarius,13,15,12,13,B
Vireo cassinii,Vireo cassinii,13.4,13.7,11,15,B
Vireo plumbeus,Vireo plumbeus,13.8,15,13,16,B
Vireo osburni,Vireo osburni,,,,,
Vireo nanus,Vireo nanus,,,,,
Vireo pallens,Vireo pallens,,,,,
Vireo bairdi,Vireo bairdi,14,14,11,12,
Vireo caribaeus,Vireo caribaeus,17,19,9,11,B
Vireo griseus,Vireo griseus,13,15,9,11,B
Vireo crassirostris,Vireo crassirostris,,,,,B
Vireo modestus,Vireo modestus,,,,,
Vireo gundlachii,Vireo gundlachii,,,,,
Vireo bellii,Vireo bellii,14,15,,,B
Vireo latimeri,Vireo latimeri,14,16,,,B
Vireo atricapilla,Vireo atricapilla,13,19,9,12,B
Vireo nelsoni,Vireo nelsoni,,,,,
Vireo brevipennis,Vireo brevipennis,,,,,
Turnagra tanagra,Turnagra tanagra,,,,,
Turnagra capensis,Turnagra capensis,,,,,
Sphecotheres viridis,Sphecotheres viridis,,,,,
Sphecotheres hypoleucus,Sphecotheres hypoleucus,,,,,
Sphecotheres vieilloti,Sphecotheres vieilloti,16,17,14,17,B
Pitohui kirhocephalus,Pitohui kirhocephalus,,,,,
Pitohui cerviniventris,Pitohui cerviniventris,,,,,
Pitohui uropygialis,Pitohui uropygialis,,,,,
Pitohui dichrous,Pitohui dichrous,,,,,
Oriolus isabellae,Oriolus isabellae,,,,,
Oriolus forsteni,Oriolus forsteni,,,,,
Oriolus bouroensis,Oriolus bouroensis,,,,,
Oriolus phaeochromus,Oriolus phaeochromus,,,,,
Oriolus sagittatus,Oriolus sagittatus,16,18,15,17,F
Oriolus melanotis,Oriolus melanotis,,,,,
Oriolus finschi,Oriolus finschi,,,,,
Oriolus decipiens,Oriolus decipiens,,,,,
Oriolus szalayi,Oriolus szalayi,,,,,
Oriolus flavocinctus,Oriolus flavocinctus,,,,,F
Oriolus cruentus,Oriolus cruentus,,,,,
Oriolus consanguineus,Oriolus consanguineus,,,,,
Oriolus hosii,Oriolus hosii,,,,,
Oriolus traillii,Oriolus traillii,,,,,B
Oriolus mellianus,Oriolus mellianus,,,,,
Oriolus xanthornus,Oriolus xanthornus,,,,,B
Oriolus xanthonotus,Oriolus xanthonotus,,,,,B
Oriolus consobrinus,Oriolus consobrinus,,,,,B
Oriolus steerii,Oriolus steerii,,,,,
Oriolus albiloris,Oriolus albiloris,,,,,
Oriolus chlorocephalus,Oriolus chlorocephalus,,,,,
Oriolus brachyrynchus,Oriolus brachyrynchus,,,,,F
Oriolus crassirostris,Oriolus crassirostris,,,,,
Oriolus larvatus,Oriolus larvatus,14,16,14,20,F
Oriolus monacha,Oriolus monacha,,,,,
Oriolus percivali,Oriolus percivali,,,,,
Oriolus nigripennis,Oriolus nigripennis,,,,,
Oriolus auratus,Oriolus auratus,16,17,15,,F
Oriolus kundoo,Oriolus kundoo,14,15,14,15,F
Oriolus oriolus,Oriolus oriolus,13,20,13,20,F
Oriolus chinensis,Oriolus chinensis,14,,,,
Oriolus tenuirostris,Oriolus tenuirostris,,,,,
Dicrurus aeneus,Dicrurus aeneus,13,,,,B
Dicrurus remifer,Dicrurus remifer,,,,,B
Dicrurus annectens,Dicrurus annectens,,,,,F
Dicrurus paradiseus,Dicrurus paradiseus,,,,,B
Dicrurus lophorinus,Dicrurus lophorinus,,,,,
Dicrurus andamanensis,Dicrurus andamanensis,,,,,
Dicrurus sumatranus,Dicrurus sumatranus,,,,,
Dicrurus montanus,Dicrurus montanus,,,,,
Dicrurus bracteatus,Dicrurus bracteatus,19,21,,,B
Dicrurus megarhynchus,Dicrurus megarhynchus,,,,,
Dicrurus hottentottus,Dicrurus hottentottus,,,,,F
Dicrurus menagei,Dicrurus menagei,,,,,
Dicrurus palawanensis,Dicrurus palawanensis,,,,,
Dicrurus balicassius,Dicrurus balicassius,,,,,
Dicrurus striatus,Dicrurus striatus,,,,,
Dicrurus densus,Dicrurus densus,,,,,
Dicrurus leucophaeus,Dicrurus leucophaeus,,,,,B
Dicrurus caerulescens,Dicrurus caerulescens,,,,,B
Dicrurus waldenii,Dicrurus waldenii,19,12,17,22,B
Dicrurus forficatus,Dicrurus forficatus,,,,,B
Dicrurus aldabranus,Dicrurus aldabranus,16,18,15,19,B
Dicrurus fuscipennis,Dicrurus fuscipennis,,,,,
Dicrurus modestus,Dicrurus modestus,,,,,
Dicrurus adsimilis,Dicrurus adsimilis,15,18,17,18,
Dicrurus macrocercus,Dicrurus macrocercus,14,16,16,20,B
Dicrurus ludwigii,Dicrurus ludwigii,,,,,B
Dicrurus atripennis,Dicrurus atripennis,,,,,B
Dicrurus sharpei,Dicrurus sharpei,,,,,B
Rhipidura superciliaris,Rhipidura superciliaris,,,,,
Rhipidura samarensis,Rhipidura samarensis,,,,,
Rhipidura cyaniceps,Rhipidura cyaniceps,,,,,
Rhipidura sauli,Rhipidura sauli,,,,,
Rhipidura albiventris,Rhipidura albiventris,,,,,
Rhipidura albicollis,Rhipidura albicollis,12,13,13,15,B
Rhipidura albogularis,Rhipidura albogularis,12,13,,,B
Rhipidura euryura,Rhipidura euryura,,,,,
Rhipidura aureola,Rhipidura aureola,11,15,10,17,B
Rhipidura javanica,Rhipidura javanica,,,,,
Rhipidura nigritorquis,Rhipidura nigritorquis,,,,,
Rhipidura perlata,Rhipidura perlata,,,,,
Rhipidura leucophrys,Rhipidura leucophrys,12,16,11,17,B
Rhipidura diluta,Rhipidura diluta,,,,,
Rhipidura fuscorufa,Rhipidura fuscorufa,,,,,
Rhipidura rufiventris,Rhipidura rufiventris,,,,,B
Rhipidura tenkatei,,,,,,
Rhipidura hoedti,,,,,,
Rhipidura assimilis,,,,,,
Rhipidura bouruensis,,,,,,
Rhipidura cinerea,,,,,,
Rhipidura obiensis,,,,,,
Rhipidura isura,,,,,,
Rhipidura kordensis,,,,,,
Rhipidura cockerelli,Rhipidura cockerelli,,,,,
Rhipidura coultasi,Rhipidura coultasi,,,,,
Rhipidura threnothorax,Rhipidura threnothorax,,,,,
Rhipidura maculipectus,Rhipidura maculipectus,,,,,
Rhipidura leucothorax,Rhipidura leucothorax,,,,,
Rhipidura atra,Rhipidura atra,,,,,B
Rhipidura hyperythra,Rhipidura hyperythra,,,,,
Rhipidura albolimbata,Rhipidura albolimbata,,,,,B
Rhipidura albiscapa,Rhipidura albiscapa,14,15,10,15,B
Rhipidura fuliginosa,Rhipidura fuliginosa,14,15,10,15,B
Rhipidura phasiana,Rhipidura phasiana,,,,,
Rhipidura drownei,Rhipidura drownei,,,,,
Rhipidura ocularis,Rhipidura ocularis,,,,,
Rhipidura tenebrosa,Rhipidura tenebrosa,,,,,
Rhipidura rennelliana,Rhipidura rennelliana,,,,,
Rhipidura verreauxi,Rhipidura verreauxi,,,,,
Rhipidura spilodera,Rhipidura spilodera,,,,,B
Rhipidura layardi,Rhipidura layardi,,,,,B
Rhipidura rufilateralis,,,,,,
Rhipidura personata,Rhipidura personata,,,,,
Rhipidura nebulosa,Rhipidura nebulosa,,,,,
Rhipidura phoenicura,Rhipidura phoenicura,,,,,
Rhipidura nigrocinnamomea,Rhipidura nigrocinnamomea,,,,,
Rhipidura brachyrhyncha,Rhipidura brachyrhyncha,,,,,
Rhipidura lepida,Rhipidura lepida,,,,,
Rhipidura dedemi,Rhipidura dedemi,,,,,
Rhipidura superflua,Rhipidura superflua,,,,,
Rhipidura teysmanni,Rhipidura teysmanni,,,,,
,Rhipidura habibiei,,,,,
,Rhipidura sulaensis,,,,,
Rhipidura opistherythra,Rhipidura opistherythra,,,,,
Rhipidura rufidorsa,Rhipidura rufidorsa,,,,,
Rhipidura dahli,Rhipidura dahli,,,,,
Rhipidura matthiae,Rhipidura matthiae,,,,,
Rhipidura malaitae,Rhipidura malaitae,,,,,
Rhipidura semirubra,Rhipidura semirubra,,,,,B
Rhipidura dryas,Rhipidura dryas,14,17,11,12,B
,Rhipidura semicollaris,,,,,B
,Rhipidura torrida,,,,,
Rhipidura rufifrons,Rhipidura rufifrons,14,17,11,,B
Rhipidura kubaryi,Rhipidura kubaryi,,,,,
,Rhipidura louisiadensis,,,,,
Rhipidura melanolaema,Rhipidura melanolaema,,,,,
,Rhipidura versicolor,,,,,
,Rhipidura rufofronta,,,,,
Chaetorhynchus papuensis,Chaetorhynchus papuensis,,,,,
Eutrichomyias rowleyi,Eutrichomyias rowleyi,,,,,
Lamprolia klinesmithi,Lamprolia klinesmithi,,,,,
Lamprolia victoriae,Lamprolia victoriae,,,,,
Hypothymis azurea,Hypothymis azurea,14,,10,,B
Hypothymis puella,Hypothymis puella,,,,,
Hypothymis helenae,Hypothymis helenae,,,,,
Hypothymis coelestis,Hypothymis coelestis,,,,,
Trochocercus cyanomelas,Trochocercus cyanomelas,,,,,B
Trochocercus bivittatus,,,,,,B
Trochocercus nitens,Trochocercus nitens,,,12,,B
Terpsiphone bedfordi,Terpsiphone bedfordi,,,,,
Terpsiphone rufocinerea,Terpsiphone rufocinerea,10,,,,B
Terpsiphone rufiventer,Terpsiphone rufiventer,,,,,B
Terpsiphone batesi,Terpsiphone batesi,13,13,10,11,B
Terpsiphone viridis,Terpsiphone viridis,12,15,10,16,B
Terpsiphone paradisi,Terpsiphone paradisi,13,16,9,14,B
Terpsiphone affinis,Terpsiphone affinis,14,18,9,12,B
Terpsiphone floris,Terpsiphone floris,,,,,
Terpsiphone incei,Terpsiphone incei,13,16,9,12,B
Terpsiphone atrocaudata,Terpsiphone atrocaudata,,,,,
Terpsiphone cyanescens,Terpsiphone cyanescens,,,,,
Terpsiphone cinnamomea,Terpsiphone cinnamomea,,,,,
Terpsiphone unirufa,,,,,,
Terpsiphone atrochalybeia,Terpsiphone atrochalybeia,,,,,
Terpsiphone mutata,Terpsiphone mutata,,,10,,B
Terpsiphone corvina,Terpsiphone corvina,17,,14.5,,B
Terpsiphone bourbonnensis,Terpsiphone bourbonnensis,14,16,,,B
Chasiempis sclateri,Chasiempis sclateri,20,,13,17,B
Chasiempis ibidis,Chasiempis ibidis,18,,16,,B
Chasiempis sandwichensis,Chasiempis sandwichensis,14,21,13,20,B
Pomarea dimidiata,Pomarea dimidiata,,,,,
Pomarea nigra,Pomarea nigra,15,17,21,,
Pomarea pomarea,Pomarea maupitiensis,,,,,
Pomarea mendozae,Pomarea mendozae,,,,,
Pomarea mira,Pomarea mira,,,,,
Pomarea nukuhivae,Pomarea nukuhivae,,,,,
Pomarea iphis,Pomarea iphis,,,,,
Pomarea fluxa,Pomarea fluxa,,,,,
Pomarea whitneyi,Pomarea whitneyi,,,,,
Mayrornis schistaceus,Mayrornis schistaceus,,,,,
Mayrornis versicolor,Mayrornis versicolor,,,,,
Mayrornis lessoni,Mayrornis lessoni,,,,,
Neolalage banksiana,Neolalage banksiana,,,,,
Clytorhynchus pachycephaloides,Clytorhynchus pachycephaloides,,,,,
Clytorhynchus vitiensis,Clytorhynchus vitiensis,,,,,
Clytorhynchus nigrogularis,Clytorhynchus nigrogularis,,,,,
Clytorhynchus sanctaecrucis,Clytorhynchus sanctaecrucis,,,,,
Clytorhynchus hamlini,Clytorhynchus hamlini,,,,,
Metabolus rugensis,Metabolus rugensis,,,,,
Symposiachrus axillaris,Symposiachrus axillaris,,,,,
Symposiachrus guttula,Symposiachrus guttula,,,,,
Symposiachrus mundus,Symposiachrus mundus,,,,,
Symposiachrus sacerdotum,Symposiachrus sacerdotum,,,,,
Symposiachrus boanensis,Symposiachrus boanensis,,,,,
,Symposiachrus melanopterus,,,,,
Symposiachrus trivirgatus,Symposiachrus trivirgatus,15,18,17,20,
,Symposiachrus bimaculatus,,,,,
Symposiachrus leucurus,Symposiachrus leucurus,,,,,
Symposiachrus everetti,Symposiachrus everetti,,,,,
Symposiachrus loricatus,Symposiachrus loricatus,,,,,
Symposiachrus julianae,Symposiachrus julianae,,,,,
Symposiachrus brehmii,Symposiachrus brehmii,,,,,
Symposiachrus manadensis,Symposiachrus manadensis,,,,,
Symposiachrus infelix,Symposiachrus infelix,,,,,
Symposiachrus menckei,Symposiachrus menckei,,,,,
Symposiachrus verticalis,Symposiachrus verticalis,,,,,
Symposiachrus ateralbus,,,,,,
Symposiachrus barbatus,Symposiachrus barbatus,,,,,
Symposiachrus malaitae,Symposiachrus malaitae,,,,,
Symposiachrus vidua,Symposiachrus vidua,,,,,
,Symposiachrus nigrotectus,,,,,
Symposiachrus browni,Symposiachrus browni,,,,,
Symposiachrus rubiensis,Symposiachrus rubiensis,,,,,
Monarcha cinerascens,Monarcha cinerascens,,,,,
Monarcha melanopsis,Monarcha melanopsis,13,15,,,B
Monarcha frater,Monarcha frater,,,,,
Monarcha castaneiventris,Monarcha castaneiventris,,,,,
Monarcha megarhynchus,,,,,,
Monarcha ugiensis,,,,,,
Monarcha richardsii,Monarcha richardsii,,,,,
Metabolus godeffroyi,Monarcha godeffroyi,,,,,
Metabolus takatsukasae,Monarcha takatsukasae,,,,,
Carterornis leucotis,Carterornis leucotis,14,,14,,B
Carterornis pileatus,Carterornis pileatus,,,,,
Carterornis castus,Carterornis castus,,,,,
Carterornis chrysomela,Carterornis chrysomela,,,,,
Arses insularis,Arses insularis,,,,,
Arses telescopthalmus,Arses telescopthalmus,,,,,B
Arses lorealis,Arses lorealis,13,,,,B
Arses kaupi,Arses kaupi,,,,,
Grallina cyanoleuca,Grallina cyanoleuca,17,19,19,23,B
Grallina bruijnii,Grallina bruijnii,,,,,
Myiagra oceanica,Myiagra oceanica,,,,,
Myiagra erythrops,Myiagra erythrops,,,,,
Myiagra freycineti,Myiagra freycineti,,,,,
Myiagra pluto,Myiagra pluto,,,,,
Myiagra galeata,Myiagra galeata,,,,,
Myiagra atra,Myiagra atra,,,,,
Myiagra rubecula,Myiagra rubecula,14,16,12,14,B
Myiagra ferrocyanea,Myiagra ferrocyanea,,,,,
Myiagra cervinicauda,Myiagra cervinicauda,,,,,
Myiagra caledonica,Myiagra caledonica,18,,17,19,B
Myiagra vanikorensis,Myiagra vanikorensis,,,,,B
Myiagra albiventris,Myiagra albiventris,,,,,
Myiagra azureocapilla,Myiagra azureocapilla,,,,,B
Myiagra castaneigularis,Myiagra castaneigularis,,,,,B
Myiagra ruficollis,Myiagra ruficollis,,,,,
Myiagra cyanoleuca,Myiagra cyanoleuca,16,,15,,B
Myiagra alecto,Myiagra alecto,12,,,,B
Myiagra hebetior,Myiagra hebetior,,,,,
Myiagra eichhorni,Myiagra eichhorni,,,,,
Myiagra cervinicolor,,,,,,
Myiagra nana,Myiagra nana,,,,,B
Myiagra inquieta,Myiagra inquieta,,,,,B
Platylophus galericulatus,Platylophus galericulatus,,,,,
Eurocephalus ruppelli,Eurocephalus ruppelli,,,,,
Eurocephalus anguitimens,Eurocephalus anguitimens,20,,18,20,F
Lanius corvinus,Corvinella corvina,15,18,18,20,F
Lanius melanoleucus,Urolestes melanoleucus,,,,,
Lanius cabanisi,Lanius cabanisi,13,14,16,18,
Lanius excubitoroides,Lanius excubitoroides,13,15,20,,F
Lanius dorsalis,Lanius dorsalis,,,,,
Lanius excubitor,Lanius excubitor,14,19,14,21,F
Lanius somalicus,Lanius somalicus,,,,,
Lanius ludovicianus,Lanius ludovicianus,15,17,17,20,F
Lanius giganteus,Lanius giganteus,,,,,
Lanius sphenocercus,Lanius sphenocercus,16,19,19,21,F
Lanius meridionalis,Lanius meridionalis,14,18,16,19,F
Lanius borealis,Lanius borealis,17,21,18,20,F
Lanius nubicus,Lanius nubicus,14,16,18,20,F
Lanius newtoni,Lanius newtoni,,,,,
,Lanius humeralis,,,,,
Lanius gubernator,Lanius gubernator,,,,,
Lanius mackinnoni,Lanius mackinnoni,,,,,B
Lanius souzae,Lanius souzae,,,,,
Lanius collaris,Lanius collaris,12,16.5,17,21,F
Lanius minor,Lanius minor,14,16,14,19,F
Lanius senator,Lanius senator,14,16,12,18,F
Lanius collurioides,Lanius collurioides,,,,,
Lanius tigrinus,Lanius tigrinus,15,16,14,,F
Lanius vittatus,Lanius vittatus,14,15,14,15,F
Lanius isabellinus,Lanius isabellinus,13,17,13,16,F
Lanius collurio,Lanius collurio,12,16,11,20,F
Lanius phoenicuroides,Lanius phoenicuroides,13,17,13,16,F
Lanius validirostris,Lanius validirostris,,,,,
Lanius cristatus,Lanius cristatus,12,16,13,16,F
Lanius bucephalus,Lanius bucephalus,13,16,13,15,F
Lanius schach,Lanius schach,13,16,14,17,F
Lanius tephronotus,Lanius tephronotus,,,,,
Platysmurus leucopterus,Platysmurus leucopterus,,,,,
Platysmurus aterrimus,Platysmurus aterrimus,18,22,20,25,
Perisoreus infaustus,Perisoreus infaustus,19,19,21,24,F
Perisoreus internigrans,Perisoreus internigrans,,,,,
Perisoreus canadensis,Perisoreus canadensis,18.5,,22,24,F
Cyanolyca armillata,Cyanolyca armillata,,,,,
Cyanolyca quindiuna,,,,,,
Cyanolyca viridicyanus,Cyanolyca viridicyanus,,,,,
Cyanolyca turcosa,Cyanolyca turcosa,,,,,
Cyanolyca pulchra,Cyanolyca pulchra,,,24,,
Cyanolyca cucullata,Cyanolyca cucullata,,,,,
Cyanolyca pumilo,Cyanolyca pumilo,,,,,
Cyanolyca nanus,Cyanolyca nanus,20,,,,F
Cyanolyca mirabilis,Cyanolyca mirabilis,,,,,
Cyanolyca argentigula,Cyanolyca argentigula,,,,,
Cyanocorax colliei,Cyanocorax colliei,,,,,F
Cyanocorax formosus,Cyanocorax formosus,20,,23,,F
Cyanocorax morio,Cyanocorax morio,18,20,18,22,
Cyanocorax coeruleus,Cyanocorax caeruleus,17,21,18,,
Cyanocorax violaceus,Cyanocorax violaceus,,,,,
Cyanocorax cyanomelas,Cyanocorax cyanomelas,,,,,
Cyanocorax cristatellus,Cyanocorax cristatellus,18,20,24,,F
,,17,,17,22,F
Cyanocorax yncas,Cyanocorax yncas,17,,17,22,F
Cyanocorax mystacalis,Cyanocorax mystacalis,,,,,
Cyanocorax melanocyaneus,Cyanocorax melanocyaneus,,,,,F
Cyanocorax yucatanicus,Cyanocorax yucatanicus,17,,26,,F
Cyanocorax beecheii,Cyanocorax beecheii,18,19,22,25,F
Cyanocorax sanblasianus,Cyanocorax sanblasianus,17,18,18,20,
Cyanocorax dickeyi,Cyanocorax dickeyi,18,19,24,,F
Cyanocorax affinis,Cyanocorax affinis,,,,,
Cyanocorax heilprini,Cyanocorax heilprini,,,,,
Cyanocorax hafferi,,,,,,
Cyanocorax cayanus,Cyanocorax cayanus,,,,,
Cyanocorax chrysops,Cyanocorax chrysops,18,20,22,24,
Cyanocorax cyanopogon,Cyanocorax cyanopogon,17,,,,
Cyanocitta cristata,Cyanocitta cristata,17,18,17,21,F
Cyanocitta stelleri,Cyanocitta stelleri,16,,16,,F
Aphelocoma wollweberi,Aphelocoma wollweberi,18,,24,28,F
Aphelocoma ultramarina,Aphelocoma ultramarina,18,,24,28,F
Aphelocoma unicolor,Aphelocoma unicolor,,,21,26,F
Aphelocoma californica,Aphelocoma californica,16,18,17,24,F
,Aphelocoma woodhouseii,17,19,,,F
,Aphelocoma insularis,18,,,,F
Aphelocoma coerulescens,Aphelocoma coerulescens,16,21,12,25,F
Gymnorhinus cyanocephalus,Gymnorhinus cyanocephalus,17,,21,22,F
Garrulus glandarius,Garrulus glandarius,15,19,19,23,F
Garrulus bispecularis,,,,,,F
Garrulus leucotis,,15,19,,,F
Garrulus lanceolatus,Garrulus lanceolatus,16,,20,,F
Garrulus lidthi,Garrulus lidthi,,,,,
Cyanopica cyanus,Cyanopica cyanus,15,16,16,19,F
Cyanopica cooki,Cyanopica cooki,15,16,14,16,F
Urocissa ornata,Urocissa ornata,,,,,
Urocissa caerulea,Urocissa caerulea,,,,,
Urocissa flavirostris,Urocissa flavirostris,,,,,F
Urocissa erythroryncha,Urocissa erythroryncha,,,,,F
Urocissa whiteheadi,Urocissa whiteheadi,,,,,
Urocissa xanthomelana,,,,,,
Cissa chinensis,Cissa chinensis,,,,,
Cissa hypoleuca,Cissa hypoleuca,18,20,25,,F
Cissa thalassina,Cissa thalassina,,,,,
Cissa jefferyi,Cissa jefferyi,,,,,
Dendrocitta vagabunda,Dendrocitta vagabunda,,,,,
Dendrocitta occipitalis,Dendrocitta occipitalis,,,,,
Dendrocitta cinerascens,Dendrocitta cinerascens,,,,,
Dendrocitta formosae,Dendrocitta formosae,,,,,
Dendrocitta leucogastra,Dendrocitta leucogastra,,,,,
Dendrocitta frontalis,Dendrocitta frontalis,,,,,
Dendrocitta bayleii,Dendrocitta bayleii,,,,,
Crypsirina temia,Crypsirina temia,,,,,
Crypsirina cucullata,Crypsirina cucullata,,,,,
Temnurus temnurus,Temnurus temnurus,,,,,
Pica pica,Pica pica,21,22,24,30,F
Pica mauritanica,Pica mauritanica,,,,,
Pica asirensis,Pica asirensis,,,,,
,Pica bottanensis,21,22,24,30,F
,Pica serica,21,22,24,30,F
Pica hudsonia,Pica hudsonia,18,,24,31,F
Pica nutalli,Pica nuttalli,16,18,30,,F
Zavattariornis stresemanni,Zavattariornis stresemanni,,,,,
Podoces hendersoni,Podoces hendersoni,,,,,
Podoces biddulphi,Podoces biddulphi,,,,,
Podoces panderi,Podoces panderi,16,19,17,18,F
Podoces pleskei,Podoces pleskei,,,15,18,
Nucifraga columbiana,Nucifraga columbiana,18,,20,,B
Nucifraga caryocatactes,Nucifraga caryocatactes,17.5,18.5,23,28,B
Nucifraga hemispila,Nucifraga hemispila,17,17,23,23,B
Nucifraga multipunctata,Nucifraga multipunctata,,,,,B
Pyrrhocorax pyrrhocorax,Pyrrhocorax pyrrhocorax,17,21,35,41,F
Pyrrhocorax graculus,Pyrrhocorax graculus,18,21,29,31,F
Ptilostomus afer,Ptilostomus afer,,,,,
Corvus monedula,Coloeus monedula,17,19,30,33,F
Corvus dauuricus,Coloeus dauuricus,,,,,
Corvus splendens,Corvus splendens,16,17,21,28,F
Corvus moneduloides,Corvus moneduloides,,,,,
Corvus typicus,Corvus typicus,,,,,
Corvus unicolor,Corvus unicolor,,,,,
Corvus enca,Corvus enca,,,,,F
,Corvus celebensis,,,,,F
,Corvus samarensis,,,,,F
,Corvus sierramadrensis,,,,,F
,Corvus pusillus,,,,,
Corvus violaceus,Corvus violaceus,,,,,F
Corvus florensis,Corvus florensis,,,,,
Corvus kubaryi,Corvus kubaryi,21,23,36,39,F
Corvus validus,Corvus validus,,,,,
Corvus woodfordi,Corvus woodfordi,,,,,
Corvus meeki,Corvus meeki,,,,,
Corvus fuscicapillus,Corvus fuscicapillus,,,,,
Corvus tristis,Corvus tristis,,,,,
Corvus capensis,Corvus capensis,18,19,36,39,B
Corvus frugilegus,Corvus frugilegus,16,18,30,36,F
Corvus brachyrhynchos,Corvus brachyrhynchos,16,20,29,43,F
Corvus caurinus,,17,20,32,,F
Corvus imparatus,Corvus imparatus,17,18,,,F
Corvus sinaloae,Corvus sinaloae,,,,,
Corvus ossifragus,Corvus ossifragus,18,19,32,40,F
Corvus palmarum,Corvus palmarum,,,,,
,Corvus minutus,19,22,34,35,
Corvus jamaicensis,Corvus jamaicensis,,,,,
Corvus nasicus,Corvus nasicus,,,,,
Corvus leucognaphalus,Corvus leucognaphalus,,,,,
Corvus hawaiiensis,Corvus hawaiiensis,20,,42,,F
Corvus corone,Corvus corone,17,22,30,34,F
,Corvus cornix,17,20,,,F
Corvus pectoralis,Corvus torquatus,,,,,
Corvus macrorhynchos,Corvus macrorhynchos,17,19,21,28,F
,,,,,,
,,,,,,
,Corvus philippinus,,,,,
Corvus orru,Corvus orru,19,20,38,48,F
Corvus insularis,Corvus insularis,,,,,
Corvus bennetti,Corvus bennetti,16,18,29,31,F
Corvus tasmanicus,Corvus tasmanicus,20,,37,43,F
Corvus mellori,Corvus mellori,19,20,34,39,F
Corvus coronoides,Corvus coronoides,19,21,40,45,F
Corvus albus,Corvus albus,18,19,35,45,B
Corvus ruficollis,Corvus ruficollis,18,23,35,38,F
Corvus edithae,Corvus edithae,,,,,
Corvus corax,Corvus corax,20,25,28,49,F
Corvus cryptoleucus,Corvus cryptoleucus,18,22,37,40,F
Corvus rhipidurus,Corvus rhipidurus,18,20,35,40,
Corvus albicollis,Corvus albicollis,19,21,21,28,F
Corvus crassirostris,Corvus crassirostris,,,,,
Corcorax melanorhamphos,Corcorax melanorhamphos,19,20,24,30,B
Struthidea cinerea,Struthidea cinerea,19,20,18,20,B
Melampitta lugubris,Melampitta lugubris,27,,35,,F
Megalampitta gigantea,Megalampitta gigantea,,,,,
Ifrita kowaldi,Ifrita kowaldi,,,,,
Lycocorax pyrrhopterus,Lycocorax pyrrhopterus,,,,,
Lycocorax obiensis,Lycocorax obiensis,,,,,
Manucodia ater,Manucodia ater,15,17,19,,
,,,,,,
Manucodia jobiensis,Manucodia jobiensis,,,,,
Manucodia chalybatus,Manucodia chalybatus,,,,,
Manucodia comrii,Manucodia comrii,,,,,
Phonygammus keraudrenii,Phonygammus keraudrenii,,,,,B
Paradigalla carunculata,Paradigalla carunculata,,,,,
Paradigalla brevicauda,Paradigalla brevicauda,20,,25,,
Astrapia nigra,Astrapia nigra,,,,,
Astrapia splendidissima,Astrapia splendidissima,,,,,
Astrapia mayeri,Astrapia mayeri,21,,25,29,
Astrapia stephaniae,Astrapia stephaniae,22,,26,27,
Astrapia rothschildi,Astrapia rothschildi,,,,,
Parotia sefilata,Parotia sefilata,,,,,F
Parotia carolae,Parotia carolae,,,,,
Parotia berlepschi,Parotia berlepschi,,,,,
Parotia lawesii,Parotia lawesii,,,,,
,Parotia helenae,,,,,
Parotia wahnesi,Parotia wahnesi,,,,,
Pteridophora alberti,Pteridophora alberti,22,,,,
Lophorina superba,Lophorina superba,18,19,18,,
Lophorina latipennis,Lophorina latipennis,18,19,18,,
Lophorina minor,Lophorina minor,,,,,
Lophorina paradisea,Ptiloris paradiseus,18,19,21,,
Lophorina victoriae,Ptiloris victoriae,18,19,13,15,
Lophorina magnifica,Ptiloris magnificus,,,,,
Lophorina intercedens,Ptiloris intercedens,,,,,
Epimachus fastosus,Epimachus fastosus,,,,,
Epimachus meyeri,Epimachus meyeri,,,,,
Drepanornis albertisi,Drepanornis albertisi,,,,,
Drepanornis bruijnii,Drepanornis bruijnii,,,,,
Cicinnurus magnificus,Diphyllodes magnificus,18,19,17,18,
Cicinnurus respublica,Diphyllodes respublica,,,,,
Cicinnurus regius,Cicinnurus regius,17,,14,,
Semioptera wallacii,Semioptera wallacii,,,,,
Seleucidis melanoleucus,Seleucidis melanoleucus,20,,21,,
Paradisaea apoda,Paradisaea apoda,16,17,18,20,
Paradisaea raggiana,Paradisaea raggiana,18,20,17,20,
Paradisaea minor,Paradisaea minor,18,,18,19,
Paradisaea decora,Paradisaea decora,,,,,
Paradisaea rubra,Paradisaea rubra,14,17,15,20,
Paradisaea guilielmi,Paradisaea guilielmi,,,,,
Paradisornis rudolphi,Paradisornis rudolphi,18,,,,
Amalocichla incerta,Amalocichla incerta,,,,,
Amalocichla sclateriana,Amalocichla sclateriana,,,,,
Pachycephalopsis hattamensis,Pachycephalopsis hattamensis,,,,,
Pachycephalopsis poliosoma,Pachycephalopsis poliosoma,,,,,
Eugerygone rubra,Eugerygone rubra,,,,,
Petroica macrocephala,Petroica macrocephala,14,18,17,21,F
Petroica dannefaerdi,,18,20,40,54,F
Petroica traversi,Petroica traversi,17,19,20,23,F
Petroica longipes,Petroica longipes,18,20,20,22,F
Petroica australis,Petroica australis,17,20,19,22,F
Petroica bivittata,Petroica bivittata,,,,,
Petroica archboldi,Petroica archboldi,,,,,
Petroica multicolor,Petroica multicolor,,,,,F
Petroica goodenovii,Petroica goodenovii,12,16,12,17,F
,Petroica polymorpha,,,,,F
Petroica pusilla,Petroica pusilla,,,,,F
Petroica rosea,Petroica rosea,12,16,,,F
Petroica rodinogaster,Petroica rodinogaster,16,,,,F
Petroica phoenicea,Petroica phoenicea,15,17,15,20,F
Petroica boodang,Petroica boodang,14,18,16,18,F
Devioeca papuana,Devioeca papuana,,,,,
Kempiella flavovirescens,Kempiella flavovirescens,,,,,
Kempiella griseoceps,Kempiella griseoceps,,,,,
Cryptomicroeca flaviventris,Cryptomicroeca flaviventris,,,,,B
Monachella muelleriana,Monachella muelleriana,,,,,
Monachella coultasi,,,,,,
Microeca hemixantha,Microeca hemixantha,,,,,
Microeca flavigaster,Microeca flavigaster,,,,,
Microeca tormenti,,,,,,
Microeca fascinans,Microeca fascinans,16,18,17,20,F
Drymodes beccarii,Drymodes beccarii,,,,,
Drymodes superciliaris,Drymodes superciliaris,,,,,
Drymodes brunneopygia,Drymodes brunneopygia,16,,10,13,B
Heteromyias albispecularis,Heteromyias albispecularis,,,,,
Heteromyias armiti,Heteromyias armiti,,,11,14,
Heteromyias cinereifrons,Heteromyias cinereifrons,17,19,12,14,F
Plesiodryas albonotata,Plesiodryas albonotata,,,,,
Poecilodryas brachyura,Leucophantes brachyurus,,,,,
Poecilodryas hypoleuca,Poecilodryas hypoleuca,,,,,
Poecilodryas superciliosa,Poecilodryas superciliosa,16,,9,,F
Poecilodryas cerviniventris,Poecilodryas cerviniventris,,,,,F
Melanodryas cucullata,Melanodryas cucullata,14,16,12,14,F
Melanodryas vittata,Melanodryas vittata,16,18,14,16,F
Peneothello sigillata,Melanodryas sigillata,,,,,
Peneothello cryptoleuca,Melanodryas cryptoleuca,,,,,
Peneothello cyanus,Melanodryas cyanus,,,,,
Peneothello bimaculata,Melanodryas bimaculata,,,,,
Peneoenanthe pulverulenta,Melanodryas pulverulenta,,,,,F
Gennaeodryas placens,Eopsaltria placens,,,,,
Eopsaltria australis,Eopsaltria australis,15,17,10,14,F
Eopsaltria griseogularis,Eopsaltria griseogularis,15,,,,F
Quoyornis georgianus,Eopsaltria georgiana,14,15,12,14,F
Tregellasia capito,Eopsaltria capito,14,18,15,19,F
Tregellasia leucops,Eopsaltria leucops,,,,,
Picathartes gymnocephalus,Picathartes gymnocephalus,20,20,25,26,
Picathartes oreas,Picathartes oreas,,,,,
Chaetops frenatus,Chaetops frenatus,19,21,18,21,B
Chaetops aurantius,Chaetops aurantius,,,,,B
Eupetes macrocerus,Eupetes macrocerus,,,,,
Bombycilla garrulus,Bombycilla garrulus,13,15,15,17,F
Bombycilla japonica,Bombycilla japonica,15,16,16,16,F
Bombycilla cedrorum,Bombycilla cedrorum,11,13,14,18,F
Phainoptila melanoxantha,Phainoptila melanoxantha,,,,,
Ptiliogonys cinereus,Ptiliogonys cinereus,,,,,
Ptiliogonys caudatus,Ptiliogonys caudatus,16,17,24,25,F
Phainopepla nitens,Phainopepla nitens,14,14,14,20,B
Hypocolius ampelinus,Hypocolius ampelinus,14,14,13,14,B
Dulus dominicus,Dulus dominicus,15,,30,32,
Chaetoptila angustipluma,Chaetoptila angustipluma,,,,,
Moho braccatus,Moho braccatus,,,,,
Moho apicalis,Moho apicalis,,,,,
Moho bishopi,Moho bishopi,,,,,
Moho nobilis,Moho nobilis,,,,,
Hylocitrea bonensis,Hylocitrea bonensis,,,,,
Hylocitrea bonthaina,,,,,,
Chelidorhynx hypoxanthus,Chelidorhynx hypoxanthus,,,,,
Stenostira scita,Stenostira scita,17,18,,,F
Culicicapa ceylonensis,Culicicapa ceylonensis,,,,,
Culicicapa helianthea,Culicicapa helianthea,,,,,
Elminia longicauda,Elminia longicauda,,,14,,
Elminia albicauda,Elminia albicauda,,,,,
Elminia nigromitrata,Elminia nigromitrata,16,,12,13,F
Elminia albiventris,Elminia albiventris,,,,,
Elminia albonotata,Elminia albonotata,15,16,,,F
Cephalopyrus flammiceps,Cephalopyrus flammiceps,,,,,F
Sylviparus modestus,Sylviparus modestus,,,,,
Melanochlora sultanea,Melanochlora sultanea,,,,,
Periparus rufonuchalis,Periparus rufonuchalis,,,,,F
Periparus rubidiventris,Periparus rubidiventris,,,,,
Periparus ater,Periparus ater,14,16,18,22,F
Pardaliparus venustulus,Periparus venustulus,,12,16,17,F
Pardaliparus elegans,Periparus elegans,,,,,
Pardaliparus amabilis,Periparus amabilis,,,,,
Lophophanes cristatus,Lophophanes cristatus,13,18,16,22,F
Lophophanes dichrous,Lophophanes dichrous,,,,,
Baeolophus wollweberi,Baeolophus wollweberi,,,,,
Baeolophus inornatus,Baeolophus inornatus,,16,16,21,F
Baeolophus ridgwayi,Baeolophus ridgwayi,,,,,F
Baeolophus bicolor,Baeolophus bicolor,12,14,15,18,F
Baeolophus atricristatus,Baeolophus atricristatus,,,,,F
Sittiparus varius,Sittiparus varius,12,14,17,21,F
Sittiparus owstoni,Sittiparus owstoni,13,15,16,21,F
Sittiparus olivaceus,Sittiparus olivaceus,,,,,
Sittiparus castaneoventris,Sittiparus castaneoventris,,,,,
Sittiparus semilarvatus,Sittiparus semilarvatus,,,,,
Poecile superciliosus,Poecile superciliosus,,,,,F
Poecile lugubris,Poecile lugubris,12,14,17,22,F
Poecile cinctus,Poecile cinctus,15,18,19,20,F
Poecile rufescens,Poecile rufescens,12,18,18,23,F
Poecile hudsonicus,Poecile hudsonicus,11,16,15,18,F
Poecile sclateri,Poecile sclateri,,,,,
Poecile carolinensis,Poecile carolinensis,12,15,16,19,F
Poecile atricapillus,Poecile atricapillus,11,14,21,28,F
Poecile gambeli,Poecile gambeli,12,14,20,21,F
Poecile davidi,Poecile davidi,,,,,F
Poecile hypermelaenus,Poecile hypermelaenus,,,,,
Poecile palustris,Poecile palustris,13,17,16,20,F
Poecile weigoldicus,Poecile weigoldicus,,,,,
Poecile hyrcanus,Poecile hyrcanus,13,14,,,F
Poecile montanus,Poecile montanus,11,19,16,23,F
Cyanistes teneriffae,Cyanistes teneriffae,,,,,
Cyanistes caeruleus,Cyanistes caeruleus,12,16,16,23,F
Cyanistes cyanus,Cyanistes cyanus,13,14,16,16,F
Pseudopodoces humilis,Pseudopodoces humilis,,,,25,
Parus major,Parus major,12,16,16,22,F
,Parus cinereus,11,23,15,22,F
Parus monticolus,Parus monticolus,,,,,F
Machlolophus nuchalis,Machlolophus nuchalis,,,,,
Machlolophus holsti,Machlolophus holsti,,,,,
Machlolophus xanthogenys,Machlolophus xanthogenys,,,,,
,Machlolophus aplonotus,,,,,
Machlolophus spilonotus,Machlolophus spilonotus,,,,,
Melaniparus guineensis,Melaniparus guineensis,,,,,
Melaniparus leucomelas,Melaniparus leucomelas,,,26,,B
Melaniparus niger,Melaniparus niger,14,15,,24,F
Melaniparus carpi,Melaniparus carpi,,,18,,F
Melaniparus albiventris,Melaniparus albiventris,12,,20,,
Melaniparus leuconotus,Melaniparus leuconotus,,,,,
Melaniparus funereus,Melaniparus funereus,,,,,
Melaniparus rufiventris,Melaniparus rufiventris,,,,,
Melaniparus pallidiventris,,,,,,
Melaniparus fringillinus,Melaniparus fringillinus,,,,,
Melaniparus fasciiventer,Melaniparus fasciiventer,,,,,F
Melaniparus thruppi,Melaniparus thruppi,,,,,
Melaniparus griseiventris,Melaniparus griseiventris,11,,,,
Melaniparus cinerascens,Melaniparus cinerascens,11,13,,22,F
Melaniparus afer,Melaniparus afer,14,,,,
Remiz pendulinus,Remiz pendulinus,13,14,18,26,B
,Remiz macronyx,,,,,F
Remiz coronatus,Remiz coronatus,,,,,F
Remiz consobrinus,Remiz consobrinus,12,15,18,22,B
Anthoscopus punctifrons,Anthoscopus punctifrons,,,,,
Anthoscopus parvulus,Anthoscopus parvulus,,,,,
Anthoscopus musculus,Anthoscopus musculus,,,,,F
Anthoscopus flavifrons,Anthoscopus flavifrons,,,,,
Anthoscopus caroli,Anthoscopus caroli,15,19,22,28,
Anthoscopus sylviella,,15,19,22,28,
Anthoscopus minutus,Anthoscopus minutus,15,,22,24,B
Auriparus flaviceps,Auriparus flaviceps,14,17,17,19,F
Nicator chloris,Nicator chloris,17,18,16,18,F
Nicator gularis,Nicator gularis,,,,,F
Nicator vireo,Nicator vireo,,,,,F
Panurus biarmicus,Panurus biarmicus,10,14,12,16,B
Alaemon alaudipes,Alaemon alaudipes,14,,12,13,B
Alaemon hamertoni,Alaemon hamertoni,,,,,
,Chersomanes beesleyi,,,,,
Chersomanes albofasciata,Chersomanes albofasciata,12,13,8,12,F
Ammomanopsis grayi,Ammomanopsis grayi,12,13,10,,
Certhilauda chuana,Certhilauda chuana,16,,11,,F
,,,,,,
Certhilauda subcoronata,Certhilauda subcoronata,,,,,
Certhilauda semitorquata,Certhilauda semitorquata,,,,,
Certhilauda curvirostris,Certhilauda curvirostris,,,,,
,,,,,,
Pinarocorys nigricans,Pinarocorys nigricans,,,,,
Pinarocorys erythropygia,Pinarocorys erythropygia,,,,,
Ramphocoris clotbey,Ramphocoris clotbey,,,,,F
Ammomanes deserti,Ammomanes deserti,10,14,14,15,F
Ammomanes cinctura,Ammomanes cinctura,12,14,13,15,B
Ammomanes phoenicura,Ammomanes phoenicura,,,,,
Eremopterix australis,Eremopterix australis,8,12,6,11,B
Eremopterix hova,Eremopterix hova,,,,,
Eremopterix nigriceps,Eremopterix nigriceps,11,12,8,,B
Eremopterix leucotis,Eremopterix leucotis,11,,10,12,B
Eremopterix griseus,Eremopterix griseus,,,,,
Eremopterix signatus,Eremopterix signatus,,,,,
Eremopterix verticalis,Eremopterix verticalis,9,13,7,10,B
Eremopterix leucopareia,Eremopterix leucopareia,12,,15,,B
Calendulauda rufa,Calendulauda rufa,,,,,
Calendulauda sabota,Calendulauda sabota,,,,,
Calendulauda poecilosterna,Calendulauda poecilosterna,,,,,
Calendulauda gilletti,Calendulauda gilletti,,,,,
Calendulauda africanoides,Calendulauda africanoides,12,,12,14,
Calendulauda albescens,Calendulauda albescens,,,,,
Calendulauda burra,Calendulauda burra,,,,,
Calendulauda erythrochlamys,Calendulauda erythrochlamys,13,14,12,14,F
Heteromirafra archeri,Heteromirafra archeri,,,,,
Heteromirafra ruddi,Heteromirafra ruddi,14,,,,
Mirafra passerina,Mirafra passerina,,,,,
Mirafra pulpa,Mirafra pulpa,,,,,
Mirafra cordofanica,Mirafra cordofanica,,,,,
Mirafra williamsi,Mirafra williamsi,,,,,
Mirafra javanica,Mirafra javanica,,,,,B
Mirafra cheniana,Mirafra cheniana,,,,,
Mirafra albicauda,Mirafra albicauda,,,,,
Mirafra microptera,Plocealauda microptera,,,,,
Mirafra erythrocephala,Plocealauda erythrocephala,,,,,
Mirafra affinis,Plocealauda affinis,,,,,
Mirafra erythroptera,Plocealauda erythroptera,,,,,B
Mirafra assamica,Plocealauda assamica,,,,,
Mirafra collaris,Amirafra collaris,,,,,
Mirafra angolensis,Amirafra angolensis,,,,,F
Mirafra rufocinnamomea,Amirafra rufocinnamomea,,,11,,
Mirafra apiata,Corypha apiata,,,,,
Mirafra fasciolata,Corypha fasciolata,,,11,,
,Corypha kidepoensis,,,,,
Mirafra hypermetra,Corypha hypermetra,,,,,
,Corypha kurrae,,,,,
Mirafra africana,Corypha africana,,,10,12,F
,Corypha athi,,,,,
,Corypha kabalii,,,,,
,Corypha nigrescens,,,,,
Mirafra sharpii,Corypha sharpii,,,,,
Mirafra somalica,Corypha somalica,,,,,
Lullula arborea,Lullula arborea,12,15,15,16,F
Spizocorys obbiensis,Spizocorys obbiensis,,,,,
Spizocorys sclateri,Spizocorys sclateri,11,13,10,14,B
Spizocorys starki,Spizocorys starki,11,13,10,,B
Spizocorys fremantlii,Spizocorys fremantlii,,,,,
Spizocorys personata,Spizocorys personata,,,,,
Spizocorys fringillaris,Spizocorys fringillaris,,,,,B
Spizocorys conirostris,Spizocorys conirostris,11,13,10,,
Alauda leucoptera,Alauda leucoptera,12,15,10,,F
Alauda razae,Alauda razae,12,,,,F
Alauda gulgula,Alauda gulgula,10,11,9.7,,F
Alauda arvensis,Alauda arvensis,10,13,16,24,F
Galerida deva,Galerida deva,,,,,
Galerida modesta,Galerida modesta,,,,,
Galerida magnirostris,Galerida magnirostris,16,,,,
Galerida theklae,Galerida theklae,12,12,9,15,F
Galerida cristata,Galerida cristata,11,13,9,13,F
Galerida malabarica,Galerida malabarica,,,,,
,,11,13,20,,F
Eremophila alpestris,Eremophila alpestris,11,12,9,12,F
Eremophila bilopha,Eremophila bilopha,13,14,10,12,
Calandrella acutirostris,Calandrella acutirostris,10,11,10,11,
Calandrella dukhunensis,Calandrella dukhunensis,,,,,
Calandrella blanfordi,Calandrella blanfordi,,,,,
Calandrella eremica,Calandrella eremica,,,,,
Calandrella cinerea,Calandrella cinerea,12,15,9,18,F
Calandrella brachydactyla,Calandrella brachydactyla,11,13,12,15,F
Melanocorypha bimaculata,Melanocorypha bimaculata,12,15,9,12,F
Melanocorypha calandra,Melanocorypha calandra,11,13,19,22,F
Melanocorypha yeltoniensis,Melanocorypha yeltoniensis,15,16,9,11,F
Melanocorypha mongolica,Melanocorypha mongolica,15,,,,
Melanocorypha maxima,Melanocorypha maxima,,,,,
Chersophilus duponti,Chersophilus duponti,12,13,8,,F
Eremalauda dunni,Eremalauda dunni,13,16,10,,B
Eremalauda eremodites,Eremalauda eremodites,13,16,10,10,B
Alaudala cheleensis,Alaudala cheleensis,14,,14,,B
Alaudala somalica,Alaudala somalica,,,,,
Alaudala rufescens,Alaudala rufescens,12,14,,15,F
Alaudala heinei,Alaudala heinei,14,,9,,B
Alaudala raytal,Alaudala raytal,,,,,B
Andropadus importunus,Andropadus importunus,12,17,10.5,16,F
Stelgidillas gracilirostris,Stelgidillas gracilirostris,,,,,
Calyptocichla serinus,Calyptocichla serinus,,,,,F
Neolestes torquatus,Neolestes torquatus,,,17,,
Bleda syndactylus,Bleda syndactylus,,,,,F
Bleda eximius,Bleda eximius,,,,,
Bleda canicapillus,Bleda canicapillus,,,,,
Bleda notatus,Bleda notatus,14,,13,14,F
Bleda ugandae,Bleda ugandae,,,,,
Atimastillas flavicollis,Atimastillas flavicollis,,,,,
Atimastillas flavigula,Atimastillas flavigula,,,,,
Ixonotus guttatus,Ixonotus guttatus,,,,,
Thescelocichla leucopleura,Thescelocichla leucopleura,,,,,F
Chlorocichla laetissima,Chlorocichla laetissima,,,,,
Chlorocichla prigoginei,Chlorocichla prigoginei,,,,,
Chlorocichla falkensteini,Chlorocichla falkensteini,,,,,F
Chlorocichla flaviventris,Chlorocichla flaviventris,14,,16,,F
Chlorocichla simplex,Chlorocichla simplex,,,,,F
Baeopogon indicator,Baeopogon indicator,,,,,F
Baeopogon clamans,Baeopogon clamans,,,15,16,
Arizelocichla montana,Arizelocichla montana,,,,,
Arizelocichla tephrolaema,Arizelocichla tephrolaema,,,,,
,,,,,,
Arizelocichla masukuensis,Arizelocichla masukuensis,,,,,
Arizelocichla neumanni,Arizelocichla neumanni,,,,,
Arizelocichla fusciceps,Arizelocichla fusciceps,,,,,F
Arizelocichla chlorigula,Arizelocichla chlorigula,,,,,
,Arizelocichla kikuyuensis,,,,,F
Arizelocichla nigriceps,Arizelocichla nigriceps,,,,,F
Arizelocichla striifacies,Arizelocichla striifacies,,,,,F
Arizelocichla milanjensis,Arizelocichla milanjensis,,,,,F
Criniger barbatus,Criniger barbatus,,,,,
Criniger chloronotus,Criniger chloronotus,14,,,,F
Criniger calurus,Criniger calurus,,,14,,F
Criniger ndussumensis,Criniger ndussumensis,,,,,
Criniger olivaceus,Criniger olivaceus,,,,,
Eurillas virens,Eurillas virens,13,,11,12,F
Eurillas latirostris,Eurillas latirostris,,,12,15,F
Eurillas curvirostris,Eurillas curvirostris,,,,,
Eurillas gracilis,Eurillas gracilis,,,,,F
Eurillas ansorgei,Eurillas ansorgei,,,,,
Phyllastrephus debilis,Phyllastrephus debilis,,,,,
Phyllastrephus albigula,Phyllastrephus albigula,,,,,
Phyllastrephus albigularis,Phyllastrephus albigularis,,,,,F
Phyllastrephus viridiceps,Phyllastrephus viridiceps,,,,,
Phyllastrephus xavieri,Phyllastrephus xavieri,,,,,
Phyllastrephus icterinus,Phyllastrephus icterinus,14,,12,,F
Phyllastrephus terrestris,Phyllastrephus terrestris,13,,,,
Phyllastrephus poensis,Phyllastrephus poensis,,,,,
Phyllastrephus strepitans,Phyllastrephus strepitans,,,,,
Phyllastrephus cerviniventris,Phyllastrephus cerviniventris,,,,,
Phyllastrephus fischeri,Phyllastrephus fischeri,,,,,
Phyllastrephus cabanisi,Phyllastrephus cabanisi,11,12,16,18,B
Pyrrhurus scandens,Phyllastrephus scandens,,,,,F
Phyllastrephus lorenzi,Phyllastrephus lorenzi,,,,,
Phyllastrephus flavostriatus,Phyllastrephus flavostriatus,,,,,F
,,,,,,
Phyllastrephus poliocephalus,Phyllastrephus poliocephalus,,,,,
Phyllastrephus hypochloris,Phyllastrephus hypochloris,,,,,
Phyllastrephus baumanni,Phyllastrephus baumanni,,,,,
Phyllastrephus fulviventris,Phyllastrephus fulviventris,,,,,
Tricholestes criniger,Tricholestes criniger,,,,,
Setornis criniger,Setornis criniger,,,,,
Alophoixus phaeocephalus,Alophoixus phaeocephalus,,,,,
Alophoixus frater,Alophoixus frater,,,,,
Alophoixus tephrogenys,Alophoixus tephrogenys,,,,,
Alophoixus ruficrissus,Alophoixus ruficrissus,,,,,
Alophoixus bres,Alophoixus bres,,,,,
Alophoixus flaveolus,Alophoixus flaveolus,13,,,,
Alophoixus ochraceus,Alophoixus ochraceus,,,,,
Alophoixus pallidus,Alophoixus pallidus,12,14,10,11,F
Alophoixus griseiceps,,,,,,
Alcurus striatus,Alcurus striatus,,,,,
Iole finschii,Iole finschii,,,,,
Iole palawanensis,Iole palawanensis,,,,,
Iole viridescens,Iole viridescens,,,,,
,Iole crypta,,,,,
Iole charlottae,Iole charlottae,,,,,
,Iole cacharensis,,,,,B
Iole propinqua,Iole propinqua,,,,,F
Hemixos flavala,Hemixos flavala,13,14,,,
Hemixos cinereus,Hemixos cinereus,,,,,
Hemixos connectens,,,,,,
Hemixos castanonotus,Hemixos castanonotus,,,,,
Acritillas indica,Acritillas indica,,,,,
Hemixos leucogrammicus,Ixos leucogrammicus,,,,,
Ixos sumatranus,Ixos sumatranus,,,,,
Ixos virescens,Ixos virescens,,,,,
Ixos malaccensis,Ixos malaccensis,,,,,
Ixos mcclellandii,Ixos mcclellandii,,,,,
Ixos nicobariensis,Hypsipetes nicobariensis,,,,,
Hypsipetes philippinus,Hypsipetes philippinus,,,,,
,Hypsipetes mindorensis,,,,,
Hypsipetes siquijorensis,Hypsipetes siquijorensis,,,,,
Hypsipetes affinis,Hypsipetes affinis,,,,,
Hypsipetes platenae,Hypsipetes platenae,,,,,
Hypsipetes aureus,Hypsipetes aureus,,,,,
Hypsipetes harterti,Hypsipetes harterti,,,,,
Hypsipetes longirostris,Hypsipetes longirostris,,,,,
Hypsipetes chloris,Hypsipetes chloris,,,,,
Hypsipetes lucasi,Hypsipetes lucasi,,,,,
Hypsipetes mysticalis,Hypsipetes mysticalis,,,,,
,Hypsipetes guimarasensis,,,,,
Hypsipetes everetti,Hypsipetes everetti,,,,,
Hypsipetes haynaldi,,,,,,
Hypsipetes catarmanensis,Hypsipetes catarmanensis,,,,,
Hypsipetes rufigularis,Hypsipetes rufigularis,,,,,
Hypsipetes amaurotis,Hypsipetes amaurotis,13,14,10,11,
Hypsipetes borbonicus,Hypsipetes borbonicus,,,,,
Hypsipetes madagascariensis,Hypsipetes madagascariensis,,,,,
Hypsipetes olivaceus,Hypsipetes olivaceus,15,16,,,F
Hypsipetes thompsoni,Hypsipetes thompsoni,,,,,
Hypsipetes leucocephalus,Hypsipetes leucocephalus,,,,,F
Hypsipetes ganeesa,Hypsipetes ganeesa,12,13,12,12,
Hypsipetes parvirostris,Hypsipetes parvirostris,,,,,
Hypsipetes moheliensis,Hypsipetes moheliensis,,,,,
Hypsipetes crassirostris,Hypsipetes crassirostris,15,,21,,
Euptilotus eutilotus,Microtarsus eutilotus,,,70,,
Microtarsus melanoleucos,Microtarsus melanoleucos,,,,,
Poliolophus urostictus,Microtarsus urostictus,,,,,
Brachypodius priocephalus,Microtarsus priocephalus,,,,,
Brachypodius atriceps,Microtarsus melanocephalos,,,,,
Brachypodius fuscoflavescens,Microtarsus fuscoflavescens,,,,,
Pycnonotus nieuwenhuisii,Microtarsus nieuwenhuisii,,,,,
Ixidia erythropthalmos,Rubigula erythropthalmos,,,,,
Ixidia cyaniventris,Rubigula cyaniventris,,,,,
Ixidia squamata,Rubigula squamata,,,,,
Rubigula flaviventris,Rubigula flaviventris,,,,,
Rubigula gularis,Rubigula gularis,,,,,
Rubigula melanictera,Rubigula melanictera,,,,,
Rubigula dispar,Rubigula dispar,,,,,
Rubigula montis,Rubigula montis,,,,,
Nok hualon,Nok hualon,,,,,
Spizixos canifrons,Spizixos canifrons,,,,,
Spizixos semitorques,Spizixos semitorques,,,,,
Pycnonotus simplex,Pycnonotus simplex,,,,,
Pycnonotus plumosus,Pycnonotus plumosus,,,,,
Pycnonotus brunneus,Pycnonotus brunneus,,,,,
Pycnonotus zeylanicus,Pycnonotus zeylanicus,,,,,
Pycnonotus tympanistrigus,Pycnonotus tympanistrigus,,,,,
Pycnonotus pseudosimplex,Pycnonotus pseudosimplex,,,,,
Pycnonotus cinereifrons,Pycnonotus cinereifrons,,,,,
Pycnonotus luteolus,Pycnonotus luteolus,11,,9,11,
Pycnonotus blanfordi,Pycnonotus blanfordi,11,12,10,,F
,Pycnonotus conradi,11,12,10,,B
Pycnonotus davisoni,Pycnonotus davisoni,,,,,
Pycnonotus finlaysoni,Pycnonotus finlaysoni,,,,,F
Pycnonotus flavescens,Pycnonotus flavescens,,,,,
Pycnonotus snouckaerti,Pycnonotus snouckaerti,,,,,
Pycnonotus bimaculatus,Pycnonotus bimaculatus,,,,,
Pycnonotus leucops,Pycnonotus leucops,,,,,
Pycnonotus xantholaemus,Pycnonotus xantholaemus,20,,13,,F
Pycnonotus penicillatus,Pycnonotus penicillatus,,,,,
Pycnonotus xanthorrhous,Pycnonotus xanthorrhous,,,,,
Pycnonotus sinensis,Pycnonotus sinensis,,,,,
Pycnonotus taivanus,Pycnonotus taivanus,11,12,9,10,F
Pycnonotus jocosus,Pycnonotus jocosus,12,14,14,47,
Pycnonotus goiavier,Pycnonotus goiavier,12,13,10,14,
Pycnonotus cafer,Pycnonotus cafer,11,14,12,16,F
Pycnonotus aurigaster,Pycnonotus aurigaster,,,,,
Pycnonotus leucotis,Pycnonotus leucotis,10.5,14,9,11,F
Pycnonotus leucogenys,Pycnonotus leucogenys,,,,,F
Pycnonotus xanthopygos,Pycnonotus xanthopygos,13,14,13,15,F
Pycnonotus nigricans,Pycnonotus nigricans,11.5,,12,26,F
Pycnonotus barbatus,Pycnonotus barbatus,12,15,10,17,F
Pycnonotus capensis,Pycnonotus capensis,,,15,,F
Pseudochelidon eurystomina,Pseudochelidon eurystomina,,,,,
Eurochelidon sirintarae,Pseudochelidon sirintarae,,,,,
Psalidoprocne nitens,Psalidoprocne nitens,,,,,
Psalidoprocne albiceps,Psalidoprocne albiceps,,,,,
Psalidoprocne fuliginosa,Psalidoprocne fuliginosa,,,,,
Psalidoprocne pristoptera,Psalidoprocne pristoptera,19,,24,27,F
Psalidoprocne obscura,Psalidoprocne obscura,,,,,
Pseudhirundo griseopyga,Pseudhirundo griseopyga,,,,,
Cheramoeca leucosterna,Cheramoeca leucosterna,,,,,
Phedina borbonica,Phedina borbonica,,,,,F
Neophedina cincta,Neophedina cincta,,,21,24,
Phedinopsis brazzae,Phedinopsis brazzae,,,,,
Riparia paludicola,Riparia paludicola,12,,20,25,B
Riparia cowani,Riparia cowani,,,,,B
Riparia chinensis,Riparia chinensis,,,21,21,F
Riparia congica,Riparia congica,,,,,
Riparia riparia,Riparia riparia,12,16,18.7,22.3,B
Riparia diluta,Riparia diluta,15,25,23,23,B
Tachycineta bicolor,Tachycineta bicolor,11,19,18,22,F
Tachycineta leucorrhoa,Tachycineta leucorrhoa,15,16,21,25,B
Tachycineta meyeni,Tachycineta leucopyga,,,,,
Tachycineta stolzmanni,Tachycineta stolzmanni,16,,26,32,
Tachycineta albilinea,Tachycineta albilinea,17,,23,27,
Tachycineta albiventer,Tachycineta albiventer,,,,,
Tachycineta euchrysea,Tachycineta euchrysea,,,,,
Tachycineta cyaneoviridis,Tachycineta cyaneoviridis,15,17,22,25,F
Tachycineta thalassina,Tachycineta thalassina,14,15,23,24,F
Progne tapera,Progne tapera,14,15,28,,F
Progne murphyi,Progne murphyi,,,,,
Progne modesta,Progne modesta,,,,,
Progne subis,Progne subis,15,18,28,29,F
Progne elegans,Progne elegans,,,,,
Progne chalybea,Progne chalybea,16,18,25,28,F
Progne sinaloae,Progne sinaloae,,,,,
Progne cryptoleuca,Progne cryptoleuca,,,,,
Progne dominicensis,Progne dominicensis,,,,,
Stelgidopteryx serripennis,Stelgidopteryx serripennis,16,18,17,21.5,F
Stelgidopteryx ridgwayi,,,,,,
Stelgidopteryx ruficollis,Stelgidopteryx ruficollis,15,18,18,21,F
Atticora fasciata,Atticora fasciata,,,,,
Atticora pileata,Atticora pileata,,,,,
Atticora tibialis,Atticora tibialis,,,,,
Pygochelidon cyanoleuca,Pygochelidon cyanoleuca,15,,26,27,B
Pygochelidon melanoleuca,Pygochelidon melanoleuca,,,,,
Alopochelidon fucata,Alopochelidon fucata,,,,,
Orochelidon flavipes,Orochelidon flavipes,,,,,B
Orochelidon murina,Orochelidon murina,,,,,
Orochelidon andecola,Orochelidon andecola,,,,,
Ptyonoprogne rupestris,Ptyonoprogne rupestris,13,17,24,27,F
Ptyonoprogne obsoleta,Ptyonoprogne obsoleta,17,,25,30,B
Ptyonoprogne rufigula,Ptyonoprogne rufigula,16.5,18,25,30,B
Ptyonoprogne fuligula,Ptyonoprogne fuligula,16,18,22,29,B
Ptyonoprogne concolor,Ptyonoprogne concolor,,,,,B
Hirundo atrocaerulea,Hirundo atrocaerulea,14,17,20,26,F
Hirundo nigrorufa,Hirundo nigrorufa,,,,,
Hirundo dimidiata,Hirundo dimidiata,16,17,20,23,F
,Hirundo domicola,15,17,17,22,
Hirundo javanica,Hirundo javanica,15,17,17,22,F
Hirundo tahitica,Hirundo tahitica,15,17,17,22,F
Hirundo leucosoma,Hirundo leucosoma,,,,,
Hirundo megaensis,Hirundo megaensis,,,,,
Hirundo neoxena,Hirundo neoxena,14,19,18,23,F
Hirundo rustica,Hirundo rustica,13,16,18,27,F
Hirundo lucida,Hirundo lucida,,,,,
Hirundo aethiopica,Hirundo aethiopica,14,,25,,F
Hirundo angolensis,Hirundo angolensis,17,18,22,27,
Hirundo nigrita,Hirundo nigrita,15,,17,18,F
Hirundo albigularis,Hirundo albigularis,15,16,20,21,
Hirundo smithii,Hirundo smithii,13,19,15,24,F
Atronanus fuliginosus,Atronanus fuliginosus,,,,,
Delichon urbicum,Delichon urbicum,14,16,22,32,B
Delichon lagopodum,Delichon lagopodum,14,16,22,32,
Delichon dasypus,Delichon dasypus,,,,,B
Delichon nipalense,Delichon nipalense,,,,,B
Cecropis cucullata,Cecropis cucullata,16,20,23,30,F
,Cecropis rufula,11,16,20,27,B
Cecropis daurica,Cecropis daurica,,,,,
,Cecropis melanocrissus,11,16,20,27,B
Cecropis hyperythra,Cecropis hyperythra,,,,,B
,Cecropis badia,,,,,
Cecropis abyssinica,Cecropis abyssinica,14,21,17,28,F
Cecropis semirufa,Cecropis semirufa,16,,23,25,F
Cecropis senegalensis,Cecropis senegalensis,,,,,
Petrochelidon rufigula,Petrochelidon rufigula,,,,,
Petrochelidon preussi,Petrochelidon preussi,,,,,
Petrochelidon perdita,Petrochelidon perdita,,,,,
Petrochelidon spilodera,Petrochelidon spilodera,14,16,24,25,B
Petrochelidon fluvicola,Petrochelidon fluvicola,,,,,B
Petrochelidon ariel,Petrochelidon ariel,11,18,14,32,B
Petrochelidon nigricans,Petrochelidon nigricans,,,,,
Petrochelidon pyrrhonota,Petrochelidon pyrrhonota,10,19,20,26,B
Petrochelidon fulva,Petrochelidon fulva,15,16,20,26,B
Petrochelidon rufocollaris,Petrochelidon rufocollaris,15,16,20,22,B
Pnoepyga albiventer,Pnoepyga albiventer,,,,,
Pnoepyga formosana,Pnoepyga formosana,,,,,
Pnoepyga immaculata,Pnoepyga immaculata,,,,,
Pnoepyga pusilla,Pnoepyga pusilla,,,,,
Melocichla mentalis,Melocichla mentalis,,,,,
Sphenoeacus afer,Sphenoeacus afer,14,17,14,16,B
Achaetops pycnopygius,Achaetops pycnopygius,,,,,
Macrosphenus flavicans,Macrosphenus flavicans,,,,,
Macrosphenus kempi,Macrosphenus kempi,,,,,
Macrosphenus concolor,Macrosphenus concolor,,,,,
Macrosphenus pulitzeri,Macrosphenus pulitzeri,,,,,
Macrosphenus kretschmeri,Macrosphenus kretschmeri,,,,,
Sylvietta brachyura,Sylvietta brachyura,,,,,
Sylvietta leucopsis,,,,,,
Sylvietta whytii,Sylvietta whytii,14,,17,,F
Sylvietta philippae,Sylvietta philippae,,,,,
Sylvietta rufescens,Sylvietta rufescens,14,,,,
Sylvietta isabellina,Sylvietta isabellina,,,,,
Sylvietta ruficapilla,Sylvietta ruficapilla,,,,,
Sylvietta virens,Sylvietta virens,,,,,
Sylvietta denti,Sylvietta denti,,,,,
Sylvietta leucophrys,Sylvietta leucophrys,,,,,
Sylvietta chapini,,,,,,
Cryptillas victorini,Cryptillas victorini,21,,,,
Abroscopus superciliaris,Abroscopus superciliaris,,,,,B
Abroscopus albogularis,Abroscopus albogularis,,,,,B
Abroscopus schisticeps,Abroscopus schisticeps,,,,,
Phyllergates cucullatus,Phyllergates cucullatus,,,,,
Phyllergates heterolaemus,Phyllergates heterolaemus,,,,,
Tickellia hodgsoni,Tickellia hodgsoni,,,,,
Horornis seebohmi,Horornis seebohmi,,,,,
Horornis diphone,Horornis diphone,16,,14,,
Horornis canturians,Horornis canturians,,,,,F
Horornis annae,Horornis annae,,,,,
Horornis carolinae,Horornis carolinae,,,,,
Horornis parens,Horornis parens,,,,,
Horornis haddeni,Horornis haddeni,,,,,
Horornis ruficapilla,Horornis ruficapilla,,,,,
Horornis fortipes,Horornis fortipes,,,,,
Horornis brunnescens,Horornis brunnescens,,,,,
Horornis acanthizoides,Horornis acanthizoides,,,,,
Horornis flavolivaceus,Horornis flavolivaceus,,,,,
Tesia cyaniventer,Tesia cyaniventer,,,,,
Tesia olivea,Tesia olivea,,,,,
Tesia everetti,Tesia everetti,,,,,
Tesia superciliaris,Tesia superciliaris,,,,,
Cettia cetti,Cettia cetti,16,17,14,16,F
Cettia major,Cettia major,,,,,
Cettia brunnifrons,Cettia brunnifrons,,,,,
Cettia castaneocoronata,Cettia castaneocoronata,,,,,B
Urosphena squameiceps,Urosphena squameiceps,13,,,,
Urosphena whiteheadi,Urosphena whiteheadi,,,,,
Urosphena subulata,Urosphena subulata,,,,,
Hemitesia pallidipes,Hemitesia pallidipes,,,,,
Hemitesia neumanni,Hemitesia neumanni,,,,,
Scotocerca inquieta,Scotocerca inquieta,13,15,13,15,B
Erythrocercus holochlorus,Erythrocercus holochlorus,,,,,
Erythrocercus mccallii,Erythrocercus mccallii,,,12,,F
Erythrocercus livingstonei,Erythrocercus livingstonei,,,,,
Hylia prasina,Hylia prasina,,,,,
Pholidornis rushiae,Pholidornis rushiae,,,,,
Leptopoecile sophiae,Leptopoecile sophiae,14,17,18,20,B
Leptopoecile elegans,Leptopoecile elegans,,,,,
Psaltriparus minimus,Psaltriparus minimus,12,16,18,,B
Aegithalos caudatus,Aegithalos caudatus,12,18,14,18,F
Aegithalos glaucogularis,Aegithalos glaucogularis,,,,,
Aegithalos leucogenys,Aegithalos leucogenys,,,,,
Psaltria exilis,Aegithalos exilis,,,,,
Aegithalos concinnus,Aegithalos concinnus,14,16,10,,B
Aegithalos iredalei,,14,16,,,B
Aegithalos annamensis,,14,16,15,,B
Aegithalos niveogularis,Aegithalos niveogularis,,,,,
Aegithalos iouschistos,Aegithalos iouschistos,,,,,
Aegithalos bonvaloti,,,,,,
Aegithalos fuliginosus,Aegithalos fuliginosus,,,,,
Phylloscopus sibilatrix,Phylloscopus sibilatrix,12,14,11,13,F
Phylloscopus bonelli,Phylloscopus bonelli,12,13,12,13,F
Phylloscopus orientalis,Phylloscopus orientalis,12,13,,,
Phylloscopus pulcher,Phylloscopus pulcher,,,,,
Phylloscopus maculipennis,Phylloscopus maculipennis,,,,,
Phylloscopus humei,Phylloscopus humei,11,14,11,15,F
Phylloscopus inornatus,Phylloscopus inornatus,11,14,12,13,F
Phylloscopus subviridis,Phylloscopus subviridis,,,,,
Phylloscopus yunnanensis,Phylloscopus yunnanensis,,,,,F
Phylloscopus chloronotus,Phylloscopus chloronotus,,,,,
Phylloscopus forresti,Phylloscopus forresti,,,,,F
Phylloscopus kansuensis,Phylloscopus kansuensis,,,,,
Phylloscopus proregulus,Phylloscopus proregulus,,,,,F
Phylloscopus tytleri,Phylloscopus tytleri,,,,,
Phylloscopus armandii,Phylloscopus armandii,,,,,
Phylloscopus schwarzi,Phylloscopus schwarzi,,,,,
Phylloscopus griseolus,Phylloscopus griseolus,14,17,14,15,
Phylloscopus affinis,Phylloscopus affinis,,,,,B
Phylloscopus fuligiventer,Phylloscopus fuligiventer,,,,,
Phylloscopus fuscatus,Phylloscopus fuscatus,,,,,
Phylloscopus neglectus,Phylloscopus neglectus,,,,,
Phylloscopus subaffinis,Phylloscopus subaffinis,,,,,
Phylloscopus trochilus,Phylloscopus trochilus,12,14,11,15,F
Phylloscopus sindianus,Phylloscopus sindianus,15,15,15,15,F
Phylloscopus canariensis,Phylloscopus canariensis,,,,,
Phylloscopus collybita,Phylloscopus collybita,13,16,14,16,F
Phylloscopus tristis,,12,14,11,15,F
Phylloscopus ibericus,Phylloscopus ibericus,,,,,
Phylloscopus coronatus,Phylloscopus coronatus,,,,,
Phylloscopus ijimae,Phylloscopus ijimae,,,,,
Phylloscopus olivaceus,Phylloscopus olivaceus,,,,,
Phylloscopus cebuensis,Phylloscopus cebuensis,,,,,
Phylloscopus ruficapilla,Phylloscopus ruficapilla,17,,16,,
Phylloscopus umbrovirens,Phylloscopus umbrovirens,,,,,
Phylloscopus laetus,Phylloscopus laetus,,,,,
Phylloscopus laurae,Phylloscopus laurae,,,,,
Phylloscopus herberti,Phylloscopus herberti,,,,,
Phylloscopus budongoensis,Phylloscopus budongoensis,,,,,
Phylloscopus intermedius,Phylloscopus intermedius,,,,,B
Phylloscopus poliogenys,Phylloscopus poliogenys,,,,,B
Phylloscopus burkii,Phylloscopus burkii,,,,,
Phylloscopus tephrocephalus,Phylloscopus tephrocephalus,,,,,
Phylloscopus whistleri,Phylloscopus whistleri,,,,,B
Phylloscopus valentini,Phylloscopus valentini,,,,,
Phylloscopus soror,Phylloscopus soror,,,,,
Phylloscopus omeiensis,Phylloscopus omeiensis,,,,,
Phylloscopus nitidus,Phylloscopus nitidus,14,16,14,16,F
Phylloscopus plumbeitarsus,Phylloscopus plumbeitarsus,,,,,
Phylloscopus trochiloides,Phylloscopus trochiloides,12,13,12,14,F
Phylloscopus emeiensis,Phylloscopus emeiensis,,,,,
Phylloscopus magnirostris,Phylloscopus magnirostris,,,,,
Phylloscopus borealoides,Phylloscopus borealoides,14,,,,
Phylloscopus tenellipes,Phylloscopus tenellipes,12,,10,11,
Phylloscopus xanthodryas,Phylloscopus xanthodryas,12,13,13,14,F
Phylloscopus examinandus,Phylloscopus examinandus,14,14,13,14,F
Phylloscopus borealis,Phylloscopus borealis,11,13,13,14,F
Phylloscopus castaniceps,Phylloscopus castaniceps,,,,,B
Phylloscopus grammiceps,Phylloscopus grammiceps,,,,,
Phylloscopus sumatrensis,,,,,,
Phylloscopus montis,Phylloscopus montis,,,,,
Phylloscopus calciatilis,Phylloscopus calciatilis,,,,,
Phylloscopus ricketti,Phylloscopus ricketti,,,,,
Phylloscopus cantator,Phylloscopus cantator,,,,,B
Phylloscopus occipitalis,Phylloscopus occipitalis,,,,,F
Phylloscopus reguloides,Phylloscopus reguloides,,,,,F
Phylloscopus claudiae,Phylloscopus claudiae,,,,,F
Phylloscopus goodsoni,Phylloscopus goodsoni,,,,,F
Phylloscopus ogilviegranti,Phylloscopus ogilviegranti,,,,,
Phylloscopus hainanus,Phylloscopus hainanus,,,,,
Phylloscopus intensior,Phylloscopus intensior,,,,,
Phylloscopus xanthoschistos,Phylloscopus xanthoschistos,10,11,,,
Phylloscopus trivirgatus,Phylloscopus trivirgatus,,,,,
,Phylloscopus nigrorum,,,,,
,,,,,,
Phylloscopus presbytes,Phylloscopus presbytes,,,,,
Phylloscopus rotiensis,Phylloscopus rotiensis,,,,,
,Phylloscopus makirensis,,,,,
Phylloscopus nesophilus,Phylloscopus nesophilus,,,,,
Phylloscopus sarasinorum,Phylloscopus sarasinorum,,,,,
Phylloscopus amoenus,Phylloscopus amoenus,,,,,
Phylloscopus poliocephalus,Phylloscopus poliocephalus,,,,,
Phylloscopus maforensis,Phylloscopus maforensis,,,,,
Phylloscopus misoriensis,Phylloscopus misoriensis,,,,,
Graueria vittata,Graueria vittata,,,,,
Nesillas typica,Nesillas typica,,,,,
Nesillas lantzii,Nesillas lantzii,,,,,
,,,,,,
Nesillas brevicaudata,Nesillas brevicaudata,,,,,
Nesillas mariae,Nesillas mariae,,,,,
Nesillas aldabrana,Nesillas aldabrana,,,,,
Acrocephalus griseldis,Acrocephalus griseldis,,,,,
Acrocephalus brevipennis,Acrocephalus brevipennis,,,,,B
Acrocephalus rufescens,Acrocephalus rufescens,14,,14,,
Acrocephalus gracilirostris,Acrocephalus gracilirostris,,,,,B
Acrocephalus newtoni,Acrocephalus newtoni,,,,,
Acrocephalus sechellensis,Acrocephalus sechellensis,15,,,,
Acrocephalus rodericanus,Acrocephalus rodericanus,,,14,,B
Acrocephalus arundinaceus,Acrocephalus arundinaceus,13,15,11,15,F
Acrocephalus orientalis,Acrocephalus orientalis,12,14,10,15,
Acrocephalus stentoreus,Acrocephalus stentoreus,13,15,11,13,F
Acrocephalus australis,Acrocephalus australis,13,15,10,13,F
Acrocephalus familiaris,Acrocephalus familiaris,16,,,,B
Acrocephalus luscinius,Acrocephalus luscinius,,,,,
Acrocephalus hiwae,Acrocephalus hiwae,,,12,16,
Acrocephalus nijoi,Acrocephalus nijoi,,,,,
Acrocephalus yamashinae,Acrocephalus yamashinae,,,,,
Acrocephalus astrolabii,Acrocephalus astrolabii,,,,,
Acrocephalus rehsei,Acrocephalus rehsei,,,,,
Acrocephalus syrinx,Acrocephalus syrinx,,,,,
Acrocephalus aequinoctialis,Acrocephalus aequinoctialis,,,,,F
Acrocephalus percernis,Acrocephalus percernis,,,,,
Acrocephalus caffer,Acrocephalus caffer,,,,,
Acrocephalus longirostris,Acrocephalus longirostris,,,,,
Acrocephalus musae,Acrocephalus musae,,,,,
Acrocephalus mendanae,Acrocephalus mendanae,,,,,
Acrocephalus atyphus,Acrocephalus atyphus,,,,,
Acrocephalus kerearako,Acrocephalus kerearako,,,,,
Acrocephalus rimitarae,Acrocephalus rimitarae,,,,,
Acrocephalus taiti,Acrocephalus taiti,15,,,,B
Acrocephalus vaughani,Acrocephalus vaughani,14,,14,29,
Acrocephalus bistrigiceps,Acrocephalus bistrigiceps,13,14,14,15,B
Acrocephalus melanopogon,Acrocephalus melanopogon,13,15,12,12,B
Acrocephalus paludicola,Acrocephalus paludicola,12,15,13,16,F
Acrocephalus schoenobaenus,Acrocephalus schoenobaenus,13,15,10,14,F
Acrocephalus sorghophilus,Acrocephalus sorghophilus,,,,,
Acrocephalus concinens,Acrocephalus concinens,,,,,
Acrocephalus tangorum,Acrocephalus tangorum,,,,,
Acrocephalus orinus,Acrocephalus orinus,,,,,
Acrocephalus agricola,Acrocephalus agricola,12,12,12,12,F
Acrocephalus dumetorum,Acrocephalus dumetorum,11,14,10,12,B
Acrocephalus scirpaceus,Acrocephalus scirpaceus,8,13,9,13,B
Acrocephalus palustris,Acrocephalus palustris,12,14,10,12,B
Arundinax aedon,Arundinax aedon,13,14,14,,F
Iduna natalensis,Iduna natalensis,12,,14,16,
Iduna similis,Iduna similis,,,,,
Iduna caligata,Iduna caligata,12,14,12,14,B
Iduna rama,Iduna rama,12,14,12,14,
Iduna pallida,Iduna pallida,11,13,11,15,F
Iduna opaca,Iduna opaca,11,13,11,15,F
Calamonastides gracilirostris,Calamonastides gracilirostris,,,,,
Calamonastides bensoni,,,,,,
Hippolais languida,Hippolais languida,13,14,14,15,
Hippolais olivetorum,Hippolais olivetorum,13,13,13,13,F
Hippolais polyglotta,Hippolais polyglotta,12,13,11,13,F
Hippolais icterina,Hippolais icterina,12,14,13,15,F
Robsonius rabori,Robsonius rabori,,,,,
Robsonius thompsoni,Robsonius thompsoni,,,,,
Robsonius sorsogonensis,Robsonius sorsogonensis,,,,,
Helopsaltes fasciolatus,Helopsaltes fasciolatus,15,,14,,
Helopsaltes amnicola,Helopsaltes amnicola,15,,14,,
Helopsaltes pryeri,Helopsaltes pryeri,11.3,,13,14,
Helopsaltes certhiola,Helopsaltes certhiola,,12,,,F
Helopsaltes ochotensis,Helopsaltes ochotensis,,,,,
Helopsaltes pleskei,Helopsaltes pleskei,,,,,
Locustella lanceolata,Locustella lanceolata,12,14,12,13.3,F
Locustella alfredi,Locustella alfredi,,,,,
Locustella fluviatilis,Locustella fluviatilis,11,12,14,16,F
Locustella luscinioides,Locustella luscinioides,10,13,11,15,F
Locustella major,Locustella major,,,,,
Locustella luteoventris,Locustella luteoventris,12,13,,,B
Locustella naevia,Locustella naevia,12,15,10,12,B
Locustella tacsanowskia,Locustella tacsanowskia,,,,,F
Locustella accentor,Locustella accentor,,,,,
Locustella caudata,Locustella caudata,,,,,
Locustella castanea,Locustella castanea,,,,,
Locustella musculus,Locustella musculus,,,,,
Locustella portenta,Locustella portenta,,,,,
Locustella disturbans,Locustella disturbans,,,,,
Locustella davidi,Locustella davidi,,,,,F
Locustella kashmirensis,Locustella kashmirensis,,,,,
Locustella thoracica,Locustella thoracica,,,,,
Locustella alishanensis,Locustella alishanensis,,,,,
Locustella mandelli,Locustella mandelli,,,,,
,Locustella idonea,,,,,
Locustella montis,Locustella montis,,,,,
Locustella chengi,Locustella chengi,,,,,
Locustella seebohmi,Locustella seebohmi,,,,,
Poodytes albolimbatus,Poodytes albolimbatus,,,,,
Poodytes carteri,Poodytes carteri,,,,,F
Poodytes rufescens,Poodytes rufescens,,,,,
Poodytes punctatus,Poodytes punctatus,13,16,15,21,B
Poodytes caudatus,,15,19,20,21,B
Poodytes gramineus,Poodytes gramineus,,,,,
Malia grata,Malia grata,,,,,
Cincloramphus cruralis,Cincloramphus cruralis,11,13,10,14,F
Cincloramphus rubiginosus,Cincloramphus rubiginosus,,,,,
Cincloramphus grosvenori,Cincloramphus grosvenori,,,,,
Cincloramphus bivittatus,Cincloramphus bivittatus,,,,,
Cincloramphus mathewsi,Cincloramphus mathewsi,,,,,
Cincloramphus macrurus,Cincloramphus macrurus,,,,,
Cincloramphus timoriensis,Cincloramphus timoriensis,,,,,
Cincloramphus turipavae,Cincloramphus turipavae,,,,,
Cincloramphus whitneyi,Cincloramphus whitneyi,,,,,
Cincloramphus mariae,Cincloramphus mariae,,,,,
Cincloramphus rufus,Cincloramphus rufus,,,,,
Cincloramphus llaneae,Cincloramphus llaneae,,,,,
Elaphrornis palliseri,Elaphrornis palliseri,,,,,F
Schoenicola platyurus,Schoenicola platyurus,,,,,
Schoenicola striatus,Schoenicola striatus,,,,,F
Catriscus brevirostris,Catriscus brevirostris,,,,,
Megalurus palustris,Megalurus palustris,,,,,
Bradypterus sylvaticus,Bradypterus sylvaticus,12,13,12,14,
Bradypterus bangwaensis,Bradypterus bangwaensis,,,,,
Bradypterus barratti,Bradypterus barratti,,,,,
Bradypterus lopezi,Bradypterus lopezi,,,,,
Bradypterus cinnamomeus,Bradypterus cinnamomeus,,,,,
Bradypterus seebohmi,Bradypterus seebohmi,,,,,
Bradypterus brunneus,Bradypterus brunneus,,,,,
Bradypterus grandis,Bradypterus grandis,,,,,
Bradypterus baboecala,Bradypterus baboecala,,,,,
Bradypterus carpalis,Bradypterus carpalis,,,,,
Bradypterus graueri,Bradypterus graueri,,,,,
Bradypterus centralis,Bradypterus centralis,12,14,12,13,
Donacobius atricapilla,Donacobius atricapilla,16,18,17,18,F
Oxylabes madagascariensis,Oxylabes madagascariensis,,,,,
Bernieria madagascariensis,Bernieria madagascariensis,,,,,
Cryptosylvicola randrianasoloi,Cryptosylvicola randrianasoloi,,,,,
Hartertula flavoviridis,Hartertula flavoviridis,,,,,
Thamnornis chloropetoides,Thamnornis chloropetoides,,,,,
Xanthomixis zosterops,Xanthomixis zosterops,,,,,
Xanthomixis apperti,Xanthomixis apperti,,,,,
Xanthomixis cinereiceps,Xanthomixis cinereiceps,,,,,
Crossleyia xanthophrys,Crossleyia xanthophrys,,,,,
Crossleyia tenebrosa,Crossleyia tenebrosa,,,,,
Randia pseudozosterops,Randia pseudozosterops,,,,,
Neomixis tenella,Neomixis tenella,,,,,
Neomixis viridis,Neomixis viridis,,,,,
Neomixis striatigula,Neomixis striatigula,,,,,
Neomixis pallidior,,,,,,
Cisticola erythrops,Cisticola erythrops,12,16,14,16,
Cisticola cantans,Cisticola cantans,12,14,16,,
Cisticola lateralis,Cisticola lateralis,,,,,
Cisticola woosnami,Cisticola woosnami,,,,,
Cisticola anonymus,Cisticola anonymus,13,15,,,F
Cisticola bulliens,Cisticola bulliens,,,,,
Cisticola hunteri,Cisticola hunteri,12,13,17,,
Cisticola chubbi,Cisticola chubbi,,,,,F
Cisticola bakerorum,Cisticola bakerorum,,,,,
Cisticola nigriloris,Cisticola nigriloris,,,,,
Cisticola aberrans,Cisticola aberrans,13,15,13,14,
Cisticola bailunduensis,Cisticola bailunduensis,,,,,
Cisticola chiniana,Cisticola chiniana,13,14,14,,F
Cisticola bodessa,Cisticola bodessa,,,,,
Cisticola njombe,Cisticola njombe,,,,,
Cisticola cinereolus,Cisticola cinereolus,,,,,
Cisticola restrictus,Cisticola restrictus,,,,,
Cisticola rufilatus,Cisticola rufilatus,,,,,F
Cisticola subruficapilla,Cisticola subruficapilla,14,,12,16,F
Cisticola lais,Cisticola lais,,,,,
,Cisticola distinctus,,,,,
Cisticola galactotes,Cisticola galactotes,,,,,
Cisticola marginatus,Cisticola marginatus,12,13,14,17,F
Cisticola haematocephalus,Cisticola haematocephalus,,,,,
Cisticola anderseni,Cisticola anderseni,,,,,
Cisticola lugubris,Cisticola lugubris,,,,,B
Cisticola luapula,Cisticola luapula,12,13,,,
Cisticola pipiens,Cisticola pipiens,14,,16,,B
Cisticola carruthersi,Cisticola carruthersi,,,,,
Cisticola tinniens,Cisticola tinniens,13,14,14,15,F
Cisticola robustus,Cisticola robustus,14,,16,17,
Cisticola aberdare,Cisticola aberdare,,,,,
Cisticola natalensis,Cisticola natalensis,18,,13,16,F
Cisticola ruficeps,Cisticola ruficeps,,,,,
Cisticola guinea,Cisticola guinea,,,,,
Cisticola nana,Cisticola nana,,,,,
Cisticola brachypterus,Cisticola brachypterus,14,,17,,F
Cisticola rufus,Cisticola rufus,,,,,
Cisticola troglodytes,Cisticola troglodytes,,,,,
Cisticola fulvicapilla,Cisticola fulvicapilla,12,15,13,15,F
Cisticola angusticauda,Cisticola angusticauda,,,,,
Cisticola melanurus,Cisticola melanurus,,,,,
Cisticola juncidis,Cisticola juncidis,11,15,11,15,F
Cisticola haesitatus,Cisticola haesitatus,,,,,
Cisticola cherina,Cisticola cherina,,,,,
Cisticola aridulus,Cisticola aridulus,14,,13,18,F
Cisticola textrix,Cisticola textrix,14,,15,16,
Cisticola eximius,Cisticola eximius,,,,,
Cisticola dambo,Cisticola dambo,,,,,
Cisticola brunnescens,Cisticola brunnescens,,,,,B
Cisticola cinnamomeus,Cisticola cinnamomeus,11,13,12,14,
Cisticola ayresii,Cisticola ayresii,11,14,14,15,F
Cisticola exilis,Cisticola exilis,11,,11,13,F
Incana incana,Incana incana,,,,,
Prinia crinigera,Prinia crinigera,10,11,,,B
,Prinia striata,10,11,,,B
Prinia polychroa,Prinia polychroa,,,,,
,Prinia cooki,,,,,
,Prinia rocki,,,,,
Prinia atrogularis,Prinia atrogularis,10,,,,B
Prinia khasiana,Prinia khasiana,11,14,11,14,F
Prinia superciliaris,Prinia superciliaris,11,14,11,14,F
Prinia cinereocapilla,Prinia cinereocapilla,,,,,
Prinia buchanani,Prinia buchanani,,,,,
Prinia rufescens,Prinia rufescens,,,,,B
Prinia hodgsonii,Prinia hodgsonii,10,11,,,B
Prinia gracilis,Prinia gracilis,11,13,12,14,B
,Prinia lepida,11,13,,,
Prinia sylvatica,Prinia sylvatica,12,,,,B
Prinia familiaris,Prinia familiaris,,,,,
Prinia flaviventris,Prinia flaviventris,,,,,B
Prinia sonitans,,11,14,11,12,B
Prinia socialis,Prinia socialis,11,12,,,B
Prinia subflava,Prinia subflava,13,15,13,18,F
Prinia inornata,Prinia inornata,11,12,,,B
Prinia somalica,Prinia somalica,,,,,
Prinia fluviatilis,Prinia fluviatilis,,,,,
Prinia flavicans,Prinia flavicans,12,15,11,15,
Prinia maculosa,Prinia maculosa,12,17,11,15,F
Prinia hypoxantha,Prinia hypoxantha,14,,15,,
Prinia molleri,Prinia molleri,,,,,
Prinia bairdii,Prinia bairdii,12,,,,F
Prinia erythroptera,Prinia erythroptera,,,,,
Prinia rufifrons,Prinia rufifrons,,,,,
Schistolais leucopogon,Schistolais leucopogon,,,,,
Schistolais leontica,Schistolais leontica,,,,,
Phragmacia substriata,Phragmacia substriata,16,,15,,
Oreophilais robertsi,Oreophilais robertsi,,,,,
Micromacronus leytensis,Micromacronus leytensis,,,,,
Micromacronus sordidus,Micromacronus sordidus,,,,,
Urolais epichlorus,Urolais epichlorus,,,,,
Oreolais pulcher,Oreolais pulcher,13,14,15,16,B
Oreolais ruwenzorii,Oreolais ruwenzorii,,,,,
Drymocichla incana,Drymocichla incana,,,,,
Spiloptila clamans,Spiloptila clamans,,,,,
Phyllolais pulchella,Phyllolais pulchella,11,12,16,,
Apalis thoracica,Apalis thoracica,14,17,13,18,F
Apalis flavigularis,Apalis flavigularis,,,,,
Apalis fuscigularis,Apalis fuscigularis,,,,,
Apalis lynesi,Apalis lynesi,,,,,
Apalis ruddi,Apalis ruddi,,,,,
Apalis flavocincta,,12,14,15,17,B
Apalis flavida,Apalis flavida,12,14,15,17,
Apalis binotata,Apalis binotata,,,,,
Apalis personata,Apalis personata,,,,,
Apalis jacksoni,Apalis jacksoni,,,,,
Apalis chariessa,Apalis chariessa,,,,,F
Apalis nigriceps,Apalis nigriceps,,,,,
Apalis melanocephala,Apalis melanocephala,,,,,
Apalis chirindensis,Apalis chirindensis,,,,,
Apalis porphyrolaema,Apalis porphyrolaema,,,,,
Apalis kaboboensis,Apalis kaboboensis,,,,,
Apalis chapini,Apalis chapini,,,,,
Apalis sharpii,Apalis sharpii,,,,,
Apalis rufogularis,Apalis rufogularis,,,,,
Apalis argentea,Apalis argentea,,,,,
Apalis karamojae,Apalis karamojae,,,,,
,Apalis stronachi,,,,,
Apalis bamendae,Apalis bamendae,,,,,
Apalis goslingi,Apalis goslingi,,,,,
Apalis cinerea,Apalis cinerea,13,14,15,16,F
Apalis alticola,Apalis alticola,,,,,
Malcorus pectoralis,Malcorus pectoralis,12,13,11,13,
Hypergerus atriceps,Hypergerus atriceps,14,,12,,
Eminia lepida,Eminia lepida,12,13,16,,F
,,,,,,
Camaroptera brachyura,Camaroptera brachyura,12,14,13,15,F
Camaroptera harterti,Camaroptera harterti,,,,,
Camaroptera superciliaris,Camaroptera superciliaris,,,,,
Camaroptera chloronota,Camaroptera chloronota,,,,,
Camaroptera toroensis,,,,,,
Calamonastes simplex,Calamonastes simplex,,,,,
Calamonastes undosus,Calamonastes undosus,,,,,
Calamonastes stierlingi,Calamonastes stierlingi,,,,,
Calamonastes fasciolatus,Calamonastes fasciolatus,,,,,
Euryptila subcinnamomea,Euryptila subcinnamomea,,,,,
Bathmocercus cerviniventris,Bathmocercus cerviniventris,,,,,
Bathmocercus rufus,Bathmocercus rufus,,,,,
Scepomycter winifredae,Scepomycter winifredae,,,,,
Orthotomus sutorius,Orthotomus sutorius,12,,,,B
Orthotomus atrogularis,Orthotomus atrogularis,,,,,B
Orthotomus chaktomuk,Orthotomus chaktomuk,,,,,
Orthotomus castaneiceps,Orthotomus castaneiceps,,,,,
Orthotomus chloronotus,Orthotomus chloronotus,,,,,
Orthotomus frontalis,Orthotomus frontalis,,,,,
Orthotomus derbianus,Orthotomus derbianus,,,,,
Orthotomus sericeus,Orthotomus sericeus,,,,,
Orthotomus ruficeps,Orthotomus ruficeps,,,,,
Orthotomus sepium,Orthotomus sepium,,,,,
Orthotomus cinereiceps,Orthotomus cinereiceps,,,,,
Orthotomus nigriceps,Orthotomus nigriceps,,,,,
Orthotomus samarensis,Orthotomus samarensis,,,,,
Artisornis moreaui,Artisornis moreaui,,,,,
Artisornis sousae,,,,,,
Artisornis metopias,Artisornis metopias,,,,,
Poliolais lopezi,Poliolais lopezi,,,,,
Eremomela icteropygialis,Eremomela icteropygialis,11,14,15,16,
Eremomela flavicrissalis,Eremomela flavicrissalis,,,,,
Eremomela pusilla,Eremomela pusilla,,,,,
Eremomela canescens,Eremomela canescens,,,,,
Eremomela scotops,Eremomela scotops,,,,,
Eremomela gregalis,Eremomela gregalis,,,,,
Eremomela usticollis,Eremomela usticollis,,,,,B
Eremomela badiceps,Eremomela badiceps,,,,,
Eremomela turneri,Eremomela turneri,,,,,
Eremomela atricollis,Eremomela atricollis,,,,,
Sylvia atricapilla,Sylvia atricapilla,10,16,10,15,B
Sylvia borin,Sylvia borin,11,12,10,25,B
Sylvia dohrni,Sylvia dohrni,,,,,
Sylvia galinieri,Sylvia galinieri,16,18,15,18,
Sylvia nigricapillus,Sylvia nigricapillus,,,,,
Sylvia abyssinica,Sylvia abyssinica,,,,,
Sylvia atriceps,Sylvia atriceps,,,,,
Curruca nisoria,Curruca nisoria,12,13,10,11,B
Curruca layardi,Curruca layardi,,,,,
Curruca boehmi,Curruca boehmi,15,,13,,B
Curruca subcoerulea,Curruca subcoerulea,13,15,14,15,
Curruca curruca,Curruca curruca,11,12,12,13,B
Curruca lugens,Curruca lugens,14.5,,16,,
Curruca buryi,Curruca buryi,,,,,
Curruca leucomelaena,Curruca leucomelaena,15,16,10,17,B
Curruca hortensis,Curruca hortensis,12,14,12,13,B
Curruca crassirostris,Curruca crassirostris,12,14,12,13,B
Curruca deserti,Curruca deserti,,,,,B
Curruca nana,Curruca nana,,,,,B
Curruca deserticola,Curruca deserticola,,,,,
Curruca mystacea,Curruca mystacea,11,13,9,12,B
Curruca ruppeli,Curruca ruppeli,13,13,12,12,B
Curruca melanothorax,Curruca melanothorax,,,10,,
Curruca melanocephala,Curruca melanocephala,12,15,12,13,B
,Curruca iberiae,11,12,10,12,B
Curruca subalpina,Curruca subalpina,11,12,10,12,B
Curruca cantillans,Curruca cantillans,11,12,10,12,B
Curruca communis,Curruca communis,9,14,10,12,B
Curruca conspicillata,Curruca conspicillata,12,13,10,12,B
Curruca sarda,Curruca sarda,12,15,12,13,B
Curruca undata,Curruca undata,12,14,12,56,B
Curruca balearica,Curruca balearica,12,15,12,12,B
Myzornis pyrrhoura,Myzornis pyrrhoura,,,,,
Moupinia poecilotis,Moupinia poecilotis,,,,,
Lioparus chrysotis,Lioparus chrysotis,10,11,11,,
Chrysomma sinense,Chrysomma sinense,,,12,,B
Chrysomma altirostre,Chrysomma altirostre,,,,,
Rhopophilus albosuperciliaris,Rhopophilus albosuperciliaris,,,,,
Rhopophilus pekinensis,Rhopophilus pekinensis,,,,,
Fulvetta ruficapilla,Fulvetta ruficapilla,,,,,
Fulvetta danisi,Fulvetta danisi,,,,,
Fulvetta striaticollis,Fulvetta striaticollis,,,,,
Fulvetta vinipectus,Fulvetta vinipectus,,,,,
Fulvetta ludlowi,Fulvetta ludlowi,,,,,
Fulvetta manipurensis,Fulvetta manipurensis,,,,,
Fulvetta cinereiceps,Fulvetta cinereiceps,,,,,
Fulvetta formosana,Fulvetta formosana,,,,,
Chamaea fasciata,Chamaea fasciata,14,15.5,11,19,B
Paradoxornis heudei,Paradoxornis heudei,12,12,,,B
Paradoxornis flavirostris,Paradoxornis flavirostris,,,,,
Paradoxornis guttaticollis,Paradoxornis guttaticollis,,,,,
Paradoxornis aemodium,Paradoxornis aemodius,,,,,
Paradoxornis unicolor,Paradoxornis unicolor,,,,,
Paradoxornis paradoxus,Paradoxornis paradoxus,,,,,
Paradoxornis gularis,Paradoxornis gularis,,,,,
Paradoxornis margaritae,Paradoxornis margaritae,,,,,
Paradoxornis ruficeps,Paradoxornis ruficeps,,,,,
Paradoxornis bakeri,Paradoxornis bakeri,,,,,
Suthora davidiana,Suthora davidiana,,,,,
Suthora fulvifrons,Suthora fulvifrons,,,,,
Suthora nipalensis,Suthora nipalensis,,,,,
Suthora verreauxi,Suthora verreauxi,,,,,B
Suthora atrosuperciliaris,Suthora atrosuperciliaris,,,,,
Suthora conspicillata,Suthora conspicillata,,,,,
Suthora zappeyi,Suthora zappeyi,,,,,
Suthora brunnea,Suthora brunnea,,,,,
Suthora ricketti,Suthora ricketti,,,,,
Suthora webbiana,Suthora webbiana,13,15,9,10,
Suthora alphonsiana,Suthora alphonsiana,,,,,
Suthora przewalskii,Suthora przewalskii,,,,,
Parayuhina diademata,Parayuhina diademata,,,,,B
Staphida everetti,Staphida everetti,,,,,B
Staphida castaniceps,Staphida castaniceps,12,,,,B
Staphida torqueola,Staphida torqueola,12,,10,11,B
Yuhina nigrimenta,Yuhina nigrimenta,12,23,15,23,B
Yuhina brunneiceps,Yuhina brunneiceps,14,,12,,
Yuhina flavicollis,Yuhina flavicollis,13,14,,,B
Yuhina humilis,Yuhina humilis,,,,,
Yuhina bakeri,Yuhina bakeri,,,,,B
Yuhina gularis,Yuhina gularis,,,,,
Yuhina occipitalis,Yuhina occipitalis,,,,,
Dasycrotapha speciosa,Dasycrotapha speciosa,,,,,
Dasycrotapha pygmaea,Dasycrotapha pygmaea,,,,,
Dasycrotapha plateni,Dasycrotapha plateni,,,,,
Sterrhoptilus capitalis,Sterrhoptilus capitalis,,,,,
Sterrhoptilus dennistouni,Sterrhoptilus dennistouni,,,,,
,Sterrhoptilus affinis,,,,,
Sterrhoptilus nigrocapitatus,Sterrhoptilus nigrocapitatus,,,,,
Zosterornis hypogrammicus,Zosterornis hypogrammicus,,,,,
Zosterornis striatus,Zosterornis striatus,,,,,
Zosterornis whiteheadi,Zosterornis whiteheadi,,,,,
Zosterornis latistriatus,Zosterornis latistriatus,,,,,
Zosterornis nigrorum,Zosterornis nigrorum,,,,,
Cleptornis marchei,Cleptornis marchei,14,,10,12,B
Rukia ruki,Rukia ruki,,,,,
Rukia longirostra,Rukia longirostra,,,,,
Megazosterops palauensis,Megazosterops palauensis,,,,,
Heleia javanica,Heleia javanica,,,,,
Heleia pinaiae,Heleia pinaiae,,,,,
Heleia squamifrons,Heleia squamifrons,,,,,
Heleia goodfellowi,Heleia goodfellowi,,,,,
Heleia squamiceps,Heleia squamiceps,,,,,
Heleia superciliaris,Heleia superciliaris,,,,,
Heleia dohertyi,Heleia dohertyi,,,,,
Heleia muelleri,Heleia muelleri,,,,,
Heleia crassirostris,Heleia crassirostris,,,,,
Heleia wallacei,Heleia wallacei,,,,,
Apalopteron familiare,Apalopteron familiare,,,,,B
Tephrozosterops stalkeri,Tephrozosterops stalkeri,,,,,
Zosterops ceylonensis,Zosterops ceylonensis,,,,,B
Zosterops nigrorum,Zosterops nigrorum,,,,,
Zosterops atricapilla,Zosterops atricapilla,,,,,
Zosterops abyssinicus,Zosterops abyssinicus,11,,14,,B
Zosterops flavilateralis,Zosterops flavilateralis,11,,14,,
Zosterops mbuluensis,Zosterops mbuluensis,,,,,
Zosterops erythropleurus,Zosterops erythropleurus,,,,,
Zosterops simplex,Zosterops simplex,10,11,10,11,B
Zosterops emiliae,Zosterops emiliae,,,,,
Zosterops japonicus,Zosterops japonicus,11,,10,12,
Zosterops palpebrosus,Zosterops palpebrosus,10,11,10,11,B
Zosterops meyeni,Zosterops meyeni,,,,,
Zosterops semiflavus,Zosterops semiflavus,,,,,
Zosterops mouroniensis,Zosterops mouroniensis,,,,,
Zosterops olivaceus,Zosterops olivaceus,,,,,
Zosterops chloronothos,Zosterops chloronothos,12,13,14,,B
Zosterops borbonicus,Zosterops borbonicus,,,10,,
Zosterops mauritianus,Zosterops mauritianus,12,13,10,14,B
Zosterops melanocephalus,Zosterops melanocephalus,,,,,
,Zosterops stenocricotus,11,,14,,B
,Zosterops stuhlmanni,11,,14,,B
Zosterops eurycricotus,Zosterops eurycricotus,,,,,
Zosterops brunneus,Zosterops brunneus,,,,,
Zosterops poliogastrus,Zosterops poliogastrus,,,15,,B
Zosterops kaffensis,Zosterops kaffensis,,,,,
Zosterops kulalensis,,,,,,F
Zosterops kikuyuensis,Zosterops kikuyuensis,11,12,15,15,B
,Zosterops socotranus,,,,,B
Zosterops ficedulinus,Zosterops ficedulinus,,,,,
Zosterops griseovirescens,Zosterops griseovirescens,,,,,
Zosterops feae,Zosterops feae,,,,,
Zosterops lugubris,Zosterops lugubris,,,,,
Zosterops leucophaeus,Zosterops leucophaeus,,,,,
Zosterops silvanus,Zosterops silvanus,,,,,
Zosterops senegalensis,Zosterops senegalensis,11,,14,,B
,Zosterops kasaicus,11,,14,,B
Zosterops pallidus,Zosterops pallidus,10.5,12,12,13,B
Zosterops winifredae,Zosterops winifredae,,,,,
Zosterops virens,Zosterops virens,10.5,12,12,13,B
,Zosterops anderssoni,11,,14,,B
Zosterops vaughani,Zosterops vaughani,,,,,
Zosterops modestus,Zosterops modestus,13,15,11,15,
,Zosterops anjuanensis,,,,,
,Zosterops aldabrensis,,,,,
Zosterops kirki,Zosterops kirki,,,,,
,Zosterops comorensis,,,,,
Zosterops mayottensis,Zosterops mayottensis,,,,,
Zosterops maderaspatanus,Zosterops maderaspatanus,,,,,
Zosterops meratusensis,Zosterops meratusensis,,,,,
Zosterops chloris,Zosterops chloris,,,,,
Zosterops flavissimus,Zosterops flavissimus,,,,,
Zosterops atrifrons,Zosterops atrifrons,,,,,
Zosterops nehrkorni,Zosterops nehrkorni,,,,,
Zosterops consobrinorum,Zosterops consobrinorum,,,,,
Zosterops somadikartai,Zosterops somadikartai,,,,,
Zosterops anomalus,Zosterops anomalus,,,,,
Zosterops minor,Zosterops minor,,,,,
Zosterops chrysolaemus,,,,,,
Zosterops meeki,Zosterops meeki,,,,,
Zosterops dehaani,Zosterops dehaani,,,,,
Zosterops atriceps,Zosterops atriceps,,,,,
Zosterops buruensis,Zosterops buruensis,,,,,
Zosterops stalkeri,Zosterops stalkeri,,,,,
Zosterops flavus,Zosterops flavus,,,,,
Zosterops citrinella,Zosterops citrinella,,,,,
Zosterops luteus,Zosterops luteus,9,12,10,11,
Zosterops lateralis,Zosterops lateralis,10,11,9,13,B
Zosterops auriventer,Zosterops auriventer,,,,,
Zosterops melanurus,Zosterops melanurus,10,11,10,11,B
Zosterops everetti,Zosterops everetti,,,,,
Zosterops vellalavella,Zosterops vellalavella,,,,,
Zosterops sanctaecrucis,Zosterops sanctaecrucis,,,,,
Zosterops fuscicapilla,Zosterops fuscicapilla,,,,,
Zosterops crookshanki,,,,,,
Zosterops flavifrons,Zosterops flavifrons,12,13,,,
Zosterops superciliosus,Zosterops superciliosus,,,,,
Zosterops lacertosus,Zosterops lacertosus,,,,,
Zosterops gibbsi,Zosterops gibbsi,,,,,
Zosterops explorator,Zosterops explorator,,,,,
Zosterops hypoxanthus,Zosterops hypoxanthus,,,,,
Zosterops mysorensis,Zosterops mysorensis,,,,,
Zosterops hamlini,Zosterops hamlini,,,,,
,Zosterops oblitus,,,,,
Zosterops rendovae,Zosterops rendovae,,,,,
Zosterops oleagineus,Zosterops oleagineus,,,,,
Zosterops finschii,Zosterops finschii,,,,,
Zosterops ponapensis,Zosterops ponapensis,,,,,
Zosterops cinereus,Zosterops cinereus,,,,,
Zosterops rotensis,Zosterops rotensis,10,12,10,12,
Zosterops metcalfii,Zosterops metcalfii,,,,,
Zosterops stresemanni,Zosterops stresemanni,,,,,
Zosterops novaeguineae,Zosterops novaeguineae,,,,,
Zosterops kuehni,Zosterops kuehni,,,,,
Zosterops grayi,Zosterops grayi,,,,,
Zosterops luteirostris,Zosterops luteirostris,,,,,
Zosterops uropygialis,Zosterops uropygialis,,,,,
Zosterops splendidus,Zosterops splendidus,,,,,
Zosterops kulambangrae,Zosterops kulambangrae,,,,,
Zosterops tetiparius,Zosterops tetiparius,,,,,
Zosterops natalis,Zosterops natalis,15,16,17,,
Zosterops conspicillatus,Zosterops conspicillatus,9,12,11,14,
Zosterops saypani,,,,,,
Zosterops semperi,Zosterops semperi,,,,,
Zosterops hypolais,Zosterops hypolais,,,,,
Zosterops paruhbesar,Zosterops paruhbesar,,,,,
Zosterops griseotinctus,Zosterops griseotinctus,,,,,
Zosterops murphyi,Zosterops murphyi,,,,,
Zosterops inornatus,Zosterops inornatus,,,,,
Zosterops albogularis,Zosterops albogularis,,,,,
Zosterops samoensis,Zosterops samoensis,,,,,
Zosterops strenuus,Zosterops strenuus,,,,,
Zosterops tenuirostris,Zosterops tenuirostris,,,,,
Zosterops minutus,Zosterops minutus,,,,,
Zosterops xanthochroa,Zosterops xanthochroa,,,,,
Zosterops rennellianus,Zosterops rennellianus,,,,,
Timalia pileata,Timalia pileata,,,,,
Dumetia hyperythra,Dumetia hyperythra,13,,,18,
Dumetia atriceps,Dumetia atriceps,,,,,
Mixornis kelleyi,Mixornis kelleyi,,,,,
Mixornis flavicollis,Mixornis flavicollis,,,,,
Mixornis prillwitzi,Mixornis prillwitzi,,,,,
Mixornis gularis,Mixornis gularis,,,,,
Mixornis bornensis,Mixornis bornensis,,,,,
Macronus ptilosus,Macronus ptilosus,,,,,
Macronus striaticeps,Macronus striaticeps,,,,,
Cyanoderma chrysaeum,Cyanoderma chrysaeum,,,,,
Cyanoderma erythropterum,Cyanoderma erythropterum,,,,,
Cyanoderma bicolor,Cyanoderma bicolor,,,,,
Cyanoderma melanothorax,Cyanoderma melanothorax,,,,,
Cyanoderma pyrrhops,Cyanoderma pyrrhops,,,,,
Cyanoderma ruficeps,Cyanoderma ruficeps,,,,,
Cyanoderma rufifrons,Cyanoderma rufifrons,,,,,B
Spelaeornis caudatus,Spelaeornis caudatus,,,,,
Spelaeornis badeigularis,Spelaeornis badeigularis,,,,,
Spelaeornis troglodytoides,Spelaeornis troglodytoides,,,,,
Spelaeornis kinneari,Spelaeornis kinneari,,,,,
Spelaeornis chocolatinus,Spelaeornis chocolatinus,,,,,
Spelaeornis oatesi,Spelaeornis oatesi,,,,,
Spelaeornis longicaudatus,Spelaeornis longicaudatus,,,,,
Spelaeornis reptatus,Spelaeornis reptatus,,,,,
Melanocichla lugubris,Melanocichla lugubris,,,,,
Melanocichla calva,Melanocichla calva,,,,,
Pomatorhinus ferruginosus,Pomatorhinus ferruginosus,,,,,
Pomatorhinus phayrei,Pomatorhinus phayrei,,,,,
Pomatorhinus ochraceiceps,Pomatorhinus ochraceiceps,,,,,
Pomatorhinus superciliaris,Pomatorhinus superciliaris,,,,,
Pomatorhinus ruficollis,Pomatorhinus ruficollis,,,,,
Pomatorhinus musicus,Pomatorhinus musicus,,,,,
Pomatorhinus schisticeps,Pomatorhinus schisticeps,,,,,B
Pomatorhinus horsfieldii,Pomatorhinus horsfieldii,,,,,
Pomatorhinus melanurus,Pomatorhinus melanurus,,,,,
Pomatorhinus bornensis,Pomatorhinus bornensis,,,,,
Pomatorhinus montanus,Pomatorhinus montanus,,,,,
Erythrogenys hypoleucos,Erythrogenys hypoleucos,,,,,
Erythrogenys erythrogenys,Erythrogenys erythrogenys,,,,,B
,Erythrogenys imberbis,,,,,
Erythrogenys mcclellandi,Erythrogenys mcclellandi,,,,,
Erythrogenys gravivox,Erythrogenys gravivox,,,,,
Erythrogenys swinhoei,Erythrogenys swinhoei,,,,,
Erythrogenys erythrocnemis,Erythrogenys erythrocnemis,,,,,
Stachyris nigricollis,Stachyris nigricollis,,,,,
Stachyris grammiceps,Stachyris grammiceps,,,,,
Stachyris maculata,Stachyris maculata,,,10,,
Stachyris nigriceps,Stachyris nigriceps,12,,,,B
Stachyris poliocephala,Stachyris poliocephala,10,,,,
Stachyris nonggangensis,Stachyris nonggangensis,18,,,,
Stachyris herberti,Stachyris herberti,,,,,
Stachyris humei,Stachyris humei,,,,,
Stachyris roberti,Stachyris roberti,,,,,
Stachyris leucotis,Stachyris leucotis,,,,,
Stachyris thoracica,Stachyris thoracica,,,,,
Stachyris oglei,Stachyris oglei,,,,,
Stachyris strialata,Stachyris strialata,,,,,
Graminicola bengalensis,Graminicola bengalensis,,,,,
Graminicola striatus,Graminicola striatus,,,,,
Turdinus macrodactylus,Turdinus macrodactylus,,,,,
Turdinus marmoratus,Turdinus marmoratus,,,,,
Turdinus atrigularis,Turdinus atrigularis,,,,,
Malacopteron affine,Malacopteron affine,,,,,
Malacopteron albogulare,Malacopteron albogulare,,,,,
Malacopteron cinereum,Malacopteron cinereum,9,,,,
Malacopteron magnum,Malacopteron magnum,,,,,
Malacopteron magnirostre,Malacopteron magnirostre,,,,,
Malacopteron palawanense,Malacopteron palawanense,,,,,
Gampsorhynchus rufulus,Gampsorhynchus rufulus,,,,,
Gampsorhynchus torquatus,Gampsorhynchus torquatus,,,,,
Schoeniparus cinereus,Schoeniparus cinereus,,,,,
Schoeniparus castaneceps,Schoeniparus castaneceps,,,,,B
Schoeniparus klossi,Schoeniparus klossi,,,,,
Schoeniparus variegaticeps,Schoeniparus variegaticeps,,,,,
Schoeniparus rufogularis,Schoeniparus rufogularis,,,,,
Schoeniparus dubius,Schoeniparus dubius,,,,,
Schoeniparus brunneus,Schoeniparus brunneus,,,,,
Pellorneum ruficeps,Pellorneum ruficeps,,,12,13,
Pellorneum fuscocapillus,Pellorneum fuscocapillus,,,,,B
Pellorneum palustre,Pellorneum palustre,,,,,
Pellorneum nigrocapitatum,Pellorneum nigrocapitatum,,,,,
Pellorneum capistratum,Pellorneum capistratum,,,,,
,Pellorneum capistratoides,,,,,
Pellorneum malaccense,Pellorneum malaccense,,,,,
,,,,,,
,,,,,,
Pellorneum cinereiceps,Pellorneum cinereiceps,,,,,
Pellorneum albiventre,Pellorneum albiventre,,,,,
Pellorneum tickelli,Pellorneum tickelli,,,,,
Pellorneum buettikoferi,Pellorneum buettikoferi,,,,,
Pellorneum pyrrogenys,Pellorneum pyrrogenys,,,,,
Pellorneum rostratum,Pellorneum rostratum,,,,,
,,,,,,
Pellorneum bicolor,Pellorneum bicolor,,,,,
Pellorneum celebense,Pellorneum celebense,,,,,
Laticilla burnesii,Laticilla burnesii,,,,,
Laticilla cinerascens,Laticilla cinerascens,,,,,
Illadopsis fulvescens,Illadopsis fulvescens,12,,14,,F
Illadopsis rufipennis,Illadopsis rufipennis,14,,10,,F
Illadopsis distans,Illadopsis distans,,,,,
Illadopsis pyrrhoptera,Illadopsis pyrrhoptera,,,,,
Illadopsis cleaveri,Illadopsis cleaveri,,,,,F
Illadopsis albipectus,Illadopsis albipectus,,,,,
Illadopsis turdina,Illadopsis turdina,,,,,
Illadopsis puveli,Illadopsis puveli,,,,,
Illadopsis rufescens,Illadopsis rufescens,,,,,
Kenopia striata,Kenopia striata,,,,,
Malacocincla abbotti,Malacocincla abbotti,14,15,11,,
Malacocincla sepiaria,Malacocincla sepiaria,,,,,
Malacocincla perspicillata,Malacocincla perspicillata,,,,,
Gypsophila crassa,Gypsophila crassa,,,,,
Gypsophila brevicaudata,Gypsophila brevicaudata,,,,,B
Gypsophila annamensis,Gypsophila annamensis,,,,,
Gypsophila calcicola,Gypsophila calcicola,,,,,
Gypsophila crispifrons,Gypsophila crispifrons,,,,,
Gypsophila rufipecta,Gypsophila rufipectus,,,,,
Ptilocichla mindanensis,Ptilocichla mindanensis,,,,,
Ptilocichla leucogrammica,Ptilocichla leucogrammica,,,,,
Ptilocichla falcata,Ptilocichla falcata,,,,,
Napothera epilepidota,Napothera epilepidota,,,,,B
Napothera malacoptila,Napothera malacoptila,,,,,
Napothera albostriata,Napothera albostriata,,,,,
Napothera pasquieri,Napothera pasquieri,,,,,
Napothera naungmungensis,Napothera naungmungensis,,,,,
Napothera danjoui,Napothera danjoui,,,,,
Alcippe poioicephala,Alcippe poioicephala,,,,,B
Alcippe grotei,Alcippe grotei,,,,,
Alcippe brunneicauda,Alcippe brunneicauda,,,,,
Alcippe pyrrhoptera,Alcippe pyrrhoptera,,,,,
Alcippe nipalensis,Alcippe nipalensis,12,,,,B
,Alcippe davidi,,,,,
,Alcippe hueti,,,,,
Alcippe morrisonia,Alcippe morrisonia,12,14,9,,B
,Alcippe fratercula,,,,,
Alcippe peracensis,Alcippe peracensis,,,,,
Grammatoptila striata,Grammatoptila striata,,,,,
Cutia nipalensis,Cutia nipalensis,,,,,
Cutia legalleni,Cutia legalleni,,,,,
Laniellus langbianis,Laniellus langbianis,,,,,
Laniellus albonotatus,Laniellus albonotatus,,,,,
Trochalopteron subunicolor,Trochalopteron subunicolor,,,,,
Trochalopteron austeni,Trochalopteron austeni,,,,,
Trochalopteron squamatum,Trochalopteron squamatum,,,,,
Trochalopteron lineatum,Trochalopteron lineatum,,,,,B
Trochalopteron imbricatum,Trochalopteron imbricatum,,,,,
Trochalopteron virgatum,Trochalopteron virgatum,,,,,
Trochalopteron variegatum,Trochalopteron variegatum,,,,,B
Trochalopteron affine,Trochalopteron affine,14,15,14,21,
Trochalopteron morrisonianum,Trochalopteron morrisonianum,,,,,
Trochalopteron henrici,Trochalopteron henrici,,,,,
Trochalopteron elliotii,Trochalopteron elliotii,,,,,
Trochalopteron milnei,Trochalopteron milnei,17,18,14,16,B
Trochalopteron yersini,Trochalopteron yersini,,,,,
Trochalopteron erythrocephalum,Trochalopteron erythrocephalum,,,,,
Trochalopteron chrysopterum,Trochalopteron chrysopterum,,,,,
Trochalopteron formosum,Trochalopteron formosum,,,,,
Trochalopteron melanostigma,Trochalopteron melanostigma,,,,,
Trochalopteron ngoclinhense,Trochalopteron ngoclinhense,,,,,
Trochalopteron peninsulae,Trochalopteron peninsulae,,,,,
Montecincla jerdoni,Montecincla jerdoni,16,16,16,16,
Montecincla cachinnans,Montecincla cachinnans,16,,16,,
Montecincla fairbanki,Montecincla fairbanki,,,,,B
Montecincla meridionalis,Montecincla meridionalis,,,,,
Heterophasia picaoides,Heterophasia picaoides,,,,,
Heterophasia auricularis,Heterophasia auricularis,,,,,
Heterophasia capistrata,Heterophasia capistrata,14,,15,16,B
Heterophasia pulchella,Heterophasia pulchella,,,,,
Heterophasia gracilis,Heterophasia gracilis,,,,,B
Heterophasia melanoleuca,Heterophasia melanoleuca,14,16,15,17,
Heterophasia desgodinsi,Heterophasia desgodinsi,14,16,15,17,
Sibia nipalensis,Actinodura nipalensis,,,,,
Sibia morrisoniana,Actinodura morrisoniana,,,,,
Sibia waldeni,Actinodura waldeni,,,,,
Sibia souliei,Actinodura souliei,,,,,
Siva cyanouroptera,Actinodura cyanouroptera,14,,16,,
Chrysominla strigula,Actinodura strigula,,,,,
Actinodura egertoni,Actinodura egertoni,,,,,
Actinodura ramsayi,Actinodura ramsayi,,,,,
Actinodura radcliffei,,,,,,
Actinodura sodangorum,Actinodura sodangorum,,,,,
Leiothrix lutea,Leiothrix lutea,11.5,12.5,10,12,B
Leiothrix argentauris,Leiothrix argentauris,13,14,12,,B
Leiothrix laurinae,,,,,,
Minla ignotincta,Minla ignotincta,,,,,
Leioptila annectens,Leioptila annectens,,,,,B
Liocichla bugunorum,Liocichla bugunorum,,,,,
Liocichla omeiensis,Liocichla omeiensis,13,,12,15,B
Liocichla steerii,Liocichla steerii,16,,,12,B
Liocichla phoenicea,Liocichla phoenicea,,,,,B
Liocichla ripponi,Liocichla ripponi,,,,,
Argya malcolmi,Argya malcolmi,,,,,B
Argya cinereifrons,Argya cinereifrons,14,15,,,
Argya longirostris,Argya longirostris,,,,,
Argya subrufa,Argya subrufa,,,,,
Argya rufescens,Argya rufescens,,,,,
Argya striata,Argya striata,15,,,,
Argya somervillei,,15,15,,,
Argya affinis,Argya affinis,14,17,14,,
Argya rubiginosa,Argya rubiginosa,,,,,
Argya aylmeri,Argya aylmeri,,,,,
Argya altirostris,Argya altirostris,13,,9,12,F
,Argya huttoni,,,,,
Argya caudata,Argya caudata,13,15,12,,B
Argya fulva,Argya fulva,,,,,
Argya squamiceps,Argya squamiceps,14,19,,,F
Argya earlei,Argya earlei,,,,,
Argya gularis,Argya gularis,,,,,
Acanthoptila nipalensis,Turdoides nipalensis,,,,,
Phyllanthus atripennis,Turdoides atripennis,,,,,
Phyllanthus rubiginosus,,,,,,
Phyllanthus bohndorffi,,,,,,
Kupeornis gilberti,Turdoides gilberti,,,,,
Kupeornis chapini,Turdoides chapini,,,,,
Kupeornis rufocinctus,Turdoides rufocinctus,,,,,
Turdoides plebejus,Turdoides plebejus,,,,,
Turdoides leucopygia,Turdoides leucopygia,,,,,
Turdoides hindei,Turdoides hindei,,,,,
Turdoides squamulata,Turdoides squamulata,,,,,
Turdoides jardineii,Turdoides jardineii,13.5,17,18,21,B
Turdoides gymnogenys,Turdoides gymnogenys,16,,,,
Turdoides leucocephala,Turdoides leucocephala,,,,,
Turdoides reinwardtii,Turdoides reinwardtii,,,,,
Turdoides tenebrosa,Turdoides tenebrosa,,,,,
Turdoides bicolor,Turdoides bicolor,16,,16,,
Turdoides hartlaubii,Turdoides hartlaubii,,,18,,
Turdoides sharpei,Turdoides sharpei,,,,,
Turdoides melanops,Turdoides melanops,,,,,
Turdoides hypoleuca,Turdoides hypoleuca,,,,,
Garrulax merulinus,Garrulax merulinus,,,,,B
Garrulax annamensis,Garrulax annamensis,,,,,
Garrulax canorus,Garrulax canorus,12,,,,
Garrulax taewanus,Garrulax taewanus,12,,,,B
Garrulax monileger,Garrulax monileger,,,,,
Garrulax rufifrons,Garrulax rufifrons,,,,,
Garrulax palliatus,Garrulax palliatus,,,,,
Garrulax leucolophus,Garrulax leucolophus,14,,,,
Garrulax bicolor,Garrulax bicolor,,,,,
Garrulax milleti,Garrulax milleti,,,,,
Garrulax strepitans,Garrulax strepitans,,,,,
Garrulax ferrarius,Garrulax ferrarius,,,,,
Garrulax maesi,Garrulax maesi,,,,,
Garrulax castanotis,Garrulax castanotis,,,,,
Ianthocincla sukatschewi,Ianthocincla sukatschewi,14,,18,,B
Ianthocincla rufogularis,Ianthocincla rufogularis,,,12,,B
Ianthocincla konkakinhensis,Ianthocincla konkakinhensis,,,,,
Ianthocincla cineracea,Ianthocincla cineracea,14,,13,17,B
Ianthocincla cinereiceps,,,,,,
Ianthocincla ocellata,Ianthocincla ocellata,,,,,
Ianthocincla maxima,Ianthocincla maxima,,,,,
Ianthocincla bieti,Ianthocincla bieti,,,,,
Ianthocincla lunulata,Ianthocincla lunulata,,,,,
Pterorhinus delesserti,Pterorhinus delesserti,,,,,
Pterorhinus gularis,Pterorhinus gularis,,,,,
Pterorhinus vassali,Pterorhinus vassali,,,,,
Pterorhinus galbanus,Pterorhinus galbanus,,,,,
Pterorhinus courtoisi,Pterorhinus courtoisi,13,15,13,16,
Pterorhinus mitratus,Pterorhinus mitratus,,,,,
Pterorhinus treacheri,Pterorhinus treacheri,,,,,
Pterorhinus ruficollis,Pterorhinus ruficollis,,,,,
Pterorhinus nuchalis,Pterorhinus nuchalis,,,,,B
Pterorhinus chinensis,Pterorhinus chinensis,13,,13,,
Pterorhinus sannio,Pterorhinus sannio,14,17,12,,B
Pterorhinus perspicillatus,Pterorhinus perspicillatus,,,,,
Pterorhinus pectoralis,Pterorhinus pectoralis,,,,,
Pterorhinus davidi,Pterorhinus davidi,,,,,
Pterorhinus woodi,Pterorhinus woodi,,,,,
Pterorhinus lanceolatus,Pterorhinus lanceolatus,,,,,
Pterorhinus waddelli,Pterorhinus waddelli,16,18,16,18,
Pterorhinus koslowi,Pterorhinus koslowi,,,,,
Pterorhinus albogularis,Pterorhinus albogularis,,,,,
Pterorhinus ruficeps,Pterorhinus ruficeps,,,,,
Pterorhinus caerulatus,Pterorhinus caerulatus,,,,,
Pterorhinus berthemyi,Pterorhinus berthemyi,,,,,
Pterorhinus poecilorhynchus,Pterorhinus poecilorhynchus,,,,,
Modulatrix stictigula,Modulatrix stictigula,,,,,
Arcanator orostruthus,Arcanator orostruthus,,,,,
Kakamega poliothorax,Kakamega poliothorax,,,,,
Promerops cafer,Promerops cafer,17,17,17,21,F
Promerops gurneyi,Promerops gurneyi,16,17,21,23,F
Irena puella,Irena puella,14,,11,18,F
Irena tweeddalii,Irena tweeddalii,,,,,
Irena cyanogastra,Irena cyanogastra,,,,,
Corthylio calendula,Corthylio calendula,15,16,19,,
Regulus ignicapilla,Regulus ignicapilla,14,15,19,24,F
Regulus madeirensis,Regulus madeirensis,,,,,
Regulus satrapa,Regulus satrapa,14,15,16,19,F
Regulus goodfellowi,Regulus goodfellowi,,,,,
Regulus regulus,Regulus regulus,14,17,17,22,F
Elachura formosa,Elachura formosa,,,,,
Hyliota flavigaster,Hyliota flavigaster,,,,,
Hyliota australis,Hyliota australis,,,,,
Hyliota usambara,Hyliota usambara,,,,,
Hyliota violacea,Hyliota violacea,,,,,
Campylorhynchus albobrunneus,Campylorhynchus albobrunneus,,,,,
Campylorhynchus zonatus,Campylorhynchus zonatus,20,,18,19,
Campylorhynchus megalopterus,Campylorhynchus megalopterus,,,,,
Campylorhynchus nuchalis,Campylorhynchus nuchalis,18,21,19,,F
Campylorhynchus fasciatus,Campylorhynchus fasciatus,17,,,,
Campylorhynchus chiapensis,Campylorhynchus chiapensis,,,,,
Campylorhynchus griseus,Campylorhynchus griseus,17,,17,,F
Campylorhynchus rufinucha,Campylorhynchus rufinucha,,,,,
Campylorhynchus humilis,Campylorhynchus humilis,,,,,
Campylorhynchus capistratus,Campylorhynchus capistratus,,,,,
Campylorhynchus gularis,Campylorhynchus gularis,,,,,
Campylorhynchus jocosus,Campylorhynchus jocosus,,,,,
Campylorhynchus yucatanicus,Campylorhynchus yucatanicus,15,17,14,19,
Campylorhynchus brunneicapillus,Campylorhynchus brunneicapillus,16,,19,23,F
Campylorhynchus turdinus,Campylorhynchus turdinus,,,,,
Odontorchilus branickii,Odontorchilus branickii,,,,,
Odontorchilus cinereus,Odontorchilus cinereus,,,,,
Salpinctes obsoletus,Salpinctes obsoletus,12,14,14,16,F
Catherpes mexicanus,Catherpes mexicanus,12,19,12,19,F
Hylorchilus sumichrasti,Hylorchilus sumichrasti,,,,,
Hylorchilus navai,Hylorchilus navai,,,,,
Cinnycerthia unirufa,Cinnycerthia unirufa,,,,,
Cinnycerthia olivascens,Cinnycerthia olivascens,19,19,,,
Cinnycerthia peruana,Cinnycerthia peruana,,,,,
Cinnycerthia fulva,Cinnycerthia fulva,,,,,
Cistothorus stellaris,Cistothorus stellaris,14,14,12,14,F
Cistothorus meridae,Cistothorus meridae,,,,,
Cistothorus apolinari,Cistothorus apolinari,,,,,F
Cistothorus platensis,Cistothorus platensis,14,18,12,19,F
Cistothorus palustris,Cistothorus palustris,13,16,13,15,F
Thryomanes bewickii,Thryomanes bewickii,14,16,14,16,F
Ferminia cerverai,Ferminia cerverai,,,,,F
Pheugopedius atrogularis,Pheugopedius atrogularis,,,,,
Pheugopedius spadix,Pheugopedius spadix,,,,,
Pheugopedius fasciatoventris,Pheugopedius fasciatoventris,,,,,
Pheugopedius euophrys,Pheugopedius euophrys,,,,,
Pheugopedius schulenbergi,Pheugopedius schulenbergi,,,,,
Pheugopedius eisenmanni,Pheugopedius eisenmanni,,,,,
Pheugopedius genibarbis,Pheugopedius genibarbis,,,,,F
Pheugopedius mystacalis,Pheugopedius mystacalis,,,,,
Pheugopedius coraya,Pheugopedius coraya,,,,,
Pheugopedius felix,Pheugopedius felix,,,,,
Pheugopedius maculipectus,Pheugopedius maculipectus,,,,,
Pheugopedius rutilus,Pheugopedius rutilus,,18,,16,
Pheugopedius sclateri,Pheugopedius sclateri,,,,,
Pheugopedius columbianus,,,,,,
Pheugopedius paucimaculatus,,,,,,
Thryophilus pleurostictus,Thryophilus pleurostictus,,,,,
Thryophilus rufalbus,Thryophilus rufalbus,,,,,
Thryophilus sernai,Thryophilus sernai,,,,,
Thryophilus nicefori,Thryophilus nicefori,,,,,
Thryophilus sinaloa,Thryophilus sinaloa,,,,,
Cantorchilus modestus,Cantorchilus modestus,,18,,14,
Cantorchilus zeledoni,Cantorchilus zeledoni,14,14,14,15,
,Cantorchilus elutus,18,,13,14,B
Cantorchilus leucotis,Cantorchilus leucotis,,,,,
Cantorchilus superciliaris,Cantorchilus superciliaris,,,10,13,
Cantorchilus guarayanus,Cantorchilus guarayanus,,,,,
Cantorchilus longirostris,Cantorchilus longirostris,,,,,
Cantorchilus griseus,Cantorchilus griseus,,,,,
Cantorchilus semibadius,Cantorchilus semibadius,18,19,,16,F
Cantorchilus nigricapillus,Cantorchilus nigricapillus,,,,,
Cantorchilus thoracicus,Cantorchilus thoracicus,,,,16,
Cantorchilus leucopogon,Cantorchilus leucopogon,,,,,
Thryothorus ludovicianus,Thryothorus ludovicianus,,,,,
Thryothorus albinucha,,,,,,
Troglodytes troglodytes,Troglodytes troglodytes,14,19,9,18,F
Troglodytes hiemalis,Troglodytes hiemalis,16,16,15,20,F
Troglodytes pacificus,Troglodytes pacificus,14,19,9,18,F
Troglodytes tanneri,Troglodytes tanneri,,,,,F
Troglodytes aedon,Troglodytes aedon,12,13,17,18,F
,Troglodytes musculus,13.1,16,18,20,F
Troglodytes beani,Troglodytes beani,16,16,14,19,F
,Troglodytes martinicensis,,,,,
,Troglodytes mesoleucus,,,,,
,Troglodytes musicus,,,,,F
,Troglodytes grenadensis,,,,,F
Troglodytes cobbi,Troglodytes cobbi,,,,,
Troglodytes sissonii,Troglodytes sissonii,,,,,
Troglodytes rufociliatus,Troglodytes rufociliatus,,,,,F
Troglodytes ochraceus,Troglodytes ochraceus,,,,,
Troglodytes solstitialis,Troglodytes solstitialis,,,,,
Troglodytes monticola,Troglodytes monticola,,,,,
Troglodytes rufulus,Troglodytes rufulus,,,,,
Thryorchilus browni,Thryorchilus browni,,,,,
Uropsila leucogastra,Uropsila leucogastra,,,,,B
Henicorhina leucosticta,Henicorhina leucosticta,,18,17,18,F
Henicorhina leucophrys,Henicorhina leucophrys,19,20,17,18,
Henicorhina anachoreta,Henicorhina anachoreta,,,,,
Henicorhina leucoptera,Henicorhina leucoptera,,,,,
Henicorhina negreti,Henicorhina negreti,,,,,
Microcerculus philomela,Microcerculus philomela,,,,,
Microcerculus marginatus,Microcerculus marginatus,16,17,19,20,
Microcerculus ustulatus,Microcerculus ustulatus,,,,,
Microcerculus bambla,Microcerculus bambla,,,,,
Cyphorhinus dichrous,Cyphorhinus dichrous,,,,,
Cyphorhinus thoracicus,Cyphorhinus thoracicus,,,,,
Cyphorhinus arada,Cyphorhinus arada,15,,,,
Cyphorhinus phaeocephalus,Cyphorhinus phaeocephalus,,,,,
,Ramphocaenus sticturus,17,17,,,B
Ramphocaenus melanurus,Ramphocaenus melanurus,17,,12,,B
Microbates cinereiventris,Microbates cinereiventris,,,,,
Microbates collaris,Microbates collaris,14,,12,13,
,Polioptila facilis,,,,,
Polioptila guianensis,Polioptila guianensis,,,,,
Polioptila schistaceigula,Polioptila schistaceigula,,,,,
,Polioptila paraensis,,,,,
,Polioptila clementsi,,,,,
,Polioptila attenboroughi,,,,,
Polioptila plumbea,Polioptila plumbea,13,14,12,14,B
Polioptila maior,Polioptila maior,,,,,
Polioptila lactea,Polioptila lactea,,,,,
Polioptila dumicola,Polioptila dumicola,14,15,14,15,B
Polioptila lembeyei,Polioptila lembeyei,13,16,,,
,Polioptila albiventris,,,,,
,Polioptila bilineata,13,14,,,B
Polioptila caerulea,Polioptila caerulea,13,,13,,B
Polioptila melanura,Polioptila melanura,14,15,14,,B
Polioptila californica,Polioptila californica,14,,14,,B
Polioptila nigriceps,Polioptila nigriceps,,,,,B
Polioptila albiloris,Polioptila albiloris,,,,,
Sitta leucopsis,Sitta leucopsis,,,,,F
Sitta przewalskii,Sitta przewalskii,,,,,
Sitta magna,Sitta magna,,,,,
Sitta carolinensis,Sitta carolinensis,12,15,18,26,F
Sitta formosa,Sitta formosa,,,,,
Sitta azurea,Sitta azurea,,,,,
Sitta frontalis,Sitta frontalis,,,,,
Sitta solangiae,Sitta solangiae,,,,,
Sitta oenochlamys,Sitta oenochlamys,,,,,
Sitta pygmaea,Sitta pygmaea,12,17,14,22,F
Sitta pusilla,Sitta pusilla,14,,18,23,F
Sitta insularis,Sitta insularis,,,,,
Sitta yunnanensis,Sitta yunnanensis,,,,,
Sitta ledanti,Sitta ledanti,,,22,25,F
Sitta krueperi,Sitta krueperi,14,17,16,22,F
Sitta canadensis,Sitta canadensis,12,,18,21,F
Sitta whiteheadi,Sitta whiteheadi,16,16,22,24,F
Sitta villosa,Sitta villosa,15,17,17,18,F
Sitta neumayer,Sitta neumayer,13,18,23,30,F
Sitta tephronota,Sitta tephronota,12,14,24,26,F
Sitta arctica,Sitta arctica,15,,18,22,
Sitta victoriae,Sitta victoriae,,,,,
Sitta himalayensis,Sitta himalayensis,,,,,B
Sitta europaea,Sitta europaea,13,18,18,29,F
Sitta nagaensis,Sitta nagaensis,,,,,
Sitta cashmirensis,Sitta cashmirensis,,,,,
Sitta castanea,Sitta castanea,11,12,,,F
Sitta cinnamoventris,Sitta cinnamoventris,,,,,
Sitta neglecta,Sitta neglecta,,,,,
Tichodroma muraria,Tichodroma muraria,19,20,24,29,F
Certhia familiaris,Certhia familiaris,12,20,12,19,F
Certhia hodgsoni,Certhia hodgsoni,,,,,
Certhia americana,Certhia americana,13,17,13,20,F
Certhia brachydactyla,Certhia brachydactyla,13,15,15,18,F
Certhia himalayana,Certhia himalayana,13,14,21,,F
Certhia nipalensis,Certhia nipalensis,,,,,
Certhia discolor,Certhia discolor,,,,,
Certhia manipurensis,Certhia manipurensis,,,,,
Certhia tianquanensis,Certhia tianquanensis,,,,,F
Salpornis spilonota,Salpornis spilonota,,,,,F
Salpornis salvadori,Salpornis salvadori,,,,,F
Dumetella carolinensis,Dumetella carolinensis,12,15,,12,
Melanoptila glabrirostris,Melanoptila glabrirostris,12,17,11,15,F
Mimus polyglottos,Mimus polyglottos,12,13,10,15,F
Mimus gilvus,Mimus gilvus,13,15,12,15,B
Mimus gundlachii,Mimus gundlachii,,,,,
Mimus thenca,Mimus thenca,14,16,9,15,
Mimus longicaudatus,Mimus longicaudatus,12,13,12,14,
Mimus saturninus,Mimus saturninus,12,15,12,15,
Mimus patagonicus,Mimus patagonicus,,,,,
Mimus triurus,Mimus triurus,9,16,9,,
Mimus dorsalis,Mimus dorsalis,,,,,
Mimus parvulus,Mimus parvulus,12,13,11,17,
Mimus trifasciatus,Mimus trifasciatus,,,,,
Mimus macdonaldi,Mimus macdonaldi,,,,,
Mimus melanotis,Mimus melanotis,,,,,F
Mimus graysoni,Mimus graysoni,,15,,14,
Oreoscoptes montanus,Oreoscoptes montanus,12,15,10,13,
Toxostoma rufum,Toxostoma rufum,10,14,11,12,B
Toxostoma longirostre,Toxostoma longirostre,13,14,,13,B
Toxostoma guttatum,Toxostoma guttatum,,,,,
Toxostoma cinereum,Toxostoma cinereum,,,,,
Toxostoma bendirei,Toxostoma bendirei,,,12,,
Toxostoma ocellatum,Toxostoma ocellatum,,,,,
Toxostoma curvirostre,Toxostoma curvirostre,12,15,15,,B
Toxostoma redivivum,Toxostoma redivivum,,14,14,17,B
Toxostoma crissale,Toxostoma crissale,14,,11,16,B
Toxostoma lecontei,Toxostoma lecontei,14,19,15,,B
Ramphocinclus brachyurus,Ramphocinclus brachyurus,14,,12.2,,
,Ramphocinclus sanctaeluciae,14,,12.2,,
Melanotis caerulescens,Melanotis caerulescens,,,,,
Melanotis hypoleucus,Melanotis hypoleucus,,,14,15,F
Allenia fusca,Allenia fusca,,,,,
Margarops fuscatus,Margarops fuscatus,14,15,19,21,
Cinclocerthia ruficauda,Cinclocerthia ruficauda,,,,,
Cinclocerthia gutturalis,Cinclocerthia gutturalis,,,,,
Aplonis metallica,Aplonis metallica,,,,,F
Aplonis circumscripta,,,,,,
Aplonis mystacea,Aplonis mystacea,,,,,
Aplonis cantoroides,Aplonis cantoroides,,,,,
Aplonis crassa,Aplonis crassa,,,,,
Aplonis feadensis,Aplonis feadensis,,,,,
Aplonis insularis,Aplonis insularis,,,,,
Aplonis magna,Aplonis magna,,,,,
Aplonis brunneicapillus,Aplonis brunneicapillus,,,,,
Aplonis grandis,Aplonis grandis,,,,,
Aplonis dichroa,Aplonis dichroa,,,,,
Aplonis zelandica,Aplonis zelandica,,,,,
Aplonis striata,Aplonis striata,,,,,
Aplonis fusca,Aplonis fusca,,,,,
Aplonis santovestris,Aplonis santovestris,,,,,
Aplonis panayensis,Aplonis panayensis,,,,,
Aplonis mysolensis,Aplonis mysolensis,,,,,
Aplonis minor,Aplonis minor,,,,,
Aplonis opaca,Aplonis opaca,,,,,
Aplonis pelzelni,Aplonis pelzelni,,,,,
Aplonis tabuensis,Aplonis tabuensis,,,,,
Aplonis atrifusca,Aplonis atrifusca,,,,,
Aplonis corvina,Aplonis corvina,,,,,
Aplonis mavornata,Aplonis mavornata,,,,,
Aplonis cinerascens,Aplonis cinerascens,,,,,
Mino dumontii,Mino dumontii,,,,,
Mino kreffti,Mino kreffti,,,,,
Mino anais,Mino anais,,,,,
Basilornis celebensis,Basilornis celebensis,,,,,
Basilornis galeatus,Basilornis galeatus,,,,,
Basilornis corythaix,Basilornis corythaix,,,,,
Goodfellowia miranda,Goodfellowia miranda,,,,,
Sarcops calvus,Sarcops calvus,13,14,,16,
Streptocitta albicollis,Streptocitta albicollis,,,,,
Streptocitta torquata,,,,,,
Streptocitta albertinae,Streptocitta albertinae,,,,,
Enodes erythrophris,Enodes erythrophris,,,,,
Scissirostrum dubium,Scissirostrum dubium,,,,,
Saroglossa spilopterus,Saroglossa spilopterus,,,,,
Ampeliceps coronatus,Ampeliceps coronatus,,,,,
Gracula ptilogenys,Gracula ptilogenys,,,,,
Gracula religiosa,Gracula religiosa,13,17,25,28,B
Gracula robusta,,,,,,
Gracula venerata,Gracula venerata,,,,,
Gracula indica,Gracula indica,,,,,
Acridotheres grandis,Acridotheres grandis,,,,,
Acridotheres cristatellus,Acridotheres cristatellus,15,15,29,29,B
Acridotheres javanicus,Acridotheres javanicus,13,14,,,
Acridotheres cinereus,Acridotheres cinereus,,,,,
Acridotheres fuscus,Acridotheres fuscus,,,,,
Acridotheres albocinctus,Acridotheres albocinctus,,,,,
Acridotheres ginginianus,Acridotheres ginginianus,,,,,
Acridotheres tristis,Acridotheres tristis,15,15,29,29,B
Acridotheres burmannicus,Acridotheres burmannicus,,,,,
Acridotheres leucocephalus,Acridotheres leucocephalus,,,,,
Acridotheres melanopterus,Acridotheres melanopterus,,,,,
Spodiopsar sericeus,Spodiopsar sericeus,,,,,
Spodiopsar cineraceus,Spodiopsar cineraceus,12,13,21,22,B
Gracupica nigricollis,Gracupica nigricollis,,,,,
Gracupica contra,Gracupica contra,,,,,
Gracupica floweri,Gracupica floweri,14,16,20,25,F
Gracupica jalla,Gracupica jalla,,,,,
Agropsar sturninus,Agropsar sturninus,,,,,
Agropsar philippensis,Agropsar philippensis,,,,,
Sturnia sinensis,Sturnia sinensis,,,,,
Sturnia malabarica,Sturnia malabarica,,,,,B
Sturnia erythropygia,Sturnia erythropygia,,,,,
,Sturnia blythii,,,,,
Sturnia pagodarum,Sturnia pagodarum,,,,,
Sturnornis albofrontatus,Sturnornis albofrontatus,,,,,
Leucopsar rothschildi,Leucopsar rothschildi,,,,,
Fregilupus varius,Fregilupus varius,,,,,
Necropsar rodericanus,Necropsar rodericanus,,,,,
Pastor roseus,Pastor roseus,15,15,24,24,B
Sturnus vulgaris,Sturnus vulgaris,12,12,21,21,F
Sturnus unicolor,Sturnus unicolor,11,11,21,22,"B,F"
Creatophora cinerea,Creatophora cinerea,,,,,
Notopholia corusca,Notopholia corusca,,,,,
Hylopsar purpureiceps,Hylopsar purpureiceps,,,,,
Hylopsar cupreocauda,Hylopsar cupreocauda,,,,,
Lamprotornis nitens,Lamprotornis nitens,,,,,
Lamprotornis chalybaeus,Lamprotornis chalybaeus,,,,,
Lamprotornis chloropterus,Lamprotornis chloropterus,,,,,
Lamprotornis chalcurus,Lamprotornis chalcurus,,,,,
Lamprotornis splendidus,Lamprotornis splendidus,,,,,
Lamprotornis ornatus,Lamprotornis ornatus,,,,,
Lamprotornis iris,Lamprotornis iris,,,,,
Lamprotornis purpureus,Lamprotornis purpureus,,,,,
Lamprotornis purpuroptera,Lamprotornis purpuroptera,,,,,
Lamprotornis caudatus,Lamprotornis caudatus,,,,,
Lamprotornis regius,Lamprotornis regius,,,,,
Lamprotornis mevesii,Lamprotornis mevesii,,,,,
Lamprotornis benguelensis,,,,,,
Lamprotornis violacior,,,,,,
Lamprotornis australis,Lamprotornis australis,,,,,
Lamprotornis acuticaudus,Lamprotornis acuticaudus,,,,,
Lamprotornis superbus,Lamprotornis superbus,,,,,
Lamprotornis hildebrandti,Lamprotornis hildebrandti,,,,,
Lamprotornis shelleyi,Lamprotornis shelleyi,,,,,
Lamprotornis pulcher,Lamprotornis pulcher,,,,,
Lamprotornis unicolor,Lamprotornis unicolor,,,,,
Lamprotornis fischeri,Lamprotornis fischeri,,,,,
Lamprotornis bicolor,Lamprotornis bicolor,,,,,
Lamprotornis albicapillus,Lamprotornis albicapillus,,,,,
Hartlaubius auratus,Hartlaubius auratus,,,,,
Cinnyricinclus leucogaster,Cinnyricinclus leucogaster,,,,,
Onychognathus morio,Onychognathus morio,,,,,
Onychognathus tenuirostris,Onychognathus tenuirostris,,,,,
Onychognathus fulgidus,Onychognathus fulgidus,,,,,
Onychognathus walleri,Onychognathus walleri,,,,,
Onychognathus blythii,Onychognathus blythii,,,,,
Onychognathus frater,Onychognathus frater,,,,,
Onychognathus tristramii,Onychognathus tristramii,,,,,
Onychognathus nabouroup,Onychognathus nabouroup,,,,,
Onychognathus salvadorii,Onychognathus salvadorii,,,,,
Onychognathus albirostris,Onychognathus albirostris,,,,,
Onychognathus neumanni,Onychognathus neumanni,,,,,
Poeoptera stuhlmanni,Poeoptera stuhlmanni,,,,,
Poeoptera kenricki,Poeoptera kenricki,,,,,
Poeoptera lugubris,Poeoptera lugubris,,,,,
Pholia sharpii,Pholia sharpii,,,,,
Arizelopsar femoralis,Arizelopsar femoralis,,,,,
Grafisia torquata,Grafisia torquata,,,,,
Speculipastor bicolor,Speculipastor bicolor,,,,,
Neocichla gutturalis,Neocichla gutturalis,,,,,
Rhabdornis mystacalis,Rhabdornis mystacalis,,,,,
Rhabdornis inornatus,Rhabdornis inornatus,,,,,
Rhabdornis rabori,Rhabdornis rabori,,,,,
Rhabdornis grandis,Rhabdornis grandis,,,,,
Buphagus africanus,Buphagus africanus,13,,25,,B
Buphagus erythrorynchus,Buphagus erythroryncha,12,13,27,30,B
Grandala coelicolor,Grandala coelicolor,,,,,
Sialia currucoides,Sialia currucoides,13,,18,21,
Sialia mexicana,Sialia mexicana,12,18,16,23,
Sialia sialis,Sialia sialis,13,19,18,19,
Stizorhina finschi,Stizorhina finschi,,,,,
Stizorhina fraseri,Stizorhina fraseri,,,14,,
Neocossyphus poensis,Neocossyphus poensis,,,,,
Neocossyphus rufus,Neocossyphus rufus,,,,,F
Pinarornis plumosus,Pinarornis plumosus,15,,16,20,
Myadestes occidentalis,Myadestes occidentalis,,,17,,
Myadestes unicolor,Myadestes unicolor,,,,,
Myadestes townsendi,Myadestes townsendi,11,13,10,12,
Myadestes myadestinus,Myadestes myadestinus,,,,,
Myadestes woahensis,Myadestes woahensis,,,,,
Myadestes lanaiensis,Myadestes lanaiensis,,,,,
Myadestes obscurus,Myadestes obscurus,16,,17,21,
Myadestes palmeri,Myadestes palmeri,13,14,16,22,
Myadestes elisabeth,Myadestes elisabeth,,,,,
Myadestes genibarbis,Myadestes genibarbis,,,,,
Myadestes melanops,Myadestes melanops,12,13,15,16,
Myadestes coloratus,Myadestes coloratus,,,,,
Myadestes ralloides,Myadestes ralloides,,,,,
Chlamydochaera jefferyi,Chlamydochaera jefferyi,,,,,
Cochoa purpurea,Cochoa purpurea,,,,,
Cochoa viridis,Cochoa viridis,,,,,
Cochoa beccarii,Cochoa beccarii,,,,,
Cochoa azurea,Cochoa azurea,,,,,
Ixoreus naevius,Ixoreus naevius,12,,13,15,
Ridgwayia pinicola,Ridgwayia pinicola,,,,,
Cichlopsis leucogenys,Cichlopsis leucogenys,,,,,
Cichlopsis gularis,,,,,,
Cichlopsis chubbi,,,,,,
Cichlopsis peruviana,,,,,,
Entomodestes coracinus,Entomodestes coracinus,,,,,
Entomodestes leucotis,Entomodestes leucotis,,,,,
Hylocichla mustelina,Hylocichla mustelina,11,14,12,15,
Catharus dryas,Catharus dryas,,,,,
Catharus maculatus,Catharus maculatus,,,,,
Catharus aurantiirostris,Catharus aurantiirostris,13,15,13,17,
Catharus mexicanus,Catharus mexicanus,,,,,
Catharus fuscater,Catharus fuscater,,,,,
Catharus ustulatus,Catharus ustulatus,10,14,10,14,
Catharus swainsoni,,10,14,12,14,F
Catharus gracilirostris,Catharus gracilirostris,,,,,
Catharus guttatus,Catharus guttatus,11,13,10,15,
Catharus occidentalis,Catharus occidentalis,,,,,
Catharus frantzii,Catharus frantzii,15,16,14,16,
Catharus minimus,Catharus minimus,12,13,11,13,
Catharus bicknelli,Catharus bicknelli,9,14,9,14,
Catharus fuscescens,Catharus fuscescens,10,14,14,17,F
Zoothera dixoni,Zoothera dixoni,,,,,
Zoothera mollissima,Zoothera mollissima,,,,,
Zoothera salimalii,Zoothera salimalii,,,,,
Zoothera griseiceps,Zoothera griseiceps,,,,,
Zoothera monticola,Zoothera monticola,,,,,
Zoothera heinrichi,Zoothera heinrichi,,,,,
Zoothera marginata,Zoothera marginata,,,,,
Zoothera everetti,Zoothera everetti,,,,,
Zoothera andromedae,Zoothera andromedae,,,,,
Zoothera aurea,Zoothera aurea,14,14,,,F
Zoothera dauma,Zoothera dauma,,,,,
,Zoothera neilgherriensis,,,,,
,Zoothera imbricata,,,,,
Zoothera major,Zoothera major,,,15,16,
Zoothera terrestris,Zoothera terrestris,,,,,
Zoothera turipavae,Zoothera turipavae,,,,,
Zoothera margaretae,Zoothera margaretae,,,,,
Zoothera heinei,Zoothera heinei,,,,,
Zoothera machiki,Zoothera machiki,,,,,
Zoothera lunulata,Zoothera lunulata,,,14,,
Zoothera talaseae,Zoothera talaseae,,,,,
Zoothera atrigena,Zoothera atrigena,,,,,
Geokichla sibirica,Geokichla sibirica,11,,,,
Geokichla wardii,Geokichla wardii,,,,,
Geokichla princei,Geokichla princei,,,12,,
Geokichla camaronensis,Geokichla camaronensis,,,,,
Geokichla guttata,Geokichla guttata,14,16,14,16,
Geokichla spiloptera,Geokichla spiloptera,,,,,
Geokichla crossleyi,Geokichla crossleyi,,,,,
Geokichla piaggiae,Geokichla piaggiae,,,,,
Geokichla oberlaenderi,Geokichla oberlaenderi,,,,,
Geokichla gurneyi,Geokichla gurneyi,15,,14,19,
Geokichla citrina,Geokichla citrina,13,14,12,,
Geokichla dumasi,Geokichla dumasi,,,,,
Geokichla joiceyi,Geokichla joiceyi,,,,,
Geokichla peronii,Geokichla peronii,,,,,
Geokichla schistacea,Geokichla schistacea,,,,,
Geokichla interpres,Geokichla interpres,,,,,
Geokichla leucolaema,Geokichla leucolaema,,,,,
Geokichla dohertyi,Geokichla dohertyi,15,14,,,
Geokichla cinerea,Geokichla cinerea,,,,,
Geokichla erythronota,Geokichla erythronota,,,,,
Geokichla mendeni,Geokichla mendeni,,,,,
Psophocichla simensis,Turdus simensis,,,,,
Psophocichla litsitsirupa,Turdus litsitsirupa,14,15,16,,
Otocichla mupinensis,Turdus mupinensis,,,,,
Turdus philomelos,Turdus philomelos,10,17,11,17,F
Turdus viscivorus,Turdus viscivorus,12,15,14,16,F
Turdus pelios,Turdus pelios,,,,,
Turdus xanthorhynchus,Turdus xanthorhynchus,,,,,
Turdus olivaceofuscus,Turdus olivaceofuscus,,,,,
Turdus abyssinicus,Turdus abyssinicus,14,15,16,16,
Turdus helleri,Turdus helleri,14,15,,,
Turdus roehli,Turdus roehli,,,,,
Turdus olivaceus,Turdus olivaceus,14,,16,,
Turdus libonyana,Turdus libonyana,12,14,13,16,
Turdus bewsheri,Turdus bewsheri,,,,,
Turdus tephronotus,Turdus tephronotus,,,,,
Turdus smithi,Turdus smithi,,,,,
Turdus ludoviciae,Turdus ludoviciae,,,,,
Turdus mandarinus,Turdus mandarinus,10,19,13,14,
Turdus iliacus,Turdus iliacus,10,14,12,15,F
Turdus merula,Turdus merula,10,19,13,14,
Turdus menachensis,Turdus menachensis,,,,,
Turdus niveiceps,Turdus niveiceps,,,,,
Turdus boulboul,Turdus boulboul,,,,,
Turdus simillimus,Turdus simillimus,,,,,
Turdus unicolor,Turdus unicolor,13,14,,,
Turdus dissimilis,Turdus dissimilis,,,,,
Turdus cardis,Turdus cardis,12,13,14,,
Turdus hortulorum,Turdus hortulorum,12,13,12,,
Turdus obscurus,Turdus obscurus,,,10,,
Turdus pallidus,Turdus pallidus,13,14,13,15,
Turdus feae,Turdus feae,14,,12,14,B
Turdus chrysolaus,Turdus chrysolaus,13,14,,13,
Turdus celaenops,Turdus celaenops,,,,,
,Turdus mindorensis,18,,17,19,
,Turdus thomassoni,18,,17,19,
,Turdus nigrorum,18,,17,19,
,Turdus schlegelii,18,,17,19,
,Turdus erythropleurus,18,,17,19,F
,Turdus javanicus,18,,17,19,
,Turdus deningeri,18,,17,19,
,Turdus papuensis,18,,17,19,
,Turdus heinrothi,18,,17,19,
,Turdus bougainvillei,18,,17,19,
,Turdus kulambangrae,18,,17,19,
,Turdus vanikorensis,18,,17,19,
,Turdus pritzbueri,18,,17,19,
,Turdus xanthopus,12,,17,19,
Turdus poliocephalus,Turdus poliocephalus,18,,17,19,
,Turdus samoensis,18,,17,19,
,Turdus ruficeps,18,,17,19,
Turdus maximus,Turdus maximus,12,13,16,18,
Turdus kessleri,Turdus kessleri,,,,,F
Turdus pilaris,Turdus pilaris,12,15,12,15,F
Turdus torquatus,Turdus torquatus,13,14,14,16,F
Turdus atrogularis,Turdus atrogularis,11,12,11,13,
Turdus ruficollis,Turdus ruficollis,10,12,11,13,F
Turdus eunomus,Turdus eunomus,,,,,
Turdus naumanni,Turdus naumanni,,,,,
Turdus rubrocanus,Turdus rubrocanus,,,,,
Turdus albocinctus,Turdus albocinctus,,,,,
Cataponera turdoides,Turdus turdoides,,,,,
Turdus migratorius,Turdus migratorius,12,14,9,16,
Turdus confinis,,,,,,
Turdus infuscatus,Turdus infuscatus,,,,,
Turdus rufitorques,Turdus rufitorques,,,,,
Turdus nigrescens,Turdus nigrescens,,,,,
Turdus plumbeus,Turdus plumbeus,11,,11,12,
Turdus rubripes,,,,,,
Turdus ardosiaceus,,11,13,11,18,
Aplonis ulietensis,Aplonis ulietensis,,,,,
Turdus ravidus,Turdus ravidus,,,,,
Turdus aurantius,Turdus aurantius,16,,,,
Turdus lherminieri,Turdus lherminieri,,,,,
Turdus plebejus,Turdus plebejus,,,20,,
Turdus leucops,Turdus leucops,13,15,18.6,,F
Turdus jamaicensis,Turdus jamaicensis,,,,,
Turdus swalesi,Turdus swalesi,,,,,
Turdus fulviventris,Turdus fulviventris,,,,,
Turdus reevei,Turdus reevei,9,14,9,14,
Turdus chiguanco,Turdus chiguanco,11,12,,,F
Turdus anthracinus,,11,12,,,F
Turdus nigriceps,Turdus nigriceps,,,,,
Turdus serranus,Turdus serranus,,,,,
Turdus olivater,Turdus olivater,,,,,
Turdus fuscater,Turdus fuscater,,,,,
Turdus falcklandii,Turdus falcklandii,14,16,16,18,
Turdus lawrencii,Turdus lawrencii,,,,,
,Turdus murinus,,,,,
Turdus subalaris,Turdus subalaris,,,,,
Turdus amaurochalinus,Turdus amaurochalinus,15,,14,15,
Turdus eremita,Turdus eremita,,,20,,
Turdus maranonicus,Turdus maranonicus,,,,,
Turdus ignobilis,Turdus ignobilis,15,,,,
Turdus debilis,,,,,,
Turdus arthuri,Turdus arthuri,16,,14,17,
Turdus flavipes,Turdus flavipes,13,,,,
Turdus assimilis,Turdus assimilis,13,,14,,
,,,,,,
Turdus albicollis,Turdus albicollis,12,13,14,,
Turdus rufopalliatus,Turdus rufopalliatus,,,,,
Turdus obsoletus,Turdus obsoletus,,,,,
Turdus leucomelas,Turdus leucomelas,12,13,16,17,
Turdus fumigatus,Turdus fumigatus,12.5,13.5,13,15,
Turdus hauxwelli,Turdus hauxwelli,13,14,15,,
Turdus rufiventris,Turdus rufiventris,13,15,13,14,
Turdus grayi,Turdus grayi,12,13,13,18,F
Turdus nudigenis,Turdus nudigenis,,,,,
Turdus maculirostris,Turdus maculirostris,,,,,
Turdus sanchezorum,Turdus sanchezorum,,,,,
Turdus haplochrous,Turdus haplochrous,,,,,
Alethe diademata,Alethe diademata,,,12,13,
Alethe castanea,Alethe castanea,,,12,13,
Tychaedon coryphoeus,Tychaedon coryphoeus,13,15,13,14.5,
Tychaedon signata,Tychaedon signata,14.5,,14,16,
Tychaedon leucosticta,Tychaedon leucosticta,,,,,
Tychaedon quadrivirgata,Tychaedon quadrivirgata,11,14,15,17,
Tychaedon barbata,Tychaedon barbata,,,,,
Cercotrichas paena,Cercotrichas paena,13,,14,,
Cercotrichas podobe,Cercotrichas podobe,,,,,
Cercotrichas galactotes,Cercotrichas galactotes,13,14,10,13,F
Cercotrichas hartlaubi,Cercotrichas hartlaubi,12,,14,15,
Cercotrichas leucophrys,Cercotrichas leucophrys,12,,11,12,
Copsychus saularis,Copsychus saularis,12,13,,,
Copsychus sechellarum,Copsychus sechellarum,16,23,16,22,
Copsychus mindanensis,Copsychus mindanensis,,,,,
Copsychus albospecularis,Copsychus albospecularis,13,,13,,
Copsychus pica,,,,,,
Copsychus pyrropygus,Copsychus pyrropygus,,,,,
Copsychus fulicatus,Copsychus fulicatus,11,13,,,
Copsychus luzoniensis,Copsychus luzoniensis,,,,,
Copsychus superciliaris,Copsychus superciliaris,,,,,
Copsychus niger,Copsychus niger,,,,,
Copsychus cebuensis,Copsychus cebuensis,,,,,
Copsychus albiventris,Copsychus albiventris,,,,,
,Copsychus omissus,,,,,
,Copsychus stricklandii,,,,,
,Copsychus barbouri,,,,,
,Copsychus nigricauda,,,,,
,Copsychus leggei,,,,,
Copsychus malabaricus,Copsychus malabaricus,13,15,11,13,F
Agricola pallidus,Agricola pallidus,14,,17,,F
Agricola infuscatus,Agricola infuscatus,14,,11,14,
Fraseria cinerascens,Fraseria cinerascens,14,,11,12,F
Fraseria ocreata,Fraseria ocreata,17,,15,16,F
Fraseria griseigularis,Fraseria griseigularis,12,,13,,F
Fraseria plumbea,Fraseria plumbea,,,,,B
Fraseria olivascens,Fraseria olivascens,,,,,
Fraseria lendu,Fraseria lendu,,,,,
Fraseria caerulescens,Fraseria caerulescens,,,,,
Fraseria tessmanni,Fraseria tessmanni,,,,,
Melaenornis brunneus,Melaenornis brunneus,,,,,
Melaenornis fischeri,Melaenornis fischeri,12,13,16,,B
Melaenornis chocolatinus,Melaenornis chocolatinus,,,,,
Melaenornis annamarulae,Melaenornis annamarulae,,,,,
Melaenornis ardesiacus,Melaenornis ardesiacus,,,,,
Melaenornis edolioides,Melaenornis edolioides,,,,,F
Melaenornis pammelaina,Melaenornis pammelaina,13,16,15,19,
Namibornis herero,Namibornis herero,,16,12,16,B
Empidornis semipartitus,Empidornis semipartitus,13,15,19,21,F
Sigelus silens,Sigelus silens,13,16,15,17,F
Bradornis comitatus,Bradornis comitatus,,,,,F
Bradornis microrhynchus,Bradornis microrhynchus,12,,15,,F
Bradornis mariquensis,Bradornis mariquensis,,,14,,
Myopornis boehmi,Myopornis boehmi,,,,,
Artomyias ussheri,Artomyias ussheri,,,,,
Artomyias fuliginosa,Artomyias fuliginosa,14,,13,,F
Humblotia flavirostris,Humblotia flavirostris,,,,,
Muscicapa griseisticta,Muscicapa griseisticta,13,,,,F
Muscicapa sibirica,Muscicapa sibirica,,,,,
Muscicapa ferruginea,Muscicapa ferruginea,,,,,B
Muscicapa muttui,Muscicapa muttui,,,,,B
Muscicapa randi,Muscicapa randi,,,,,
Muscicapa segregata,Muscicapa segregata,,,,,
Muscicapa dauurica,Muscicapa dauurica,,,,,F
,Muscicapa williamsoni,,,,,F
,Muscicapa sodhii,,,,,
Muscicapa sethsmithi,Muscicapa sethsmithi,14,16,11,13,F
Muscicapa epulata,Muscicapa epulata,,,,,F
Muscicapa adusta,Muscicapa adusta,11,15,17,22,
Muscicapa striata,Muscicapa striata,10,17,12,17,F
,,,,,,
Muscicapa gambagae,Muscicapa gambagae,,,,,
Muscicapa cassini,Muscicapa cassini,14,15,11,13,
Muscicapa aquatica,Muscicapa aquatica,12,,15,,B
Cyornis concretus,Leucoptilon concretum,,,,,
Sholicola major,Sholicola major,,,,,
Sholicola albiventris,Sholicola albiventris,,,,,
Niltava davidi,Niltava davidi,,,,,
Niltava sundara,Niltava sundara,12,13,16,17,B
Niltava sumatrana,Niltava sumatrana,,,,,
Niltava oatesi,Niltava oatesi,,,,,
Niltava vivida,Niltava vivida,,,,,
Niltava macgrigoriae,Niltava macgrigoriae,12,,,,B
Niltava grandis,Niltava grandis,,,,,
Cyanoptila cyanomelana,Cyanoptila cyanomelana,14,15,,,
Cyanoptila cumatilis,Cyanoptila cumatilis,,,,,
Eumyias albicaudatus,Eumyias albicaudatus,,,,,
Eumyias indigo,Eumyias indigo,,,,,
Eumyias thalassinus,Eumyias thalassinus,,,,,B
Eumyias additus,Eumyias additus,,,,,
Eumyias panayensis,Eumyias panayensis,,,,,
Eumyias sanfordi,Eumyias sanfordi,,,,,
Eumyias hoevelli,Eumyias hoevelli,,,,,
Eumyias hyacinthinus,Eumyias hyacinthinus,,,,,
Eumyias oscillans,Eumyias oscillans,,,,,
Eumyias stresemanni,Eumyias stresemanni,,,,,
Eumyias sordidus,Eumyias sordidus,,,,,
Anthipes monileger,Anthipes monileger,,,,,
Anthipes solitaris,Anthipes solitaris,,,,,
Cyornis unicolor,Cyornis unicolor,,,,,
Cyornis glaucicomans,Cyornis glaucicomans,,,,,
Cyornis rubeculoides,Cyornis rubeculoides,11,12,,,F
Cyornis hainanus,Cyornis hainanus,,,,,
Cyornis superbus,Cyornis superbus,,,,,
Cyornis turcosus,Cyornis turcosus,,,,,F
Cyornis lemprieri,Cyornis lemprieri,15,16,,,
Cyornis caerulatus,Cyornis caerulatus,,,,,
Cyornis herioti,Cyornis herioti,,,,,
Cyornis camarinensis,Cyornis camarinensis,,,,,
Cyornis ruficauda,Cyornis ruficauda,,,,,
,Cyornis ocularis,,,,,
,Cyornis ruficrissa,,,,,
Cyornis pallidipes,Cyornis pallidipes,,,,,
Cyornis brunneatus,Cyornis brunneatus,,,,,
Cyornis nicobaricus,Cyornis nicobaricus,,,,,
Cyornis umbratilis,Cyornis umbratilis,,,,,
Cyornis magnirostris,Cyornis magnirostris,,,,,
Cyornis tickelliae,Cyornis tickelliae,,,,,
Cyornis sumatrensis,Cyornis sumatrensis,,,,,
Cyornis whitei,Cyornis whitei,,,,,
Cyornis rufigastra,Cyornis rufigastra,,,,,
Cyornis omissus,Cyornis omissus,,,,,
Cyornis djampeanus,,,,,,B
,Cyornis kalaoensis,,,,,
Cyornis banyumas,Cyornis banyumas,,,,,
Cyornis montanus,Cyornis montanus,,,,,
Cyornis kadayangensis,Cyornis kadayangensis,,,,,
Cyornis poliogenys,Cyornis poliogenys,,,,,B
Cyornis olivaceus,Cyornis olivaceus,,,,,
Cyornis pelingensis,Cyornis pelingensis,,,,,
Cyornis colonus,Cyornis colonus,,,,,
Cyornis ruckii,Cyornis ruckii,,,,,
Erithacus rubecula,Erithacus rubecula,12,21,10,18,F
Swynnertonia swynnertoni,Swynnertonia swynnertoni,15,16,14,,
Pogonocichla stellata,Pogonocichla stellata,16,18,13.5,15.5,
Stiphrornis erythrothorax,Stiphrornis erythrothorax,16,,,,
Stiphrornis xanthogaster,,16,16,,,
,Stiphrornis mabirae,16,16,,,
Stiphrornis pyrrholaemus,Stiphrornis pyrrholaemus,,,,,
Cossyphicula roberti,Cossyphicula roberti,,,,,
Cossyphicula isabellae,Cossyphicula isabellae,,,,,
Chamaetylas poliophrys,Chamaetylas poliophrys,,,,,
Chamaetylas poliocephala,Chamaetylas poliocephala,,16,,,
Chamaetylas fuelleborni,Chamaetylas fuelleborni,,,,,
Chamaetylas choloensis,Chamaetylas choloensis,,,,,
Cossypha albicapillus,Cossypha albicapillus,,,,,
Cossypha heuglini,Cossypha heuglini,12,17,13,17,
Cossypha dichroa,Cossypha dichroa,15,19,14,,
Cossypha semirufa,Cossypha semirufa,12,13,15,16,
Cossypha niveicapilla,Cossypha niveicapilla,,,,,
Cossypha natalensis,Cossypha natalensis,13,15,11,17,
Cossypha heinrichi,Cossypha heinrichi,,,,,
Cossypha cyanocampter,Cossypha cyanocampter,,,,,
Cichladusa arquata,Cichladusa arquata,13,,20,,
Cichladusa ruficauda,Cichladusa ruficauda,,,,,
Cichladusa guttata,Cichladusa guttata,12,,,,
Xenocopsychus ansorgei,Xenocopsychus ansorgei,,,,,
Dessonornis humeralis,Dessonornis humeralis,14,15,13,16,
Dessonornis caffer,Dessonornis caffer,13,19,16.5,18,
Dessonornis archeri,Dessonornis archeri,,,,,
Dessonornis anomalus,Dessonornis anomalus,,,,,
Dessonornis macclounii,,,,,,
Dessonornis mbuluensis,,,,,,
Sheppardia montana,Sheppardia montana,,,,,
Sheppardia lowei,Sheppardia lowei,,,,,
Sheppardia aurantiithorax,Sheppardia aurantiithorax,,,,,
Sheppardia gunningi,Sheppardia gunningi,,,,,F
Sheppardia sharpei,Sheppardia sharpei,,,,,
Sheppardia bocagei,Sheppardia bocagei,,,,,
Sheppardia poensis,Sheppardia poensis,,,,,
Sheppardia cyornithopsis,Sheppardia cyornithopsis,,,,,
Sheppardia aequatorialis,Sheppardia aequatorialis,,,,,
Sheppardia gabela,Sheppardia gabela,,,,,
Sheppardia polioptera,Sheppardia polioptera,,,,,
Irania gutturalis,Irania gutturalis,13,,9,18,
Luscinia luscinia,Luscinia luscinia,13,13,10,10,F
Luscinia megarhynchos,Luscinia megarhynchos,13,14,10,12,F
Luscinia svecica,Luscinia svecica,13,14,13,14,F
Luscinia phaenicuroides,Luscinia phaenicuroides,,,,,
Myiomela leucura,Myiomela leucura,,,,,
Myiomela cambodiana,,,,,,
,Myiomela sumatrana,,,,,
Myiomela diana,Myiomela diana,,,,,
Calliope obscura,Calliope obscura,,,,,
Calliope pectardens,Calliope pectardens,,,,,
Calliope calliope,Calliope calliope,14,14,13,13,F
Calliope pectoralis,Calliope pectoralis,13,14,15,,
Calliope tschebaiewi,Calliope tschebaiewi,13,14,15,15,
Enicurus scouleri,Enicurus scouleri,,,,,
Enicurus immaculatus,Enicurus immaculatus,,,,,
Enicurus schistaceus,Enicurus schistaceus,,,,,
Enicurus maculatus,Enicurus maculatus,,,,,
Enicurus leschenaulti,Enicurus leschenaulti,,,,,
,Enicurus borneensis,,,,,
Enicurus ruficapillus,Enicurus ruficapillus,,,,,
Enicurus velatus,Enicurus velatus,,,,,
Cinclidium frontale,Cinclidium frontale,,,,,
Myophonus insularis,Myophonus insularis,12,14,,,
Myophonus melanurus,Myophonus melanurus,,,,,
Myophonus castaneus,Myophonus castaneus,,,,,
Myophonus caeruleus,Myophonus caeruleus,,,,,
Myophonus glaucinus,Myophonus glaucinus,,,,,
Myophonus borneensis,Myophonus borneensis,,,,,
Myophonus robinsoni,Myophonus robinsoni,,,,,
Myophonus horsfieldii,Myophonus horsfieldii,16,17,,,
Myophonus blighi,Myophonus blighi,,,,,
Heinrichia calligyna,Heinrichia calligyna,,,,,
Heinrichia simplex,,,,,,
Vauriella gularis,Vauriella gularis,,,,,
Vauriella albigularis,Vauriella albigularis,,,,,
Vauriella insignis,Vauriella insignis,,,,,
Vauriella goodfellowi,Vauriella goodfellowi,,,,,
Leonardina woodi,Leonardina woodi,,,,,
Brachypteryx cruralis,Brachypteryx cruralis,,,,,
Brachypteryx sinensis,Brachypteryx sinensis,,,,,
Brachypteryx goodfellowi,Brachypteryx goodfellowi,,,,,
Brachypteryx hyperythra,Brachypteryx hyperythra,,,,,
Brachypteryx leucophris,Brachypteryx leucophris,,,,,
Brachypteryx poliogyna,Brachypteryx poliogyna,,,,,
Brachypteryx erythrogyna,Brachypteryx erythrogyna,,,,,
Brachypteryx saturata,Brachypteryx saturata,,,,,
Brachypteryx montana,Brachypteryx montana,,,,,
Brachypteryx floris,Brachypteryx floris,,,,,
Larvivora cyane,Larvivora cyane,,,,,
Larvivora brunnea,Larvivora brunnea,,,,,
Larvivora akahige,Larvivora akahige,12,15,12,,
Larvivora tanensis,Larvivora tanensis,,,,,
Larvivora komadori,Larvivora komadori,,,,,
Larvivora namiyei,Larvivora namiyei,,,,,
Larvivora sibilans,Larvivora sibilans,,,,,
Larvivora ruficeps,Larvivora ruficeps,,,,,
Ficedula zanthopygia,Ficedula zanthopygia,12,14,13,15,F
Ficedula elisae,Ficedula elisae,12,14,12,14,F
Ficedula narcissina,Ficedula narcissina,12,13,,,
Ficedula owstoni,Ficedula owstoni,12,13,,,F
Ficedula tricolor,Ficedula tricolor,,,,,F
Ficedula hyperythra,Ficedula hyperythra,,,,,B
Ficedula mugimaki,Ficedula mugimaki,13,,,,F
Ficedula erithacus,Ficedula erithacus,,,,,B
Ficedula hodgsoni,Ficedula hodgsoni,,,,,
Ficedula strophiata,Ficedula strophiata,,,,,
Ficedula sapphira,Ficedula sapphira,,,,,B
Ficedula superciliaris,Ficedula superciliaris,12,13,,,B
Ficedula westermanni,Ficedula westermanni,,,,,B
Ficedula ruficauda,Ficedula ruficauda,,,,,
Ficedula subrubra,Ficedula subrubra,,,,,
Ficedula parva,Ficedula parva,12,15,11,15,F
Ficedula albicilla,Ficedula albicilla,12,15,11,15,F
Ficedula semitorquata,Ficedula semitorquata,13,14,14,17,F
,Ficedula speculigera,13,15,14,18,F
Ficedula hypoleuca,Ficedula hypoleuca,13,15,14,18,F
Ficedula albicollis,Ficedula albicollis,12,14,15,18,F
Ficedula nigrorufa,Ficedula nigrorufa,,,,,
Ficedula riedeli,Ficedula riedeli,,,,,
Ficedula dumetoria,Ficedula dumetoria,,,,,
Ficedula disposita,Ficedula disposita,,,,,
Ficedula platenae,Ficedula platenae,,,,,
Ficedula rufigula,Ficedula rufigula,,,,,
Ficedula buruensis,Ficedula buruensis,,,,,
Ficedula harterti,Ficedula harterti,,,,,
Ficedula timorensis,Ficedula timorensis,,,,,
Ficedula basilanica,Ficedula basilanica,,,,,
Ficedula luzoniensis,Ficedula luzoniensis,,,,,
Ficedula crypta,Ficedula crypta,,,,,
Ficedula bonthaina,Ficedula bonthaina,,,,,
Ficedula henrici,Ficedula henrici,,,,,
Tarsiger indicus,Tarsiger indicus,,,,,
,Tarsiger formosanus,,,,,
Tarsiger chrysaeus,Tarsiger chrysaeus,,,14,15,
Tarsiger johnstoniae,Tarsiger johnstoniae,14,15,18,19,
Tarsiger hyperythrus,Tarsiger hyperythrus,,,,,
Tarsiger cyanurus,Tarsiger cyanurus,15,,15,,F
,Tarsiger albocoeruleus,,,,,
Tarsiger rufilatus,Tarsiger rufilatus,15,,15,,
Heteroxenicus stellatus,Heteroxenicus stellatus,,,,,
Phoenicurus erythronotus,Phoenicurus erythronotus,,,,,
Phoenicurus frontalis,Phoenicurus frontalis,,,,,
Phoenicurus coeruleocephala,Phoenicurus coeruleocephala,,,,,
Phoenicurus schisticeps,Phoenicurus schisticeps,,,,,
Phoenicurus fuliginosus,Phoenicurus fuliginosus,,,,,
Phoenicurus bicolor,Phoenicurus bicolor,,,,,
Phoenicurus leucocephalus,Phoenicurus leucocephalus,,,,,
Phoenicurus alaschanicus,Phoenicurus alaschanicus,,,,,
Phoenicurus ochruros,Phoenicurus ochruros,12,13,12,17,F
Phoenicurus phoenicurus,Phoenicurus phoenicurus,12,15,12,15,F
Phoenicurus moussieri,Phoenicurus moussieri,,,,,
Phoenicurus auroreus,Phoenicurus auroreus,16,18,13,14,
Phoenicurus hodgsoni,Phoenicurus hodgsoni,,,,,
Phoenicurus erythrogastrus,Phoenicurus erythrogastrus,12,16,14,22,
Monticola cinclorhyncha,Monticola cinclorhyncha,,,,,
Monticola gularis,Monticola gularis,,,,,
Monticola rufiventris,Monticola rufiventris,,,,,
Monticola brevipes,Monticola brevipes,13,14,16,16,
Monticola explorator,Monticola explorator,13,15,16,18,
Monticola erythronotus,Monticola erythronotus,15,,,,
Monticola sharpei,Monticola sharpei,,,,,
Monticola imerina,Monticola imerina,,,18,,
Monticola rufocinereus,Monticola rufocinereus,,,,,
Monticola saxatilis,Monticola saxatilis,13,15,13,17,F
Monticola solitarius,Monticola solitarius,12,15,15,18,
Monticola rupestris,Monticola rupestris,14,16,16,17,
Monticola angolensis,Monticola angolensis,13.5,15,18.5,20,
Monticola semirufus,Monticola semirufus,,,,,
Saxicola jerdoni,Saxicola jerdoni,,,,,
Saxicola ferreus,Saxicola ferreus,,,,,
Saxicola rubetra,Saxicola rubetra,12,13,12,13,F
Saxicola macrorhynchus,Saxicola macrorhynchus,,,,,
Saxicola gutturalis,Saxicola gutturalis,,,,,
Saxicola caprata,Saxicola caprata,13,14,13,15,
Saxicola insignis,Saxicola insignis,,,,,F
Saxicola leucurus,Saxicola leucurus,,,,,
,Saxicola stejnegeri,14,15,13,16,
Saxicola torquatus,Saxicola torquatus,14,15,13,16,F
Saxicola tectes,Saxicola tectes,14,,13,15,
,Saxicola maurus,,,,,
,Saxicola rubicola,14,15,13,16,F
Saxicola dacotiae,Saxicola dacotiae,13,15,16,18,
Campicoloides bifasciatus,Campicoloides bifasciatus,,,,,
Emarginata schlegelii,Emarginata schlegelii,15,,15,,
Emarginata tractrac,Emarginata tractrac,,,,,
Emarginata sinuata,Emarginata sinuata,,,,,
Pinarochroa sordida,Pinarochroa sordida,,,,,
Thamnolaea cinnamomeiventris,Thamnolaea cinnamomeiventris,14,15,15,21,
Myrmecocichla aethiops,Myrmecocichla aethiops,14,16,21,23,
Myrmecocichla tholloni,Myrmecocichla tholloni,,,,,
Myrmecocichla formicivora,Myrmecocichla formicivora,14,15,15,18,
Myrmecocichla monticola,Myrmecocichla monticola,13,14,16,17,
Myrmecocichla nigra,Myrmecocichla nigra,,,,,
Myrmecocichla melaena,Myrmecocichla melaena,,,,,
,,,,,,
Myrmecocichla arnotti,Myrmecocichla arnotti,13,14,21,22,F
Oenanthe oenanthe,Oenanthe oenanthe,10,18,10,21,F
Oenanthe seebohmi,Oenanthe seebohmi,,,,,F
Oenanthe pileata,Oenanthe pileata,,,,,
Oenanthe bottae,Oenanthe bottae,,,,,
Oenanthe frenata,Oenanthe frenata,,,,,
Oenanthe isabellina,Oenanthe isabellina,12,15,13,17,F
Oenanthe heuglinii,Oenanthe heuglinii,14,14,15,15,
Oenanthe monacha,Oenanthe monacha,14,15,14,15,
Oenanthe deserti,Oenanthe deserti,13,14,15,18,F
Oenanthe hispanica,Oenanthe hispanica,13,14,11,14,F
Oenanthe pleschanka,Oenanthe pleschanka,13,14,13,14,F
,Oenanthe melanoleuca,13,14,11,14,
Oenanthe cypriaca,Oenanthe cypriaca,13,13,13,15,
Oenanthe albifrons,Oenanthe albifrons,,,,,
Oenanthe phillipsi,Oenanthe phillipsi,,,,,
Oenanthe moesta,Oenanthe moesta,14,15,15,,
Oenanthe melanura,Oenanthe melanura,13,14,13,15,
Oenanthe familiaris,Oenanthe familiaris,13,15,13.5,19,
Oenanthe scotocerca,Oenanthe scotocerca,,,,,
Oenanthe dubia,Oenanthe dubia,,,,,
Oenanthe fusca,Oenanthe fusca,,,14,15,
Oenanthe picata,Oenanthe picata,12,13,13,14,
Oenanthe finschii,Oenanthe finschii,12,13,15,16,F
,,13,14,14,16,
Oenanthe lugens,Oenanthe lugens,13,14,14,16,
,,13,14,14,16,
Oenanthe xanthoprymna,Oenanthe xanthoprymna,13,13,14,14,F
Oenanthe chrysopygia,Oenanthe chrysopygia,13,13,,,
Oenanthe leucopyga,Oenanthe leucopyga,14,15,14,16,
Oenanthe albonigra,Oenanthe albonigra,,,,,
Oenanthe leucura,Oenanthe leucura,14,18,15,15,F
Oenanthe lugentoides,Oenanthe lugentoides,,,,,
Oenanthe lugubris,Oenanthe lugubris,13,14,15,16,
Cinclus cinclus,Cinclus cinclus,15,18,20,27,F
Cinclus pallasii,Cinclus pallasii,15,20,21,24,
Cinclus mexicanus,Cinclus mexicanus,14,17,24,31,F
Cinclus leucocephalus,Cinclus leucocephalus,,,,,
Cinclus schulzii,Cinclus schulzii,,,,,
Chloropsis flavipennis,Chloropsis flavipennis,,,,,
Chloropsis palawanensis,Chloropsis palawanensis,,,,,
Chloropsis sonnerati,Chloropsis sonnerati,,,,,
Chloropsis cyanopogon,Chloropsis cyanopogon,,,,,
Chloropsis moluccensis,Chloropsis moluccensis,13.5,,,,F
Chloropsis cochinchinensis,Chloropsis cochinchinensis,13.5,,,,
Chloropsis kinabaluensis,Chloropsis kinabaluensis,,,,,
Chloropsis jerdoni,Chloropsis jerdoni,,,,,
Chloropsis aurifrons,Chloropsis aurifrons,14,14,15,15,
Chloropsis media,Chloropsis media,13,14,,,
Chloropsis hardwickii,Chloropsis hardwickii,13,,12,,
Chloropsis lazulina,,,,,,
Chloropsis venusta,Chloropsis venusta,,,,,
Prionochilus maculatus,Prionochilus maculatus,,,,,
Prionochilus percussus,Prionochilus percussus,,,,,
Prionochilus plateni,Prionochilus plateni,,,,,
Prionochilus xanthopygius,Prionochilus xanthopygius,,,,,
Prionochilus thoracicus,Prionochilus thoracicus,,,,,
Prionochilus olivaceus,Pachyglossa olivacea,,,,,
Dicaeum proprium,Pachyglossa propria,,,,,
Dicaeum chrysorrheum,Pachyglossa chrysorrhea,,,,,B
Dicaeum melanozanthum,Pachyglossa melanozantha,,,,,
Dicaeum vincens,Pachyglossa vincens,,,,,
Dicaeum everetti,Pachyglossa everetti,,,,,
Dicaeum agile,Pachyglossa agilis,,,,,
Dicaeum dayakorum,Dicaeum dayakorum,,,,,
Dicaeum annae,Dicaeum annae,,,,,
Dicaeum aureolimbatum,Dicaeum aureolimbatum,,,,,
Dicaeum nigrilore,Dicaeum nigrilore,,,,,
Dicaeum anthonyi,Dicaeum anthonyi,,,,,
Dicaeum kampalili,Dicaeum kampalili,,,,,
Dicaeum bicolor,Dicaeum bicolor,,,,,
Dicaeum australe,Dicaeum australe,,,,,
Dicaeum haematostictum,Dicaeum haematostictum,,,,,
Dicaeum retrocinctum,Dicaeum retrocinctum,,,,,
Dicaeum quadricolor,Dicaeum quadricolor,,,,,
Dicaeum trigonostigma,Dicaeum trigonostigma,,,,,
Dicaeum hypoleucum,Dicaeum hypoleucum,,,,,
Dicaeum erythrorhynchos,Dicaeum erythrorhynchos,,,,,B
Dicaeum concolor,Dicaeum concolor,,,,,B
Dicaeum minullum,Dicaeum minullum,,,,,
,Dicaeum virescens,,,,,
Dicaeum pygmaeum,Dicaeum pygmaeum,,,,,
Dicaeum nehrkorni,Dicaeum nehrkorni,,,,,
Dicaeum erythrothorax,Dicaeum erythrothorax,,,,,
Dicaeum schistaceiceps,Dicaeum schistaceiceps,,,,,
Dicaeum vulneratum,Dicaeum vulneratum,,,,,
Dicaeum pectorale,Dicaeum pectorale,,,,,
Dicaeum geelvinkianum,Dicaeum geelvinkianum,,,,,
Dicaeum nitidum,Dicaeum nitidum,,,,,
Dicaeum eximium,Dicaeum eximium,,,,,
Dicaeum aeneum,Dicaeum aeneum,,,,,
Dicaeum tristrami,Dicaeum tristrami,,,,,
Dicaeum igniferum,Dicaeum igniferum,,,,,
Dicaeum maugei,Dicaeum maugei,,,,,
Dicaeum keiense,Dicaeum keiense,,,,,
Dicaeum hirundinaceum,Dicaeum hirundinaceum,10,12,15,,F
Dicaeum ignicolle,,,,,,
Dicaeum celebicum,Dicaeum celebicum,,,,,
Dicaeum monticolum,Dicaeum monticolum,,,,,
Dicaeum ignipectus,Dicaeum ignipectus,,,,,
Dicaeum cambodianum,Dicaeum cambodianum,,,,,
Dicaeum beccarii,Dicaeum beccarii,,,,,
Dicaeum luzoniense,Dicaeum luzoniense,,,,,
Dicaeum sanguinolentum,Dicaeum sanguinolentum,,,,,
Dicaeum rhodopygiale,Dicaeum rhodopygiale,,,,,
Dicaeum wilhelminae,Dicaeum wilhelminae,,,,,
Dicaeum hanieli,Dicaeum hanieli,,,,,
Dicaeum cruentatum,Dicaeum cruentatum,10,11,,,B
Dicaeum trochileum,Dicaeum trochileum,,,,,
Chalcoparia singalensis,Chalcoparia singalensis,,,,,
Deleornis fraseri,Deleornis fraseri,,,,,
Deleornis axillaris,Deleornis axillaris,,,,,
Anthreptes reichenowi,Anthreptes reichenowi,,,,,
Anthreptes anchietae,Anthreptes anchietae,,,,,
Anthreptes simplex,Anthreptes simplex,,,,,
Anthreptes malacensis,Anthreptes malacensis,,,,,
Anthreptes griseigularis,Anthreptes griseigularis,,,,,
Anthreptes rhodolaemus,Anthreptes rhodolaemus,,,,,
Anthreptes gabonicus,Anthreptes gabonicus,,,,,F
Anthreptes longuemarei,Anthreptes longuemarei,,,,,F
Anthreptes orientalis,Anthreptes orientalis,,,,,
Anthreptes neglectus,Anthreptes neglectus,,,,,
Anthreptes aurantius,Anthreptes aurantius,,,,,
Anthreptes seimundi,Anthreptes seimundi,,,,,
Anthreptes rectirostris,Anthreptes rectirostris,,,,,F
Anthreptes tephrolaemus,Anthreptes tephrolaemus,,,,,F
Anthreptes rubritorques,Anthreptes rubritorques,,,,,F
Hedydipna collaris,Hedydipna collaris,12,19,14,17,"F,B"
Hedydipna platura,Hedydipna platura,14,14,12,15,F
Hedydipna metallica,Hedydipna metallica,,,,,F
Hedydipna pallidigaster,Hedydipna pallidigaster,,,,,F
Anabathmis reichenbachii,Anabathmis reichenbachii,,,,,F
Anabathmis hartlaubii,Anabathmis hartlaubii,,,,,
Anabathmis newtonii,Anabathmis newtonii,,,,,
Dreptes thomensis,Dreptes thomensis,,,,,
Anthobaphes violacea,Anthobaphes violacea,14,15,15,22,F
Cyanomitra verticalis,Cyanomitra verticalis,,,,,
Cyanomitra bannermani,Cyanomitra bannermani,,,,,
Cyanomitra cyanolaema,Cyanomitra cyanolaema,14,14,,,F
Cyanomitra oritis,Cyanomitra oritis,,,,,
Cyanomitra alinae,Cyanomitra alinae,,,,,
Cyanomitra olivacea,Cyanomitra olivacea,12,15,13,17,
Cyanomitra verreauxii,Cyanomitra veroxii,,,,,
Chalcomitra adelberti,Chalcomitra adelberti,,,,,
Chalcomitra fuliginosa,Chalcomitra fuliginosa,,,,,
Chalcomitra rubescens,Chalcomitra rubescens,,,,,
Chalcomitra amethystina,Chalcomitra amethystina,13,18,17,,F
Chalcomitra senegalensis,Chalcomitra senegalensis,14,,23,,F
Chalcomitra hunteri,Chalcomitra hunteri,,,,,F
Chalcomitra balfouri,Chalcomitra balfouri,,,,,
Leptocoma zeylonica,Leptocoma zeylonica,15,16,11,14,F
Leptocoma minima,Leptocoma minima,,,,,
Leptocoma sperata,Leptocoma sperata,,,,,
Leptocoma juliae,,,,,,
Leptocoma brasiliana,Leptocoma brasiliana,,,,,
Leptocoma aspasia,Leptocoma aspasia,,,,,
Leptocoma calcostetha,Leptocoma calcostetha,,,,,
Nectarinia bocagii,Nectarinia bocagii,,,,,
Nectarinia purpureiventris,Nectarinia purpureiventris,,,,,
Nectarinia tacazze,Nectarinia tacazze,14,17,19,,F
Nectarinia kilimensis,Nectarinia kilimensis,14,16,14,22,F
Nectarinia famosa,Nectarinia famosa,13,13,14,21,F
Nectarinia johnstoni,Nectarinia johnstoni,,,22,22,F
Drepanorhynchus reichenowi,Drepanorhynchus reichenowi,,,,,
Cinnyris chloropygius,Cinnyris chloropygius,,,,,F
Cinnyris minullus,Cinnyris minullus,,,,,F
Cinnyris manoensis,Cinnyris manoensis,14,16,13,15,
Cinnyris gertrudis,Cinnyris gertrudis,,,,,
Cinnyris chalybeus,Cinnyris chalybeus,14,,15,19,F
Cinnyris neergaardi,Cinnyris neergaardi,,,,,
Cinnyris stuhlmanni,Cinnyris stuhlmanni,,,,,
,,,,,,
Cinnyris prigoginei,Cinnyris prigoginei,,,,,
Cinnyris ludovicensis,Cinnyris ludovicensis,14,,,,F
Cinnyris reichenowi,Cinnyris reichenowi,,,,,
Cinnyris afer,Cinnyris afer,15,15,14,,F
Cinnyris regius,Cinnyris regius,,,,,
Cinnyris rockefelleri,Cinnyris rockefelleri,,,,,
Cinnyris mediocris,Cinnyris mediocris,,,,,
Cinnyris usambaricus,Cinnyris usambaricus,,,,,
Cinnyris fuelleborni,Cinnyris fuelleborni,,,,,
Cinnyris moreaui,Cinnyris moreaui,,,,,
Cinnyris loveridgei,Cinnyris loveridgei,,,,,F
Cinnyris pulchellus,Cinnyris pulchellus,,,,,F
Cinnyris melanogastrus,Cinnyris melanogastrus,,,,,F
Cinnyris mariquensis,Cinnyris mariquensis,14,,,,F
Cinnyris shelleyi,Cinnyris shelleyi,,,,,
Cinnyris congensis,Cinnyris congensis,,,,,
Cinnyris erythrocercus,Cinnyris erythrocercus,,,,,
Cinnyris nectarinioides,Cinnyris nectarinioides,,,,,
Cinnyris bifasciatus,Cinnyris bifasciatus,,,,,
Cinnyris tsavoensis,Cinnyris tsavoensis,,,,,
Cinnyris chalcomelas,Cinnyris chalcomelas,,,,,
Cinnyris pembae,Cinnyris pembae,,,,,
Cinnyris bouvieri,Cinnyris bouvieri,,,,,
Cinnyris osea,Cinnyris osea,12,14,13,14,F
Cinnyris hellmayri,Cinnyris hellmayri,,,,,
Cinnyris habessinicus,Cinnyris habessinicus,,,,,
Cinnyris coccinigastrus,Cinnyris coccinigastrus,,,,,F
Cinnyris johannae,Cinnyris johannae,,,,,
Cinnyris superbus,Cinnyris superbus,,,,,F
Cinnyris rufipennis,Cinnyris rufipennis,,,,,
Cinnyris oustaleti,Cinnyris oustaleti,,,,,
Cinnyris talatala,Cinnyris talatala,13,14,14,15,F
Cinnyris venustus,Cinnyris venustus,14,,18,18,F
Cinnyris fuscus,Cinnyris fuscus,12,13,13,15,F
Cinnyris ursulae,Cinnyris ursulae,,,,,
Cinnyris batesi,Cinnyris batesi,,,,,
Cinnyris cupreus,Cinnyris cupreus,14,,11,16,"B,F"
Cinnyris asiaticus,Cinnyris asiaticus,14,15,13,17,
,Cinnyris ornatus,11,16,13,16,F
Cinnyris jugularis,Cinnyris jugularis,11,16,,,F
,Cinnyris aurora,11,16,,,F
,Cinnyris frenatus,11,16,,,F
,Cinnyris infrenatus,11,16,,,F
,Cinnyris teysmanni,11,16,,,F
,Cinnyris clementiae,11,16,,,F
Cinnyris idenburgi,Cinnyris idenburgi,,,,,
Cinnyris buettikoferi,Cinnyris buettikoferi,,,,,
Cinnyris solaris,Cinnyris solaris,,,,,
Cinnyris sovimanga,Cinnyris sovimanga,14,,,,F
Cinnyris notatus,Cinnyris notatus,,,15,16,F
Cinnyris moebii,,,,,,
Cinnyris voeltzkowi,,,,,,
Cinnyris dussumieri,Cinnyris dussumieri,11,16,20,,F
Cinnyris humbloti,Cinnyris humbloti,,,,,
Cinnyris comorensis,Cinnyris comorensis,,,,,
Cinnyris coquerellii,Cinnyris coquerellii,,,,,
Cinnyris lotenius,Cinnyris lotenius,,,,,
Aethopyga primigenia,Aethopyga primigenia,,,,,
Aethopyga boltoni,Aethopyga boltoni,,,,,
,Aethopyga tibolii,,,,,
Aethopyga linaraborae,Aethopyga linaraborae,,,,,
Aethopyga flagrans,Aethopyga flagrans,,,,,
Aethopyga guimarasensis,Aethopyga guimarasensis,,,,,
Aethopyga pulcherrima,Aethopyga pulcherrima,,,,,
Aethopyga duyvenbodei,Aethopyga duyvenbodei,,,,,
Aethopyga shelleyi,Aethopyga shelleyi,,,,,
Aethopyga bella,Aethopyga bella,,,,,
Aethopyga gouldiae,Aethopyga gouldiae,,,,,
Aethopyga nipalensis,Aethopyga nipalensis,,,,,
Aethopyga eximia,Aethopyga eximia,,,,,
Aethopyga christinae,Aethopyga christinae,,,,,
Aethopyga latouchii,,,,,,
Aethopyga saturata,Aethopyga saturata,,,,,
Aethopyga siparaja,Aethopyga siparaja,,,,,
Aethopyga magnifica,Aethopyga magnifica,,,,,
Aethopyga vigorsii,Aethopyga vigorsii,,,,,
Aethopyga mystacalis,Aethopyga mystacalis,,,,,
Aethopyga temminckii,Aethopyga temminckii,,,,,
Aethopyga ignicauda,Aethopyga ignicauda,,,,,
Kurochkinegramma hypogrammica,Kurochkinegramma hypogrammicum,,,,,
Arachnothera longirostra,Arachnothera longirostra,,,,,
Arachnothera flammifera,Arachnothera flammifera,,,,,
Arachnothera dilutior,Arachnothera dilutior,,,,,
Arachnothera crassirostris,Arachnothera crassirostris,,,,,
Arachnothera robusta,Arachnothera robusta,,,,,
Arachnothera flavigaster,Arachnothera flavigaster,,,,,
Arachnothera chrysogenys,Arachnothera chrysogenys,,,,,
Arachnothera clarae,Arachnothera clarae,,,,,
Arachnothera modesta,Arachnothera modesta,,,,,
Arachnothera affinis,Arachnothera affinis,,,,,
,Arachnothera everetti,,,,,
Arachnothera magna,Arachnothera magna,,,,,
Arachnothera juliae,Arachnothera juliae,,,,,
Hypocryptadius cinnamomeus,Hypocryptadius cinnamomeus,,,,,
Carpospiza brachydactyla,Carpospiza brachydactyla,13,14,11,16,F
Petronia petronia,Petronia petronia,11,14,18,19,F
Onychostruthus taczanowskii,Onychostruthus taczanowskii,9,15,18,24,F
Montifringilla henrici,Montifringilla henrici,,,,,
Montifringilla nivalis,Montifringilla nivalis,12,14,18,22,F
Montifringilla adamsi,Montifringilla adamsi,,,,,B
Pyrgilauda theresae,Pyrgilauda theresae,,,,,
Pyrgilauda ruficollis,Pyrgilauda ruficollis,,,,,
Pyrgilauda davidiana,Pyrgilauda davidiana,11,13,19,22,F
Pyrgilauda blanfordi,Pyrgilauda blanfordi,,,,,
Gymnoris pyrgita,Gymnoris pyrgita,,,,,
Gymnoris superciliaris,Gymnoris superciliaris,17,17,18,19,F
Gymnoris dentata,Gymnoris dentata,14,17,13,13,B
Gymnoris xanthocollis,Gymnoris xanthocollis,,,,,F
Passer melanurus,Passer melanurus,12,14,16,25,
Passer eminibey,Passer eminibey,18,19,,,
Passer cordofanicus,Passer cordofanicus,,,,,
Passer shelleyi,Passer shelleyi,,,,,
Passer rufocinctus,Passer rufocinctus,,,,,
Passer motitensis,Passer motitensis,12,14,15,18,
Passer griseus,Passer griseus,16,,19,,F
Passer swainsonii,Passer swainsonii,,,,,
Passer suahelicus,Passer suahelicus,,,,,
Passer gongonensis,Passer gongonensis,,,,,
Passer diffusus,Passer diffusus,,,16,25,B
Passer pyrrhonotus,Passer pyrrhonotus,,,,,B
Passer cinnamomeus,Passer cinnamomeus,,,,,B
Passer montanus,Passer montanus,10,15,14,20,B
Passer ammodendri,Passer ammodendri,12,14,13,15,F
Passer flaveolus,Passer flaveolus,,,,,
Passer hemileucus,Passer hemileucus,,,,,
Passer insularis,Passer insularis,,,,,
Passer hispaniolensis,Passer hispaniolensis,11,14,11,15,B
Passer italiae,Passer italiae,11,15,11,17,B
Passer domesticus,Passer domesticus,10,14,10,16,B
Passer castanopterus,Passer castanopterus,,,,,
Passer iagoensis,Passer iagoensis,,,,,
Passer simplex,Passer simplex,12,13,12,14,B
Passer zarudnyi,Passer zarudnyi,12,13,12,14,B
Passer euchlorus,Passer euchlorus,,,,,F
Passer luteus,Passer luteus,10,12,13,14,B
Passer moabiticus,Passer moabiticus,12,,14,15,F
Bubalornis albirostris,Bubalornis albirostris,,,,,F
Bubalornis niger,Bubalornis niger,11,14,20,23,F
Dinemellia dinemelli,Dinemellia dinemelli,,,14,14,
Plocepasser mahali,Plocepasser mahali,14,16,17,23,F
Plocepasser superciliosus,Plocepasser superciliosus,,,,,
Plocepasser donaldsoni,Plocepasser donaldsoni,,,,,
Plocepasser rufoscapulatus,Plocepasser rufoscapulatus,,,,,
Histurgops ruficauda,Histurgops ruficauda,,,,,
Pseudonigrita arnaudi,Pseudonigrita arnaudi,13,14,20,20,B
Pseudonigrita cabanisi,Pseudonigrita cabanisi,,,,,
Philetairus socius,Philetairus socius,13,14,21,24,B
Sporopipes squamifrons,Sporopipes squamifrons,10,12,14,18,F
Sporopipes frontalis,Sporopipes frontalis,,,,,F
Amblyospiza albifrons,Amblyospiza albifrons,14,16,18,20,F
Ploceus baglafecht,Ploceus baglafecht,11,15,15,19,F
Ploceus bannermani,Ploceus bannermani,,,,,
Ploceus batesi,Ploceus batesi,,,,,
Ploceus nigrimentus,Ploceus nigrimentus,,,,,
Ploceus bertrandi,Ploceus bertrandi,,,,,
Ploceus pelzelni,Ploceus pelzelni,15,,,,"F,B"
Ploceus subpersonatus,Ploceus subpersonatus,,,,,
Ploceus luteolus,Ploceus luteolus,12,12,18,20,B
Ploceus ocularis,Ploceus ocularis,13,14,15,19,B
Ploceus brachypterus,Ploceus brachypterus,,,,,B
Ploceus nigricollis,Ploceus nigricollis,,,,,F
Ploceus alienus,Ploceus alienus,,,,,
Ploceus melanogaster,Ploceus melanogaster,,,,,F
Ploceus capensis,Ploceus capensis,13,14,17,17,F
Ploceus temporalis,Ploceus temporalis,,,,,
Ploceus subaureus,Ploceus subaureus,,,19,22,F
Ploceus xanthops,Ploceus xanthops,14,15,19,22,
Ploceus aurantius,Ploceus aurantius,13,14,13,16,F
Ploceus heuglini,Ploceus heuglini,12,13,14,18,F
Ploceus bojeri,Ploceus bojeri,,,,,
Ploceus castaneiceps,Ploceus castaneiceps,13,13,16,16,
Ploceus princeps,Ploceus princeps,,,,,
Ploceus castanops,Ploceus castanops,,,,,
Ploceus xanthopterus,Ploceus xanthopterus,14,17,14,19,F
Ploceus holoxanthus,Ploceus holoxanthus,,,,,
Ploceus burnieri,Ploceus burnieri,,,,,
Ploceus galbula,Ploceus galbula,14,15,18,,F
Ploceus taeniopterus,Ploceus taeniopterus,,,,,F
Ploceus intermedius,Ploceus intermedius,13,13,15,15,F
Ploceus velatus,Ploceus velatus,14,,16,,F
Ploceus katangae,Ploceus katangae,,,,,
Ploceus ruweti,Ploceus ruweti,,,,,
Ploceus reichardi,Ploceus reichardi,,,,,
Ploceus vitellinus,Ploceus vitellinus,12,13,14,16,F
Ploceus spekei,Ploceus spekei,11,,16,,F
Ploceus spekeoides,Ploceus spekeoides,,,,,
Ploceus cucullatus,Ploceus cucullatus,12,14,17,21,F
Ploceus grandis,Ploceus grandis,,,,,
Ploceus castaneofuscus,Ploceus castaneofuscus,14,14,17,17,F
Ploceus nigerrimus,Ploceus nigerrimus,,,,,F
Ploceus weynsi,Ploceus weynsi,,,,,
Ploceus golandi,Ploceus golandi,,,,,
Ploceus dichrocephalus,Ploceus dichrocephalus,,,,,
Ploceus melanocephalus,Ploceus melanocephalus,,,,,F
Ploceus jacksoni,Ploceus jacksoni,,,,,
Ploceus badius,Ploceus badius,,,,,
Ploceus rubiginosus,Ploceus rubiginosus,11,14,13,16,F
Ploceus aureonucha,Ploceus aureonucha,,,,,
Ploceus tricolor,Ploceus tricolor,,,,,
Ploceus albinucha,Ploceus albinucha,,,,,
Ploceus nelicourvi,Ploceus nelicourvi,,,,,F
Ploceus sakalava,Ploceus sakalava,,,,,F
Ploceus hypoxanthus,Ploceus hypoxanthus,,,,,F
Ploceus superciliosus,Pachyphantes superciliosus,,,,,
Ploceus benghalensis,Ploceus benghalensis,13,15,15,15,F
Ploceus manyar,Ploceus manyar,14,17,17,18,B
Ploceus philippinus,Ploceus philippinus,14,15,13,23,F
Ploceus megarhynchus,Ploceus megarhynchus,14,15,12,15,F
Ploceus bicolor,Ploceus bicolor,15,17,22,22,B
Ploceus preussi,Ploceus preussi,,,,,
Ploceus dorsomaculatus,Ploceus dorsomaculatus,,,,,
Ploceus olivaceiceps,Ploceus olivaceiceps,,,,,B
Ploceus nicolli,Ploceus nicolli,,,,,
Ploceus insignis,Ploceus insignis,,,,,
Ploceus angolensis,Ploceus angolensis,,,,,
Ploceus sanctithomae,Ploceus sanctithomae,,,,,
Ploceus flavipes,Ploceus flavipes,,,,,
Malimbus coronatus,Malimbus coronatus,,,,,B
Malimbus cassini,Malimbus cassini,,,,,B
Malimbus racheliae,Malimbus racheliae,,,,,
Malimbus ballmanni,Malimbus ballmanni,,,,,
Malimbus scutatus,Malimbus scutatus,,,,,
Malimbus ibadanensis,Malimbus ibadanensis,14,,11,14,F
Malimbus nitens,Malimbus nitens,14,14,16,16,F
Malimbus rubricollis,Malimbus rubricollis,,,,,
Malimbus erythrogaster,Malimbus erythrogaster,,,,,
Malimbus malimbicus,Malimbus malimbicus,,,,,F
Anaplectes rubriceps,Anaplectes rubriceps,11,13,12,17,B
Anaplectes leuconotos,,12,13,12,,B
Anaplectes jubaensis,Anaplectes jubaensis,,,,,
Quelea cardinalis,Quelea cardinalis,12,14,16,18,F
Quelea erythrops,Quelea erythrops,12,14,12,14,F
Quelea quelea,Quelea quelea,10,12,10,11,
Foudia madagascariensis,Foudia madagascariensis,11,14,15,16,F
Foudia eminentissima,Foudia eminentissima,,,,,
Foudia consobrina,,,,,,
Foudia aldabrana,Foudia aldabrana,13,16,15,18,F
Foudia omissa,Foudia omissa,11,14,15,16,
Foudia delloni,Foudia delloni,,,,,
Foudia rubra,Foudia rubra,14,14,18,,F
Foudia sechellarum,Foudia sechellarum,14,14,,,F
Foudia flavicans,Foudia flavicans,13,16,14,,F
Brachycope anomala,Brachycope anomala,,,,,
Euplectes afer,Euplectes afer,12,14,13,,F
Euplectes diadematus,Euplectes diadematus,10,12,11,12,F
Euplectes gierowii,Euplectes gierowii,,,,,
Euplectes nigroventris,Euplectes nigroventris,12,12,13,16,F
Euplectes hordeaceus,Euplectes hordeaceus,12,14,11,16,F
Euplectes orix,Euplectes orix,12,13,11,15,F
Euplectes franciscanus,Euplectes franciscanus,13,14,14,16,F
Euplectes aureus,Euplectes aureus,13,14,15,21,F
Euplectes capensis,Euplectes capensis,13,16,14,20,F
Euplectes axillaris,Euplectes axillaris,12,14,15,16,F
Euplectes macroura,Euplectes macroura,12,14,15,15,F
Euplectes hartlaubi,Euplectes hartlaubi,,,,,
Euplectes psammacromius,Euplectes psammacromius,,,,,
Euplectes albonotatus,Euplectes albonotatus,12,15,11,14,F
Euplectes ardens,Euplectes ardens,12,15,14,17,F
Euplectes laticauda,Euplectes laticauda,13,14,16,16,F
Euplectes progne,Euplectes progne,12,14,17,,F
Euplectes jacksoni,Euplectes jacksoni,12,13,17,17,F
Heteromunia pectoralis,Heteromunia pectoralis,12,14,21,,B
Oreostruthus fuliginosus,Oreostruthus fuliginosus,,,,,
Stagonopleura guttata,Stagonopleura guttata,14,,21,23,B
Stagonopleura oculata,Stagonopleura oculata,14,14,21,24,
Stagonopleura bella,Stagonopleura bella,14,16,25,27,
Neochmia phaeton,Neochmia phaeton,14,,20,22,F
Neochmia evangelinae,,14,14,20,22,F
Neochmia temporalis,Neochmia temporalis,13,15,21,21,
Emblema pictum,Emblema pictum,13,14,21,25,
Neochmia ruficauda,Emblema ruficauda,12,15,21,21,
Neochmia modesta,Emblema modesta,12,12,21,21,
Taeniopygia bichenovii,Stizoptera bichenovii,11,12,19,19,
Taeniopygia guttata,Taeniopygia guttata,,,,,
Taeniopygia castanotis,,11,14,17,18,
Poephila personata,Poephila personata,13,15,20,23,B
Poephila acuticauda,Poephila acuticauda,13,14,21,21,B
Poephila cincta,Poephila cincta,12,14,21,22,
Spermestes griseicapilla,Spermestes griseicapilla,13,14,22,23,
Spermestes cucullata,Spermestes cucullata,14,14,14,20,
Spermestes fringilloides,Spermestes fringilloides,13,14,21,,
Spermestes bicolor,Spermestes bicolor,14,14,16,21,
Lepidopygia nana,Lepidopygia nana,,,21,33,B
Euodice cantans,Euodice cantans,11,13,21,21,
Euodice malabarica,Euodice malabarica,12,14,21,23,
Padda oryzivora,Padda oryzivora,13,15,15,32,B
Padda fuscata,Padda fuscata,13,16,29,34,
Lonchura tristissima,Mayrimunia tristissima,14,14,,,
Lonchura leucosticta,Mayrimunia leucosticta,14,14,,,
Lonchura punctulata,Lonchura punctulata,14,14,18,19,
Lonchura kelaarti,Lonchura kelaarti,,,,,
Lonchura molucca,Lonchura molucca,15,16,18,21,
Lonchura striata,Lonchura striata,14,14,21,25,
Lonchura fuscans,Lonchura fuscans,14,14,20,23,
Lonchura leucogastra,Lonchura leucogastra,14,16,10,21,
Lonchura leucogastroides,Lonchura leucogastroides,13,13,18,20,
Lonchura malacca,Lonchura malacca,12,13,21,,
Lonchura atricapilla,Lonchura atricapilla,12,13,21,,
Lonchura ferruginosa,Lonchura ferruginosa,13,14,21,,
Lonchura maja,Lonchura maja,12,13,21,21,
Lonchura pallida,Lonchura pallida,14,16,20,22,
Lonchura grandis,Lonchura grandis,14,14,21,21,
Lonchura teerinki,Lonchura teerinki,14,15,21,24,
Lonchura montana,Lonchura montana,,,,,
Lonchura monticola,Lonchura monticola,,,,,
Lonchura vana,Lonchura vana,,,,,
Lonchura nevermanni,Lonchura nevermanni,12,14,20,22,
Lonchura caniceps,Lonchura caniceps,,,,,
Lonchura spectabilis,Lonchura spectabilis,14,15,18,21,
Lonchura forbesi,Lonchura forbesi,,,,,
Lonchura hunsteini,Lonchura hunsteini,,,,,
,Lonchura nigerrima,,,,,
Lonchura flaviprymna,Lonchura flaviprymna,12,14,21,21,B
Lonchura quinticolor,Lonchura quinticolor,14,16,21,21,B
Lonchura castaneothorax,Lonchura castaneothorax,13,14,16,19,
Lonchura stygia,Lonchura stygia,15,15,21,23,
Lonchura melaena,Lonchura melaena,,,,,
Chloebia gouldiae,Chloebia gouldiae,14,15,21,22,B
Erythrura prasina,Erythrura prasina,12,14,21,21,
Erythrura viridifacies,Erythrura viridifacies,14,14,,,
Erythrura hyperythra,Erythrura hyperythra,13,14,21,27,
Erythrura psittacea,Erythrura psittacea,13,13,18,22,
Erythrura pealii,Erythrura pealii,13,14,18,21,
,,13,14,18,21,
Erythrura cyaneovirens,Erythrura cyaneovirens,13,14,18,21,
Erythrura kleinschmidti,Erythrura kleinschmidti,,,,,
Erythrura tricolor,Erythrura tricolor,13,15,17,17,
Erythrura coloria,Erythrura coloria,14,14,21,23,
Erythrura papuana,Erythrura papuana,,,,,
Erythrura trichroa,Erythrura trichroa,12,14,21,21,
Nesocharis shelleyi,Nesocharis shelleyi,,,,,
Nesocharis ansorgei,Nesocharis ansorgei,,,,,B
Coccopygia quartinia,Coccopygia quartinia,13,14,21,22,
Coccopygia bocagei,Coccopygia bocagei,,,,,
Coccopygia melanotis,Coccopygia melanotis,12,13,19,22,
Mandingoa nitidula,Mandingoa nitidula,12,14,21,23,
Cryptospiza shelleyi,Cryptospiza shelleyi,,,,,
Cryptospiza jacksoni,Cryptospiza jacksoni,,,,,
Cryptospiza salvadorii,Cryptospiza salvadorii,14,16,20,21,
Cryptospiza reichenovii,Cryptospiza reichenovii,13,14,21,21,B
Parmoptila rubrifrons,Parmoptila rubrifrons,,,,,
Parmoptila woodhousei,Parmoptila woodhousei,12,,,,
Parmoptila jamesoni,Parmoptila jamesoni,,,,,
Nigrita fusconotus,Nigrita fusconotus,,,,,
Nigrita bicolor,Nigrita bicolor,12,13,17,21,
Nigrita canicapillus,Nigrita canicapillus,12,13,,,
Nigrita luteifrons,Nigrita luteifrons,,,,,
Delacourella capistrata,Delacourella capistrata,15,16,21,22,
Brunhilda charmosyna,Brunhilda charmosyna,,,,,
Brunhilda erythronotos,Brunhilda erythronotos,12,12,19,23,
Glaucestrilda coerulescens,Glaucestrilda caerulescens,11,12,19,,
Glaucestrilda perreini,Glaucestrilda perreini,12,12,18,21,
Glaucestrilda thomensis,Glaucestrilda thomensis,12,14,17,21,
Estrilda nonnula,Estrilda nonnula,12,14,17,21,
Estrilda atricapilla,Estrilda atricapilla,12,12,18,20,
Estrilda kandti,Estrilda kandti,,,,,
Estrilda melpoda,Estrilda melpoda,11,11,19,21,B
Estrilda poliopareia,Estrilda poliopareia,,,,,
Estrilda paludicola,Estrilda paludicola,12,13,19,21,
Estrilda astrild,Estrilda astrild,11,12,17,21,B
Estrilda nigriloris,Estrilda nigriloris,,,,,
Estrilda troglodytes,Estrilda troglodytes,11,12,17,20,
Estrilda rhodopyga,Estrilda rhodopyga,12,14,17,19,
Estrilda rufibarba,Estrilda rufibarba,,,,,
Ortygospiza atricollis,Ortygospiza atricollis,14,14,19,21,
Paludipasser locustella,Paludipasser locustella,,,,,B
Amadina fasciata,Amadina fasciata,12,13,21,27,
Amadina erythrocephala,Amadina erythrocephala,14,14,20,20,B
Amandava formosa,Amandava formosa,11,12,18,21,B
Amandava subflava,Amandava subflava,13,14,19,21,
Amandava amandava,Amandava amandava,11,14,17,21,B
Granatina ianthinogaster,Granatina ianthinogaster,13,14,18,19,
Granatina granatina,Granatina granatina,14,14,16,18,
Uraeginthus angolensis,Uraeginthus angolensis,13,14,17,19,
Uraeginthus bengalus,Uraeginthus bengalus,13,14,16,19,
Uraeginthus cyanocephalus,Uraeginthus cyanocephalus,13,14,17,19,
Spermophaga poliogenys,Spermophaga poliogenys,,,,,
Spermophaga haematina,Spermophaga haematina,14,16,21,22,
Spermophaga ruficapilla,Spermophaga ruficapilla,17,18,20,20,
Pyrenestes minor,Pyrenestes minor,13,15,20,23,B
Pyrenestes sanguineus,Pyrenestes sanguineus,16,16,24,24,B
Pyrenestes ostrinus,Pyrenestes ostrinus,16,16,24,24,
Pytilia melba,Pytilia melba,12,13,21,21,
Pytilia afra,Pytilia afra,12,14,21,21,
Pytilia phoenicoptera,Pytilia phoenicoptera,14,14,19,21,
Pytilia lineata,Pytilia lineata,,,,,
Pytilia hypogrammica,Pytilia hypogrammica,12,14,20,22,
Euschistospiza dybowskii,Euschistospiza dybowskii,13,14,18,20,
Euschistospiza cinereovinacea,Euschistospiza cinereovinacea,13,13,21,21,B
Hypargos niveoguttatus,Hypargos niveoguttatus,13,14,21,21,
Hypargos margaritatus,Hypargos margaritatus,12,14,20,21,
Clytospiza monteiri,Clytospiza monteiri,13,13,19,21,
Lagonosticta senegala,Lagonosticta senegala,11,12,18,19,
Lagonosticta rubricata,Lagonosticta rubricata,12,14,,,B
Lagonosticta rhodopareia,Lagonosticta rhodopareia,12,13,16,19,
Lagonosticta virata,Lagonosticta virata,11,13,19,19,
Lagonosticta sanguinodorsalis,Lagonosticta sanguinodorsalis,,,,,B
Lagonosticta umbrinodorsalis,Lagonosticta umbrinodorsalis,,,,,
Lagonosticta rara,Lagonosticta rara,13,14,18,20,
Lagonosticta rufopicta,Lagonosticta rufopicta,13,14,17,19,
Lagonosticta nitidula,Lagonosticta nitidula,13,14,18,19,
Lagonosticta larvata,Lagonosticta larvata,11,12,17,19,
Lagonosticta vinacea,,,,,,
Lagonosticta nigricollis,,11,12,17,19,
Vidua chalybeata,Vidua chalybeata,11,12,17,18,
Vidua purpurascens,Vidua purpurascens,,,,,
Vidua raricola,Vidua raricola,,,,,
Vidua larvaticola,Vidua larvaticola,,,,,
Vidua funerea,Vidua funerea,,,,,
Vidua codringtoni,Vidua codringtoni,,,,,
Vidua wilsoni,Vidua wilsoni,,,17,19,
Vidua nigeriae,Vidua nigeriae,,,,,
Vidua maryae,Vidua maryae,,,,,
Vidua camerunensis,Vidua camerunensis,11,12,17,18,
Vidua macroura,Vidua macroura,11,11,20,20,
Vidua hypocherina,Vidua hypocherina,,,20,,
Vidua fischeri,Vidua fischeri,,,18,,
Vidua regia,Vidua regia,12,13,20,,
Vidua paradisaea,Vidua paradisaea,11,11,21,,
Vidua orientalis,Vidua orientalis,11,13,16,16,
Vidua interjecta,Vidua interjecta,11,12,14,14,
Vidua togoensis,Vidua togoensis,,,,,
Vidua obtusa,Vidua obtusa,,,,,
Anomalospiza imberbis,Anomalospiza imberbis,14,18,18,,
Peucedramus taeniatus,Peucedramus taeniatus,,,,,F
Prunella collaris,Prunella collaris,11,15,12,16,F
Prunella himalayana,Prunella himalayana,,13,,,F
Prunella rubeculoides,Prunella rubeculoides,,,,,
Prunella strophiata,Prunella strophiata,,,,,B
Prunella montanella,Prunella montanella,10,10,14,14,F
Prunella fulvescens,Prunella fulvescens,10,12,10,15,F
Prunella ocularis,Prunella ocularis,11,12,12,12,F
Prunella atrogularis,Prunella atrogularis,11,14,11,14,F
Prunella koslowi,Prunella koslowi,,,,,
Prunella modularis,Prunella modularis,12,13,11,13,F
Prunella rubida,Prunella rubida,12,13,11,13,
Prunella immaculata,Prunella immaculata,,,,,
Dendronanthus indicus,Dendronanthus indicus,,,,,F
Motacilla flava,Motacilla flava,11,14,10,14,B
Motacilla tschutschensis,Motacilla tschutschensis,9,13,9,16,B
Motacilla citreola,Motacilla citreola,11,15,10,15,B
Motacilla capensis,Motacilla capensis,12,14,15,16,B
Motacilla flaviventris,Motacilla flaviventris,,,15,16,B
Amaurocichla bocagii,Motacilla bocagii,,,,,
Motacilla cinerea,Motacilla cinerea,11,13,11,13,B
Motacilla clara,Motacilla clara,13,14,14,16,B
Motacilla alba,Motacilla alba,11,16,11,16,B
Motacilla aguimp,Motacilla aguimp,13,14,15,16,B
Motacilla samveasnae,Motacilla samveasnae,,,,,
Motacilla grandis,Motacilla grandis,11,13,13,15,B
Motacilla maderaspatensis,Motacilla maderaspatensis,,,,,
Tmetothylacus tenellus,Tmetothylacus tenellus,,,,,
Macronyx sharpei,Macronyx sharpei,,,,,
Macronyx flavicollis,Macronyx flavicollis,,,,,
Macronyx fuelleborni,Macronyx fuelleborni,,,,,
Macronyx capensis,Macronyx capensis,,,,,
Macronyx croceus,Macronyx croceus,13,14,16,17,F
Macronyx aurantiigula,Macronyx aurantiigula,13,,,,F
Macronyx ameliae,Macronyx ameliae,13,14,,16,F
Macronyx grimwoodi,Macronyx grimwoodi,,,,,
Anthus richardi,Anthus richardi,,,,,B
Anthus rufulus,Anthus rufulus,,,,,B
,Anthus australis,13,13,14,14,F
Anthus novaeseelandiae,Anthus novaeseelandiae,13,,14,,F
Anthus cinnamomeus,Anthus cinnamomeus,12,13,12,17,B
Anthus hoeschi,Anthus hoeschi,,,,,
Anthus godlewskii,Anthus godlewskii,12,14,,,F
Anthus campestris,Anthus campestris,11.5,14,13,14,F
Anthus similis,Anthus similis,13,14,13,14,F
,Anthus nicholsoni,13,14,13,14,F
Anthus nyassae,Anthus nyassae,,,,,
Anthus vaalensis,Anthus vaalensis,,,,,
Anthus leucophrys,Anthus leucophrys,,,,,
Anthus pallidiventris,Anthus pallidiventris,,,,,
Anthus pratensis,Anthus pratensis,13,13,12.5,15,"F,B"
Anthus trivialis,Anthus trivialis,12,14,12,14,F
Anthus hodgsoni,Anthus hodgsoni,12,13,11,12,F
Anthus gustavi,Anthus gustavi,12,13,12,14,
Anthus roseatus,Anthus roseatus,,,,,
Anthus cervinus,Anthus cervinus,11,14,11,15,F
,Anthus japonicus,14.5,,13,16,F
Anthus rubescens,Anthus rubescens,13,15,12,15,F
Anthus spinoletta,Anthus spinoletta,14,15,14,15,F
Anthus petrosus,Anthus petrosus,14,15,16,16,F
Anthus nilghiriensis,Anthus nilghiriensis,,,,,
Anthus sylvanus,Anthus sylvanus,,,,,
Anthus berthelotii,Anthus berthelotii,,,,,
Anthus lineiventris,Anthus lineiventris,13,13,14,14,F
Anthus crenatus,Anthus crenatus,12,13,11,,
Anthus brachyurus,Anthus brachyurus,,,,,
Anthus caffer,Anthus caffer,,,,,
Anthus sokokensis,Anthus sokokensis,,,,,
Anthus melindae,Anthus melindae,,,,,
Hemimacronyx chloris,Hemimacronyx chloris,,,,,
Anthus gutturalis,Anthus gutturalis,,,,,
Madanga ruficollis,Anthus ruficollis,,,,,
Anthus spragueii,Anthus spragueii,12,15,9,17,F
Anthus chii,Anthus chii,13,14,13,17,
Anthus peruvianus,Anthus peruvianus,,,,,
Anthus furcatus,Anthus furcatus,,,,,
Anthus brevirostris,Anthus brevirostris,,,,,
Anthus chacoensis,Anthus chacoensis,,,,,
Anthus correndera,Anthus correndera,,,,,
Anthus antarcticus,Anthus antarcticus,,,,,
Anthus nattereri,Anthus nattereri,,,,,F
Anthus hellmayri,Anthus hellmayri,13,14,9,14,F
Anthus bogotensis,Anthus bogotensis,,,,,
Urocynchramus pylzowi,Urocynchramus pylzowi,,,,,F
Fringilla coelebs,Fringilla coelebs,10,16,11,18,F
,Fringilla spodiogenys,,,,,
,Fringilla moreletti,,,,,F
,Fringilla maderensis,,,,,
,Fringilla canariensis,,,,,
Fringilla teydea,Fringilla teydea,13,17,17,18,F
Fringilla polatzeki,Fringilla polatzeki,14,16,16,18,F
Fringilla montifringilla,Fringilla montifringilla,11,12,13,14,F
Mycerobas icterioides,Mycerobas icterioides,14,15,,,F
Mycerobas affinis,Mycerobas affinis,,,,,
Mycerobas melanozanthos,Mycerobas melanozanthos,,,,,F
Mycerobas carnipes,Mycerobas carnipes,15,16,17,18,B
Hesperiphona vespertina,Coccothraustes vespertinus,12,14,13,14,F
Hesperiphona abeillei,Coccothraustes abeillei,,,,,
Coccothraustes coccothraustes,Coccothraustes coccothraustes,11,13,12,13,F
Eophona migratoria,Eophona migratoria,,,,,F
Eophona personata,Eophona personata,,,,,
Pinicola enucleator,Pinicola enucleator,13,14,14,18,F
Pyrrhula nipalensis,Pyrrhula nipalensis,,,,,
Pyrrhula waterstradti,,,,,,
Pyrrhula aurantiaca,Pyrrhula aurantiaca,,14,12,16,F
Pyrrhula erythrocephala,Pyrrhula erythrocephala,,,,,
Pyrrhula erythaca,Pyrrhula erythaca,,,,,F
,Pyrrhula owstoni,,,,,F
Pyrrhula leucogenis,Pyrrhula leucogenis,,,,,
Pyrrhula pyrrhula,Pyrrhula pyrrhula,12,14,15,20,F
Pyrrhula murina,Pyrrhula murina,13,13,15,15,F
Rhodopechys sanguineus,Rhodopechys sanguineus,13,15,10,17,F
Rhodopechys alienus,,13,15,10,17,F
Bucanetes githagineus,Bucanetes githagineus,11,14,12,14,F
Bucanetes mongolicus,Bucanetes mongolicus,13,13,18,18,B
Agraphospiza rubescens,Agraphospiza rubescens,13,13,14,14,
Callacanthis burtoni,Callacanthis burtoni,,,,,
Pyrrhoplectes epauletta,Pyrrhoplectes epauletta,,,,,
Procarduelis nipalensis,Procarduelis nipalensis,,,,,
Leucosticte nemoricola,Leucosticte nemoricola,13,15,15,19,F
Leucosticte brandti,Leucosticte brandti,13,,15,17,F
Leucosticte arctoa,Leucosticte arctoa,12,,,,F
Leucosticte tephrocotis,Leucosticte tephrocotis,12,16,15,22,F
Leucosticte atrata,Leucosticte atrata,11,14,20,,F
Leucosticte australis,Leucosticte australis,12,14,14,20,F
Carpodacus erythrinus,Carpodacus erythrinus,11,14,10,13,F
Carpodacus sipahi,Carpodacus sipahi,,,,,
Carpodacus ferreorostris,Carpodacus ferreorostris,,,,,
Carpodacus rubicilloides,Carpodacus rubicilloides,,,,,F
Carpodacus rubicilla,Carpodacus rubicilla,16,16,17,17,F
,Carpodacus grandis,,,,,
Carpodacus rhodochlamys,Carpodacus rhodochlamys,,,,,B
Carpodacus pulcherrimus,Carpodacus pulcherrimus,,,,,F
,Carpodacus davidianus,,,,,
Carpodacus waltoni,Carpodacus waltoni,,,,,
Carpodacus rodochroa,Carpodacus rodochroa,,,,,F
Carpodacus edwardsii,Carpodacus edwardsii,,,,,
Carpodacus rodopeplus,Carpodacus rodopeplus,,,,,
Carpodacus verreauxii,Carpodacus verreauxii,,,,,
Carpodacus vinaceus,Carpodacus vinaceus,,,,,F
Carpodacus formosanus,Carpodacus formosanus,,,,,
Carpodacus synoicus,Carpodacus synoicus,13,14,14,16,B
Carpodacus stoliczkae,Carpodacus stoliczkae,13,14,14,16,B
Carpodacus roborowskii,Carpodacus roborowskii,,,,,F
Carpodacus sillemi,Carpodacus sillemi,,,,,
Carpodacus sibiricus,Carpodacus sibiricus,11,12,13,14,B
Carpodacus lepidus,,11,12,13,14,B
Carpodacus roseus,Carpodacus roseus,14,15,15,,F
Carpodacus trifasciatus,Carpodacus trifasciatus,,,,,
Carpodacus thura,Carpodacus thura,,,,,
Carpodacus dubius,Carpodacus dubius,,,,,
Carpodacus puniceus,Carpodacus puniceus,,,,,
Carpodacus subhimachalus,Carpodacus subhimachalus,,,,,
Melamprosops phaeosoma,Melamprosops phaeosoma,16,,21,,F
Paroreomyza maculata,Paroreomyza maculata,,,,,
Paroreomyza flammea,Paroreomyza flammea,,,,,
Paroreomyza montana,Paroreomyza montana,16,18,17,19,F
Oreomystis bairdi,Oreomystis bairdi,13,20,16,23,F
Telespiza cantans,Telespiza cantans,16,,22,26,F
Telespiza ultima,Telespiza ultima,15,,24,,
Loxioides bailleui,Loxioides bailleui,16,17,21,29,F
Rhodacanthis flaviceps,Rhodacanthis flaviceps,,,,,
Rhodacanthis palmeri,Rhodacanthis palmeri,,,,,
Chloridops kona,Chloridops kona,,,,,
Psittirostra psittacea,Psittirostra psittacea,,,,,
Dysmorodrepanis munroi,Dysmorodrepanis munroi,,,,,
Drepanis coccinea,Drepanis coccinea,14,14,21,22,F
Drepanis pacifica,Drepanis pacifica,,,,,
Drepanis funerea,Drepanis funerea,,,,,
Ciridops anna,Ciridops anna,,,,,
Palmeria dolei,Palmeria dolei,16,19,17,27,F
Himatione sanguinea,Himatione sanguinea,13,14,15,17,F
Himatione fraithii,Himatione fraithii,,,,,
Viridonia sagittirostris,Viridonia sagittirostris,,,,,
Akialoa obscura,Akialoa obscura,,,,,
Akialoa ellisiana,Akialoa ellisiana,,,,,
Akialoa stejnegeri,Akialoa stejnegeri,,,,,
Akialoa lanaiensis,Akialoa lanaiensis,,,,,
Hemignathus lucidus,Hemignathus lucidus,,,,,
Hemignathus hanapepe,Hemignathus hanapepe,,,,,
Hemignathus affinis,Hemignathus affinis,,,,,
Hemignathus wilsoni,Hemignathus wilsoni,21,,,,F
Pseudonestor xanthophrys,Pseudonestor xanthophrys,16,,18,22,F
Magumma parva,Magumma parva,14,15,17,19,F
Manucerthia mana,Loxops mana,13,14,18,21,F
Loxops caeruleirostris,Loxops caeruleirostris,15,19,16,22,F
Loxops coccineus,Loxops coccineus,14,16,16,20,F
Loxops wolstenholmei,Loxops wolstenholmei,,,,,
Loxops ochraceus,Loxops ochraceus,,,,,
Chlorodrepanis virens,Chlorodrepanis virens,12,16,15,21,F
Chlorodrepanis flava,Chlorodrepanis flava,,,,,F
Chlorodrepanis stejnegeri,Chlorodrepanis stejnegeri,14,,17,20,F
Haemorhous purpureus,Haemorhous purpureus,12,13,13,16,F
Haemorhous cassinii,Haemorhous cassinii,12,,,,F
Haemorhous mexicanus,Haemorhous mexicanus,12,17,,,F
Chloris chloris,Chloris chloris,11,15,14,18,F
Chloris sinica,Chloris sinica,12,15,,,F
,,12,15,,,F
Chloris spinoides,Chloris spinoides,13,14,13,14,
Chloris monguilloti,Chloris monguilloti,,,,,
Chloris ambigua,Chloris ambigua,,,,,
Rhodospiza obsoleta,Rhodospiza obsoleta,12,15,13,14,F
Rhynchostruthus socotranus,Rhynchostruthus socotranus,,,,,
Rhynchostruthus percivali,Rhynchostruthus percivali,,,,,
Rhynchostruthus louisae,Rhynchostruthus louisae,,,,,
Linurgus olivaceus,Linurgus olivaceus,,,,,
Crithagra rufobrunnea,Crithagra rufobrunnea,,,,,
Crithagra concolor,Crithagra concolor,,,,,
Crithagra citrinelloides,Crithagra citrinelloides,12,13,15,,F
Crithagra frontalis,Crithagra frontalis,,,,,
Crithagra hyposticta,Crithagra hyposticta,,,,,
Crithagra capistrata,Crithagra capistrata,,,,,
Crithagra koliensis,Crithagra koliensis,,,,,
Crithagra scotops,Crithagra scotops,14,14,15,19,F
Crithagra leucopygia,Crithagra leucopygia,12,12,16,16,
Crithagra atrogularis,Crithagra atrogularis,12,13,15,17,F
Crithagra xanthopygia,Crithagra xanthopygia,,,,,
Crithagra reichenowi,Crithagra reichenowi,,,,,
Crithagra rothschildi,Crithagra rothschildi,,,13,14,F
Crithagra flavigula,Crithagra flavigula,,,,,
Crithagra xantholaema,Crithagra xantholaema,,,,,
Crithagra citrinipectus,Crithagra citrinipectus,12,14,14,16,F
Crithagra mozambica,Crithagra mozambica,13,14,16,24,F
Crithagra dorsostriata,Crithagra dorsostriata,,,,,F
Crithagra ankoberensis,Crithagra ankoberensis,,,,,
Crithagra menachensis,Crithagra menachensis,,,,,
Crithagra totta,Crithagra totta,16,17,20,,F
Crithagra symonsi,Crithagra symonsi,17,19,,,F
Crithagra donaldsoni,Crithagra donaldsoni,,,,,
Crithagra buchanani,Crithagra buchanani,,,,,
Crithagra flaviventris,Crithagra flaviventris,12,14,14,19,F
Crithagra sulphurata,Crithagra sulphurata,12,14,14,21,F
Crithagra striatipectus,Crithagra striatipectus,,,,,
Crithagra reichardi,Crithagra reichardi,,,,,
Crithagra gularis,Crithagra gularis,12.5,15,17,18,F
Crithagra canicapilla,Crithagra canicapilla,,,,,
Crithagra mennelli,Crithagra mennelli,13,,18,,F
Crithagra tristriata,Crithagra tristriata,,,,,
Crithagra albogularis,Crithagra albogularis,14,18,15,19,F
Crithagra burtoni,Crithagra burtoni,,,,,B
Crithagra striolata,Crithagra striolata,12,12,14,17,F
,Crithagra whytii,,,,,
Crithagra melanochroa,Crithagra melanochroa,,,,,
Crithagra leucoptera,Crithagra leucoptera,17,17,14,14,
Linaria flavirostris,Linaria flavirostris,12,13,12,13,F
Linaria cannabina,Linaria cannabina,11,13,10,14,F
Linaria yemenensis,Linaria yemenensis,,,,,F
Linaria johannis,Linaria johannis,,,,,
Acanthis flammea,Acanthis flammea,10,12,9,16,F
Loxia pytyopsittacus,Loxia pytyopsittacus,14,16,21,23,F
Loxia scotica,Loxia scotica,13,15,17,25,F
Loxia curvirostra,Loxia curvirostra,12,16,15,35,F
,Loxia sinesciuris,12,16,15,25,F
Loxia leucoptera,Loxia leucoptera,14,16,18,22,F
Loxia megaplaga,Loxia megaplaga,13,,,,F
Chrysocorythus estherae,Chrysocorythus estherae,,,,,
Chrysocorythus mindanensis,Chrysocorythus mindanensis,,,,,
Carduelis carduelis,Carduelis carduelis,10,14,13,18,F
Carduelis caniceps,Carduelis caniceps,13,13,13,14,F
Carduelis citrinella,Carduelis citrinella,13,14,15,21,F
Carduelis corsicana,Carduelis corsicana,,,,,
Serinus pusillus,Serinus pusillus,11,16,14,16,F
Serinus serinus,Serinus serinus,12,13,15,18,F
Serinus syriacus,Serinus syriacus,12,14,14,16,
Serinus canaria,Serinus canaria,13,14,15,17,F
Serinus canicollis,Serinus canicollis,12,14,15,18,F
Serinus flavivertex,Serinus flavivertex,,,,,
Serinus nigriceps,Serinus nigriceps,14,14,17,18,
Serinus alario,Serinus alario,13,14,20,21,F
Spinus thibetanus,Spinus thibetanus,,,,,
Spinus lawrencei,Spinus lawrencei,12,13,13,14,F
Spinus tristis,Spinus tristis,12,14,11,17,F
Spinus psaltria,Spinus psaltria,12,15,11,15,F
Spinus spinus,Spinus spinus,12,13,13,15,F
Spinus dominicensis,Spinus dominicensis,,,,,
Spinus pinus,Spinus pinus,13,13,13,17,F
Spinus atriceps,Spinus atriceps,,,,,
Spinus notatus,Spinus notatus,,,,,
Spinus barbatus,Spinus barbatus,,,,,
Spinus xanthogastrus,Spinus xanthogastrus,,,,,
Spinus olivaceus,Spinus olivaceus,,,,,
Spinus magellanicus,Spinus magellanicus,13,,,,F
Spinus siemiradzkii,Spinus siemiradzkii,,,,,
Spinus yarrellii,Spinus yarrellii,13,,,,
Spinus cucullatus,Spinus cucullatus,11,13,14,16,F
Spinus atratus,Spinus atratus,,,,,
Spinus uropygialis,Spinus uropygialis,,,,,
Spinus crassirostris,Spinus crassirostris,,,,,
Spinus spinescens,Spinus spinescens,,,,,
Euphonia elegantissima,Chlorophonia elegantissima,,,,,
Euphonia musica,Chlorophonia musica,,,,,
Euphonia sclateri,Chlorophonia sclateri,,,,,
Euphonia flavifrons,Chlorophonia flavifrons,,,,,
Euphonia cyanocephala,Chlorophonia cyanocephala,,,,,
Chlorophonia cyanea,Chlorophonia cyanea,17,,,,
Chlorophonia pyrrhophrys,Chlorophonia pyrrhophrys,,,,,
Chlorophonia flavirostris,Chlorophonia flavirostris,,,,,
Chlorophonia occipitalis,Chlorophonia occipitalis,15,15,21,21,
Chlorophonia callophrys,Chlorophonia callophrys,,,23,25,F
Euphonia jamaica,Euphonia jamaica,,,,,
Euphonia saturata,Euphonia saturata,,,,,
Euphonia plumbea,Euphonia plumbea,,,,,
Euphonia chlorotica,Euphonia chlorotica,15,,,,F
Euphonia finschi,Euphonia finschi,,,,,
Euphonia concinna,Euphonia concinna,,,,,
Euphonia trinitatis,Euphonia trinitatis,,,,,F
,Euphonia godmani,,,,,
Euphonia affinis,Euphonia affinis,14,,,,F
Euphonia luteicapilla,Euphonia luteicapilla,13,14,22,24,F
Euphonia chrysopasta,Euphonia chrysopasta,,,,,
Euphonia minuta,Euphonia minuta,,,,,
Euphonia chalybea,Euphonia chalybea,,,,,
Euphonia violacea,Euphonia violacea,15,,21,21,F
Euphonia hirundinacea,Euphonia hirundinacea,14,66,18,20,F
Euphonia laniirostris,Euphonia laniirostris,14,16,18,21,
Euphonia imitans,Euphonia imitans,18,,,,F
Euphonia gouldi,Euphonia gouldi,,,,,
Euphonia fulvicrissa,Euphonia fulvicrissa,,,,,
Euphonia anneae,Euphonia anneae,,,,,
Euphonia xanthogaster,Euphonia xanthogaster,,,,,
Euphonia mesochrysa,Euphonia mesochrysa,,,,,
Euphonia cayennensis,Euphonia cayennensis,,,,,F
Euphonia rufiventris,Euphonia rufiventris,,,,,
Euphonia pectoralis,Euphonia pectoralis,15,,,,
Rhynchophanes mccownii,Rhynchophanes mccownii,12,12,7,11,F
Calcarius lapponicus,Calcarius lapponicus,10.5,13,6,10,F
Calcarius pictus,Calcarius pictus,11,13.8,7,9,F
Calcarius ornatus,Calcarius ornatus,7,15,7,15,F
Plectrophenax nivalis,Plectrophenax nivalis,10,15.5,13,13,F
Plectrophenax hyperboreus,Plectrophenax hyperboreus,,,,,B
Rhodinocichla rosea,Rhodinocichla rosea,,,,,B
Emberiza lathami,Emberiza lathami,,,,,F
Emberiza siemsseni,Emberiza siemsseni,,,,,
Emberiza calandra,Emberiza calandra,12,14,9,13,F
Emberiza citrinella,Emberiza citrinella,12,14,11,13,F
Emberiza leucocephalos,Emberiza leucocephalos,13,13,10,12,F
Emberiza cia,Emberiza cia,13,15,9,13,F
Emberiza godlewskii,Emberiza godlewskii,13,14,10,14,
Emberiza cioides,Emberiza cioides,11,11,11,11,
Emberiza stewarti,Emberiza stewarti,11,14,8,9,F
Emberiza jankowskii,Emberiza jankowskii,11,14,10,13,F
Emberiza buchanani,Emberiza buchanani,,,,,F
Emberiza cineracea,Emberiza cineracea,13,13,12,12,F
Emberiza hortulana,Emberiza hortulana,11,12,12,13,F
Emberiza caesia,Emberiza caesia,12,14,12,13,F
Emberiza cirlus,Emberiza cirlus,12,13,11,13,F
Emberiza striolata,Emberiza striolata,12,14,12,14,F
Emberiza sahari,Emberiza sahari,,,17,19,
Emberiza impetuani,Emberiza impetuani,11,13,12,14,F
Emberiza tahapisi,Emberiza tahapisi,12,14,13,16,F
Emberiza goslingi,Emberiza goslingi,12,12,12,15,F
Emberiza socotrana,Emberiza socotrana,,,,,F
Emberiza capensis,Emberiza capensis,13,15,10,18,
Emberiza tristrami,Emberiza tristrami,12,14,,,F
Emberiza fucata,Emberiza fucata,12,,,,
Emberiza pusilla,Emberiza pusilla,11,12,9,13,B
Emberiza chrysophrys,Emberiza chrysophrys,11,12,,,B
Emberiza rustica,Emberiza rustica,11,13,7,10,B
Emberiza elegans,Emberiza elegans,12,14,11,12,F
Emberiza aureola,Emberiza aureola,11,14,7,14,B
Emberiza poliopleura,Emberiza poliopleura,12,12,16,18,
Emberiza flaviventris,Emberiza flaviventris,12,13,12,17,F
Emberiza affinis,Emberiza affinis,12,12,14,17,
Emberiza cabanisi,Emberiza cabanisi,12,14,16,,F
Emberiza rutila,Emberiza rutila,,,,,
Emberiza koslowi,Emberiza koslowi,,,,,
Emberiza melanocephala,Emberiza melanocephala,10,16,14,16,F
Emberiza bruniceps,Emberiza bruniceps,10,14,12,13,F
Emberiza sulphurata,Emberiza sulphurata,,,,,
Emberiza spodocephala,Emberiza spodocephala,13,14,9,14,B
Emberiza personata,Emberiza personata,13,14,9,14,B
Emberiza variabilis,Emberiza variabilis,12,,11,,B
Emberiza pallasi,Emberiza pallasi,11,11,10,12,F
Emberiza yessoensis,Emberiza yessoensis,12,14,10,13,F
Emberiza schoeniclus,Emberiza schoeniclus,12,15,9,12,B
Oreothraupis arremonops,Oreothraupis arremonops,,,,,
Chlorospingus flavigularis,Chlorospingus flavigularis,16,18,14,,F
Chlorospingus hypophaeus,,,,,,
Chlorospingus parvirostris,Chlorospingus parvirostris,,,,,
Chlorospingus canigularis,Chlorospingus canigularis,,,,,
Chlorospingus pileatus,Chlorospingus pileatus,,,,,
Chlorospingus flavopectus,Chlorospingus flavopectus,14,,13,14,F
Chlorospingus tacarcunae,Chlorospingus tacarcunae,,,,,
Chlorospingus inornatus,Chlorospingus inornatus,,,,,
Chlorospingus semifuscus,Chlorospingus semifuscus,,,,,
Rhynchospiza stolzmanni,Rhynchospiza stolzmanni,,,,,
Rhynchospiza dabbenei,Rhynchospiza dabbenei,,,,,
Rhynchospiza strigiceps,Rhynchospiza strigiceps,,,,,
Peucaea carpalis,Peucaea carpalis,11,12,7,10,F
Peucaea sumichrasti,Peucaea sumichrasti,,,,,
Peucaea ruficauda,Peucaea ruficauda,,,,,
Peucaea humeralis,Peucaea humeralis,,,,,
Peucaea mystacalis,Peucaea mystacalis,,,,,
Peucaea botterii,Peucaea botterii,12,,10,,F
Peucaea cassinii,Peucaea cassinii,9,11,7,9,F
Peucaea aestivalis,Peucaea aestivalis,12,14,9,10,F
Ammodramus savannarum,Ammodramus savannarum,11,13,6,9,F
Ammodramus humeralis,Ammodramus humeralis,,,,,
Ammodramus aurifrons,Ammodramus aurifrons,,,,,
Arremonops rufivirgatus,Arremonops rufivirgatus,,,,,F
Arremonops chloronotus,Arremonops chloronotus,,,,,
Arremonops conirostris,Arremonops conirostris,13,14,11,12,F
Arremonops tocuyensis,Arremonops tocuyensis,,,,,
Amphispiza quinquestriata,Amphispizopsis quinquestriata,12,13,9,10,F
Amphispiza bilineata,Amphispiza bilineata,12,13,9.5,,F
Chondestes grammacus,Chondestes grammacus,11,12,11,12,F
Calamospiza melanocorys,Calamospiza melanocorys,10,12,8,9,F
Spizella passerina,Spizella passerina,7,15,8,12,F
Spizella pallida,Spizella pallida,10,14,7,9,F
Spizella atrogularis,Spizella atrogularis,12,14,10,13,F
Spizella pusilla,Spizella pusilla,10,17,7,8,F
Spizella breweri,Spizella breweri,10,12,6,9,F
Spizella wortheni,Spizella wortheni,,,,,
Arremon basilicus,Arremon basilicus,,,,,
Arremon perijanus,Arremon perijanus,,,,,
Arremon costaricensis,Arremon costaricensis,15,15,12,12,F
Arremon atricapillus,Arremon atricapillus,,,,,
Arremon phaeopleurus,Arremon phaeopleurus,,,,,
Arremon phygas,Arremon phygas,,,,,
Arremon assimilis,Arremon assimilis,,,,,
Arremon torquatus,Arremon torquatus,15.8,,12.8,,F
Arremon aurantiirostris,Arremon aurantiirostris,,,,,
Arremon abeillei,Arremon abeillei,,,,,
Arremon nigriceps,Arremon nigriceps,,,,,
Arremon schlegeli,Arremon schlegeli,,,,,
Arremon axillaris,,,,,,
Arremon taciturnus,Arremon taciturnus,15,,,,F
Arremon franciscanus,Arremon franciscanus,,,,,
Arremon semitorquatus,Arremon semitorquatus,,,,,
Arremon dorbignii,Arremon dorbignii,15.3,,12.2,15,F
Arremon flavirostris,Arremon flavirostris,,,,,
Arremon virenticeps,Arremon virenticeps,,,,,
Arremon brunneinucha,Arremon brunneinucha,14,,13,,F
Arremon crassirostris,Arremon crassirostris,,,,,
Arremon castaneiceps,Arremon castaneiceps,14,,18,20,
Passerella unalaschcensis,,12,14,9,10.5,F
Passerella schistacea,,12,14,9,10.5,F
Passerella megarhyncha,,12,14,9,10.5,F
Passerella iliaca,Passerella iliaca,12,14,9,10.5,F
Passerella arborea,Spizelloides arborea,10.5,13.5,8,10,F
Junco vulcani,Junco vulcani,,,,,
Junco insularis,Junco insularis,,,,,
Junco hyemalis,Junco hyemalis,11,13,9,12,F
Junco phaeonotus,Junco phaeonotus,12,15,10,13,F
Junco bairdi,Junco bairdi,,,,,
Zonotrichia capensis,Zonotrichia capensis,13,14,16,22,
Zonotrichia leucophrys,Zonotrichia leucophrys,10.9,13.4,8.5,10,F
Zonotrichia atricapilla,Zonotrichia atricapilla,11,12.5,9.5,10.5,F
Zonotrichia querula,Zonotrichia querula,12,15,8.5,10.1,F
Zonotrichia albicollis,Zonotrichia albicollis,11,14,7,12,F
Artemisiospiza nevadensis,Artemisiospiza nevadensis,10,16,9,10,F
Artemisiospiza belli,Artemisiospiza belli,12,14,9,10,F
Oriturus superciliosus,Oriturus superciliosus,13,14,,,F
Pooecetes gramineus,Pooecetes gramineus,11,14,7,14,F
Ammospiza leconteii,Ammospiza leconteii,13,,,,
Ammospiza maritima,Ammospiza maritima,12,12.4,8,11,F
Ammospiza nelsoni,Ammospiza nelsoni,,,8,11,F
Ammospiza caudacuta,Ammospiza caudacuta,11,12,9,10,F
Passerculus bairdii,Centronyx bairdii,11,12,8,11,F
Passerculus henslowii,Centronyx henslowii,10,12,9.1,,F
Passerculus sandwichensis,Passerculus sandwichensis,9,16,7,13,F
Passerculus guttatus,,,,7,9,F
Passerculus sanctorum,,,,7,9,F
Passerculus rostratus,,,,7,9,F
Xenospiza baileyi,Xenospiza baileyi,15,16,9,12,F
Melospiza melodia,Melospiza melodia,12,15,8,15,F
Melospiza lincolnii,Melospiza lincolnii,10,13,9,11,F
Melospiza georgiana,Melospiza georgiana,12,14,9,11,F
Pezopetes capitalis,Pezopetes capitalis,,,,,
Torreornis inexpectata,Torreornis inexpectata,,,,,
Melozone kieneri,Melozone kieneri,,,,,
Melozone fusca,Melozone fusca,,,,,F
Melozone albicollis,Melozone albicollis,,,,,
Melozone aberti,Melozone aberti,14,,12,13,F
Melozone crissalis,Melozone crissalis,11,14,6,11,F
Melozone leucotis,Melozone leucotis,,,,,F
Melozone occipitalis,,,,,,
Melozone biarcuata,Melozone biarcuata,,,,,
Melozone cabanisi,Melozone cabanisi,,,,,
Aimophila rufescens,Aimophila rufescens,,,,,
Aimophila ruficeps,Aimophila ruficeps,11,13,8,9,F
Aimophila notosticta,Aimophila notosticta,,,,,
Pipilo chlorurus,Pipilo chlorurus,11,13,11,14,F
Pipilo maculatus,Pipilo maculatus,12,14,9,11,F
Pipilo socorroensis,,,,,,
Pipilo erythrophthalmus,Pipilo erythrophthalmus,12,13,,,F
Pipilo naufragus,Pipilo naufragus,,,,,
Pipilo ocai,Pipilo ocai,,,,,
Atlapetes pileatus,Atlapetes pileatus,,,,,
Atlapetes albinucha,Atlapetes albinucha,,,,,
Pselliophorus tibialis,Atlapetes tibialis,,,12,,
Pselliophorus luteoviridis,Atlapetes luteoviridis,,,,,
Atlapetes albofrenatus,Atlapetes albofrenatus,,,,,
Atlapetes meridae,,,,,,
Atlapetes personatus,Atlapetes personatus,,,,,
Atlapetes melanocephalus,Atlapetes melanocephalus,,,,,
Atlapetes semirufus,Atlapetes semirufus,14,15,10.5,,F
Atlapetes flaviceps,Atlapetes flaviceps,,,,,
Atlapetes fuscoolivaceus,Atlapetes fuscoolivaceus,,,,,
Atlapetes leucopis,Atlapetes leucopis,,,,,
Atlapetes albiceps,Atlapetes albiceps,,,,,
Atlapetes rufigenis,Atlapetes rufigenis,,,,,
Atlapetes crassus,Atlapetes crassus,,,,,
Atlapetes tricolor,Atlapetes tricolor,,,,,
Atlapetes schistaceus,Atlapetes schistaceus,,,,,
Atlapetes taczanowskii,Atlapetes taczanowskii,,,,,
Atlapetes pallidinucha,Atlapetes pallidinucha,,,,,
Atlapetes blancae,Atlapetes blancae,,,,,
Atlapetes latinuchus,Atlapetes latinuchus,16,,15,,F
Atlapetes nigrifrons,,,,,,
Atlapetes leucopterus,Atlapetes leucopterus,,,,,
Atlapetes paynteri,,,,,,
Atlapetes pallidiceps,Atlapetes pallidiceps,11,17,10,14,
Atlapetes seebohmi,Atlapetes seebohmi,,,,,
Atlapetes nationi,Atlapetes nationi,,,,,
Atlapetes forbesi,Atlapetes forbesi,,,,,
Atlapetes melanopsis,Atlapetes melanopsis,,,,,
Atlapetes terborghi,Atlapetes terborghi,,,,,
Atlapetes canigenis,Atlapetes canigenis,,,,,
Atlapetes melanolaemus,Atlapetes melanolaemus,14,15,13,14,
Atlapetes rufinucha,Atlapetes rufinucha,,,,,
Atlapetes fulviceps,Atlapetes fulviceps,,,,,
Atlapetes citrinellus,Atlapetes citrinellus,,,,,
Calyptophilus tertius,Calyptophilus tertius,,,,,
Calyptophilus frugivorus,Calyptophilus frugivorus,,,,,
Phaenicophilus palmarum,Phaenicophilus palmarum,10,,10,,
Phaenicophilus poliocephalus,Phaenicophilus poliocephalus,,,,,
Microligea palustris,Microligea palustris,,,,,
Xenoligea montana,Xenoligea montana,,,,,
Nesospingus speculiferus,Nesospingus speculiferus,,,,,
Spindalis zena,Spindalis zena,,,,,
Spindalis dominicensis,Spindalis dominicensis,,,,,
Spindalis portoricensis,Spindalis portoricensis,,,,,
Spindalis nigricephala,Spindalis nigricephala,,,,,
Zeledonia coronata,Zeledonia coronata,,,18,,
Teretistris fernandinae,Teretistris fernandinae,,,,,
Teretistris fornsi,Teretistris fornsi,8,9,10,11,
Icteria virens,Icteria virens,10.7,12.3,7,10,F
Xanthocephalus xanthocephalus,Xanthocephalus xanthocephalus,12,13,7,14,F
Dolichonyx oryzivorus,Dolichonyx oryzivorus,11,20,9,11,F
Sturnella neglecta,Sturnella neglecta,13,16,10,12,F
Sturnella magna,Sturnella magna,13,14,10,12,F
,Sturnella lilianae,,,,,
Leistes militaris,Leistes militaris,,,,,F
Leistes superciliaris,Leistes superciliaris,,,,,
Leistes bellicosus,Leistes bellicosus,14,,12,,
Leistes loyca,Leistes loyca,,,,,F
Leistes defilippii,Leistes defilippii,,,10,,
Amblycercus holosericeus,Amblycercus holosericeus,,,,,F
Cassiculus melanicterus,Cassiculus melanicterus,,,,,
Psarocolius wagleri,Psarocolius wagleri,17,,,35,F
Psarocolius angustifrons,Psarocolius angustifrons,19,20,30,32,F
Psarocolius oleagineus,,18,19,30,30,F
Psarocolius atrovirens,Psarocolius atrovirens,,,,,
Psarocolius decumanus,Psarocolius decumanus,17,19,28,34,F
Psarocolius viridis,Psarocolius viridis,,,,,F
Psarocolius bifasciatus,Psarocolius bifasciatus,,,,,F
Psarocolius montezuma,Psarocolius montezuma,13.6,17.4,29,42,F
Psarocolius guatimozinus,Psarocolius guatimozinus,,,,,
Psarocolius cassini,Psarocolius cassini,,,,,
Cacicus solitarius,Cacicus solitarius,14,17,18,19,F
Cacicus chrysopterus,Cacicus chrysopterus,14,15,18,19,F
Cacicus koepckeae,Cacicus koepckeae,,,,,
Cacicus sclateri,Cacicus sclateri,,,,,
Cacicus cela,Cacicus cela,13,15,25,,F
Cacicus flavicrissus,,16,16,,,F
Cacicus microrhynchus,,,,,,F
Cacicus pacificus,,,,,,
Cacicus uropygialis,Cacicus uropygialis,,,,,
Cacicus chrysonotus,Cacicus chrysonotus,,,,,
Cacicus latirostris,Cacicus latirostris,,,,,
Cacicus oseryi,Cacicus oseryi,,,,,F
Cacicus haemorrhous,Cacicus haemorrhous,17,18.3,23.4,28,F
Icterus parisorum,Icterus parisorum,11,15,9,15,F
Icterus chrysater,Icterus chrysater,,,,,F
Icterus graduacauda,Icterus graduacauda,,,11,,F
Icterus leucopteryx,Icterus leucopteryx,,,,,F
Icterus auratus,Icterus auratus,,,,,F
Icterus gularis,Icterus gularis,14,,,,F
Icterus nigrogularis,Icterus nigrogularis,,15,,,F
Icterus bullockiorum,Icterus bullockii,11,12,14,14,F
Icterus pustulatus,Icterus pustulatus,12,14,14,14,F
Icterus abeillei,Icterus abeillei,,,,,F
Icterus galbula,Icterus galbula,11,14,12,14,F
Icterus mesomelas,Icterus mesomelas,14,14,12,13,F
Icterus pectoralis,Icterus pectoralis,,,,,F
Icterus graceannae,Icterus graceannae,,,,,F
Icterus jamacaii,Icterus jamacaii,14,,,,F
Icterus icterus,Icterus icterus,,,21,23,F
Icterus croconotus,Icterus croconotus,14,,15,,F
Icterus maculialatus,Icterus maculialatus,,,,,F
Icterus wagleri,Icterus wagleri,,,,,F
Icterus cucullatus,Icterus cucullatus,12,14,14,16,F
Icterus prosthemelas,Icterus prosthemelas,,,,,F
Icterus spurius,Icterus spurius,12,14,11,14,F
Icterus fuertesi,,,,,,F
Icterus melanopsis,Icterus melanopsis,,,,,F
Icterus northropi,Icterus northropi,12,14,12,14,F
Icterus bonana,Icterus bonana,14,,15,15,F
Icterus portoricensis,Icterus portoricensis,,,14,14,F
Icterus oberi,Icterus oberi,13.7,14.1,12.8,16,F
Icterus laudabilis,Icterus laudabilis,,,,,F
Icterus dominicensis,Icterus dominicensis,,,,,F
Icterus auricapillus,Icterus auricapillus,,,,,F
Icterus pyrrhopterus,Icterus pyrrhopterus,14,14,14,15,F
Icterus cayanensis,Icterus cayanensis,,,,,F
Icterus chrysocephalus,,,,,,F
Nesopsar nigerrimus,Nesopsar nigerrimus,13,15,,,F
Agelaius xanthomus,Agelaius xanthomus,12,13,13,16,F
Agelaius humeralis,Agelaius humeralis,,,,,F
Agelaius tricolor,Agelaius tricolor,11,14,9,14,F
Agelaius phoeniceus,Agelaius phoeniceus,11,13,,,F
Agelaius assimilis,Agelaius assimilis,,,,,F
Molothrus rufoaxillaris,Molothrus rufoaxillaris,12,14,12,16,
Molothrus oryzivorus,Molothrus oryzivorus,,,,,
Molothrus bonariensis,Molothrus bonariensis,10,13,12,15,
Molothrus aeneus,Molothrus aeneus,10,12,10,12,
Molothrus armenti,,,,,,
Molothrus ater,Molothrus ater,10,12,10,11,
Dives warczewiczi,Dives warczewiczi,,,12,,
Dives dives,Dives dives,,,,,F
Ptiloxena atroviolacea,Ptiloxena atroviolacea,12,,,,
Euphagus carolinus,Euphagus carolinus,10,13,11,13,F
Euphagus cyanocephalus,Euphagus cyanocephalus,12,13,12,16,F
Quiscalus quiscula,Quiscalus quiscula,11.5,15,10,17,F
Quiscalus nicaraguensis,Quiscalus nicaraguensis,,,,,F
Quiscalus lugubris,Quiscalus lugubris,12,,14,,F
Quiscalus niger,Quiscalus niger,,,23,,
Quiscalus major,Quiscalus major,13.05,,,,F
Quiscalus mexicanus,Quiscalus mexicanus,13,14,12,,F
Quiscalus palustris,Quiscalus palustris,,,,,
Hypopyrrhus pyrohypogaster,Hypopyrrhus pyrohypogaster,13,15,14,18,F
Lampropsar tanagrinus,Lampropsar tanagrinus,,,,,
Gymnomystax mexicanus,Gymnomystax mexicanus,17,,,,
Macroagelaius subalaris,Macroagelaius subalaris,,,,,
Macroagelaius imthurni,Macroagelaius imthurni,,,,,
Curaeus curaeus,Curaeus curaeus,,,,,F
Amblyramphus holosericeus,Amblyramphus holosericeus,13,14,13,,F
Anumara forbesi,Anumara forbesi,12,14,,,
Gnorimopsar chopi,Gnorimopsar chopi,14,15,16,18,F
Oreopsar bolivianus,Oreopsar bolivianus,,,,,
Agelaioides badius,Agelaioides badius,12,14,12,16,F
Agelaioides fringillarius,Agelaioides fringillarius,,,,,
Agelasticus thilius,Agelasticus thilius,12,13,10,12,F
Agelasticus xanthophthalmus,Agelasticus xanthophthalmus,,,,,
Agelasticus cyanopus,Agelasticus cyanopus,12,,11,,F
Chrysomus ruficapillus,Chrysomus ruficapillus,13,,13,,F
Chrysomus icterocephalus,Chrysomus icterocephalus,11,13,11,12,F
Xanthopsar flavus,Xanthopsar flavus,12,13,12,,F
Pseudoleistes virescens,Pseudoleistes virescens,14,14,11,12,F
Pseudoleistes guirahuro,Pseudoleistes guirahuro,14,14,12,15,F
Seiurus aurocapilla,Seiurus aurocapilla,11,14,8,10,F
Helmitheros vermivorum,Helmitheros vermivorum,11,17,8,10,F
Parkesia motacilla,Parkesia motacilla,10,14,9,11,F
Parkesia noveboracensis,Parkesia noveboracensis,12,,9,,F
Vermivora bachmanii,Vermivora bachmanii,,,,,F
Vermivora chrysoptera,Vermivora chrysoptera,10,12,8,9,F
Vermivora cyanoptera,Vermivora cyanoptera,10,12,8,10,F
Mniotilta varia,Mniotilta varia,10,12,8,12,F
Protonotaria citrea,Protonotaria citrea,12,14,9,10,F
Limnothlypis swainsonii,Limnothlypis swainsonii,11,15,8,12,F
Oreothlypis superciliosa,Oreothlypis superciliosa,,,,,F
Oreothlypis gutturalis,Oreothlypis gutturalis,16,,13,,F
Leiothlypis peregrina,Leiothlypis peregrina,7,12,11,12,F
Leiothlypis celata,Leiothlypis celata,11,14,10,14,F
Leiothlypis crissalis,Leiothlypis crissalis,12,,11,,F
Leiothlypis luciae,Leiothlypis luciae,12,,11,,F
Leiothlypis ruficapilla,Leiothlypis ruficapilla,11,12,9,11,F
Leiothlypis virginiae,Leiothlypis virginiae,11,14,10,14,F
Leucopeza semperi,Leucopeza semperi,,,,,F
Oporornis agilis,Oporornis agilis,11,,8,,F
Geothlypis poliocephala,Geothlypis poliocephala,,,,,F
Geothlypis aequinoctialis,Geothlypis aequinoctialis,,,,,F
Geothlypis chiriquensis,,15,15,,,F
Geothlypis auricularis,Geothlypis auricularis,,,,,F
,Geothlypis velata,13,14,10,11,F
Geothlypis tolmiei,Geothlypis tolmiei,11,13,8,9,F
Geothlypis philadelphia,Geothlypis philadelphia,12,,8,9,F
Geothlypis formosa,Geothlypis formosa,11,13,7,10,F
Geothlypis semiflava,Geothlypis semiflava,,,,,F
Geothlypis bairdi,,,,,,F
Geothlypis speciosa,Geothlypis speciosa,,,,,F
Geothlypis beldingi,Geothlypis beldingi,,,,,F
Geothlypis rostrata,Geothlypis rostrata,,,,,F
Geothlypis flavovelata,Geothlypis flavovelata,,,,,F
Geothlypis trichas,Geothlypis trichas,12,,,,F
Geothlypis nelsoni,Geothlypis nelsoni,,,,,F
Catharopeza bishopi,Catharopeza bishopi,,,,,F
Setophaga plumbea,Setophaga plumbea,,,,,F
Setophaga angelae,Setophaga angelae,,,,,F
Setophaga pharetra,Setophaga pharetra,,,,,F
Setophaga citrina,Setophaga citrina,12,13,8,9,F
Setophaga ruticilla,Setophaga ruticilla,10,13,7,13,F
Setophaga kirtlandii,Setophaga kirtlandii,13,15,8,10,F
Setophaga tigrina,Setophaga tigrina,,,,,F
Setophaga cerulea,Setophaga cerulea,11,12,10,11,F
Setophaga americana,Setophaga americana,12,14,10,11,F
Setophaga pitiayumi,Setophaga pitiayumi,,,,,F
Setophaga graysoni,,,,,,F
Setophaga magnolia,Setophaga magnolia,11,13,8,10,F
Setophaga castanea,Setophaga castanea,12,13,10,12,F
Setophaga fusca,Setophaga fusca,12,13,,,F
,,10,13,8,10,F
Setophaga petechia,Setophaga petechia,10,13,8,10,F
Setophaga pensylvanica,Setophaga pensylvanica,11,12,9,11,F
Setophaga striata,Setophaga striata,11.5,12,8,10,F
Setophaga caerulescens,Setophaga caerulescens,12,13,8,10,F
Setophaga palmarum,Setophaga palmarum,12,,8,12,F
Setophaga pityophila,Setophaga pityophila,,,,,F
Setophaga pinus,Setophaga pinus,10,13,10,,F
Setophaga coronata,Setophaga coronata,12,13,10,14,F
Setophaga auduboni,,12,13,10,14,F
,,12,13,10,14,F
Setophaga dominica,Setophaga dominica,12,13,10,,F
Setophaga flavescens,Setophaga flavescens,,,,,F
Setophaga vitellina,Setophaga vitellina,,,,,F
Setophaga discolor,Setophaga discolor,11,14,8,14,F
Setophaga adelaidae,Setophaga adelaidae,15,,10,,F
Setophaga subita,Setophaga subita,,,,,F
Setophaga delicata,Setophaga delicata,,,,,F
Setophaga graciae,Setophaga graciae,10,12,,,F
Setophaga nigrescens,Setophaga nigrescens,,,,,F
Setophaga townsendi,Setophaga townsendi,11,14,9,11,F
Setophaga occidentalis,Setophaga occidentalis,,,,,F
Setophaga chrysoparia,Setophaga chrysoparia,10,12,9,12,F
Setophaga virens,Setophaga virens,12,,8,11,F
Myiothlypis luteoviridis,Myiothlypis luteoviridis,,,,,F
Myiothlypis striaticeps,,,,,,F
Myiothlypis euophrys,,,,,,F
Myiothlypis basilica,Myiothlypis basilica,,,,,F
Myiothlypis leucophrys,Myiothlypis leucophrys,,,,,F
Myiothlypis flaveola,Myiothlypis flaveola,,,,,F
Myiothlypis leucoblephara,Myiothlypis leucoblephara,,,,,F
Myiothlypis signata,Myiothlypis signata,,,,,F
Myiothlypis nigrocristata,Myiothlypis nigrocristata,,,,,F
Myiothlypis fulvicauda,Myiothlypis fulvicauda,16,19,13,14,F
Myiothlypis rivularis,Myiothlypis rivularis,,,,,F
Myiothlypis mesoleuca,,,,,,F
Myiothlypis bivittata,Myiothlypis bivittata,15,,11,,F
Myiothlypis roraimae,,,,,,F
Myiothlypis chlorophrys,Myiothlypis chlorophrys,,,,,F
Myiothlypis chrysogaster,Myiothlypis chrysogaster,,,,,F
Myiothlypis conspicillata,Myiothlypis conspicillata,,,,,F
Myiothlypis cinereicollis,Myiothlypis cinereicollis,,,,,F
Myiothlypis fraseri,Myiothlypis fraseri,,,,,F
Myiothlypis coronata,Myiothlypis coronata,,,,,F
Basileuterus griseiceps,Myiothlypis griseiceps,,,,,F
Basileuterus lachrymosus,Basileuterus lachrymosus,,,,,F
Basileuterus rufifrons,Basileuterus rufifrons,,,,,F
,Basileuterus delattrii,13,14,,,F
Basileuterus melanogenys,Basileuterus melanogenys,,,,,F
Basileuterus ignotus,Basileuterus ignotus,,,,,F
Basileuterus belli,Basileuterus belli,,,,,F
Basileuterus culicivorus,Basileuterus culicivorus,10,12,,,F
Basileuterus cabanisi,,,,,,F
Basileuterus auricapilla,,,,,,F
Basileuterus hypoleucus,,,,,,F
Basileuterus melanotis,Basileuterus melanotis,,,,,F
Basileuterus tacarcunae,Basileuterus tacarcunae,,,,,F
Basileuterus trifasciatus,Basileuterus trifasciatus,,,,,F
Basileuterus punctipectus,Basileuterus punctipectus,,,,,F
Basileuterus tristriatus,Basileuterus tristriatus,16,,10,11,F
Cardellina canadensis,Cardellina canadensis,11,12,8,,F
Cardellina pusilla,Cardellina pusilla,11,15,9,11,F
Cardellina rubrifrons,Cardellina rubrifrons,12,17,11,13,F
Cardellina rubra,Cardellina rubra,16,,10,11,F
Cardellina versicolor,Cardellina versicolor,,,,,F
Myioborus pictus,Myioborus pictus,13,14,10,13,F
Myioborus miniatus,Myioborus miniatus,14,18,11,12,F
Myioborus brunniceps,Myioborus brunniceps,16,,12,,F
Myioborus flavivertex,Myioborus flavivertex,,,,,F
Myioborus albifrons,Myioborus albifrons,,,,,F
Myioborus ornatus,Myioborus ornatus,,,,,F
Myioborus chrysops,,,,,,F
Myioborus melanocephalus,Myioborus melanocephalus,15,,12,,F
Myioborus torquatus,Myioborus torquatus,15,,13,,F
Myioborus pariae,Myioborus pariae,,,,,F
Myioborus albifacies,Myioborus albifacies,,,,,F
Myioborus cardonai,Myioborus cardonai,,,,,F
Myioborus castaneocapilla,Myioborus castaneocapilla,,,,,F
Mitrospingus cassinii,Mitrospingus cassinii,,,,,
Mitrospingus oleagineus,Mitrospingus oleagineus,,,,,
Orthogonys chloricterus,Orthogonys chloricterus,,,,,
Lamprospiza melanoleuca,Lamprospiza melanoleuca,,,,,
Piranga bidentata,Piranga bidentata,,,,,
,,,,,,
Piranga flava,Piranga flava,,,,,F
Piranga hepatica,,,,,,F
Piranga rubra,Piranga rubra,11,12,8,12,F
Piranga roseogularis,Piranga roseogularis,,,,,
Piranga olivacea,Piranga olivacea,13,14,9,12,F
Piranga ludoviciana,Piranga ludoviciana,9,13,9,12,F
Piranga leucoptera,Piranga leucoptera,,,,,
Piranga erythrocephala,Piranga erythrocephala,,,,,
Piranga rubriceps,Piranga rubriceps,,,,,
Habia rubica,Habia rubica,13,14,10,,F
Habia fuscicauda,Driophlox fuscicauda,12,14,8,10,F
Habia atrimaxillaris,Driophlox atrimaxillaris,12,,,,F
Habia gutturalis,Driophlox gutturalis,,,,,F
Habia cristata,Driophlox cristata,,,,,
Habia carmioli,Chlorothraupis carmioli,,,,,
Habia frenata,Chlorothraupis frenata,15,17,,,
Habia olivacea,Chlorothraupis olivacea,,,,,
Habia stolzmanni,Chlorothraupis stolzmanni,,,,,F
Pheucticus chrysopeplus,Pheucticus chrysopeplus,,,,,
Pheucticus tibialis,Pheucticus tibialis,,,,,
Pheucticus chrysogaster,Pheucticus chrysogaster,14,16,11,,B
Pheucticus aureoventris,Pheucticus aureoventris,,,,,
Pheucticus ludovicianus,Pheucticus ludovicianus,11,14,9,12,B
Pheucticus melanocephalus,Pheucticus melanocephalus,11,14,10,14,B
Granatellus venustus,Granatellus venustus,14,,8,10,F
Granatellus francescae,,,,,,F
Granatellus sallaei,Granatellus sallaei,,,,,
Granatellus pelzelni,Granatellus pelzelni,,,,,
Granatellus paraensis,,,,,,
Cardinalis cardinalis,Cardinalis cardinalis,11,13,7,13,F
Cardinalis phoeniceus,Cardinalis phoeniceus,11,13,12,13,B
Cardinalis sinuatus,Cardinalis sinuatus,14,,10,13,F
Caryothraustes poliogaster,Caryothraustes poliogaster,13,,,,F
Caryothraustes canadensis,Caryothraustes canadensis,,,,,
Caryothraustes celaeno,Periporphyrus celaeno,,,,,
Caryothraustes erythromelas,Periporphyrus erythromelas,,,,,
,Amaurospiza concolor,,,,,
Amaurospiza relicta,,,,,,
,Amaurospiza aequatorialis,,,,,
Amaurospiza moesta,Amaurospiza moesta,,,,,
,Amaurospiza carrizalensis,,,,,
Spiza americana,Spiza americana,12,13,8,10,F
Cyanoloxia glaucocaerulea,Cyanoloxia glaucocaerulea,,,,,
Cyanoloxia cyanoides,Cyanoloxia cyanoides,13,14,11,12,F
Cyanoloxia rothschildii,Cyanoloxia rothschildii,,,,,B
Cyanoloxia brissonii,Cyanoloxia brissonii,13,15,,,
Cyanocompsa parellina,Cyanocompsa parellina,,,,,
Passerina caerulea,Passerina caerulea,12,13,9,10,F
Passerina cyanea,Passerina cyanea,11,14,8,14,F
Passerina amoena,Passerina amoena,11,14,8,13,F
Passerina versicolor,Passerina versicolor,14,,10,11,F
Passerina ciris,Passerina ciris,11,12,9,,F
Passerina rositae,Passerina rositae,,,,,
Passerina leclancherii,Passerina leclancherii,,,,,
Catamblyrhynchus diadema,Catamblyrhynchus diadema,,,,,
Charitospiza eucosma,Charitospiza eucosma,10,12,10,15,F
Orchesticus abeillei,Orchesticus abeillei,,,,,
Parkerthraustes humeralis,Parkerthraustes humeralis,,,,,
Nemosia pileata,Nemosia pileata,,,,,F
Nemosia rourei,Nemosia rourei,,,,,
Cyanicterus cyanicterus,Cyanicterus cyanicterus,,,,,
Sericossypha albocristata,Sericossypha albocristata,,,,,
Compsothraupis loricata,Compsothraupis loricata,,,,,
Coryphaspiza melanotis,Coryphaspiza melanotis,,,,,
Embernagra platensis,Embernagra platensis,,,,,
Embernagra longicauda,Embernagra longicauda,,,,,
Emberizoides ypiranganus,Emberizoides ypiranganus,13,14,9,12,F
Emberizoides herbicola,Emberizoides herbicola,,,,,
Emberizoides duidae,Emberizoides duidae,,,,,
Incaspiza pulchra,Incaspiza pulchra,,,,,
Incaspiza personata,Incaspiza personata,,,,,
Incaspiza ortizi,Incaspiza ortizi,,,,,
Incaspiza laeta,Incaspiza laeta,,,,,
Incaspiza watkinsi,Incaspiza watkinsi,,,,,
Rhopospina fruticeti,Rhopospina fruticeti,,,,,
Porphyrospiza caerulescens,Rhopospina caerulescens,14,,9,,F
Corydospiza alaudina,Rhopospina alaudina,,,,,
Corydospiza carbonaria,Rhopospina carbonaria,,,,,
Chlorophanes spiza,Chlorophanes spiza,13,13,,,F
Iridophanes pulcherrimus,Iridophanes pulcherrimus,,,,,F
Chrysothlypis salmoni,Chrysothlypis salmoni,,,,,
Chrysothlypis chrysomelas,Chrysothlypis chrysomelas,,,,,
Heterospingus rubrifrons,Heterospingus rubrifrons,,,,,
Heterospingus xanthopygius,Heterospingus xanthopygius,,,,,
Hemithraupis flavicollis,Hemithraupis flavicollis,,,,,
Hemithraupis guira,Hemithraupis guira,,,,,
Hemithraupis ruficapilla,Hemithraupis ruficapilla,,,,,
Tersina viridis,Tersina viridis,13,17,24,,F
Cyanerpes caeruleus,Cyanerpes caeruleus,,,,,
Cyanerpes cyaneus,Cyanerpes cyaneus,12,13,14,,F
Cyanerpes nitidus,Cyanerpes nitidus,,,,,
Cyanerpes lucidus,Cyanerpes lucidus,12,13,13,14,F
Dacnis berlepschi,Dacnis berlepschi,,,,,
Dacnis venusta,Dacnis venusta,,,,,
Dacnis cayana,Dacnis cayana,,,13,,F
Dacnis flaviventer,Dacnis flaviventer,13,,,,
Dacnis hartlaubi,Dacnis hartlaubi,,,,,
Dacnis lineata,Dacnis lineata,,,,,
Dacnis egregia,,,,,,
Dacnis viguieri,Dacnis viguieri,,,,,
Dacnis nigripes,Dacnis nigripes,14,14,13,14,F
Dacnis albiventris,Dacnis albiventris,,,,,
Saltator multicolor,Saltatricula multicolor,,,,,
Saltator atricollis,Saltatricula atricollis,13,,,,
Saltator orenocensis,Saltator orenocensis,,,,,
Saltator similis,Saltator similis,,,,,
Saltator grandis,Saltator grandis,13,15,15,,
Saltator olivascens,Saltator olivascens,13,14,18,19,
Saltator coerulescens,Saltator coerulescens,13,15,18,19,B
Saltator striatipectus,Saltator striatipectus,13,14,13,,F
Saltator albicollis,Saltator albicollis,,,,,
Saltator maximus,Saltator maximus,13,14,13,15,F
Saltator atripennis,Saltator atripennis,,,,,
Saltator atriceps,Saltator atriceps,,,,,
Saltator nigriceps,Saltator nigriceps,,,,,
Saltator fuliginosus,Saltator fuliginosus,,,,,
Saltator grossus,Saltator grossus,,,,,
Saltator cinctus,Saltator cinctus,,,,,
Saltator maxillosus,Saltator maxillosus,14,,,,
Saltator aurantiirostris,Saltator aurantiirostris,14,,17,18,
Coereba flaveola,Coereba flaveola,12,13,17,19,F
Tiaris olivaceus,Tiaris olivaceus,12,14,,,F
Euneornis campestris,Euneornis campestris,,,,,F
Melopyrrha portoricensis,Melopyrrha portoricensis,14,,14,15,F
Melopyrrha grandis,Melopyrrha grandis,,,,,
Melopyrrha violacea,Melopyrrha violacea,,,,,
Melopyrrha nigra,Melopyrrha nigra,13,14,14,17,F
Melopyrrha taylori,Melopyrrha taylori,,,,,
Loxipasser anoxanthus,Loxipasser anoxanthus,,,,,
Phonipara canora,Phonipara canora,,,,,
Loxigilla barbadensis,Loxigilla barbadensis,,,,,
Loxigilla noctis,Loxigilla noctis,,,10,16,F
Melanospiza richardsoni,Melanospiza richardsoni,,,,,
Melanospiza bicolor,Melanospiza bicolor,,,,,
Asemospiza fuliginosa,Asemospiza fuliginosa,13,,,,
Asemospiza obscura,Asemospiza obscura,,,,,
Certhidea olivacea,Certhidea olivacea,,,,,
Certhidea fusca,Certhidea fusca,10,14,11,17,
Platyspiza crassirostris,Platyspiza crassirostris,,,,,
Pinaroloxias inornata,Pinaroloxias inornata,,,,,
Geospiza heliobates,Camarhynchus heliobates,12,12,10,10,F
Geospiza pauper,Camarhynchus pauper,,,13,16,
Geospiza pallida,Camarhynchus pallidus,,,,,
Geospiza parvula,Camarhynchus parvulus,,,,,
Geospiza psittacula,Camarhynchus psittacula,12,12,10,12,F
Geospiza fuliginosa,Geospiza fuliginosa,,,,,
Geospiza difficilis,Geospiza difficilis,10,14,11,17,
Geospiza acutirostris,Geospiza acutirostris,10,13,11,15,
Geospiza septentrionalis,Geospiza septentrionalis,,,,,
Geospiza conirostris,Geospiza conirostris,12,12,,,
Geospiza propinqua,Geospiza propinqua,10,14,11,17,
Geospiza magnirostris,Geospiza magnirostris,10,14,11,17,
Geospiza scandens,Geospiza scandens,12,12,11,14,F
Geospiza fortis,Geospiza fortis,12,12,10,14,
Volatinia jacarina,Volatinia jacarina,,,9,,
Conothraupis speculigera,Conothraupis speculigera,,,,,F
Conothraupis mesoleuca,Conothraupis mesoleuca,,,,,
Creurgops verticalis,Creurgops verticalis,,,,,
Creurgops dentatus,Creurgops dentatus,,,,,
Eucometis penicillata,Eucometis penicillata,14,16,11,12,F
Trichothraupis melanops,Trichothraupis melanops,,,,,
Heliothraupis oneilli,Heliothraupis oneilli,,,,,
Islerothraupis cristata,Loriotus cristatus,,,,,
Islerothraupis luctuosa,Loriotus luctuosus,,,,,
Islerothraupis rufiventer,Loriotus rufiventer,,,,,
Coryphospingus pileatus,Coryphospingus pileatus,13,,,,
Coryphospingus cucullatus,Coryphospingus cucullatus,11,,12,,F
Maschalethraupis surinama,Tachyphonus surinamus,,,,,
Chrysocorypha delatrii,Tachyphonus delatrii,,,,,
Tachyphonus rufus,Tachyphonus rufus,13,15,,,F
Tachyphonus phoenicius,Tachyphonus phoenicius,,,,,
Tachyphonus coronatus,Tachyphonus coronatus,13,,,,
Rhodospingus cruentus,Rhodospingus cruentus,10,12,7,9,F
Lanio versicolor,Lanio versicolor,,,,,
Lanio fulvus,Lanio fulvus,,,,,
Lanio aurantius,Lanio aurantius,,,,,
Lanio leucothorax,Lanio leucothorax,,,,,
Ramphocelus sanguinolentus,Ramphocelus sanguinolentus,,,,,
Ramphocelus flammigerus,Ramphocelus flammigerus,,,,,
,,11,14,12,14,F
Ramphocelus passerinii,Ramphocelus passerinii,11,13,11,,F
Ramphocelus bresilius,Ramphocelus bresilius,13,,35,,F
Ramphocelus dimidiatus,Ramphocelus dimidiatus,,,10,11,F
Ramphocelus nigrogularis,Ramphocelus nigrogularis,,,,,
Ramphocelus melanogaster,Ramphocelus melanogaster,,,,,
Ramphocelus carbo,Ramphocelus carbo,12,,12,,F
Sporophila bouvronides,Sporophila bouvronides,,,,,
Sporophila lineola,Sporophila lineola,10,12,9,13,F
Sporophila torqueola,Sporophila torqueola,13,13,,,F
Sporophila morelleti,Sporophila morelleti,13,13,8,11,F
Sporophila corvina,Sporophila corvina,12,,12,,F
Sporophila ophthalmica,,12,12,12,13,F
Sporophila intermedia,Sporophila intermedia,,,,,
Sporophila americana,Sporophila americana,,,,,F
Sporophila murallae,,,,,,
Sporophila fringilloides,Sporophila fringilloides,,,,,
Sporophila luctuosa,Sporophila luctuosa,,,,,
Sporophila caerulescens,Sporophila caerulescens,13,14,12,15,F
Sporophila nigricollis,Sporophila nigricollis,13,,,,
Sporophila ardesiaca,Sporophila ardesiaca,,,,,
Sporophila funerea,Sporophila funerea,,,,,
Sporophila angolensis,Sporophila angolensis,13,,,,
Sporophila nuttingi,Sporophila nuttingi,,,,,
Sporophila maximiliani,Sporophila maximiliani,13,15,,,F
Sporophila crassirostris,Sporophila crassirostris,12,12,,,F
Sporophila atrirostris,Sporophila atrirostris,,,,,
Sporophila schistacea,Sporophila schistacea,13,,,,F
Sporophila falcirostris,Sporophila falcirostris,,,,,
Sporophila frontalis,Sporophila frontalis,13,,,,
Sporophila plumbea,Sporophila plumbea,13,,,,
Sporophila beltoni,Sporophila beltoni,11,13,8,11,F
Sporophila collaris,Sporophila collaris,12,13,9,12,F
Sporophila albogularis,Sporophila albogularis,13,,,,
Sporophila leucoptera,Sporophila leucoptera,13,,,,F
Sporophila peruviana,Sporophila peruviana,,,,,
Sporophila telasco,Sporophila telasco,,,,,
Sporophila simplex,Sporophila simplex,,,,,
Sporophila castaneiventris,Sporophila castaneiventris,13,,,,
Sporophila minuta,Sporophila minuta,13,,,,
Sporophila bouvreuil,Sporophila bouvreuil,13,,,,
Sporophila nigrorufa,Sporophila nigrorufa,,,,,
Sporophila hypoxantha,Sporophila hypoxantha,11,12,9,10,F
Sporophila ruficollis,Sporophila ruficollis,,,,,
Sporophila iberaensis,Sporophila iberaensis,,,,,
Sporophila pileata,Sporophila pileata,,,,,
Sporophila hypochroma,Sporophila hypochroma,,,,,
Sporophila cinnamomea,Sporophila cinnamomea,,,,,
Sporophila palustris,Sporophila palustris,11,12,10,12,F
Sporophila melanogaster,Sporophila melanogaster,,,9,,F
Piezorina cinerea,Piezorina cinerea,,,,,
Xenospingus concolor,Xenospingus concolor,,,,,
Cnemoscopus rubrirostris,Cnemoscopus rubrirostris,,,,,
Cnemoscopus chrysogaster,,,,,,
Pseudospingus verticalis,Pseudospingus verticalis,,,,,
Pseudospingus xanthophthalmus,Pseudospingus xanthophthalmus,,,,,
Poospiza boliviana,Poospiza boliviana,,,,,
Poospiza ornata,Poospiza ornata,10,,8,9,
Poospiza nigrorufa,Poospiza nigrorufa,14,,16,,
Poospiza whitii,Poospiza whitii,,,,,
Poospiza hispaniolensis,Poospiza hispaniolensis,,,,,
Poospiza rubecula,Poospiza rubecula,,,,,
Poospiza baeri,Poospiza baeri,,,,,
Poospiza garleppi,Poospiza garleppi,14,14,18,,F
Poospiza goeringi,Poospiza goeringi,,,,,
Poospiza rufosuperciliaris,Poospiza rufosuperciliaris,,,,,
Kleinothraupis reyi,Kleinothraupis reyi,,,,,
Kleinothraupis atropileus,Kleinothraupis atropileus,,,,,
Kleinothraupis auricularis,,,,,,
Kleinothraupis calophrys,Kleinothraupis calophrys,,,,,
Kleinothraupis parodii,Kleinothraupis parodii,,,,,
Sphenopsis frontalis,Sphenopsis frontalis,,,,,
Sphenopsis melanotis,Sphenopsis melanotis,,,,,
Sphenopsis ochracea,,,,,,
Sphenopsis piurae,,,,,,
Thlypopsis fulviceps,Thlypopsis fulviceps,,,,,
Thlypopsis inornata,Thlypopsis inornata,,,,,
Thlypopsis sordida,Thlypopsis sordida,,,,,F
Thlypopsis pyrrhocoma,Thlypopsis pyrrhocoma,,,,,
Thlypopsis ruficeps,Thlypopsis ruficeps,,,,,
Thlypopsis superciliaris,Thlypopsis superciliaris,,,,,
Thlypopsis ornata,Thlypopsis ornata,,,,,
Thlypopsis pectoralis,Thlypopsis pectoralis,,,,,
Castanozoster thoracicus,Castanozoster thoracicus,,,,,
Donacospiza albifrons,Donacospiza albifrons,,,,,
Cypsnagra hirundinacea,Cypsnagra hirundinacea,16,,12,,F
Poospizopsis hypocondria,Poospizopsis hypochondria,,,,,
Poospizopsis caesar,Poospizopsis caesar,,,,,
Urothraupis stolzmanni,Urothraupis stolzmanni,,,,,
Nephelornis oneilli,Nephelornis oneilli,,,,,
Microspingus lateralis,Microspingus lateralis,,,,,
Microspingus cabanisi,Microspingus cabanisi,,,,,
Microspingus erythrophrys,Microspingus erythrophrys,,,,,
Microspingus alticola,Microspingus alticola,,,,,
Microspingus torquatus,Microspingus torquatus,10,12,9,11,F
Microspingus pectoralis,,10,12,9,11,F
Microspingus trifasciatus,Microspingus trifasciatus,,,,,
Microspingus melanoleucus,Microspingus melanoleucus,,,,,
Microspingus cinereus,Microspingus cinereus,,,,,F
Conirostrum margaritae,Conirostrum margaritae,,,,,
Conirostrum bicolor,Conirostrum bicolor,,,,,
Conirostrum speciosum,Conirostrum speciosum,,,,,
Conirostrum leucogenys,Conirostrum leucogenys,,,,,
Conirostrum albifrons,Conirostrum albifrons,,,,,
Conirostrum binghami,Conirostrum binghami,,,14,16,B
Conirostrum sitticolor,Conirostrum sitticolor,,,,,
Conirostrum ferrugineiventre,Conirostrum ferrugineiventre,,,,,
Conirostrum tamarugense,Conirostrum tamarugense,,,,,
Conirostrum rufum,Conirostrum rufum,,,,,
Conirostrum cinereum,Conirostrum cinereum,,,,,
Sicalis citrina,Sicalis citrina,12,,13,,
Sicalis taczanowskii,Sicalis taczanowskii,,,,,
Sicalis uropigyalis,Sicalis uropygialis,,,,,
Sicalis flaveola,Sicalis flaveola,8.88,13.4,12.59,15.41,
Sicalis columbiana,Sicalis columbiana,13,,,,
Sicalis luteola,Sicalis luteola,11,13,11,13,F
Sicalis luteocephala,Sicalis luteocephala,,,,,
Sicalis lebruni,Sicalis lebruni,,,,,
Sicalis olivascens,Sicalis olivascens,,,,,
Sicalis mendozae,Sicalis mendozae,,,,,
Sicalis auriventris,Sicalis auriventris,,,,,
Sicalis raimondii,Sicalis raimondii,,,,,
Sicalis lutea,Sicalis lutea,,,,,
Phrygilus gayi,Phrygilus gayi,14,,14,,F
Phrygilus patagonicus,Phrygilus patagonicus,12.4,14.4,14.6,16.4,
Phrygilus atriceps,Phrygilus atriceps,,,,,
Phrygilus punensis,Phrygilus punensis,,,,,
Nesospiza acunhae,Nesospiza acunhae,17,18,18,21,F
Nesospiza wilkinsi,Nesospiza wilkinsi,,,,,
Nesospiza questi,Nesospiza questi,,,,,
Rowettia goughensis,Rowettia goughensis,,,20,26,F
Melanodera melanodera,Melanodera melanodera,,,,,
Melanodera xanthogramma,Melanodera xanthogramma,,,,,
Geospizopsis plebejus,Geospizopsis plebejus,,,,,
Geospizopsis unicolor,Geospizopsis unicolor,,,,,
Haplospiza unicolor,Haplospiza unicolor,,,,,
Spodiornis rusticus,Haplospiza rustica,,,,,
Acanthidops bairdi,Acanthidops bairdi,12,14,,,F
Xenodacnis petersi,,17,20,16,18,F
Xenodacnis parina,Xenodacnis parina,17,20,16,18,F
Ephippiospingus dorsalis,Idiopsar dorsalis,,,,,
Ephippiospingus erythronotus,Idiopsar erythronotus,,,,,
Chionodacryon speculiferum,Idiopsar speculifer,,,,,
Idiopsar brachyurus,Idiopsar brachyurus,,,,,
Catamenia analis,Catamenia analis,,,,,
Catamenia inornata,Catamenia inornata,,,,,
Catamenia homochroa,Catamenia homochroa,,,,,
Diglossa glauca,Diglossa glauca,,,,,
Diglossa caerulescens,Diglossa caerulescens,,,,,
Diglossa cyanea,Diglossa cyanea,,,,,
Diglossa indigotica,Diglossa indigotica,,,,,
Diglossa sittoides,Diglossa sittoides,,,,,
Diglossa plumbea,Diglossa plumbea,14,14,16,,
Diglossa baritula,Diglossa baritula,,,16,,F
Diglossa mystacalis,Diglossa mystacalis,,,,,
Diglossa lafresnayii,Diglossa lafresnayii,,,,,
Diglossa gloriosissima,Diglossa gloriosissima,,,,,
Diglossa duidae,Diglossa duidae,,,,,
Diglossa major,Diglossa major,,,,,
Diglossa venezuelensis,Diglossa venezuelensis,,,,,
Diglossa albilatera,Diglossa albilatera,,,,,
Diglossa carbonaria,Diglossa carbonaria,,,,,
Diglossa brunneiventris,Diglossa brunneiventris,,,,,
Diglossa gloriosa,Diglossa gloriosa,,,,,
Diglossa humeralis,Diglossa humeralis,,,,,
Calochaetes coccineus,Calochaetes coccineus,,,,,
Iridosornis porphyrocephalus,Iridosornis porphyrocephalus,,,,,
Iridosornis analis,Iridosornis analis,,,,,
Iridosornis jelskii,Iridosornis jelskii,,,,,
Iridosornis reinhardti,Iridosornis reinhardti,,,,,
Iridosornis rufivertex,Iridosornis rufivertex,,,,,
Pipraeidea melanonota,Pipraeidea melanonota,12,14,18,22,
Pipraeidea bonariensis,Rauenia bonariensis,13,,,,F
Pipraeidea darwinii,,,,,,F
Pseudosaltator rufiventris,Pseudosaltator rufiventris,,,,,
Dubusia carrikeri,,,,,,
Dubusia taeniata,Dubusia taeniata,,,,,
Dubusia stictocephala,,,,,,
Dubusia castaneoventris,Dubusia castaneoventris,,,,,
Buthraupis montana,Buthraupis montana,,,,,
Sporathraupis cyanocephala,Sporathraupis cyanocephala,,,,,
Tephrophilus wetmorei,Tephrophilus wetmorei,,,,,
Chlorornis riefferii,Chlorornis riefferii,,,,,
Cnemathraupis eximia,Cnemathraupis eximia,,,,,
Cnemathraupis aureodorsalis,Cnemathraupis aureodorsalis,,,,,
Anisognathus somptuosus,Anisognathus somptuosus,,,,,
Anisognathus flavinucha,,,,,,
Anisognathus notabilis,Anisognathus notabilis,12,14,13,15,
Anisognathus melanogenys,Anisognathus melanogenys,,,,,
Anisognathus igniventris,Anisognathus igniventris,,,,,
Anisognathus lunulatus,,,,,,
Anisognathus lacrymosus,Anisognathus lacrymosus,,,,,
Chlorochrysa phoenicotis,Chlorochrysa phoenicotis,,,,,
Chlorochrysa nitidissima,Chlorochrysa nitidissima,,,,,
Chlorochrysa calliparaea,Chlorochrysa calliparaea,,,,,F
Chlorochrysa fulgentissima,,,,,,
Wetmorethraupis sterrhopteron,Wetmorethraupis sterrhopteron,,,,,
Bangsia flavovirens,Bangsia flavovirens,,,,,
Bangsia arcaei,Bangsia arcaei,,,,,
Bangsia aureocincta,Bangsia aureocincta,,,,,
Bangsia edwardsi,Bangsia edwardsi,,,,,
Bangsia rothschildi,Bangsia rothschildi,,,,,
Bangsia melanochlamys,Bangsia melanochlamys,,,,,
Lophospingus griseocristatus,Lophospingus griseocristatus,,,,,
Lophospingus pusillus,Lophospingus pusillus,,,,,
Neothraupis fasciata,Neothraupis fasciata,13,,11.7,,
Diuca diuca,Diuca diuca,13,14,9,10,B
Gubernatrix cristata,Gubernatrix cristata,12,13,,,
Stephanophorus diadematus,Stephanophorus diadematus,13,,,,
Cissopis leverianus,Cissopis leverianus,12,13,15,,
Schistochlamys melanopis,Schistochlamys melanopis,13,,,,
Schistochlamys ruficapillus,Schistochlamys ruficapillus,13,,35,40,
Paroaria coronata,Paroaria coronata,11,13,12,18,F
Paroaria dominicana,Paroaria dominicana,13,,,,
Paroaria baeri,Paroaria baeri,,,,,
Paroaria capitata,Paroaria capitata,13,,,,
Paroaria nigrogenis,Paroaria nigrogenis,,,,,
Paroaria gularis,Paroaria gularis,13,,,,
Tangara varia,Ixothraupis varia,,,,,
Tangara rufigula,Ixothraupis rufigula,,,,,
Tangara punctata,Ixothraupis punctata,15,17,,,
Tangara guttata,Ixothraupis guttata,13,,15,,F
Tangara xanthogastra,Ixothraupis xanthogastra,,,,,
Tangara ruficervix,Chalcothraupis ruficervix,14,,21,,
Tangara fulvicervix,,,,,,
Tangara cabanisi,Poecilostreptus cabanisi,14,15,15,,F
Tangara palmeri,Poecilostreptus palmeri,,,,,
Tangara episcopus,Thraupis episcopus,12,14,17,18,F
Tangara sayaca,Thraupis sayaca,12,14,20,,F
Tangara glaucocolpa,Thraupis glaucocolpa,,,,,
Tangara cyanoptera,Thraupis cyanoptera,12,14,20,,F
Tangara abbas,Thraupis abbas,,,,,
Tangara ornata,Thraupis ornata,,,18,,F
Tangara palmarum,Thraupis palmarum,14,,17,21,F
Tangara argentea,Stilpnia cyanoptera,,,,,
Tangara whitelyi,,,,,,
Tangara viridicollis,Stilpnia viridicollis,,,,,
Tangara phillipsi,Stilpnia phillipsi,,,,,
Tangara argyrofenges,Stilpnia argyrofenges,,,,,
Tangara heinei,Stilpnia heinei,13.5,14,,,F
Tangara larvata,Stilpnia larvata,13,15,14,16,F
Tangara cyanicollis,Stilpnia cyanicollis,15,,20,,F
Tangara nigrocincta,Stilpnia nigrocincta,14,,14,,F
Tangara peruviana,Stilpnia peruviana,,,,,
Tangara preciosa,Stilpnia preciosa,,,,,
Tangara meyerdeschauenseei,Stilpnia meyerdeschauenseei,,,,,
Tangara vitriolina,Stilpnia vitriolina,,,,,
Tangara cayana,Stilpnia cayana,12,14,14,16,F
Tangara flava,,,,,,
Tangara cucullata,Stilpnia cucullata,,,,,
Tangara versicolor,,,,,,
Tangara vassorii,Tangara vassorii,,,,,
Tangara atrocoerulea,,,,,,
Tangara nigroviridis,Tangara nigroviridis,,,,,
Tangara dowii,Tangara dowii,,,,,
Tangara fucosa,Tangara fucosa,,,,,
Tangara cyanotis,Tangara cyanotis,,,,,
Tangara rufigenis,Tangara rufigenis,,,,,
Tangara labradorides,Tangara labradorides,,,,,
Tangara gyrola,Tangara gyrola,13,14,15,16,F
Tangara lavinia,Tangara lavinia,,,,,
Tangara chrysotis,Tangara chrysotis,,,,,
Tangara xanthocephala,Tangara xanthocephala,,,,,
Tangara parzudakii,Tangara parzudakii,,,,,F
Tangara lunigera,,,,,,F
Tangara johannae,Tangara johannae,,,,,
Tangara schrankii,Tangara schrankii,15,17,,,
Tangara arthus,Tangara arthus,,,,,
Tangara aurulenta,,10,15,14,15,F
Tangara florida,Tangara florida,,,,,
Tangara icterocephala,Tangara icterocephala,13,14,,,F
Tangara fastuosa,Tangara fastuosa,15,17,,,
Tangara seledon,Tangara seledon,15,17,14,35,F
Tangara cyanocephala,Tangara cyanocephala,12,13,15,,F
Tangara desmaresti,Tangara desmaresti,12,13,20,,F
Tangara cyanoventris,Tangara cyanoventris,,,,,
Tangara inornata,Tangara inornata,,,,,
Tangara mexicana,Tangara mexicana,12,14,,,F
Tangara brasiliensis,Tangara brasiliensis,,,,,
Tangara chilensis,Tangara chilensis,13,17,,,F
Tangara callophrys,Tangara callophrys,,,,,
Tangara velia,Tangara velia,15,17,,,
Tangara cyanomelas,,13,,,,