SciName,Family,Order
Accipiter albogularis,Accipitridae,Accipitriformes
Accipiter badius,Accipitridae,Accipitriformes
Accipiter bicolor,Accipitridae,Accipitriformes
Accipiter brachyurus,Accipitridae,Accipitriformes
Accipiter brevipes,Accipitridae,Accipitriformes
Accipiter butleri,Accipitridae,Accipitriformes
Accipiter castanilius,Accipitridae,Accipitriformes
Accipiter chilensis,Accipitridae,Accipitriformes
Accipiter chionogaster,Accipitridae,Accipitriformes
Accipiter cirrocephalus,Accipitridae,Accipitriformes
Accipiter collaris,Accipitridae,Accipitriformes
Accipiter cooperii,Accipitridae,Accipitriformes
Accipiter erythrauchen,Accipitridae,Accipitriformes
Accipiter erythronemius,Accipitridae,Accipitriformes
Accipiter erythropus,Accipitridae,Accipitriformes
Accipiter fasciatus,Accipitridae,Accipitriformes
Accipiter francesiae,Accipitridae,Accipitriformes
Accipiter gentilis,Accipitridae,Accipitriformes
Accipiter griseiceps,Accipitridae,Accipitriformes
Accipiter gularis,Accipitridae,Accipitriformes
Accipiter gundlachi,Accipitridae,Accipitriformes
Accipiter haplochrous,Accipitridae,Accipitriformes
Accipiter henicogrammus,Accipitridae,Accipitriformes
Accipiter henstii,Accipitridae,Accipitriformes
Accipiter imitator,Accipitridae,Accipitriformes
Accipiter luteoschistaceus,Accipitridae,Accipitriformes
Accipiter madagascariensis,Accipitridae,Accipitriformes
Accipiter melanochlamys,Accipitridae,Accipitriformes
Accipiter melanoleucus,Accipitridae,Accipitriformes
Accipiter meyerianus,Accipitridae,Accipitriformes
Accipiter minullus,Accipitridae,Accipitriformes
Accipiter nanus,Accipitridae,Accipitriformes
Accipiter nisus,Accipitridae,Accipitriformes
Accipiter novaehollandiae,Accipitridae,Accipitriformes
Accipiter ovampensis,Accipitridae,Accipitriformes
Accipiter poliocephalus,Accipitridae,Accipitriformes
Accipiter poliogaster,Accipitridae,Accipitriformes
Accipiter princeps,Accipitridae,Accipitriformes
Accipiter rhodogaster,Accipitridae,Accipitriformes
Accipiter rufitorques,Accipitridae,Accipitriformes
Accipiter rufiventris,Accipitridae,Accipitriformes
Accipiter soloensis,Accipitridae,Accipitriformes
Accipiter striatus,Accipitridae,Accipitriformes
Accipiter superciliosus,Accipitridae,Accipitriformes
Accipiter tachiro,Accipitridae,Accipitriformes
Accipiter toussenelii,Accipitridae,Accipitriformes
Accipiter trinotatus,Accipitridae,Accipitriformes
Accipiter trivirgatus,Accipitridae,Accipitriformes
Accipiter ventralis,Accipitridae,Accipitriformes
Accipiter virgatus,Accipitridae,Accipitriformes
Aegypius monachus,Accipitridae,Accipitriformes
Aquila adalberti,Accipitridae,Accipitriformes
Aquila africanus,Accipitridae,Accipitriformes
Aquila audax,Accipitridae,Accipitriformes
Aquila chrysaetos,Accipitridae,Accipitriformes
Aquila clanga,Accipitridae,Accipitriformes
Aquila fasciatus,Accipitridae,Accipitriformes
Aquila gurneyi,Accipitridae,Accipitriformes
Aquila hastata,Accipitridae,Accipitriformes
Aquila heliaca,Accipitridae,Accipitriformes
Aquila nipalensis,Accipitridae,Accipitriformes
Aquila pomarina,Accipitridae,Accipitriformes
Aquila rapax,Accipitridae,Accipitriformes
Aquila verreauxii,Accipitridae,Accipitriformes
Aquila wahlbergi,Accipitridae,Accipitriformes
Aviceda cuculoides,Accipitridae,Accipitriformes
Aviceda jerdoni,Accipitridae,Accipitriformes
Aviceda leuphotes,Accipitridae,Accipitriformes
Aviceda madagascariensis,Accipitridae,Accipitriformes
Aviceda subcristata,Accipitridae,Accipitriformes
Busarellus nigricollis,Accipitridae,Accipitriformes
Butastur indicus,Accipitridae,Accipitriformes
Butastur liventer,Accipitridae,Accipitriformes
Butastur rufipennis,Accipitridae,Accipitriformes
Butastur teesa,Accipitridae,Accipitriformes
Buteo albicaudatus,Accipitridae,Accipitriformes
Buteo albigula,Accipitridae,Accipitriformes
Buteo albonotatus,Accipitridae,Accipitriformes
Buteo archeri,Accipitridae,Accipitriformes
Buteo augur,Accipitridae,Accipitriformes
Buteo auguralis,Accipitridae,Accipitriformes
Buteo brachypterus,Accipitridae,Accipitriformes
Buteo brachyurus,Accipitridae,Accipitriformes
Buteo buteo,Accipitridae,Accipitriformes
Buteo galapagoensis,Accipitridae,Accipitriformes
Buteo hemilasius,Accipitridae,Accipitriformes
Buteo jamaicensis,Accipitridae,Accipitriformes
Buteo lagopus,Accipitridae,Accipitriformes
Buteo leucorrhous,Accipitridae,Accipitriformes
Buteo lineatus,Accipitridae,Accipitriformes
Buteo magnirostris,Accipitridae,Accipitriformes
Buteo nitidus,Accipitridae,Accipitriformes
Buteo oreophilus,Accipitridae,Accipitriformes
Buteo platypterus,Accipitridae,Accipitriformes
Buteo polyosoma,Accipitridae,Accipitriformes
Buteo regalis,Accipitridae,Accipitriformes
Buteo ridgwayi,Accipitridae,Accipitriformes
Buteo rufinus,Accipitridae,Accipitriformes
Buteo rufofuscus,Accipitridae,Accipitriformes
Buteo solitarius,Accipitridae,Accipitriformes
Buteo swainsoni,Accipitridae,Accipitriformes
Buteo ventralis,Accipitridae,Accipitriformes
Buteogallus aequinoctialis,Accipitridae,Accipitriformes
Buteogallus anthracinus,Accipitridae,Accipitriformes
Buteogallus gundlachii,Accipitridae,Accipitriformes
Buteogallus meridionalis,Accipitridae,Accipitriformes
Buteogallus urubitinga,Accipitridae,Accipitriformes
Chelictinia riocourii,Accipitridae,Accipitriformes
Chondrohierax uncinatus,Accipitridae,Accipitriformes
Chondrohierax wilsonii,Accipitridae,Accipitriformes
Circaetus beaudouini,Accipitridae,Accipitriformes
Circaetus cinerascens,Accipitridae,Accipitriformes
Circaetus cinereus,Accipitridae,Accipitriformes
Circaetus fasciolatus,Accipitridae,Accipitriformes
Circaetus gallicus,Accipitridae,Accipitriformes
Circaetus pectoralis,Accipitridae,Accipitriformes
Circus aeruginosus,Accipitridae,Accipitriformes
Circus approximans,Accipitridae,Accipitriformes
Circus assimilis,Accipitridae,Accipitriformes
Circus buffoni,Accipitridae,Accipitriformes
Circus cinereus,Accipitridae,Accipitriformes
Circus cyaneus,Accipitridae,Accipitriformes
Circus macrosceles,Accipitridae,Accipitriformes
Circus macrourus,Accipitridae,Accipitriformes
Circus maillardi,Accipitridae,Accipitriformes
Circus maurus,Accipitridae,Accipitriformes
Circus melanoleucos,Accipitridae,Accipitriformes
Circus pygargus,Accipitridae,Accipitriformes
Circus ranivorus,Accipitridae,Accipitriformes
Circus spilonotus,Accipitridae,Accipitriformes
Dryotriorchis spectabilis,Accipitridae,Accipitriformes
Elanoides forficatus,Accipitridae,Accipitriformes
Elanus axillaris,Accipitridae,Accipitriformes
Elanus caeruleus,Accipitridae,Accipitriformes
Elanus leucurus,Accipitridae,Accipitriformes
Elanus scriptus,Accipitridae,Accipitriformes
Erythrotriorchis buergersi,Accipitridae,Accipitriformes
Erythrotriorchis radiatus,Accipitridae,Accipitriformes
Eutriorchis astur,Accipitridae,Accipitriformes
Gampsonyx swainsonii,Accipitridae,Accipitriformes
Geranoaetus melanoleucus,Accipitridae,Accipitriformes
Geranospiza caerulescens,Accipitridae,Accipitriformes
Gypaetus barbatus,Accipitridae,Accipitriformes
Gypohierax angolensis,Accipitridae,Accipitriformes
Gyps africanus,Accipitridae,Accipitriformes
Gyps bengalensis,Accipitridae,Accipitriformes
Gyps coprotheres,Accipitridae,Accipitriformes
Gyps fulvus,Accipitridae,Accipitriformes
Gyps himalayensis,Accipitridae,Accipitriformes
Gyps indicus,Accipitridae,Accipitriformes
Gyps rueppellii,Accipitridae,Accipitriformes
Gyps tenuirostris,Accipitridae,Accipitriformes
Haliaeetus albicilla,Accipitridae,Accipitriformes
Haliaeetus leucocephalus,Accipitridae,Accipitriformes
Haliaeetus leucogaster,Accipitridae,Accipitriformes
Haliaeetus leucoryphus,Accipitridae,Accipitriformes
Haliaeetus pelagicus,Accipitridae,Accipitriformes
Haliaeetus sanfordi,Accipitridae,Accipitriformes
Haliaeetus vocifer,Accipitridae,Accipitriformes
Haliaeetus vociferoides,Accipitridae,Accipitriformes
Haliastur indus,Accipitridae,Accipitriformes
Haliastur sphenurus,Accipitridae,Accipitriformes
Hamirostra melanosternon,Accipitridae,Accipitriformes
Harpagus bidentatus,Accipitridae,Accipitriformes
Harpagus diodon,Accipitridae,Accipitriformes
Harpia harpyja,Accipitridae,Accipitriformes
Harpyhaliaetus coronatus,Accipitridae,Accipitriformes
Harpyhaliaetus solitarius,Accipitridae,Accipitriformes
Harpyopsis novaeguineae,Accipitridae,Accipitriformes
Helicolestes hamatus,Accipitridae,Accipitriformes
Henicopernis infuscatus,Accipitridae,Accipitriformes
Henicopernis longicauda,Accipitridae,Accipitriformes
Hieraaetus ayresii,Accipitridae,Accipitriformes
Hieraaetus morphnoides,Accipitridae,Accipitriformes
Hieraaetus pennatus,Accipitridae,Accipitriformes
Hieraaetus spilogaster,Accipitridae,Accipitriformes
Hieraaetus weiskei,Accipitridae,Accipitriformes
Ichthyophaga humilis,Accipitridae,Accipitriformes
Ichthyophaga ichthyaetus,Accipitridae,Accipitriformes
Ictinaetus malayensis,Accipitridae,Accipitriformes
Ictinia mississippiensis,Accipitridae,Accipitriformes
Ictinia plumbea,Accipitridae,Accipitriformes
Kaupifalco monogrammicus,Accipitridae,Accipitriformes
Leptodon cayanensis,Accipitridae,Accipitriformes
Leptodon forbesi,Accipitridae,Accipitriformes
Leucopternis albicollis,Accipitridae,Accipitriformes
Leucopternis kuhli,Accipitridae,Accipitriformes
Leucopternis lacernulatus,Accipitridae,Accipitriformes
Leucopternis melanops,Accipitridae,Accipitriformes
Leucopternis occidentalis,Accipitridae,Accipitriformes
Leucopternis plumbeus,Accipitridae,Accipitriformes
Leucopternis polionotus,Accipitridae,Accipitriformes
Leucopternis princeps,Accipitridae,Accipitriformes
Leucopternis schistaceus,Accipitridae,Accipitriformes
Leucopternis semiplumbeus,Accipitridae,Accipitriformes
Lophaetus occipitalis,Accipitridae,Accipitriformes
Lophoictinia isura,Accipitridae,Accipitriformes
Lophotriorchis kienerii,Accipitridae,Accipitriformes
Macheiramphus alcinus,Accipitridae,Accipitriformes
Megatriorchis doriae,Accipitridae,Accipitriformes
Melierax canorus,Accipitridae,Accipitriformes
Melierax gabar,Accipitridae,Accipitriformes
Melierax metabates,Accipitridae,Accipitriformes
Melierax poliopterus,Accipitridae,Accipitriformes
Milvus migrans,Accipitridae,Accipitriformes
Milvus milvus,Accipitridae,Accipitriformes
Morphnus guianensis,Accipitridae,Accipitriformes
Necrosyrtes monachus,Accipitridae,Accipitriformes
Neophron percnopterus,Accipitridae,Accipitriformes
Nisaetus alboniger,Accipitridae,Accipitriformes
Nisaetus bartelsi,Accipitridae,Accipitriformes
Nisaetus cirrhatus,Accipitridae,Accipitriformes
Nisaetus floris,Accipitridae,Accipitriformes
Nisaetus lanceolatus,Accipitridae,Accipitriformes
Nisaetus nanus,Accipitridae,Accipitriformes
Nisaetus nipalensis,Accipitridae,Accipitriformes
Nisaetus philippensis,Accipitridae,Accipitriformes
Pandion haliaetus,Accipitridae,Accipitriformes
Parabuteo unicinctus,Accipitridae,Accipitriformes
Pernis apivorus,Accipitridae,Accipitriformes
Pernis celebensis,Accipitridae,Accipitriformes
Pernis ptilorhyncus,Accipitridae,Accipitriformes
Pithecophaga jefferyi,Accipitridae,Accipitriformes
Polemaetus bellicosus,Accipitridae,Accipitriformes
Polyboroides radiatus,Accipitridae,Accipitriformes
Polyboroides typus,Accipitridae,Accipitriformes
Rostrhamus sociabilis,Accipitridae,Accipitriformes
Sagittarius serpentarius,Accipitridae,Accipitriformes
Sarcogyps calvus,Accipitridae,Accipitriformes
Spilornis cheela,Accipitridae,Accipitriformes
Spilornis elgini,Accipitridae,Accipitriformes
Spilornis holospilus,Accipitridae,Accipitriformes
Spilornis kinabaluensis,Accipitridae,Accipitriformes
Spilornis klossi,Accipitridae,Accipitriformes
Spilornis rufipectus,Accipitridae,Accipitriformes
Spizaetus isidori,Accipitridae,Accipitriformes
Spizaetus melanoleucus,Accipitridae,Accipitriformes
Spizaetus ornatus,Accipitridae,Accipitriformes
Spizaetus tyrannus,Accipitridae,Accipitriformes
Stephanoaetus coronatus,Accipitridae,Accipitriformes
Terathopius ecaudatus,Accipitridae,Accipitriformes
Torgos tracheliotos,Accipitridae,Accipitriformes
Trigonoceps occipitalis,Accipitridae,Accipitriformes
Urotriorchis macrourus,Accipitridae,Accipitriformes
Cathartes aura,Cathartidae,Accipitriformes
Cathartes burrovianus,Cathartidae,Accipitriformes
Cathartes melambrotus,Cathartidae,Accipitriformes
Coragyps atratus,Cathartidae,Accipitriformes
Gymnogyps californianus,Cathartidae,Accipitriformes
Sarcoramphus papa,Cathartidae,Accipitriformes
Vultur gryphus,Cathartidae,Accipitriformes
Aix galericulata,Anatidae,Anseriformes
Aix sponsa,Anatidae,Anseriformes
Alopochen aegyptiaca,Anatidae,Anseriformes
Amazonetta brasiliensis,Anatidae,Anseriformes
Anas acuta,Anatidae,Anseriformes
Anas americana,Anatidae,Anseriformes
Anas andium,Anatidae,Anseriformes
Anas aucklandica,Anatidae,Anseriformes
Anas bahamensis,Anatidae,Anseriformes
Anas bernieri,Anatidae,Anseriformes
Anas capensis,Anatidae,Anseriformes
Anas castanea,Anatidae,Anseriformes
Anas chlorotis,Anatidae,Anseriformes
Anas clypeata,Anatidae,Anseriformes
Anas crecca,Anatidae,Anseriformes
Anas cyanoptera,Anatidae,Anseriformes
Anas discors,Anatidae,Anseriformes
Anas eatoni,Anatidae,Anseriformes
Anas erythrorhyncha,Anatidae,Anseriformes
Anas falcata,Anatidae,Anseriformes
Anas flavirostris,Anatidae,Anseriformes
Anas formosa,Anatidae,Anseriformes
Anas fulvigula,Anatidae,Anseriformes
Anas georgica,Anatidae,Anseriformes
Anas gibberifrons,Anatidae,Anseriformes
Anas gracilis,Anatidae,Anseriformes
Anas hottentota,Anatidae,Anseriformes
Anas laysanensis,Anatidae,Anseriformes
Anas luzonica,Anatidae,Anseriformes
Anas melleri,Anatidae,Anseriformes
Anas nesiotis,Anatidae,Anseriformes
Anas penelope,Anatidae,Anseriformes
Anas platalea,Anatidae,Anseriformes
Anas platyrhynchos,Anatidae,Anseriformes
Anas poecilorhyncha,Anatidae,Anseriformes
Anas puna,Anatidae,Anseriformes
Anas querquedula,Anatidae,Anseriformes
Anas rhynchotis,Anatidae,Anseriformes
Anas rubripes,Anatidae,Anseriformes
Anas sibilatrix,Anatidae,Anseriformes
Anas smithii,Anatidae,Anseriformes
Anas sparsa,Anatidae,Anseriformes
Anas strepera,Anatidae,Anseriformes
Anas superciliosa,Anatidae,Anseriformes
Anas undulata,Anatidae,Anseriformes
Anas versicolor,Anatidae,Anseriformes
Anas wyvilliana,Anatidae,Anseriformes
Anser albifrons,Anatidae,Anseriformes
Anser anser,Anatidae,Anseriformes
Anser brachyrhynchus,Anatidae,Anseriformes
Anser cygnoides,Anatidae,Anseriformes
Anser erythropus,Anatidae,Anseriformes
Anser fabalis,Anatidae,Anseriformes
Anser indicus,Anatidae,Anseriformes
Aythya affinis,Anatidae,Anseriformes
Aythya americana,Anatidae,Anseriformes
Aythya australis,Anatidae,Anseriformes
Aythya baeri,Anatidae,Anseriformes
Aythya collaris,Anatidae,Anseriformes
Aythya ferina,Anatidae,Anseriformes
Aythya fuligula,Anatidae,Anseriformes
Aythya innotata,Anatidae,Anseriformes
Aythya marila,Anatidae,Anseriformes
Aythya novaeseelandiae,Anatidae,Anseriformes
Aythya nyroca,Anatidae,Anseriformes
Aythya valisineria,Anatidae,Anseriformes
Biziura lobata,Anatidae,Anseriformes
Branta bernicla,Anatidae,Anseriformes
Branta canadensis,Anatidae,Anseriformes
Branta hutchinsii,Anatidae,Anseriformes
Branta leucopsis,Anatidae,Anseriformes
Branta ruficollis,Anatidae,Anseriformes
Branta sandvicensis,Anatidae,Anseriformes
Bucephala albeola,Anatidae,Anseriformes
Bucephala clangula,Anatidae,Anseriformes
Bucephala islandica,Anatidae,Anseriformes
Cairina moschata,Anatidae,Anseriformes
Cairina scutulata,Anatidae,Anseriformes
Callonetta leucophrys,Anatidae,Anseriformes
Cereopsis novaehollandiae,Anatidae,Anseriformes
Chen caerulescens,Anatidae,Anseriformes
Chen canagica,Anatidae,Anseriformes
Chen rossii,Anatidae,Anseriformes
Chenonetta jubata,Anatidae,Anseriformes
Chloephaga hybrida,Anatidae,Anseriformes
Chloephaga melanoptera,Anatidae,Anseriformes
Chloephaga picta,Anatidae,Anseriformes
Chloephaga poliocephala,Anatidae,Anseriformes
Chloephaga rubidiceps,Anatidae,Anseriformes
Clangula hyemalis,Anatidae,Anseriformes
Coscoroba coscoroba,Anatidae,Anseriformes
Cyanochen cyanoptera,Anatidae,Anseriformes
Cygnus atratus,Anatidae,Anseriformes
Cygnus buccinator,Anatidae,Anseriformes
Cygnus columbianus,Anatidae,Anseriformes
Cygnus cygnus,Anatidae,Anseriformes
Cygnus melancoryphus,Anatidae,Anseriformes
Cygnus olor,Anatidae,Anseriformes
Dendrocygna arborea,Anatidae,Anseriformes
Dendrocygna arcuata,Anatidae,Anseriformes
Dendrocygna autumnalis,Anatidae,Anseriformes
Dendrocygna bicolor,Anatidae,Anseriformes
Dendrocygna eytoni,Anatidae,Anseriformes
Dendrocygna guttata,Anatidae,Anseriformes
Dendrocygna javanica,Anatidae,Anseriformes
Dendrocygna viduata,Anatidae,Anseriformes
Heteronetta atricapilla,Anatidae,Anseriformes
Histrionicus histrionicus,Anatidae,Anseriformes
Hymenolaimus malacorhynchos,Anatidae,Anseriformes
Lophodytes cucullatus,Anatidae,Anseriformes
Lophonetta specularioides,Anatidae,Anseriformes
Malacorhynchus membranaceus,Anatidae,Anseriformes
Marmaronetta angustirostris,Anatidae,Anseriformes
Melanitta fusca,Anatidae,Anseriformes
Melanitta nigra,Anatidae,Anseriformes
Melanitta perspicillata,Anatidae,Anseriformes
Merganetta armata,Anatidae,Anseriformes
Mergellus albellus,Anatidae,Anseriformes
Mergus merganser,Anatidae,Anseriformes
Mergus octosetaceus,Anatidae,Anseriformes
Mergus serrator,Anatidae,Anseriformes
Mergus squamatus,Anatidae,Anseriformes
Neochen jubata,Anatidae,Anseriformes
Netta erythrophthalma,Anatidae,Anseriformes
Netta peposaca,Anatidae,Anseriformes
Netta rufina,Anatidae,Anseriformes
Nettapus auritus,Anatidae,Anseriformes
Nettapus coromandelianus,Anatidae,Anseriformes
Nettapus pulchellus,Anatidae,Anseriformes
Nomonyx dominicus,Anatidae,Anseriformes
Oxyura australis,Anatidae,Anseriformes
Oxyura jamaicensis,Anatidae,Anseriformes
Oxyura leucocephala,Anatidae,Anseriformes
Oxyura maccoa,Anatidae,Anseriformes
Oxyura vittata,Anatidae,Anseriformes
Plectropterus gambensis,Anatidae,Anseriformes
Polysticta stelleri,Anatidae,Anseriformes
Pteronetta hartlaubii,Anatidae,Anseriformes
Salvadorina waigiuensis,Anatidae,Anseriformes
Sarkidiornis melanotos,Anatidae,Anseriformes
Somateria fischeri,Anatidae,Anseriformes
Somateria mollissima,Anatidae,Anseriformes
Somateria spectabilis,Anatidae,Anseriformes
Speculanas specularis,Anatidae,Anseriformes
Stictonetta naevosa,Anatidae,Anseriformes
Tachyeres brachypterus,Anatidae,Anseriformes
Tachyeres leucocephalus,Anatidae,Anseriformes
Tachyeres patachonicus,Anatidae,Anseriformes
Tachyeres pteneres,Anatidae,Anseriformes
Tadorna cana,Anatidae,Anseriformes
Tadorna ferruginea,Anatidae,Anseriformes
Tadorna radjah,Anatidae,Anseriformes
Tadorna tadorna,Anatidae,Anseriformes
Tadorna tadornoides,Anatidae,Anseriformes
Tadorna variegata,Anatidae,Anseriformes
Thalassornis leuconotus,Anatidae,Anseriformes
Anhima cornuta,Anhimidae,Anseriformes
Chauna chavaria,Anhimidae,Anseriformes
Chauna torquata,Anhimidae,Anseriformes
Anseranas semipalmata,Anseranatidae,Anseriformes
Aegotheles albertisi,Aegothelidae,Apodiformes
Aegotheles archboldi,Aegothelidae,Apodiformes
Aegotheles bennettii,Aegothelidae,Apodiformes
Aegotheles crinifrons,Aegothelidae,Apodiformes
Aegotheles cristatus,Aegothelidae,Apodiformes
Aegotheles insignis,Aegothelidae,Apodiformes
Aegotheles savesi,Aegothelidae,Apodiformes
Aegotheles tatei,Aegothelidae,Apodiformes
Aegotheles wallacii,Aegothelidae,Apodiformes
Aeronautes andecolus,Apodidae,Apodiformes
Aeronautes montivagus,Apodidae,Apodiformes
Aeronautes saxatalis,Apodidae,Apodiformes
Apus acuticauda,Apodidae,Apodiformes
Apus affinis,Apodidae,Apodiformes
Apus alexandri,Apodidae,Apodiformes
Apus apus,Apodidae,Apodiformes
Apus balstoni,Apodidae,Apodiformes
Apus barbatus,Apodidae,Apodiformes
Apus batesi,Apodidae,Apodiformes
Apus berliozi,Apodidae,Apodiformes
Apus bradfieldi,Apodidae,Apodiformes
Apus caffer,Apodidae,Apodiformes
Apus horus,Apodidae,Apodiformes
Apus niansae,Apodidae,Apodiformes
Apus nipalensis,Apodidae,Apodiformes
Apus pacificus,Apodidae,Apodiformes
Apus pallidus,Apodidae,Apodiformes
Apus sladeniae,Apodidae,Apodiformes
Apus toulsoni,Apodidae,Apodiformes
Apus unicolor,Apodidae,Apodiformes
Chaetura brachyura,Apodidae,Apodiformes
Chaetura chapmani,Apodidae,Apodiformes
Chaetura cinereiventris,Apodidae,Apodiformes
Chaetura egregia,Apodidae,Apodiformes
Chaetura fumosa,Apodidae,Apodiformes
Chaetura martinica,Apodidae,Apodiformes
Chaetura meridionalis,Apodidae,Apodiformes
Chaetura pelagica,Apodidae,Apodiformes
Chaetura spinicaudus,Apodidae,Apodiformes
Chaetura vauxi,Apodidae,Apodiformes
Chaetura viridipennis,Apodidae,Apodiformes
Collocalia amelis,Apodidae,Apodiformes
Collocalia bartschi,Apodidae,Apodiformes
Collocalia brevirostris,Apodidae,Apodiformes
Collocalia elaphra,Apodidae,Apodiformes
Collocalia esculenta,Apodidae,Apodiformes
Collocalia francica,Apodidae,Apodiformes
Collocalia fuciphaga,Apodidae,Apodiformes
Collocalia germani,Apodidae,Apodiformes
Collocalia hirundinacea,Apodidae,Apodiformes
Collocalia infuscata,Apodidae,Apodiformes
Collocalia inquieta,Apodidae,Apodiformes
Collocalia leucophaea,Apodidae,Apodiformes
Collocalia linchi,Apodidae,Apodiformes
Collocalia maxima,Apodidae,Apodiformes
Collocalia mearnsi,Apodidae,Apodiformes
Collocalia nuditarsus,Apodidae,Apodiformes
Collocalia ocista,Apodidae,Apodiformes
Collocalia orientalis,Apodidae,Apodiformes
Collocalia palawanensis,Apodidae,Apodiformes
Collocalia papuensis,Apodidae,Apodiformes
Collocalia pelewensis,Apodidae,Apodiformes
Collocalia rogersi,Apodidae,Apodiformes
Collocalia salangana,Apodidae,Apodiformes
Collocalia sawtelli,Apodidae,Apodiformes
Collocalia spodiopygia,Apodidae,Apodiformes
Collocalia terraereginae,Apodidae,Apodiformes
Collocalia troglodytes,Apodidae,Apodiformes
Collocalia unicolor,Apodidae,Apodiformes
Collocalia vanikorensis,Apodidae,Apodiformes
Collocalia vulcanorum,Apodidae,Apodiformes
Collocalia whiteheadi,Apodidae,Apodiformes
Cypseloides cherriei,Apodidae,Apodiformes
Cypseloides cryptus,Apodidae,Apodiformes
Cypseloides fumigatus,Apodidae,Apodiformes
Cypseloides lemosi,Apodidae,Apodiformes
Cypseloides niger,Apodidae,Apodiformes
Cypseloides rothschildi,Apodidae,Apodiformes
Cypseloides senex,Apodidae,Apodiformes
Cypseloides storeri,Apodidae,Apodiformes
Cypsiurus balasiensis,Apodidae,Apodiformes
Cypsiurus parvus,Apodidae,Apodiformes
Hirundapus caudacutus,Apodidae,Apodiformes
Hirundapus celebensis,Apodidae,Apodiformes
Hirundapus cochinchinensis,Apodidae,Apodiformes
Hirundapus giganteus,Apodidae,Apodiformes
Hydrochous gigas,Apodidae,Apodiformes
Mearnsia novaeguineae,Apodidae,Apodiformes
Mearnsia picina,Apodidae,Apodiformes
Neafrapus boehmi,Apodidae,Apodiformes
Neafrapus cassini,Apodidae,Apodiformes
Panyptila cayennensis,Apodidae,Apodiformes
Panyptila sanctihieronymi,Apodidae,Apodiformes
Rhaphidura leucopygialis,Apodidae,Apodiformes
Rhaphidura sabini,Apodidae,Apodiformes
Schoutedenapus myoptilus,Apodidae,Apodiformes
Schoutedenapus schoutedeni,Apodidae,Apodiformes
Streptoprocne biscutata,Apodidae,Apodiformes
Streptoprocne phelpsi,Apodidae,Apodiformes
Streptoprocne rutila,Apodidae,Apodiformes
Streptoprocne semicollaris,Apodidae,Apodiformes
Streptoprocne zonaris,Apodidae,Apodiformes
Tachornis furcata,Apodidae,Apodiformes
Tachornis phoenicobia,Apodidae,Apodiformes
Tachornis squamata,Apodidae,Apodiformes
Tachymarptis aequatorialis,Apodidae,Apodiformes
Tachymarptis melba,Apodidae,Apodiformes
Telacanthura melanopygia,Apodidae,Apodiformes
Telacanthura ussheri,Apodidae,Apodiformes
Zoonavena grandidieri,Apodidae,Apodiformes
Zoonavena sylvatica,Apodidae,Apodiformes
Zoonavena thomensis,Apodidae,Apodiformes
Hemiprocne comata,Hemiprocnidae,Apodiformes
Hemiprocne coronata,Hemiprocnidae,Apodiformes
Hemiprocne longipennis,Hemiprocnidae,Apodiformes
Hemiprocne mystacea,Hemiprocnidae,Apodiformes
Abeillia abeillei,Trochilidae,Apodiformes
Adelomyia melanogenys,Trochilidae,Apodiformes
Aglaeactis aliciae,Trochilidae,Apodiformes
Aglaeactis castelnaudii,Trochilidae,Apodiformes
Aglaeactis cupripennis,Trochilidae,Apodiformes
Aglaeactis pamela,Trochilidae,Apodiformes
Aglaiocercus berlepschi,Trochilidae,Apodiformes
Aglaiocercus coelestis,Trochilidae,Apodiformes
Aglaiocercus kingi,Trochilidae,Apodiformes
Amazilia amabilis,Trochilidae,Apodiformes
Amazilia amazilia,Trochilidae,Apodiformes
Amazilia beryllina,Trochilidae,Apodiformes
Amazilia boucardi,Trochilidae,Apodiformes
Amazilia brevirostris,Trochilidae,Apodiformes
Amazilia candida,Trochilidae,Apodiformes
Amazilia castaneiventris,Trochilidae,Apodiformes
Amazilia chionogaster,Trochilidae,Apodiformes
Amazilia cyanifrons,Trochilidae,Apodiformes
Amazilia cyanocephala,Trochilidae,Apodiformes
Amazilia cyanura,Trochilidae,Apodiformes
Amazilia decora,Trochilidae,Apodiformes
Amazilia edward,Trochilidae,Apodiformes
Amazilia fimbriata,Trochilidae,Apodiformes
Amazilia franciae,Trochilidae,Apodiformes
Amazilia lactea,Trochilidae,Apodiformes
Amazilia leucogaster,Trochilidae,Apodiformes
Amazilia luciae,Trochilidae,Apodiformes
Amazilia rosenbergi,Trochilidae,Apodiformes
Amazilia rutila,Trochilidae,Apodiformes
Amazilia saucerrottei,Trochilidae,Apodiformes
Amazilia tobaci,Trochilidae,Apodiformes
Amazilia tzacatl,Trochilidae,Apodiformes
Amazilia versicolor,Trochilidae,Apodiformes
Amazilia violiceps,Trochilidae,Apodiformes
Amazilia viridicauda,Trochilidae,Apodiformes
Amazilia viridifrons,Trochilidae,Apodiformes
Amazilia viridigaster,Trochilidae,Apodiformes
Amazilia yucatanensis,Trochilidae,Apodiformes
Androdon aequatorialis,Trochilidae,Apodiformes
Anopetia gounellei,Trochilidae,Apodiformes
Anthocephala floriceps,Trochilidae,Apodiformes
Anthracothorax dominicus,Trochilidae,Apodiformes
Anthracothorax mango,Trochilidae,Apodiformes
Anthracothorax nigricollis,Trochilidae,Apodiformes
Anthracothorax prevostii,Trochilidae,Apodiformes
Anthracothorax veraguensis,Trochilidae,Apodiformes
Anthracothorax viridigula,Trochilidae,Apodiformes
Anthracothorax viridis,Trochilidae,Apodiformes
Aphantochroa cirrochloris,Trochilidae,Apodiformes
Archilochus alexandri,Trochilidae,Apodiformes
Archilochus colubris,Trochilidae,Apodiformes
Atthis ellioti,Trochilidae,Apodiformes
Atthis heloisa,Trochilidae,Apodiformes
Augastes lumachella,Trochilidae,Apodiformes
Augastes scutatus,Trochilidae,Apodiformes
Avocettula recurvirostris,Trochilidae,Apodiformes
Boissonneaua flavescens,Trochilidae,Apodiformes
Boissonneaua jardini,Trochilidae,Apodiformes
Boissonneaua matthewsii,Trochilidae,Apodiformes
Calliphlox amethystina,Trochilidae,Apodiformes
Calliphlox bryantae,Trochilidae,Apodiformes
Calliphlox evelynae,Trochilidae,Apodiformes
Calliphlox mitchellii,Trochilidae,Apodiformes
Calothorax lucifer,Trochilidae,Apodiformes
Calothorax pulcher,Trochilidae,Apodiformes
Calypte anna,Trochilidae,Apodiformes
Calypte costae,Trochilidae,Apodiformes
Campylopterus curvipennis,Trochilidae,Apodiformes
Campylopterus duidae,Trochilidae,Apodiformes
Campylopterus ensipennis,Trochilidae,Apodiformes
Campylopterus excellens,Trochilidae,Apodiformes
Campylopterus falcatus,Trochilidae,Apodiformes
Campylopterus hemileucurus,Trochilidae,Apodiformes
Campylopterus hyperythrus,Trochilidae,Apodiformes
Campylopterus largipennis,Trochilidae,Apodiformes
Campylopterus phainopeplus,Trochilidae,Apodiformes
Campylopterus rufus,Trochilidae,Apodiformes
Campylopterus villaviscensio,Trochilidae,Apodiformes
Chaetocercus astreans,Trochilidae,Apodiformes
Chaetocercus berlepschi,Trochilidae,Apodiformes
Chaetocercus bombus,Trochilidae,Apodiformes
Chaetocercus heliodor,Trochilidae,Apodiformes
Chaetocercus jourdanii,Trochilidae,Apodiformes
Chaetocercus mulsant,Trochilidae,Apodiformes
Chalcostigma herrani,Trochilidae,Apodiformes
Chalcostigma heteropogon,Trochilidae,Apodiformes
Chalcostigma olivaceum,Trochilidae,Apodiformes
Chalcostigma ruficeps,Trochilidae,Apodiformes
Chalcostigma stanleyi,Trochilidae,Apodiformes
Chalybura buffonii,Trochilidae,Apodiformes
Chalybura urochrysia,Trochilidae,Apodiformes
Chlorestes notata,Trochilidae,Apodiformes
Chlorostilbon alice,Trochilidae,Apodiformes
Chlorostilbon assimilis,Trochilidae,Apodiformes
Chlorostilbon auriceps,Trochilidae,Apodiformes
Chlorostilbon canivetii,Trochilidae,Apodiformes
Chlorostilbon forficatus,Trochilidae,Apodiformes
Chlorostilbon gibsoni,Trochilidae,Apodiformes
Chlorostilbon lucidus,Trochilidae,Apodiformes
Chlorostilbon maugaeus,Trochilidae,Apodiformes
Chlorostilbon melanorhynchus,Trochilidae,Apodiformes
Chlorostilbon mellisugus,Trochilidae,Apodiformes
Chlorostilbon olivaresi,Trochilidae,Apodiformes
Chlorostilbon poortmani,Trochilidae,Apodiformes
Chlorostilbon ricordii,Trochilidae,Apodiformes
Chlorostilbon russatus,Trochilidae,Apodiformes
Chlorostilbon stenurus,Trochilidae,Apodiformes
Chlorostilbon swainsonii,Trochilidae,Apodiformes
Chrysolampis mosquitus,Trochilidae,Apodiformes
Chrysuronia oenone,Trochilidae,Apodiformes
Clytolaema rubricauda,Trochilidae,Apodiformes
Coeligena bonapartei,Trochilidae,Apodiformes
Coeligena coeligena,Trochilidae,Apodiformes
Coeligena helianthea,Trochilidae,Apodiformes
Coeligena iris,Trochilidae,Apodiformes
Coeligena lutetiae,Trochilidae,Apodiformes
Coeligena orina,Trochilidae,Apodiformes
Coeligena phalerata,Trochilidae,Apodiformes
Coeligena prunellei,Trochilidae,Apodiformes
Coeligena torquata,Trochilidae,Apodiformes
Coeligena violifer,Trochilidae,Apodiformes
Coeligena wilsoni,Trochilidae,Apodiformes
Colibri coruscans,Trochilidae,Apodiformes
Colibri delphinae,Trochilidae,Apodiformes
Colibri serrirostris,Trochilidae,Apodiformes
Colibri thalassinus,Trochilidae,Apodiformes
Cyanophaia bicolor,Trochilidae,Apodiformes
Cynanthus latirostris,Trochilidae,Apodiformes
Cynanthus sordidus,Trochilidae,Apodiformes
Damophila julie,Trochilidae,Apodiformes
Discosura conversii,Trochilidae,Apodiformes
Discosura langsdorffi,Trochilidae,Apodiformes
Discosura letitiae,Trochilidae,Apodiformes
Discosura longicaudus,Trochilidae,Apodiformes
Discosura popelairii,Trochilidae,Apodiformes
Doricha eliza,Trochilidae,Apodiformes
Doricha enicura,Trochilidae,Apodiformes
Doryfera johannae,Trochilidae,Apodiformes
Doryfera ludovicae,Trochilidae,Apodiformes
Elvira chionura,Trochilidae,Apodiformes
Elvira cupreiceps,Trochilidae,Apodiformes
Ensifera ensifera,Trochilidae,Apodiformes
Eriocnemis alinae,Trochilidae,Apodiformes
Eriocnemis cupreoventris,Trochilidae,Apodiformes
Eriocnemis derbyi,Trochilidae,Apodiformes
Eriocnemis glaucopoides,Trochilidae,Apodiformes
Eriocnemis godini,Trochilidae,Apodiformes
Eriocnemis isabellae,Trochilidae,Apodiformes
Eriocnemis luciani,Trochilidae,Apodiformes
Eriocnemis mirabilis,Trochilidae,Apodiformes
Eriocnemis mosquera,Trochilidae,Apodiformes
Eriocnemis nigrivestis,Trochilidae,Apodiformes
Eriocnemis vestita,Trochilidae,Apodiformes
Eugenes fulgens,Trochilidae,Apodiformes
Eulampis holosericeus,Trochilidae,Apodiformes
Eulampis jugularis,Trochilidae,Apodiformes
Eulidia yarrellii,Trochilidae,Apodiformes
Eupetomena macroura,Trochilidae,Apodiformes
Eupherusa cyanophrys,Trochilidae,Apodiformes
Eupherusa eximia,Trochilidae,Apodiformes
Eupherusa nigriventris,Trochilidae,Apodiformes
Eupherusa poliocerca,Trochilidae,Apodiformes
Eutoxeres aquila,Trochilidae,Apodiformes
Eutoxeres condamini,Trochilidae,Apodiformes
Florisuga fusca,Trochilidae,Apodiformes
Florisuga mellivora,Trochilidae,Apodiformes
Glaucis aeneus,Trochilidae,Apodiformes
Glaucis dohrnii,Trochilidae,Apodiformes
Glaucis hirsutus,Trochilidae,Apodiformes
Goethalsia bella,Trochilidae,Apodiformes
Goldmania violiceps,Trochilidae,Apodiformes
Haplophaedia assimilis,Trochilidae,Apodiformes
Haplophaedia aureliae,Trochilidae,Apodiformes
Haplophaedia lugens,Trochilidae,Apodiformes
Heliactin bilophus,Trochilidae,Apodiformes
Heliangelus amethysticollis,Trochilidae,Apodiformes
Heliangelus exortis,Trochilidae,Apodiformes
Heliangelus mavors,Trochilidae,Apodiformes
Heliangelus micraster,Trochilidae,Apodiformes
Heliangelus regalis,Trochilidae,Apodiformes
Heliangelus strophianus,Trochilidae,Apodiformes
Heliangelus viola,Trochilidae,Apodiformes
Heliodoxa aurescens,Trochilidae,Apodiformes
Heliodoxa branickii,Trochilidae,Apodiformes
Heliodoxa gularis,Trochilidae,Apodiformes
Heliodoxa imperatrix,Trochilidae,Apodiformes
Heliodoxa jacula,Trochilidae,Apodiformes
Heliodoxa leadbeateri,Trochilidae,Apodiformes
Heliodoxa rubinoides,Trochilidae,Apodiformes
Heliodoxa schreibersii,Trochilidae,Apodiformes
Heliodoxa xanthogonys,Trochilidae,Apodiformes
Heliomaster constantii,Trochilidae,Apodiformes
Heliomaster furcifer,Trochilidae,Apodiformes
Heliomaster longirostris,Trochilidae,Apodiformes
Heliomaster squamosus,Trochilidae,Apodiformes
Heliothryx auritus,Trochilidae,Apodiformes
Heliothryx barroti,Trochilidae,Apodiformes
Hylocharis chrysura,Trochilidae,Apodiformes
Hylocharis cyanus,Trochilidae,Apodiformes
Hylocharis eliciae,Trochilidae,Apodiformes
Hylocharis grayi,Trochilidae,Apodiformes
Hylocharis humboldtii,Trochilidae,Apodiformes
Hylocharis leucotis,Trochilidae,Apodiformes
Hylocharis sapphirina,Trochilidae,Apodiformes
Hylocharis xantusii,Trochilidae,Apodiformes
Hylonympha macrocerca,Trochilidae,Apodiformes
Klais guimeti,Trochilidae,Apodiformes
Lafresnaya lafresnayi,Trochilidae,Apodiformes
Lampornis amethystinus,Trochilidae,Apodiformes
Lampornis calolaemus,Trochilidae,Apodiformes
Lampornis castaneoventris,Trochilidae,Apodiformes
Lampornis clemenciae,Trochilidae,Apodiformes
Lampornis hemileucus,Trochilidae,Apodiformes
Lampornis sybillae,Trochilidae,Apodiformes
Lampornis viridipallens,Trochilidae,Apodiformes
Lamprolaima rhami,Trochilidae,Apodiformes
Lepidopyga coeruleogularis,Trochilidae,Apodiformes
Lepidopyga goudoti,Trochilidae,Apodiformes
Lepidopyga lilliae,Trochilidae,Apodiformes
Lesbia nuna,Trochilidae,Apodiformes
Lesbia victoriae,Trochilidae,Apodiformes
Leucippus baeri,Trochilidae,Apodiformes
Leucippus chlorocercus,Trochilidae,Apodiformes
Leucippus fallax,Trochilidae,Apodiformes
Leucippus taczanowskii,Trochilidae,Apodiformes
Leucochloris albicollis,Trochilidae,Apodiformes
Loddigesia mirabilis,Trochilidae,Apodiformes
Lophornis adorabilis,Trochilidae,Apodiformes
Lophornis brachylophus,Trochilidae,Apodiformes
Lophornis chalybeus,Trochilidae,Apodiformes
Lophornis delattrei,Trochilidae,Apodiformes
Lophornis gouldii,Trochilidae,Apodiformes
Lophornis helenae,Trochilidae,Apodiformes
Lophornis magnificus,Trochilidae,Apodiformes
Lophornis ornatus,Trochilidae,Apodiformes
Lophornis pavoninus,Trochilidae,Apodiformes
Lophornis stictolophus,Trochilidae,Apodiformes
Mellisuga helenae,Trochilidae,Apodiformes
Mellisuga minima,Trochilidae,Apodiformes
Metallura aeneocauda,Trochilidae,Apodiformes
Metallura baroni,Trochilidae,Apodiformes
Metallura eupogon,Trochilidae,Apodiformes
Metallura iracunda,Trochilidae,Apodiformes
Metallura odomae,Trochilidae,Apodiformes
Metallura phoebe,Trochilidae,Apodiformes
Metallura theresiae,Trochilidae,Apodiformes
Metallura tyrianthina,Trochilidae,Apodiformes
Metallura williami,Trochilidae,Apodiformes
Microchera albocoronata,Trochilidae,Apodiformes
Microstilbon burmeisteri,Trochilidae,Apodiformes
Myrmia micrura,Trochilidae,Apodiformes
Myrtis fanny,Trochilidae,Apodiformes
Ocreatus underwoodii,Trochilidae,Apodiformes
Opisthoprora euryptera,Trochilidae,Apodiformes
Oreonympha nobilis,Trochilidae,Apodiformes
Oreotrochilus adela,Trochilidae,Apodiformes
Oreotrochilus chimborazo,Trochilidae,Apodiformes
Oreotrochilus estella,Trochilidae,Apodiformes
Oreotrochilus leucopleurus,Trochilidae,Apodiformes
Oreotrochilus melanogaster,Trochilidae,Apodiformes
Orthorhyncus cristatus,Trochilidae,Apodiformes
Oxypogon guerinii,Trochilidae,Apodiformes
Panterpe insignis,Trochilidae,Apodiformes
Patagona gigas,Trochilidae,Apodiformes
Phaeochroa cuvierii,Trochilidae,Apodiformes
Phaethornis anthophilus,Trochilidae,Apodiformes
Phaethornis atrimentalis,Trochilidae,Apodiformes
Phaethornis augusti,Trochilidae,Apodiformes
Phaethornis bourcieri,Trochilidae,Apodiformes
Phaethornis eurynome,Trochilidae,Apodiformes
Phaethornis griseogularis,Trochilidae,Apodiformes
Phaethornis guy,Trochilidae,Apodiformes
Phaethornis hispidus,Trochilidae,Apodiformes
Phaethornis idaliae,Trochilidae,Apodiformes
Phaethornis koepckeae,Trochilidae,Apodiformes
Phaethornis longirostris,Trochilidae,Apodiformes
Phaethornis longuemareus,Trochilidae,Apodiformes
Phaethornis malaris,Trochilidae,Apodiformes
Phaethornis nattereri,Trochilidae,Apodiformes
Phaethornis philippii,Trochilidae,Apodiformes
Phaethornis pretrei,Trochilidae,Apodiformes
Phaethornis ruber,Trochilidae,Apodiformes
Phaethornis rupurumii,Trochilidae,Apodiformes
Phaethornis squalidus,Trochilidae,Apodiformes
Phaethornis striigularis,Trochilidae,Apodiformes
Phaethornis stuarti,Trochilidae,Apodiformes
Phaethornis subochraceus,Trochilidae,Apodiformes
Phaethornis superciliosus,Trochilidae,Apodiformes
Phaethornis syrmatophorus,Trochilidae,Apodiformes
Phaethornis yaruqui,Trochilidae,Apodiformes
Phlogophilus harterti,Trochilidae,Apodiformes
Phlogophilus hemileucurus,Trochilidae,Apodiformes
Polyonymus caroli,Trochilidae,Apodiformes
Polytmus guainumbi,Trochilidae,Apodiformes
Polytmus milleri,Trochilidae,Apodiformes
Polytmus theresiae,Trochilidae,Apodiformes
Pterophanes cyanopterus,Trochilidae,Apodiformes
Ramphodon naevius,Trochilidae,Apodiformes
Ramphomicron dorsale,Trochilidae,Apodiformes
Ramphomicron microrhynchum,Trochilidae,Apodiformes
Rhodopis vesper,Trochilidae,Apodiformes
Sappho sparganura,Trochilidae,Apodiformes
Schistes geoffroyi,Trochilidae,Apodiformes
Selasphorus ardens,Trochilidae,Apodiformes
Selasphorus flammula,Trochilidae,Apodiformes
Selasphorus platycercus,Trochilidae,Apodiformes
Selasphorus rufus,Trochilidae,Apodiformes
Selasphorus sasin,Trochilidae,Apodiformes
Selasphorus scintilla,Trochilidae,Apodiformes
Sephanoides fernandensis,Trochilidae,Apodiformes
Sephanoides sephaniodes,Trochilidae,Apodiformes
Stellula calliope,Trochilidae,Apodiformes
Stephanoxis lalandi,Trochilidae,Apodiformes
Sternoclyta cyanopectus,Trochilidae,Apodiformes
Taphrolesbia griseiventris,Trochilidae,Apodiformes
Taphrospilus hypostictus,Trochilidae,Apodiformes
Thalurania colombica,Trochilidae,Apodiformes
Thalurania fannyi,Trochilidae,Apodiformes
Thalurania furcata,Trochilidae,Apodiformes
Thalurania glaucopis,Trochilidae,Apodiformes
Thalurania ridgwayi,Trochilidae,Apodiformes
Thalurania watertonii,Trochilidae,Apodiformes
Thaumastura cora,Trochilidae,Apodiformes
Threnetes leucurus,Trochilidae,Apodiformes
Threnetes niger,Trochilidae,Apodiformes
Threnetes ruckeri,Trochilidae,Apodiformes
Tilmatura dupontii,Trochilidae,Apodiformes
Topaza pella,Trochilidae,Apodiformes
Topaza pyra,Trochilidae,Apodiformes
Trochilus polytmus,Trochilidae,Apodiformes
Trochilus scitulus,Trochilidae,Apodiformes
Urochroa bougueri,Trochilidae,Apodiformes
Urosticte benjamini,Trochilidae,Apodiformes
Urosticte ruficrissa,Trochilidae,Apodiformes
Apteryx australis,Apterygidae,Apterygiformes
Apteryx haastii,Apterygidae,Apterygiformes
Apteryx mantelli,Apterygidae,Apterygiformes
Apteryx owenii,Apterygidae,Apterygiformes
Aceros cassidix,Bucerotidae,Bucerotiformes
Aceros comatus,Bucerotidae,Bucerotiformes
Aceros corrugatus,Bucerotidae,Bucerotiformes
Aceros everetti,Bucerotidae,Bucerotiformes
Aceros leucocephalus,Bucerotidae,Bucerotiformes
Aceros narcondami,Bucerotidae,Bucerotiformes
Aceros nipalensis,Bucerotidae,Bucerotiformes
Aceros plicatus,Bucerotidae,Bucerotiformes
Aceros subruficollis,Bucerotidae,Bucerotiformes
Aceros undulatus,Bucerotidae,Bucerotiformes
Aceros waldeni,Bucerotidae,Bucerotiformes
Anorrhinus austeni,Bucerotidae,Bucerotiformes
Anorrhinus galeritus,Bucerotidae,Bucerotiformes
Anorrhinus tickelli,Bucerotidae,Bucerotiformes
Anthracoceros albirostris,Bucerotidae,Bucerotiformes
Anthracoceros coronatus,Bucerotidae,Bucerotiformes
Anthracoceros malayanus,Bucerotidae,Bucerotiformes
Anthracoceros marchei,Bucerotidae,Bucerotiformes
Anthracoceros montani,Bucerotidae,Bucerotiformes
Buceros bicornis,Bucerotidae,Bucerotiformes
Buceros hydrocorax,Bucerotidae,Bucerotiformes
Buceros rhinoceros,Bucerotidae,Bucerotiformes
Bycanistes albotibialis,Bucerotidae,Bucerotiformes
Bycanistes brevis,Bucerotidae,Bucerotiformes
Bycanistes bucinator,Bucerotidae,Bucerotiformes
Bycanistes cylindricus,Bucerotidae,Bucerotiformes
Bycanistes fistulator,Bucerotidae,Bucerotiformes
Bycanistes subcylindricus,Bucerotidae,Bucerotiformes
Ceratogymna atrata,Bucerotidae,Bucerotiformes
Ceratogymna elata,Bucerotidae,Bucerotiformes
Ocyceros birostris,Bucerotidae,Bucerotiformes
Ocyceros gingalensis,Bucerotidae,Bucerotiformes
Ocyceros griseus,Bucerotidae,Bucerotiformes
Penelopides affinis,Bucerotidae,Bucerotiformes
Penelopides exarhatus,Bucerotidae,Bucerotiformes
Penelopides manillae,Bucerotidae,Bucerotiformes
Penelopides mindorensis,Bucerotidae,Bucerotiformes
Penelopides panini,Bucerotidae,Bucerotiformes
Penelopides samarensis,Bucerotidae,Bucerotiformes
Rhinoplax vigil,Bucerotidae,Bucerotiformes
Tockus alboterminatus,Bucerotidae,Bucerotiformes
Tockus bradfieldi,Bucerotidae,Bucerotiformes
Tockus camurus,Bucerotidae,Bucerotiformes
Tockus deckeni,Bucerotidae,Bucerotiformes
Tockus erythrorhynchus,Bucerotidae,Bucerotiformes
Tockus fasciatus,Bucerotidae,Bucerotiformes
Tockus flavirostris,Bucerotidae,Bucerotiformes
Tockus hartlaubi,Bucerotidae,Bucerotiformes
Tockus hemprichii,Bucerotidae,Bucerotiformes
Tockus jacksoni,Bucerotidae,Bucerotiformes
Tockus leucomelas,Bucerotidae,Bucerotiformes
Tockus monteiri,Bucerotidae,Bucerotiformes
Tockus nasutus,Bucerotidae,Bucerotiformes
Tockus pallidirostris,Bucerotidae,Bucerotiformes
Tropicranus albocristatus,Bucerotidae,Bucerotiformes
Bucorvus abyssinicus,Bucorvidae,Bucerotiformes
Bucorvus cafer,Bucorvidae,Bucerotiformes
Phoeniculus bollei,Phoeniculidae,Bucerotiformes
Phoeniculus castaneiceps,Phoeniculidae,Bucerotiformes
Phoeniculus damarensis,Phoeniculidae,Bucerotiformes
Phoeniculus purpureus,Phoeniculidae,Bucerotiformes
Phoeniculus somaliensis,Phoeniculidae,Bucerotiformes
Rhinopomastus aterrimus,Phoeniculidae,Bucerotiformes
Rhinopomastus cyanomelas,Phoeniculidae,Bucerotiformes
Rhinopomastus minor,Phoeniculidae,Bucerotiformes
Upupa epops,Upupidae,Bucerotiformes
Caprimulgus aegyptius,Caprimulgidae,Caprimulgiformes
Caprimulgus affinis,Caprimulgidae,Caprimulgiformes
Caprimulgus anthonyi,Caprimulgidae,Caprimulgiformes
Caprimulgus asiaticus,Caprimulgidae,Caprimulgiformes
Caprimulgus atripennis,Caprimulgidae,Caprimulgiformes
Caprimulgus badius,Caprimulgidae,Caprimulgiformes
Caprimulgus batesi,Caprimulgidae,Caprimulgiformes
Caprimulgus binotatus,Caprimulgidae,Caprimulgiformes
Caprimulgus carolinensis,Caprimulgidae,Caprimulgiformes
Caprimulgus cayennensis,Caprimulgidae,Caprimulgiformes
Caprimulgus celebensis,Caprimulgidae,Caprimulgiformes
Caprimulgus centralasicus,Caprimulgidae,Caprimulgiformes
Caprimulgus clarus,Caprimulgidae,Caprimulgiformes
Caprimulgus climacurus,Caprimulgidae,Caprimulgiformes
Caprimulgus concretus,Caprimulgidae,Caprimulgiformes
Caprimulgus cubanensis,Caprimulgidae,Caprimulgiformes
Caprimulgus donaldsoni,Caprimulgidae,Caprimulgiformes
Caprimulgus ekmani,Caprimulgidae,Caprimulgiformes
Caprimulgus enarratus,Caprimulgidae,Caprimulgiformes
Caprimulgus europaeus,Caprimulgidae,Caprimulgiformes
Caprimulgus eximius,Caprimulgidae,Caprimulgiformes
Caprimulgus fossii,Caprimulgidae,Caprimulgiformes
Caprimulgus fraenatus,Caprimulgidae,Caprimulgiformes
Caprimulgus heterurus,Caprimulgidae,Caprimulgiformes
Caprimulgus hirundinaceus,Caprimulgidae,Caprimulgiformes
Caprimulgus indicus,Caprimulgidae,Caprimulgiformes
Caprimulgus inornatus,Caprimulgidae,Caprimulgiformes
Caprimulgus longirostris,Caprimulgidae,Caprimulgiformes
Caprimulgus macrurus,Caprimulgidae,Caprimulgiformes
Caprimulgus maculicaudus,Caprimulgidae,Caprimulgiformes
Caprimulgus maculosus,Caprimulgidae,Caprimulgiformes
Caprimulgus madagascariensis,Caprimulgidae,Caprimulgiformes
Caprimulgus mahrattensis,Caprimulgidae,Caprimulgiformes
Caprimulgus manillensis,Caprimulgidae,Caprimulgiformes
Caprimulgus meesi,Caprimulgidae,Caprimulgiformes
Caprimulgus natalensis,Caprimulgidae,Caprimulgiformes
Caprimulgus nigrescens,Caprimulgidae,Caprimulgiformes
Caprimulgus nigriscapularis,Caprimulgidae,Caprimulgiformes
Caprimulgus noctitherus,Caprimulgidae,Caprimulgiformes
Caprimulgus nubicus,Caprimulgidae,Caprimulgiformes
Caprimulgus parvulus,Caprimulgidae,Caprimulgiformes
Caprimulgus pectoralis,Caprimulgidae,Caprimulgiformes
Caprimulgus poliocephalus,Caprimulgidae,Caprimulgiformes
Caprimulgus prigoginei,Caprimulgidae,Caprimulgiformes
Caprimulgus pulchellus,Caprimulgidae,Caprimulgiformes
Caprimulgus ridgwayi,Caprimulgidae,Caprimulgiformes
Caprimulgus ruficollis,Caprimulgidae,Caprimulgiformes
Caprimulgus rufigena,Caprimulgidae,Caprimulgiformes
Caprimulgus rufus,Caprimulgidae,Caprimulgiformes
Caprimulgus ruwenzorii,Caprimulgidae,Caprimulgiformes
Caprimulgus salvini,Caprimulgidae,Caprimulgiformes
Caprimulgus saturatus,Caprimulgidae,Caprimulgiformes
Caprimulgus sericocaudatus,Caprimulgidae,Caprimulgiformes
Caprimulgus solala,Caprimulgidae,Caprimulgiformes
Caprimulgus stellatus,Caprimulgidae,Caprimulgiformes
Caprimulgus tristigma,Caprimulgidae,Caprimulgiformes
Caprimulgus vociferus,Caprimulgidae,Caprimulgiformes
Caprimulgus whitelyi,Caprimulgidae,Caprimulgiformes
Chordeiles acutipennis,Caprimulgidae,Caprimulgiformes
Chordeiles gundlachii,Caprimulgidae,Caprimulgiformes
Chordeiles minor,Caprimulgidae,Caprimulgiformes
Chordeiles pusillus,Caprimulgidae,Caprimulgiformes
Chordeiles rupestris,Caprimulgidae,Caprimulgiformes
Eleothreptus anomalus,Caprimulgidae,Caprimulgiformes
Eleothreptus candicans,Caprimulgidae,Caprimulgiformes
Eurostopodus archboldi,Caprimulgidae,Caprimulgiformes
Eurostopodus argus,Caprimulgidae,Caprimulgiformes
Eurostopodus diabolicus,Caprimulgidae,Caprimulgiformes
Eurostopodus macrotis,Caprimulgidae,Caprimulgiformes
Eurostopodus mystacalis,Caprimulgidae,Caprimulgiformes
Eurostopodus papuensis,Caprimulgidae,Caprimulgiformes
Eurostopodus temminckii,Caprimulgidae,Caprimulgiformes
Hydropsalis climacocerca,Caprimulgidae,Caprimulgiformes
Hydropsalis torquata,Caprimulgidae,Caprimulgiformes
Lurocalis rufiventris,Caprimulgidae,Caprimulgiformes
Lurocalis semitorquatus,Caprimulgidae,Caprimulgiformes
Macrodipteryx longipennis,Caprimulgidae,Caprimulgiformes
Macrodipteryx vexillarius,Caprimulgidae,Caprimulgiformes
Macropsalis forcipata,Caprimulgidae,Caprimulgiformes
Nyctidromus albicollis,Caprimulgidae,Caprimulgiformes
Nyctiphrynus mcleodii,Caprimulgidae,Caprimulgiformes
Nyctiphrynus ocellatus,Caprimulgidae,Caprimulgiformes
Nyctiphrynus rosenbergi,Caprimulgidae,Caprimulgiformes
Nyctiphrynus yucatanicus,Caprimulgidae,Caprimulgiformes
Nyctiprogne leucopyga,Caprimulgidae,Caprimulgiformes
Nyctiprogne vielliardi,Caprimulgidae,Caprimulgiformes
Phalaenoptilus nuttallii,Caprimulgidae,Caprimulgiformes
Podager nacunda,Caprimulgidae,Caprimulgiformes
Siphonorhis brewsteri,Caprimulgidae,Caprimulgiformes
Uropsalis lyra,Caprimulgidae,Caprimulgiformes
Uropsalis segmentata,Caprimulgidae,Caprimulgiformes
Nyctibius aethereus,Nyctibiidae,Caprimulgiformes
Nyctibius bracteatus,Nyctibiidae,Caprimulgiformes
Nyctibius grandis,Nyctibiidae,Caprimulgiformes
Nyctibius griseus,Nyctibiidae,Caprimulgiformes
Nyctibius jamaicensis,Nyctibiidae,Caprimulgiformes
Nyctibius leucopterus,Nyctibiidae,Caprimulgiformes
Nyctibius maculosus,Nyctibiidae,Caprimulgiformes
Batrachostomus affinis,Podargidae,Caprimulgiformes
Batrachostomus auritus,Podargidae,Caprimulgiformes
Batrachostomus cornutus,Podargidae,Caprimulgiformes
Batrachostomus harterti,Podargidae,Caprimulgiformes
Batrachostomus hodgsoni,Podargidae,Caprimulgiformes
Batrachostomus javensis,Podargidae,Caprimulgiformes
Batrachostomus mixtus,Podargidae,Caprimulgiformes
Batrachostomus moniliger,Podargidae,Caprimulgiformes
Batrachostomus poliolophus,Podargidae,Caprimulgiformes
Batrachostomus septimus,Podargidae,Caprimulgiformes
Batrachostomus stellatus,Podargidae,Caprimulgiformes
Podargus ocellatus,Podargidae,Caprimulgiformes
Podargus papuensis,Podargidae,Caprimulgiformes
Podargus strigoides,Podargidae,Caprimulgiformes
Rigidipenna inexpectata,Podargidae,Caprimulgiformes
Steatornis caripensis,Steatornithidae,Caprimulgiformes
Cariama cristata,Cariamidae,Cariamiformes
Chunga burmeisteri,Cariamidae,Cariamiformes
Casuarius bennetti,Casuariidae,Casuariiformes
Casuarius casuarius,Casuariidae,Casuariiformes
Casuarius unappendiculatus,Casuariidae,Casuariiformes
Dromaius novaehollandiae,Dromaiidae,Casuariiformes
Aethia cristatella,Alcidae,Charadriiformes
Aethia psittacula,Alcidae,Charadriiformes
Aethia pusilla,Alcidae,Charadriiformes
Aethia pygmaea,Alcidae,Charadriiformes
Alca torda,Alcidae,Charadriiformes
Alle alle,Alcidae,Charadriiformes
Brachyramphus brevirostris,Alcidae,Charadriiformes
Brachyramphus marmoratus,Alcidae,Charadriiformes
Brachyramphus perdix,Alcidae,Charadriiformes
Cepphus carbo,Alcidae,Charadriiformes
Cepphus columba,Alcidae,Charadriiformes
Cepphus grylle,Alcidae,Charadriiformes
Cerorhinca monocerata,Alcidae,Charadriiformes
Fratercula arctica,Alcidae,Charadriiformes
Fratercula cirrhata,Alcidae,Charadriiformes
Fratercula corniculata,Alcidae,Charadriiformes
Ptychoramphus aleuticus,Alcidae,Charadriiformes
Synthliboramphus antiquus,Alcidae,Charadriiformes
Synthliboramphus craveri,Alcidae,Charadriiformes
Synthliboramphus hypoleucus,Alcidae,Charadriiformes
Synthliboramphus wumizusume,Alcidae,Charadriiformes
Uria aalge,Alcidae,Charadriiformes
Uria lomvia,Alcidae,Charadriiformes
Burhinus bistriatus,Burhinidae,Charadriiformes
Burhinus capensis,Burhinidae,Charadriiformes
Burhinus grallarius,Burhinidae,Charadriiformes
Burhinus oedicnemus,Burhinidae,Charadriiformes
Burhinus senegalensis,Burhinidae,Charadriiformes
Burhinus superciliaris,Burhinidae,Charadriiformes
Burhinus vermiculatus,Burhinidae,Charadriiformes
Esacus giganteus,Burhinidae,Charadriiformes
Esacus recurvirostris,Burhinidae,Charadriiformes
Anarhynchus frontalis,Charadriidae,Charadriiformes
Charadrius alexandrinus,Charadriidae,Charadriiformes
Charadrius alticola,Charadriidae,Charadriiformes
Charadrius asiaticus,Charadriidae,Charadriiformes
Charadrius australis,Charadriidae,Charadriiformes
Charadrius bicinctus,Charadriidae,Charadriiformes
Charadrius collaris,Charadriidae,Charadriiformes
Charadrius dubius,Charadriidae,Charadriiformes
Charadrius falklandicus,Charadriidae,Charadriiformes
Charadrius forbesi,Charadriidae,Charadriiformes
Charadrius hiaticula,Charadriidae,Charadriiformes
Charadrius javanicus,Charadriidae,Charadriiformes
Charadrius leschenaultii,Charadriidae,Charadriiformes
Charadrius marginatus,Charadriidae,Charadriiformes
Charadrius melodus,Charadriidae,Charadriiformes
Charadrius modestus,Charadriidae,Charadriiformes
Charadrius mongolus,Charadriidae,Charadriiformes
Charadrius montanus,Charadriidae,Charadriiformes
Charadrius obscurus,Charadriidae,Charadriiformes
Charadrius pallidus,Charadriidae,Charadriiformes
Charadrius pecuarius,Charadriidae,Charadriiformes
Charadrius peronii,Charadriidae,Charadriiformes
Charadrius placidus,Charadriidae,Charadriiformes
Charadrius ruficapillus,Charadriidae,Charadriiformes
Charadrius sanctaehelenae,Charadriidae,Charadriiformes
Charadrius semipalmatus,Charadriidae,Charadriiformes
Charadrius thoracicus,Charadriidae,Charadriiformes
Charadrius tricollaris,Charadriidae,Charadriiformes
Charadrius veredus,Charadriidae,Charadriiformes
Charadrius vociferus,Charadriidae,Charadriiformes
Charadrius wilsonia,Charadriidae,Charadriiformes
Elseyornis melanops,Charadriidae,Charadriiformes
Erythrogonys cinctus,Charadriidae,Charadriiformes
Eudromias morinellus,Charadriidae,Charadriiformes
Oreopholus ruficollis,Charadriidae,Charadriiformes
Phegornis mitchellii,Charadriidae,Charadriiformes
Pluvialis apricaria,Charadriidae,Charadriiformes
Pluvialis dominica,Charadriidae,Charadriiformes
Pluvialis fulva,Charadriidae,Charadriiformes
Pluvialis squatarola,Charadriidae,Charadriiformes
Thinornis novaeseelandiae,Charadriidae,Charadriiformes
Thinornis rubricollis,Charadriidae,Charadriiformes
Vanellus albiceps,Charadriidae,Charadriiformes
Vanellus armatus,Charadriidae,Charadriiformes
Vanellus cayanus,Charadriidae,Charadriiformes
Vanellus chilensis,Charadriidae,Charadriiformes
Vanellus cinereus,Charadriidae,Charadriiformes
Vanellus coronatus,Charadriidae,Charadriiformes
Vanellus crassirostris,Charadriidae,Charadriiformes
Vanellus duvaucelii,Charadriidae,Charadriiformes
Vanellus gregarius,Charadriidae,Charadriiformes
Vanellus indicus,Charadriidae,Charadriiformes
Vanellus leucurus,Charadriidae,Charadriiformes
Vanellus lugubris,Charadriidae,Charadriiformes
Vanellus malarbaricus,Charadriidae,Charadriiformes
Vanellus melanocephalus,Charadriidae,Charadriiformes
Vanellus melanopterus,Charadriidae,Charadriiformes
Vanellus miles,Charadriidae,Charadriiformes
Vanellus resplendens,Charadriidae,Charadriiformes
Vanellus senegallus,Charadriidae,Charadriiformes
Vanellus spinosus,Charadriidae,Charadriiformes
Vanellus superciliosus,Charadriidae,Charadriiformes
Vanellus tectus,Charadriidae,Charadriiformes
Vanellus tricolor,Charadriidae,Charadriiformes
Vanellus vanellus,Charadriidae,Charadriiformes
Chionis albus,Chionidae,Charadriiformes
Chionis minor,Chionidae,Charadriiformes
Pluvianellus socialis,Chionidae,Charadriiformes
Dromas ardeola,Dromadidae,Charadriiformes
Cursorius coromandelicus,Glareolidae,Charadriiformes
Cursorius cursor,Glareolidae,Charadriiformes
Cursorius rufus,Glareolidae,Charadriiformes
Cursorius somalensis,Glareolidae,Charadriiformes
Cursorius temminckii,Glareolidae,Charadriiformes
Glareola cinerea,Glareolidae,Charadriiformes
Glareola lactea,Glareolidae,Charadriiformes
Glareola maldivarum,Glareolidae,Charadriiformes
Glareola nordmanni,Glareolidae,Charadriiformes
Glareola nuchalis,Glareolidae,Charadriiformes
Glareola ocularis,Glareolidae,Charadriiformes
Glareola pratincola,Glareolidae,Charadriiformes
Pluvianus aegyptius,Glareolidae,Charadriiformes
Rhinoptilus africanus,Glareolidae,Charadriiformes
Rhinoptilus bitorquatus,Glareolidae,Charadriiformes
Rhinoptilus chalcopterus,Glareolidae,Charadriiformes
Rhinoptilus cinctus,Glareolidae,Charadriiformes
Stiltia isabella,Glareolidae,Charadriiformes
Haematopus ater,Haematopodidae,Charadriiformes
Haematopus bachmani,Haematopodidae,Charadriiformes
Haematopus chathamensis,Haematopodidae,Charadriiformes
Haematopus finschi,Haematopodidae,Charadriiformes
Haematopus fuliginosus,Haematopodidae,Charadriiformes
Haematopus leucopodus,Haematopodidae,Charadriiformes
Haematopus longirostris,Haematopodidae,Charadriiformes
Haematopus moquini,Haematopodidae,Charadriiformes
Haematopus ostralegus,Haematopodidae,Charadriiformes
Haematopus palliatus,Haematopodidae,Charadriiformes
Haematopus unicolor,Haematopodidae,Charadriiformes
Ibidorhyncha struthersii,Ibidorhynchidae,Charadriiformes
Actophilornis africanus,Jacanidae,Charadriiformes
Actophilornis albinucha,Jacanidae,Charadriiformes
Hydrophasianus chirurgus,Jacanidae,Charadriiformes
Irediparra gallinacea,Jacanidae,Charadriiformes
Jacana jacana,Jacanidae,Charadriiformes
Jacana spinosa,Jacanidae,Charadriiformes
Metopidius indicus,Jacanidae,Charadriiformes
Microparra capensis,Jacanidae,Charadriiformes
Anous minutus,Laridae,Charadriiformes
Anous stolidus,Laridae,Charadriiformes
Anous tenuirostris,Laridae,Charadriiformes
Chlidonias hybrida,Laridae,Charadriiformes
Chlidonias leucopterus,Laridae,Charadriiformes
Chlidonias niger,Laridae,Charadriiformes
Creagrus furcatus,Laridae,Charadriiformes
Gygis alba,Laridae,Charadriiformes
Gygis microrhyncha,Laridae,Charadriiformes
Larosterna inca,Laridae,Charadriiformes
Larus argentatus,Laridae,Charadriiformes
Larus armenicus,Laridae,Charadriiformes
Larus atlanticus,Laridae,Charadriiformes
Larus atricilla,Laridae,Charadriiformes
Larus audouinii,Laridae,Charadriiformes
Larus belcheri,Laridae,Charadriiformes
Larus brunnicephalus,Laridae,Charadriiformes
Larus bulleri,Laridae,Charadriiformes
Larus cachinnans,Laridae,Charadriiformes
Larus californicus,Laridae,Charadriiformes
Larus canus,Laridae,Charadriiformes
Larus cirrocephalus,Laridae,Charadriiformes
Larus crassirostris,Laridae,Charadriiformes
Larus delawarensis,Laridae,Charadriiformes
Larus dominicanus,Laridae,Charadriiformes
Larus fuliginosus,Laridae,Charadriiformes
Larus fuscus,Laridae,Charadriiformes
Larus genei,Laridae,Charadriiformes
Larus glaucescens,Laridae,Charadriiformes
Larus glaucoides,Laridae,Charadriiformes
Larus hartlaubii,Laridae,Charadriiformes
Larus heermanni,Laridae,Charadriiformes
Larus hemprichii,Laridae,Charadriiformes
Larus hyperboreus,Laridae,Charadriiformes
Larus ichthyaetus,Laridae,Charadriiformes
Larus leucophthalmus,Laridae,Charadriiformes
Larus livens,Laridae,Charadriiformes
Larus maculipennis,Laridae,Charadriiformes
Larus marinus,Laridae,Charadriiformes
Larus melanocephalus,Laridae,Charadriiformes
Larus michahellis,Laridae,Charadriiformes
Larus minutus,Laridae,Charadriiformes
Larus modestus,Laridae,Charadriiformes
Larus novaehollandiae,Laridae,Charadriiformes
Larus occidentalis,Laridae,Charadriiformes
Larus pacificus,Laridae,Charadriiformes
Larus philadelphia,Laridae,Charadriiformes
Larus pipixcan,Laridae,Charadriiformes
Larus relictus,Laridae,Charadriiformes
Larus ridibundus,Laridae,Charadriiformes
Larus saundersi,Laridae,Charadriiformes
Larus schistisagus,Laridae,Charadriiformes
Larus scopulinus,Laridae,Charadriiformes
Larus serranus,Laridae,Charadriiformes
Larus thayeri,Laridae,Charadriiformes
Leucophaeus scoresbii,Laridae,Charadriiformes
Pagophila eburnea,Laridae,Charadriiformes
Phaetusa simplex,Laridae,Charadriiformes
Procelsterna albivitta,Laridae,Charadriiformes
Procelsterna cerulea,Laridae,Charadriiformes
Rhodostethia rosea,Laridae,Charadriiformes
Rissa brevirostris,Laridae,Charadriiformes
Rissa tridactyla,Laridae,Charadriiformes
Rynchops albicollis,Laridae,Charadriiformes
Rynchops flavirostris,Laridae,Charadriiformes
Rynchops niger,Laridae,Charadriiformes
Sterna acuticauda,Laridae,Charadriiformes
Sterna albifrons,Laridae,Charadriiformes
Sterna albostriata,Laridae,Charadriiformes
Sterna aleutica,Laridae,Charadriiformes
Sterna anaethetus,Laridae,Charadriiformes
Sterna antillarum,Laridae,Charadriiformes
Sterna aurantia,Laridae,Charadriiformes
Sterna balaenarum,Laridae,Charadriiformes
Sterna bengalensis,Laridae,Charadriiformes
Sterna bergii,Laridae,Charadriiformes
Sterna bernsteini,Laridae,Charadriiformes
Sterna caspia,Laridae,Charadriiformes
Sterna dougallii,Laridae,Charadriiformes
Sterna elegans,Laridae,Charadriiformes
Sterna forsteri,Laridae,Charadriiformes
Sterna fuscata,Laridae,Charadriiformes
Sterna hirundinacea,Laridae,Charadriiformes
Sterna hirundo,Laridae,Charadriiformes
Sterna lorata,Laridae,Charadriiformes
Sterna lunata,Laridae,Charadriiformes
Sterna maxima,Laridae,Charadriiformes
Sterna nereis,Laridae,Charadriiformes
Sterna nilotica,Laridae,Charadriiformes
Sterna paradisaea,Laridae,Charadriiformes
Sterna repressa,Laridae,Charadriiformes
Sterna sandvicensis,Laridae,Charadriiformes
Sterna saundersi,Laridae,Charadriiformes
Sterna striata,Laridae,Charadriiformes
Sterna sumatrana,Laridae,Charadriiformes
Sterna superciliaris,Laridae,Charadriiformes
Sterna trudeaui,Laridae,Charadriiformes
Sterna virgata,Laridae,Charadriiformes
Sterna vittata,Laridae,Charadriiformes
Xema sabini,Laridae,Charadriiformes
Pedionomus torquatus,Pedionomidae,Charadriiformes
Cladorhynchus leucocephalus,Recurvirostridae,Charadriiformes
Himantopus himantopus,Recurvirostridae,Charadriiformes
Himantopus leucocephalus,Recurvirostridae,Charadriiformes
Himantopus mexicanus,Recurvirostridae,Charadriiformes
Himantopus novaezelandiae,Recurvirostridae,Charadriiformes
Recurvirostra americana,Recurvirostridae,Charadriiformes
Recurvirostra andina,Recurvirostridae,Charadriiformes
Recurvirostra avosetta,Recurvirostridae,Charadriiformes
Recurvirostra novaehollandiae,Recurvirostridae,Charadriiformes
Rostratula australis,Rostratulidae,Charadriiformes
Rostratula benghalensis,Rostratulidae,Charadriiformes
Rostratula semicollaris,Rostratulidae,Charadriiformes
Actitis hypoleucos,Scolopacidae,Charadriiformes
Actitis macularius,Scolopacidae,Charadriiformes
Aphriza virgata,Scolopacidae,Charadriiformes
Arenaria interpres,Scolopacidae,Charadriiformes
Arenaria melanocephala,Scolopacidae,Charadriiformes
Bartramia longicauda,Scolopacidae,Charadriiformes
Calidris acuminata,Scolopacidae,Charadriiformes
Calidris alba,Scolopacidae,Charadriiformes
Calidris alpina,Scolopacidae,Charadriiformes
Calidris bairdii,Scolopacidae,Charadriiformes
Calidris canutus,Scolopacidae,Charadriiformes
Calidris ferruginea,Scolopacidae,Charadriiformes
Calidris fuscicollis,Scolopacidae,Charadriiformes
Calidris himantopus,Scolopacidae,Charadriiformes
Calidris maritima,Scolopacidae,Charadriiformes
Calidris mauri,Scolopacidae,Charadriiformes
Calidris melanotos,Scolopacidae,Charadriiformes
Calidris minuta,Scolopacidae,Charadriiformes
Calidris minutilla,Scolopacidae,Charadriiformes
Calidris ptilocnemis,Scolopacidae,Charadriiformes
Calidris pusilla,Scolopacidae,Charadriiformes
Calidris ruficollis,Scolopacidae,Charadriiformes
Calidris subminuta,Scolopacidae,Charadriiformes
Calidris temminckii,Scolopacidae,Charadriiformes
Calidris tenuirostris,Scolopacidae,Charadriiformes
Catoptrophorus semipalmatus,Scolopacidae,Charadriiformes
Coenocorypha aucklandica,Scolopacidae,Charadriiformes
Coenocorypha pusilla,Scolopacidae,Charadriiformes
Eurynorhynchus pygmeus,Scolopacidae,Charadriiformes
Gallinago andina,Scolopacidae,Charadriiformes
Gallinago gallinago,Scolopacidae,Charadriiformes
Gallinago hardwickii,Scolopacidae,Charadriiformes
Gallinago imperialis,Scolopacidae,Charadriiformes
Gallinago jamesoni,Scolopacidae,Charadriiformes
Gallinago macrodactyla,Scolopacidae,Charadriiformes
Gallinago media,Scolopacidae,Charadriiformes
Gallinago megala,Scolopacidae,Charadriiformes
Gallinago nemoricola,Scolopacidae,Charadriiformes
Gallinago nigripennis,Scolopacidae,Charadriiformes
Gallinago nobilis,Scolopacidae,Charadriiformes
Gallinago paraguaiae,Scolopacidae,Charadriiformes
Gallinago solitaria,Scolopacidae,Charadriiformes
Gallinago stenura,Scolopacidae,Charadriiformes
Gallinago stricklandii,Scolopacidae,Charadriiformes
Gallinago undulata,Scolopacidae,Charadriiformes
Heteroscelus brevipes,Scolopacidae,Charadriiformes
Heteroscelus incanus,Scolopacidae,Charadriiformes
Limicola falcinellus,Scolopacidae,Charadriiformes
Limnodromus griseus,Scolopacidae,Charadriiformes
Limnodromus scolopaceus,Scolopacidae,Charadriiformes
Limnodromus semipalmatus,Scolopacidae,Charadriiformes
Limosa fedoa,Scolopacidae,Charadriiformes
Limosa haemastica,Scolopacidae,Charadriiformes
Limosa lapponica,Scolopacidae,Charadriiformes
Limosa limosa,Scolopacidae,Charadriiformes
Lymnocryptes minimus,Scolopacidae,Charadriiformes
Numenius americanus,Scolopacidae,Charadriiformes
Numenius arquata,Scolopacidae,Charadriiformes
Numenius borealis,Scolopacidae,Charadriiformes
Numenius madagascariensis,Scolopacidae,Charadriiformes
Numenius minutus,Scolopacidae,Charadriiformes
Numenius phaeopus,Scolopacidae,Charadriiformes
Numenius tahitiensis,Scolopacidae,Charadriiformes
Numenius tenuirostris,Scolopacidae,Charadriiformes
Phalaropus fulicarius,Scolopacidae,Charadriiformes
Phalaropus lobatus,Scolopacidae,Charadriiformes
Philomachus pugnax,Scolopacidae,Charadriiformes
Prosobonia cancellata,Scolopacidae,Charadriiformes
Scolopax bukidnonensis,Scolopacidae,Charadriiformes
Scolopax celebensis,Scolopacidae,Charadriiformes
Scolopax minor,Scolopacidae,Charadriiformes
Scolopax mira,Scolopacidae,Charadriiformes
Scolopax rochussenii,Scolopacidae,Charadriiformes
Scolopax rosenbergii,Scolopacidae,Charadriiformes
Scolopax rusticola,Scolopacidae,Charadriiformes
Scolopax saturata,Scolopacidae,Charadriiformes
Steganopus tricolor,Scolopacidae,Charadriiformes
Tringa erythropus,Scolopacidae,Charadriiformes
Tringa flavipes,Scolopacidae,Charadriiformes
Tringa glareola,Scolopacidae,Charadriiformes
Tringa guttifer,Scolopacidae,Charadriiformes
Tringa melanoleuca,Scolopacidae,Charadriiformes
Tringa nebularia,Scolopacidae,Charadriiformes
Tringa ochropus,Scolopacidae,Charadriiformes
Tringa solitaria,Scolopacidae,Charadriiformes
Tringa stagnatilis,Scolopacidae,Charadriiformes
Tringa totanus,Scolopacidae,Charadriiformes
Tryngites subruficollis,Scolopacidae,Charadriiformes
Xenus cinereus,Scolopacidae,Charadriiformes
Catharacta antarctica,Stercorariidae,Charadriiformes
Catharacta chilensis,Stercorariidae,Charadriiformes
Catharacta lonnbergi,Stercorariidae,Charadriiformes
Catharacta maccormicki,Stercorariidae,Charadriiformes
Catharacta skua,Stercorariidae,Charadriiformes
Stercorarius longicaudus,Stercorariidae,Charadriiformes
Stercorarius parasiticus,Stercorariidae,Charadriiformes
Stercorarius pomarinus,Stercorariidae,Charadriiformes
Attagis gayi,Thinocoridae,Charadriiformes
Attagis malouinus,Thinocoridae,Charadriiformes
Thinocorus orbignyianus,Thinocoridae,Charadriiformes
Thinocorus rumicivorus,Thinocoridae,Charadriiformes
Ortyxelos meiffrenii,Turnicidae,Charadriiformes
Turnix castanotus,Turnicidae,Charadriiformes
Turnix everetti,Turnicidae,Charadriiformes
Turnix hottentottus,Turnicidae,Charadriiformes
Turnix maculosus,Turnicidae,Charadriiformes
Turnix melanogaster,Turnicidae,Charadriiformes
Turnix nigricollis,Turnicidae,Charadriiformes
Turnix ocellatus,Turnicidae,Charadriiformes
Turnix olivii,Turnicidae,Charadriiformes
Turnix pyrrhothorax,Turnicidae,Charadriiformes
Turnix suscitator,Turnicidae,Charadriiformes
Turnix sylvaticus,Turnicidae,Charadriiformes
Turnix tanki,Turnicidae,Charadriiformes
Turnix varius,Turnicidae,Charadriiformes
Turnix velox,Turnicidae,Charadriiformes
Turnix worcesteri,Turnicidae,Charadriiformes
Anastomus lamelligerus,Ciconiidae,Ciconiiformes
Anastomus oscitans,Ciconiidae,Ciconiiformes
Ciconia abdimii,Ciconiidae,Ciconiiformes
Ciconia boyciana,Ciconiidae,Ciconiiformes
Ciconia ciconia,Ciconiidae,Ciconiiformes
Ciconia episcopus,Ciconiidae,Ciconiiformes
Ciconia maguari,Ciconiidae,Ciconiiformes
Ciconia nigra,Ciconiidae,Ciconiiformes
Ciconia stormi,Ciconiidae,Ciconiiformes
Ephippiorhynchus asiaticus,Ciconiidae,Ciconiiformes
Ephippiorhynchus senegalensis,Ciconiidae,Ciconiiformes
Jabiru mycteria,Ciconiidae,Ciconiiformes
Leptoptilos crumeniferus,Ciconiidae,Ciconiiformes
Leptoptilos dubius,Ciconiidae,Ciconiiformes
Leptoptilos javanicus,Ciconiidae,Ciconiiformes
Mycteria americana,Ciconiidae,Ciconiiformes
Mycteria cinerea,Ciconiidae,Ciconiiformes
Mycteria ibis,Ciconiidae,Ciconiiformes
Mycteria leucocephala,Ciconiidae,Ciconiiformes
Colius castanotus,Coliidae,Coliiformes
Colius colius,Coliidae,Coliiformes
Colius leucocephalus,Coliidae,Coliiformes
Colius striatus,Coliidae,Coliiformes
Urocolius indicus,Coliidae,Coliiformes
Urocolius macrourus,Coliidae,Coliiformes
Alectroenas madagascariensis,Columbidae,Columbiformes
Alectroenas pulcherrima,Columbidae,Columbiformes
Alectroenas sganzini,Columbidae,Columbiformes
Aplopelia larvata,Columbidae,Columbiformes
Caloenas nicobarica,Columbidae,Columbiformes
Chalcophaps indica,Columbidae,Columbiformes
Chalcophaps stephani,Columbidae,Columbiformes
Claravis godefrida,Columbidae,Columbiformes
Claravis mondetoura,Columbidae,Columbiformes
Claravis pretiosa,Columbidae,Columbiformes
Columba albinucha,Columbidae,Columbiformes
Columba albitorques,Columbidae,Columbiformes
Columba argentina,Columbidae,Columbiformes
Columba arquatrix,Columbidae,Columbiformes
Columba bollii,Columbidae,Columbiformes
Columba delegorguei,Columbidae,Columbiformes
Columba elphinstonii,Columbidae,Columbiformes
Columba eversmanni,Columbidae,Columbiformes
Columba guinea,Columbidae,Columbiformes
Columba hodgsonii,Columbidae,Columbiformes
Columba iriditorques,Columbidae,Columbiformes
Columba janthina,Columbidae,Columbiformes
Columba junoniae,Columbidae,Columbiformes
Columba leucomela,Columbidae,Columbiformes
Columba leuconota,Columbidae,Columbiformes
Columba livia,Columbidae,Columbiformes
Columba malherbii,Columbidae,Columbiformes
Columba oenas,Columbidae,Columbiformes
Columba oliviae,Columbidae,Columbiformes
Columba pallidiceps,Columbidae,Columbiformes
Columba palumboides,Columbidae,Columbiformes
Columba palumbus,Columbidae,Columbiformes
Columba pollenii,Columbidae,Columbiformes
Columba pulchricollis,Columbidae,Columbiformes
Columba punicea,Columbidae,Columbiformes
Columba rupestris,Columbidae,Columbiformes
Columba sjostedti,Columbidae,Columbiformes
Columba thomensis,Columbidae,Columbiformes
Columba torringtoniae,Columbidae,Columbiformes
Columba trocaz,Columbidae,Columbiformes
Columba unicincta,Columbidae,Columbiformes
Columba vitiensis,Columbidae,Columbiformes
Columbina buckleyi,Columbidae,Columbiformes
Columbina cruziana,Columbidae,Columbiformes
Columbina cyanopis,Columbidae,Columbiformes
Columbina inca,Columbidae,Columbiformes
Columbina minuta,Columbidae,Columbiformes
Columbina passerina,Columbidae,Columbiformes
Columbina picui,Columbidae,Columbiformes
Columbina squammata,Columbidae,Columbiformes
Columbina talpacoti,Columbidae,Columbiformes
Cryptophaps poecilorrhoa,Columbidae,Columbiformes
Didunculus strigirostris,Columbidae,Columbiformes
Drepanoptila holosericea,Columbidae,Columbiformes
Ducula aenea,Columbidae,Columbiformes
Ducula aurorae,Columbidae,Columbiformes
Ducula badia,Columbidae,Columbiformes
Ducula bakeri,Columbidae,Columbiformes
Ducula basilica,Columbidae,Columbiformes
Ducula bicolor,Columbidae,Columbiformes
Ducula brenchleyi,Columbidae,Columbiformes
Ducula carola,Columbidae,Columbiformes
Ducula chalconota,Columbidae,Columbiformes
Ducula cineracea,Columbidae,Columbiformes
Ducula concinna,Columbidae,Columbiformes
Ducula finschii,Columbidae,Columbiformes
Ducula forsteni,Columbidae,Columbiformes
Ducula galeata,Columbidae,Columbiformes
Ducula goliath,Columbidae,Columbiformes
Ducula lacernulata,Columbidae,Columbiformes
Ducula latrans,Columbidae,Columbiformes
Ducula luctuosa,Columbidae,Columbiformes
Ducula melanochroa,Columbidae,Columbiformes
Ducula mindorensis,Columbidae,Columbiformes
Ducula mullerii,Columbidae,Columbiformes
Ducula myristicivora,Columbidae,Columbiformes
Ducula oceanica,Columbidae,Columbiformes
Ducula pacifica,Columbidae,Columbiformes
Ducula perspicillata,Columbidae,Columbiformes
Ducula pickeringii,Columbidae,Columbiformes
Ducula pinon,Columbidae,Columbiformes
Ducula pistrinaria,Columbidae,Columbiformes
Ducula poliocephala,Columbidae,Columbiformes
Ducula radiata,Columbidae,Columbiformes
Ducula rosacea,Columbidae,Columbiformes
Ducula rubricera,Columbidae,Columbiformes
Ducula rufigaster,Columbidae,Columbiformes
Ducula spilorrhoa,Columbidae,Columbiformes
Ducula subflavescens,Columbidae,Columbiformes
Ducula whartoni,Columbidae,Columbiformes
Ducula zoeae,Columbidae,Columbiformes
Gallicolumba beccarii,Columbidae,Columbiformes
Gallicolumba canifrons,Columbidae,Columbiformes
Gallicolumba crinigera,Columbidae,Columbiformes
Gallicolumba erythroptera,Columbidae,Columbiformes
Gallicolumba hoedtii,Columbidae,Columbiformes
Gallicolumba jobiensis,Columbidae,Columbiformes
Gallicolumba keayi,Columbidae,Columbiformes
Gallicolumba kubaryi,Columbidae,Columbiformes
Gallicolumba luzonica,Columbidae,Columbiformes
Gallicolumba menagei,Columbidae,Columbiformes
Gallicolumba platenae,Columbidae,Columbiformes
Gallicolumba rubescens,Columbidae,Columbiformes
Gallicolumba rufigula,Columbidae,Columbiformes
Gallicolumba sanctaecrucis,Columbidae,Columbiformes
Gallicolumba stairi,Columbidae,Columbiformes
Gallicolumba tristigmata,Columbidae,Columbiformes
Gallicolumba xanthonura,Columbidae,Columbiformes
Geopelia cuneata,Columbidae,Columbiformes
Geopelia humeralis,Columbidae,Columbiformes
Geopelia maugeus,Columbidae,Columbiformes
Geopelia placida,Columbidae,Columbiformes
Geopelia striata,Columbidae,Columbiformes
Geophaps plumifera,Columbidae,Columbiformes
Geophaps scripta,Columbidae,Columbiformes
Geophaps smithii,Columbidae,Columbiformes
Geotrygon albifacies,Columbidae,Columbiformes
Geotrygon caniceps,Columbidae,Columbiformes
Geotrygon carrikeri,Columbidae,Columbiformes
Geotrygon chiriquensis,Columbidae,Columbiformes
Geotrygon chrysia,Columbidae,Columbiformes
Geotrygon costaricensis,Columbidae,Columbiformes
Geotrygon frenata,Columbidae,Columbiformes
Geotrygon goldmani,Columbidae,Columbiformes
Geotrygon lawrencii,Columbidae,Columbiformes
Geotrygon linearis,Columbidae,Columbiformes
Geotrygon montana,Columbidae,Columbiformes
Geotrygon mystacea,Columbidae,Columbiformes
Geotrygon saphirina,Columbidae,Columbiformes
Geotrygon veraguensis,Columbidae,Columbiformes
Geotrygon versicolor,Columbidae,Columbiformes
Geotrygon violacea,Columbidae,Columbiformes
Goura cristata,Columbidae,Columbiformes
Goura scheepmakeri,Columbidae,Columbiformes
Goura victoria,Columbidae,Columbiformes
Gymnophaps albertisii,Columbidae,Columbiformes
Gymnophaps mada,Columbidae,Columbiformes
Gymnophaps solomonensis,Columbidae,Columbiformes
Hemiphaga novaeseelandiae,Columbidae,Columbiformes
Henicophaps albifrons,Columbidae,Columbiformes
Henicophaps foersteri,Columbidae,Columbiformes
Leptotila battyi,Columbidae,Columbiformes
Leptotila cassini,Columbidae,Columbiformes
Leptotila conoveri,Columbidae,Columbiformes
Leptotila jamaicensis,Columbidae,Columbiformes
Leptotila megalura,Columbidae,Columbiformes
Leptotila ochraceiventris,Columbidae,Columbiformes
Leptotila pallida,Columbidae,Columbiformes
Leptotila plumbeiceps,Columbidae,Columbiformes
Leptotila rufaxilla,Columbidae,Columbiformes
Leptotila verreauxi,Columbidae,Columbiformes
Leptotila wellsi,Columbidae,Columbiformes
Leucosarcia melanoleuca,Columbidae,Columbiformes
Lopholaimus antarcticus,Columbidae,Columbiformes
Macropygia amboinensis,Columbidae,Columbiformes
Macropygia emiliana,Columbidae,Columbiformes
Macropygia mackinlayi,Columbidae,Columbiformes
Macropygia magna,Columbidae,Columbiformes
Macropygia nigrirostris,Columbidae,Columbiformes
Macropygia phasianella,Columbidae,Columbiformes
Macropygia ruficeps,Columbidae,Columbiformes
Macropygia rufipennis,Columbidae,Columbiformes
Macropygia tenuirostris,Columbidae,Columbiformes
Macropygia unchall,Columbidae,Columbiformes
Metriopelia aymara,Columbidae,Columbiformes
Metriopelia ceciliae,Columbidae,Columbiformes
Metriopelia melanoptera,Columbidae,Columbiformes
Metriopelia morenoi,Columbidae,Columbiformes
Nesoenas mayeri,Columbidae,Columbiformes
Nesoenas picturata,Columbidae,Columbiformes
Ocyphaps lophotes,Columbidae,Columbiformes
Oena capensis,Columbidae,Columbiformes
Otidiphaps nobilis,Columbidae,Columbiformes
Patagioenas araucana,Columbidae,Columbiformes
Patagioenas caribaea,Columbidae,Columbiformes
Patagioenas cayennensis,Columbidae,Columbiformes
Patagioenas corensis,Columbidae,Columbiformes
Patagioenas fasciata,Columbidae,Columbiformes
Patagioenas flavirostris,Columbidae,Columbiformes
Patagioenas goodsoni,Columbidae,Columbiformes
Patagioenas inornata,Columbidae,Columbiformes
Patagioenas leucocephala,Columbidae,Columbiformes
Patagioenas maculosa,Columbidae,Columbiformes
Patagioenas nigrirostris,Columbidae,Columbiformes
Patagioenas oenops,Columbidae,Columbiformes
Patagioenas picazuro,Columbidae,Columbiformes
Patagioenas plumbea,Columbidae,Columbiformes
Patagioenas speciosa,Columbidae,Columbiformes
Patagioenas squamosa,Columbidae,Columbiformes
Patagioenas subvinacea,Columbidae,Columbiformes
Petrophassa albipennis,Columbidae,Columbiformes
Petrophassa rufipennis,Columbidae,Columbiformes
Phapitreron amethystinus,Columbidae,Columbiformes
Phapitreron brunneiceps,Columbidae,Columbiformes
Phapitreron cinereiceps,Columbidae,Columbiformes
Phapitreron leucotis,Columbidae,Columbiformes
Phaps chalcoptera,Columbidae,Columbiformes
Phaps elegans,Columbidae,Columbiformes
Phaps histrionica,Columbidae,Columbiformes
Ptilinopus arcanus,Columbidae,Columbiformes
Ptilinopus aurantiifrons,Columbidae,Columbiformes
Ptilinopus bernsteinii,Columbidae,Columbiformes
Ptilinopus chalcurus,Columbidae,Columbiformes
Ptilinopus cinctus,Columbidae,Columbiformes
Ptilinopus coralensis,Columbidae,Columbiformes
Ptilinopus coronulatus,Columbidae,Columbiformes
Ptilinopus dohertyi,Columbidae,Columbiformes
Ptilinopus dupetithouarsii,Columbidae,Columbiformes
Ptilinopus eugeniae,Columbidae,Columbiformes
Ptilinopus fischeri,Columbidae,Columbiformes
Ptilinopus granulifrons,Columbidae,Columbiformes
Ptilinopus greyii,Columbidae,Columbiformes
Ptilinopus huttoni,Columbidae,Columbiformes
Ptilinopus hyogastrus,Columbidae,Columbiformes
Ptilinopus insolitus,Columbidae,Columbiformes
Ptilinopus insularis,Columbidae,Columbiformes
Ptilinopus iozonus,Columbidae,Columbiformes
Ptilinopus jambu,Columbidae,Columbiformes
Ptilinopus layardi,Columbidae,Columbiformes
Ptilinopus leclancheri,Columbidae,Columbiformes
Ptilinopus luteovirens,Columbidae,Columbiformes
Ptilinopus magnificus,Columbidae,Columbiformes
Ptilinopus marchei,Columbidae,Columbiformes
Ptilinopus melanospilus,Columbidae,Columbiformes
Ptilinopus merrilli,Columbidae,Columbiformes
Ptilinopus monacha,Columbidae,Columbiformes
Ptilinopus naina,Columbidae,Columbiformes
Ptilinopus occipitalis,Columbidae,Columbiformes
Ptilinopus ornatus,Columbidae,Columbiformes
Ptilinopus pelewensis,Columbidae,Columbiformes
Ptilinopus perlatus,Columbidae,Columbiformes
Ptilinopus perousii,Columbidae,Columbiformes
Ptilinopus porphyraceus,Columbidae,Columbiformes
Ptilinopus porphyreus,Columbidae,Columbiformes
Ptilinopus pulchellus,Columbidae,Columbiformes
Ptilinopus purpuratus,Columbidae,Columbiformes
Ptilinopus rarotongensis,Columbidae,Columbiformes
Ptilinopus regina,Columbidae,Columbiformes
Ptilinopus richardsii,Columbidae,Columbiformes
Ptilinopus rivoli,Columbidae,Columbiformes
Ptilinopus roseicapilla,Columbidae,Columbiformes
Ptilinopus solomonensis,Columbidae,Columbiformes
Ptilinopus subgularis,Columbidae,Columbiformes
Ptilinopus superbus,Columbidae,Columbiformes
Ptilinopus tannensis,Columbidae,Columbiformes
Ptilinopus victor,Columbidae,Columbiformes
Ptilinopus viridis,Columbidae,Columbiformes
Ptilinopus wallacii,Columbidae,Columbiformes
Reinwardtoena browni,Columbidae,Columbiformes
Reinwardtoena crassirostris,Columbidae,Columbiformes
Reinwardtoena reinwardtsi,Columbidae,Columbiformes
Starnoenas cyanocephala,Columbidae,Columbiformes
Stigmatopelia chinensis,Columbidae,Columbiformes
Stigmatopelia senegalensis,Columbidae,Columbiformes
Streptopelia bitorquata,Columbidae,Columbiformes
Streptopelia capicola,Columbidae,Columbiformes
Streptopelia decaocto,Columbidae,Columbiformes
Streptopelia decipiens,Columbidae,Columbiformes
Streptopelia hypopyrrha,Columbidae,Columbiformes
Streptopelia lugens,Columbidae,Columbiformes
Streptopelia orientalis,Columbidae,Columbiformes
Streptopelia reichenowi,Columbidae,Columbiformes
Streptopelia roseogrisea,Columbidae,Columbiformes
Streptopelia semitorquata,Columbidae,Columbiformes
Streptopelia tranquebarica,Columbidae,Columbiformes
Streptopelia turtur,Columbidae,Columbiformes
Streptopelia vinacea,Columbidae,Columbiformes
Treron apicauda,Columbidae,Columbiformes
Treron australis,Columbidae,Columbiformes
Treron bicinctus,Columbidae,Columbiformes
Treron calvus,Columbidae,Columbiformes
Treron capellei,Columbidae,Columbiformes
Treron curvirostra,Columbidae,Columbiformes
Treron floris,Columbidae,Columbiformes
Treron formosae,Columbidae,Columbiformes
Treron fulvicollis,Columbidae,Columbiformes
Treron griseicauda,Columbidae,Columbiformes
Treron olax,Columbidae,Columbiformes
Treron oxyurus,Columbidae,Columbiformes
Treron pembaensis,Columbidae,Columbiformes
Treron phoenicopterus,Columbidae,Columbiformes
Treron pompadora,Columbidae,Columbiformes
Treron psittaceus,Columbidae,Columbiformes
Treron sanctithomae,Columbidae,Columbiformes
Treron seimundi,Columbidae,Columbiformes
Treron sieboldii,Columbidae,Columbiformes
Treron sphenurus,Columbidae,Columbiformes
Treron teysmannii,Columbidae,Columbiformes
Treron vernans,Columbidae,Columbiformes
Treron waalia,Columbidae,Columbiformes
Trugon terrestris,Columbidae,Columbiformes
Turacoena manadensis,Columbidae,Columbiformes
Turacoena modesta,Columbidae,Columbiformes
Turtur abyssinicus,Columbidae,Columbiformes
Turtur afer,Columbidae,Columbiformes
Turtur brehmeri,Columbidae,Columbiformes
Turtur chalcospilos,Columbidae,Columbiformes
Turtur tympanistria,Columbidae,Columbiformes
Uropelia campestris,Columbidae,Columbiformes
Zenaida asiatica,Columbidae,Columbiformes
Zenaida auriculata,Columbidae,Columbiformes
Zenaida aurita,Columbidae,Columbiformes
Zenaida galapagoensis,Columbidae,Columbiformes
Zenaida graysoni,Columbidae,Columbiformes
Zenaida macroura,Columbidae,Columbiformes
Zenaida meloda,Columbidae,Columbiformes
Actenoides bougainvillei,Alcedinidae,Coraciiformes
Actenoides concretus,Alcedinidae,Coraciiformes
Actenoides hombroni,Alcedinidae,Coraciiformes
Actenoides lindsayi,Alcedinidae,Coraciiformes
Actenoides monachus,Alcedinidae,Coraciiformes
Actenoides princeps,Alcedinidae,Coraciiformes
Alcedo argentata,Alcedinidae,Coraciiformes
Alcedo atthis,Alcedinidae,Coraciiformes
Alcedo azurea,Alcedinidae,Coraciiformes
Alcedo coerulescens,Alcedinidae,Coraciiformes
Alcedo cristata,Alcedinidae,Coraciiformes
Alcedo cyanopectus,Alcedinidae,Coraciiformes
Alcedo euryzona,Alcedinidae,Coraciiformes
Alcedo hercules,Alcedinidae,Coraciiformes
Alcedo leucogaster,Alcedinidae,Coraciiformes
Alcedo meninting,Alcedinidae,Coraciiformes
Alcedo pusilla,Alcedinidae,Coraciiformes
Alcedo quadribrachys,Alcedinidae,Coraciiformes
Alcedo semitorquata,Alcedinidae,Coraciiformes
Alcedo vintsioides,Alcedinidae,Coraciiformes
Alcedo websteri,Alcedinidae,Coraciiformes
Caridonax fulgidus,Alcedinidae,Coraciiformes
Ceryle rudis,Alcedinidae,Coraciiformes
Ceyx erithaca,Alcedinidae,Coraciiformes
Ceyx fallax,Alcedinidae,Coraciiformes
Ceyx lecontei,Alcedinidae,Coraciiformes
Ceyx lepidus,Alcedinidae,Coraciiformes
Ceyx madagascariensis,Alcedinidae,Coraciiformes
Ceyx melanurus,Alcedinidae,Coraciiformes
Ceyx pictus,Alcedinidae,Coraciiformes
Ceyx rufidorsa,Alcedinidae,Coraciiformes
Chloroceryle aenea,Alcedinidae,Coraciiformes
Chloroceryle amazona,Alcedinidae,Coraciiformes
Chloroceryle americana,Alcedinidae,Coraciiformes
Chloroceryle inda,Alcedinidae,Coraciiformes
Cittura cyanotis,Alcedinidae,Coraciiformes
Clytoceyx rex,Alcedinidae,Coraciiformes
Dacelo gaudichaud,Alcedinidae,Coraciiformes
Dacelo leachii,Alcedinidae,Coraciiformes
Dacelo novaeguineae,Alcedinidae,Coraciiformes
Dacelo tyro,Alcedinidae,Coraciiformes
Halcyon albiventris,Alcedinidae,Coraciiformes
Halcyon badia,Alcedinidae,Coraciiformes
Halcyon chelicuti,Alcedinidae,Coraciiformes
Halcyon coromanda,Alcedinidae,Coraciiformes
Halcyon cyanoventris,Alcedinidae,Coraciiformes
Halcyon leucocephala,Alcedinidae,Coraciiformes
Halcyon malimbica,Alcedinidae,Coraciiformes
Halcyon pileata,Alcedinidae,Coraciiformes
Halcyon senegalensis,Alcedinidae,Coraciiformes
Halcyon senegaloides,Alcedinidae,Coraciiformes
Halcyon smyrnensis,Alcedinidae,Coraciiformes
Lacedo pulchella,Alcedinidae,Coraciiformes
Megaceryle alcyon,Alcedinidae,Coraciiformes
Megaceryle lugubris,Alcedinidae,Coraciiformes
Megaceryle maxima,Alcedinidae,Coraciiformes
Megaceryle torquata,Alcedinidae,Coraciiformes
Melidora macrorrhina,Alcedinidae,Coraciiformes
Pelargopsis amauroptera,Alcedinidae,Coraciiformes
Pelargopsis capensis,Alcedinidae,Coraciiformes
Pelargopsis melanorhyncha,Alcedinidae,Coraciiformes
Syma megarhyncha,Alcedinidae,Coraciiformes
Syma torotoro,Alcedinidae,Coraciiformes
Tanysiptera carolinae,Alcedinidae,Coraciiformes
Tanysiptera danae,Alcedinidae,Coraciiformes
Tanysiptera ellioti,Alcedinidae,Coraciiformes
Tanysiptera galatea,Alcedinidae,Coraciiformes
Tanysiptera hydrocharis,Alcedinidae,Coraciiformes
Tanysiptera nympha,Alcedinidae,Coraciiformes
Tanysiptera riedelii,Alcedinidae,Coraciiformes
Tanysiptera sylvia,Alcedinidae,Coraciiformes
Todiramphus albonotatus,Alcedinidae,Coraciiformes
Todiramphus australasia,Alcedinidae,Coraciiformes
Todiramphus chloris,Alcedinidae,Coraciiformes
Todiramphus cinnamominus,Alcedinidae,Coraciiformes
Todiramphus diops,Alcedinidae,Coraciiformes
Todiramphus enigma,Alcedinidae,Coraciiformes
Todiramphus farquhari,Alcedinidae,Coraciiformes
Todiramphus funebris,Alcedinidae,Coraciiformes
Todiramphus gambieri,Alcedinidae,Coraciiformes
Todiramphus godeffroyi,Alcedinidae,Coraciiformes
Todiramphus lazuli,Alcedinidae,Coraciiformes
Todiramphus leucopygius,Alcedinidae,Coraciiformes
Todiramphus macleayii,Alcedinidae,Coraciiformes
Todiramphus nigrocyaneus,Alcedinidae,Coraciiformes
Todiramphus pyrrhopygius,Alcedinidae,Coraciiformes
Todiramphus recurvirostris,Alcedinidae,Coraciiformes
Todiramphus ruficollaris,Alcedinidae,Coraciiformes
Todiramphus sanctus,Alcedinidae,Coraciiformes
Todiramphus saurophaga,Alcedinidae,Coraciiformes
Todiramphus tutus,Alcedinidae,Coraciiformes
Todiramphus veneratus,Alcedinidae,Coraciiformes
Todiramphus winchelli,Alcedinidae,Coraciiformes
Atelornis crossleyi,Brachypteraciidae,Coraciiformes
Atelornis pittoides,Brachypteraciidae,Coraciiformes
Brachypteracias leptosomus,Brachypteraciidae,Coraciiformes
Brachypteracias squamiger,Brachypteraciidae,Coraciiformes
Uratelornis chimaera,Brachypteraciidae,Coraciiformes
Coracias abyssinicus,Coraciidae,Coraciiformes
Coracias benghalensis,Coraciidae,Coraciiformes
Coracias caudatus,Coraciidae,Coraciiformes
Coracias cyanogaster,Coraciidae,Coraciiformes
Coracias garrulus,Coraciidae,Coraciiformes
Coracias naevia,Coraciidae,Coraciiformes
Coracias spatulatus,Coraciidae,Coraciiformes
Coracias temminckii,Coraciidae,Coraciiformes
Eurystomus azureus,Coraciidae,Coraciiformes
Eurystomus glaucurus,Coraciidae,Coraciiformes
Eurystomus gularis,Coraciidae,Coraciiformes
Eurystomus orientalis,Coraciidae,Coraciiformes
Meropogon forsteni,Meropidae,Coraciiformes
Merops albicollis,Meropidae,Coraciiformes
Merops apiaster,Meropidae,Coraciiformes
Merops boehmi,Meropidae,Coraciiformes
Merops breweri,Meropidae,Coraciiformes
Merops bullockoides,Meropidae,Coraciiformes
Merops bulocki,Meropidae,Coraciiformes
Merops gularis,Meropidae,Coraciiformes
Merops hirundineus,Meropidae,Coraciiformes
Merops leschenaulti,Meropidae,Coraciiformes
Merops malimbicus,Meropidae,Coraciiformes
Merops muelleri,Meropidae,Coraciiformes
Merops nubicoides,Meropidae,Coraciiformes
Merops nubicus,Meropidae,Coraciiformes
Merops oreobates,Meropidae,Coraciiformes
Merops orientalis,Meropidae,Coraciiformes
Merops ornatus,Meropidae,Coraciiformes
Merops persicus,Meropidae,Coraciiformes
Merops philippinus,Meropidae,Coraciiformes
Merops pusillus,Meropidae,Coraciiformes
Merops revoilii,Meropidae,Coraciiformes
Merops superciliosus,Meropidae,Coraciiformes
Merops variegatus,Meropidae,Coraciiformes
Merops viridis,Meropidae,Coraciiformes
Nyctyornis amictus,Meropidae,Coraciiformes
Nyctyornis athertoni,Meropidae,Coraciiformes
Aspatha gularis,Momotidae,Coraciiformes
Baryphthengus martii,Momotidae,Coraciiformes
Baryphthengus ruficapillus,Momotidae,Coraciiformes
Electron carinatum,Momotidae,Coraciiformes
Electron platyrhynchum,Momotidae,Coraciiformes
Eumomota superciliosa,Momotidae,Coraciiformes
Hylomanes momotula,Momotidae,Coraciiformes
Momotus aequatorialis,Momotidae,Coraciiformes
Momotus mexicanus,Momotidae,Coraciiformes
Momotus momota,Momotidae,Coraciiformes
Todus angustirostris,Todidae,Coraciiformes
Todus mexicanus,Todidae,Coraciiformes
Todus multicolor,Todidae,Coraciiformes
Todus subulatus,Todidae,Coraciiformes
Todus todus,Todidae,Coraciiformes
Cacomantis castaneiventris,Cuculidae,Cuculiformes
Cacomantis flabelliformis,Cuculidae,Cuculiformes
Cacomantis heinrichi,Cuculidae,Cuculiformes
Cacomantis merulinus,Cuculidae,Cuculiformes
Cacomantis passerinus,Cuculidae,Cuculiformes
Cacomantis sepulcralis,Cuculidae,Cuculiformes
Cacomantis sonneratii,Cuculidae,Cuculiformes
Cacomantis variolosus,Cuculidae,Cuculiformes
Caliechthrus leucolophus,Cuculidae,Cuculiformes
Carpococcyx radiatus,Cuculidae,Cuculiformes
Carpococcyx renauldi,Cuculidae,Cuculiformes
Carpococcyx viridis,Cuculidae,Cuculiformes
Centropus andamanensis,Cuculidae,Cuculiformes
Centropus anselli,Cuculidae,Cuculiformes
Centropus ateralbus,Cuculidae,Cuculiformes
Centropus bengalensis,Cuculidae,Cuculiformes
Centropus bernsteini,Cuculidae,Cuculiformes
Centropus celebensis,Cuculidae,Cuculiformes
Centropus chalybeus,Cuculidae,Cuculiformes
Centropus chlororhynchus,Cuculidae,Cuculiformes
Centropus cupreicaudus,Cuculidae,Cuculiformes
Centropus goliath,Cuculidae,Cuculiformes
Centropus grillii,Cuculidae,Cuculiformes
Centropus leucogaster,Cuculidae,Cuculiformes
Centropus melanops,Cuculidae,Cuculiformes
Centropus menbeki,Cuculidae,Cuculiformes
Centropus milo,Cuculidae,Cuculiformes
Centropus monachus,Cuculidae,Cuculiformes
Centropus nigrorufus,Cuculidae,Cuculiformes
Centropus phasianinus,Cuculidae,Cuculiformes
Centropus rectunguis,Cuculidae,Cuculiformes
Centropus senegalensis,Cuculidae,Cuculiformes
Centropus sinensis,Cuculidae,Cuculiformes
Centropus spilopterus,Cuculidae,Cuculiformes
Centropus steerii,Cuculidae,Cuculiformes
Centropus superciliosus,Cuculidae,Cuculiformes
Centropus toulou,Cuculidae,Cuculiformes
Centropus unirufus,Cuculidae,Cuculiformes
Centropus violaceus,Cuculidae,Cuculiformes
Centropus viridis,Cuculidae,Cuculiformes
Cercococcyx mechowi,Cuculidae,Cuculiformes
Cercococcyx montanus,Cuculidae,Cuculiformes
Cercococcyx olivinus,Cuculidae,Cuculiformes
Ceuthmochares aereus,Cuculidae,Cuculiformes
Chrysococcyx basalis,Cuculidae,Cuculiformes
Chrysococcyx caprius,Cuculidae,Cuculiformes
Chrysococcyx crassirostris,Cuculidae,Cuculiformes
Chrysococcyx cupreus,Cuculidae,Cuculiformes
Chrysococcyx flavigularis,Cuculidae,Cuculiformes
Chrysococcyx klaas,Cuculidae,Cuculiformes
Chrysococcyx lucidus,Cuculidae,Cuculiformes
Chrysococcyx maculatus,Cuculidae,Cuculiformes
Chrysococcyx meyeri,Cuculidae,Cuculiformes
Chrysococcyx minutillus,Cuculidae,Cuculiformes
Chrysococcyx osculans,Cuculidae,Cuculiformes
Chrysococcyx ruficollis,Cuculidae,Cuculiformes
Chrysococcyx russatus,Cuculidae,Cuculiformes
Chrysococcyx xanthorhynchus,Cuculidae,Cuculiformes
Clamator coromandus,Cuculidae,Cuculiformes
Clamator glandarius,Cuculidae,Cuculiformes
Clamator jacobinus,Cuculidae,Cuculiformes
Clamator levaillantii,Cuculidae,Cuculiformes
Coccycua cinerea,Cuculidae,Cuculiformes
Coccycua minuta,Cuculidae,Cuculiformes
Coccycua pumila,Cuculidae,Cuculiformes
Coccyzus americanus,Cuculidae,Cuculiformes
Coccyzus erythropthalmus,Cuculidae,Cuculiformes
Coccyzus euleri,Cuculidae,Cuculiformes
Coccyzus ferrugineus,Cuculidae,Cuculiformes
Coccyzus lansbergi,Cuculidae,Cuculiformes
Coccyzus longirostris,Cuculidae,Cuculiformes
Coccyzus melacoryphus,Cuculidae,Cuculiformes
Coccyzus merlini,Cuculidae,Cuculiformes
Coccyzus minor,Cuculidae,Cuculiformes
Coccyzus pluvialis,Cuculidae,Cuculiformes
Coccyzus rufigularis,Cuculidae,Cuculiformes
Coccyzus vetula,Cuculidae,Cuculiformes
Coccyzus vieilloti,Cuculidae,Cuculiformes
Coua caerulea,Cuculidae,Cuculiformes
Coua coquereli,Cuculidae,Cuculiformes
Coua cristata,Cuculidae,Cuculiformes
Coua cursor,Cuculidae,Cuculiformes
Coua gigas,Cuculidae,Cuculiformes
Coua reynaudii,Cuculidae,Cuculiformes
Coua ruficeps,Cuculidae,Cuculiformes
Coua serriana,Cuculidae,Cuculiformes
Coua verreauxi,Cuculidae,Cuculiformes
Crotophaga ani,Cuculidae,Cuculiformes
Crotophaga major,Cuculidae,Cuculiformes
Crotophaga sulcirostris,Cuculidae,Cuculiformes
Cuculus canorus,Cuculidae,Cuculiformes
Cuculus clamosus,Cuculidae,Cuculiformes
Cuculus crassirostris,Cuculidae,Cuculiformes
Cuculus fugax,Cuculidae,Cuculiformes
Cuculus gularis,Cuculidae,Cuculiformes
Cuculus lepidus,Cuculidae,Cuculiformes
Cuculus micropterus,Cuculidae,Cuculiformes
Cuculus optatus,Cuculidae,Cuculiformes
Cuculus pallidus,Cuculidae,Cuculiformes
Cuculus poliocephalus,Cuculidae,Cuculiformes
Cuculus rochii,Cuculidae,Cuculiformes
Cuculus saturatus,Cuculidae,Cuculiformes
Cuculus solitarius,Cuculidae,Cuculiformes
Cuculus sparverioides,Cuculidae,Cuculiformes
Cuculus vagans,Cuculidae,Cuculiformes
Cuculus varius,Cuculidae,Cuculiformes
Dromococcyx pavoninus,Cuculidae,Cuculiformes
Dromococcyx phasianellus,Cuculidae,Cuculiformes
Eudynamys melanorhynchus,Cuculidae,Cuculiformes
Eudynamys orientalis,Cuculidae,Cuculiformes
Eudynamys scolopaceus,Cuculidae,Cuculiformes
Eudynamys taitensis,Cuculidae,Cuculiformes
Geococcyx californianus,Cuculidae,Cuculiformes
Geococcyx velox,Cuculidae,Cuculiformes
Guira guira,Cuculidae,Cuculiformes
Microdynamis parva,Cuculidae,Cuculiformes
Morococcyx erythropygus,Cuculidae,Cuculiformes
Neomorphus geoffroyi,Cuculidae,Cuculiformes
Neomorphus pucheranii,Cuculidae,Cuculiformes
Neomorphus radiolosus,Cuculidae,Cuculiformes
Neomorphus rufipennis,Cuculidae,Cuculiformes
Neomorphus squamiger,Cuculidae,Cuculiformes
Pachycoccyx audeberti,Cuculidae,Cuculiformes
Phaenicophaeus calyorhynchus,Cuculidae,Cuculiformes
Phaenicophaeus chlorophaeus,Cuculidae,Cuculiformes
Phaenicophaeus cumingi,Cuculidae,Cuculiformes
Phaenicophaeus curvirostris,Cuculidae,Cuculiformes
Phaenicophaeus diardi,Cuculidae,Cuculiformes
Phaenicophaeus javanicus,Cuculidae,Cuculiformes
Phaenicophaeus leschenaultii,Cuculidae,Cuculiformes
Phaenicophaeus pyrrhocephalus,Cuculidae,Cuculiformes
Phaenicophaeus sumatranus,Cuculidae,Cuculiformes
Phaenicophaeus superciliosus,Cuculidae,Cuculiformes
Phaenicophaeus tristis,Cuculidae,Cuculiformes
Phaenicophaeus viridirostris,Cuculidae,Cuculiformes
Piaya cayana,Cuculidae,Cuculiformes
Piaya melanogaster,Cuculidae,Cuculiformes
Rhamphomantis megarhynchus,Cuculidae,Cuculiformes
Scythrops novaehollandiae,Cuculidae,Cuculiformes
Surniculus lugubris,Cuculidae,Cuculiformes
Surniculus velutinus,Cuculidae,Cuculiformes
Tapera naevia,Cuculidae,Cuculiformes
Eurypyga helias,Eurypygidae,Eurypygiformes
Rhynochetos jubatus,Rhynochetidae,Eurypygiformes
Caracara cheriway,Falconidae,Falconiformes
Caracara plancus,Falconidae,Falconiformes
Daptrius ater,Falconidae,Falconiformes
Falco alopex,Falconidae,Falconiformes
Falco amurensis,Falconidae,Falconiformes
Falco araea,Falconidae,Falconiformes
Falco ardosiaceus,Falconidae,Falconiformes
Falco berigora,Falconidae,Falconiformes
Falco biarmicus,Falconidae,Falconiformes
Falco cenchroides,Falconidae,Falconiformes
Falco cherrug,Falconidae,Falconiformes
Falco chicquera,Falconidae,Falconiformes
Falco columbarius,Falconidae,Falconiformes
Falco concolor,Falconidae,Falconiformes
Falco cuvierii,Falconidae,Falconiformes
Falco deiroleucus,Falconidae,Falconiformes
Falco dickinsoni,Falconidae,Falconiformes
Falco eleonorae,Falconidae,Falconiformes
Falco fasciinucha,Falconidae,Falconiformes
Falco femoralis,Falconidae,Falconiformes
Falco hypoleucos,Falconidae,Falconiformes
Falco jugger,Falconidae,Falconiformes
Falco longipennis,Falconidae,Falconiformes
Falco mexicanus,Falconidae,Falconiformes
Falco moluccensis,Falconidae,Falconiformes
Falco naumanni,Falconidae,Falconiformes
Falco newtoni,Falconidae,Falconiformes
Falco novaeseelandiae,Falconidae,Falconiformes
Falco pelegrinoides,Falconidae,Falconiformes
Falco peregrinus,Falconidae,Falconiformes
Falco punctatus,Falconidae,Falconiformes
Falco rufigularis,Falconidae,Falconiformes
Falco rupicoloides,Falconidae,Falconiformes
Falco rusticolus,Falconidae,Falconiformes
Falco severus,Falconidae,Falconiformes
Falco sparverius,Falconidae,Falconiformes
Falco subbuteo,Falconidae,Falconiformes
Falco subniger,Falconidae,Falconiformes
Falco tinnunculus,Falconidae,Falconiformes
Falco vespertinus,Falconidae,Falconiformes
Falco zoniventris,Falconidae,Falconiformes
Herpetotheres cachinnans,Falconidae,Falconiformes
Ibycter americanus,Falconidae,Falconiformes
Micrastur buckleyi,Falconidae,Falconiformes
Micrastur gilvicollis,Falconidae,Falconiformes
Micrastur mintoni,Falconidae,Falconiformes
Micrastur mirandollei,Falconidae,Falconiformes
Micrastur plumbeus,Falconidae,Falconiformes
Micrastur ruficollis,Falconidae,Falconiformes
Micrastur semitorquatus,Falconidae,Falconiformes
Microhierax caerulescens,Falconidae,Falconiformes
Microhierax erythrogenys,Falconidae,Falconiformes
Microhierax fringillarius,Falconidae,Falconiformes
Microhierax latifrons,Falconidae,Falconiformes
Microhierax melanoleucos,Falconidae,Falconiformes
Milvago chimachima,Falconidae,Falconiformes
Milvago chimango,Falconidae,Falconiformes
Phalcoboenus albogularis,Falconidae,Falconiformes
Phalcoboenus australis,Falconidae,Falconiformes
Phalcoboenus carunculatus,Falconidae,Falconiformes
Phalcoboenus megalopterus,Falconidae,Falconiformes
Polihierax insignis,Falconidae,Falconiformes
Polihierax semitorquatus,Falconidae,Falconiformes
Spiziapteryx circumcincta,Falconidae,Falconiformes
Aburria aburri,Cracidae,Galliformes
Chamaepetes goudotii,Cracidae,Galliformes
Chamaepetes unicolor,Cracidae,Galliformes
Crax alberti,Cracidae,Galliformes
Crax alector,Cracidae,Galliformes
Crax blumenbachii,Cracidae,Galliformes
Crax daubentoni,Cracidae,Galliformes
Crax fasciolata,Cracidae,Galliformes
Crax globulosa,Cracidae,Galliformes
Crax rubra,Cracidae,Galliformes
Mitu mitu,Cracidae,Galliformes
Mitu salvini,Cracidae,Galliformes
Mitu tomentosum,Cracidae,Galliformes
Mitu tuberosum,Cracidae,Galliformes
Nothocrax urumutum,Cracidae,Galliformes
Oreophasis derbianus,Cracidae,Galliformes
Ortalis canicollis,Cracidae,Galliformes
Ortalis cinereiceps,Cracidae,Galliformes
Ortalis erythroptera,Cracidae,Galliformes
Ortalis garrula,Cracidae,Galliformes
Ortalis guttata,Cracidae,Galliformes
Ortalis leucogastra,Cracidae,Galliformes
Ortalis motmot,Cracidae,Galliformes
Ortalis poliocephala,Cracidae,Galliformes
Ortalis ruficauda,Cracidae,Galliformes
Ortalis superciliaris,Cracidae,Galliformes
Ortalis vetula,Cracidae,Galliformes
Ortalis wagleri,Cracidae,Galliformes
Pauxi pauxi,Cracidae,Galliformes
Pauxi unicornis,Cracidae,Galliformes
Penelope albipennis,Cracidae,Galliformes
Penelope argyrotis,Cracidae,Galliformes
Penelope barbata,Cracidae,Galliformes
Penelope dabbenei,Cracidae,Galliformes
Penelope jacquacu,Cracidae,Galliformes
Penelope jacucaca,Cracidae,Galliformes
Penelope marail,Cracidae,Galliformes
Penelope montagnii,Cracidae,Galliformes
Penelope obscura,Cracidae,Galliformes
Penelope ochrogaster,Cracidae,Galliformes
Penelope ortoni,Cracidae,Galliformes
Penelope perspicax,Cracidae,Galliformes
Penelope pileata,Cracidae,Galliformes
Penelope purpurascens,Cracidae,Galliformes
Penelope superciliaris,Cracidae,Galliformes
Penelopina nigra,Cracidae,Galliformes
Pipile cujubi,Cracidae,Galliformes
Pipile cumanensis,Cracidae,Galliformes
Pipile jacutinga,Cracidae,Galliformes
Pipile pipile,Cracidae,Galliformes
Aepypodius arfakianus,Megapodiidae,Galliformes
Aepypodius bruijnii,Megapodiidae,Galliformes
Alectura lathami,Megapodiidae,Galliformes
Eulipoa wallacei,Megapodiidae,Galliformes
Leipoa ocellata,Megapodiidae,Galliformes
Macrocephalon maleo,Megapodiidae,Galliformes
Megapodius affinis,Megapodiidae,Galliformes
Megapodius bernsteinii,Megapodiidae,Galliformes
Megapodius cumingii,Megapodiidae,Galliformes
Megapodius eremita,Megapodiidae,Galliformes
Megapodius freycinet,Megapodiidae,Galliformes
Megapodius geelvinkianus,Megapodiidae,Galliformes
Megapodius laperouse,Megapodiidae,Galliformes
Megapodius layardi,Megapodiidae,Galliformes
Megapodius nicobariensis,Megapodiidae,Galliformes
Megapodius pritchardii,Megapodiidae,Galliformes
Megapodius reinwardt,Megapodiidae,Galliformes
Megapodius tenimberensis,Megapodiidae,Galliformes
Talegalla cuvieri,Megapodiidae,Galliformes
Talegalla fuscirostris,Megapodiidae,Galliformes
Talegalla jobiensis,Megapodiidae,Galliformes
Acryllium vulturinum,Numididae,Galliformes
Agelastes meleagrides,Numididae,Galliformes
Agelastes niger,Numididae,Galliformes
Guttera plumifera,Numididae,Galliformes
Guttera pucherani,Numididae,Galliformes
Numida meleagris,Numididae,Galliformes
Callipepla californica,Odontophoridae,Galliformes
Callipepla douglasii,Odontophoridae,Galliformes
Callipepla gambelii,Odontophoridae,Galliformes
Callipepla squamata,Odontophoridae,Galliformes
Colinus cristatus,Odontophoridae,Galliformes
Colinus leucopogon,Odontophoridae,Galliformes
Colinus nigrogularis,Odontophoridae,Galliformes
Colinus virginianus,Odontophoridae,Galliformes
Cyrtonyx montezumae,Odontophoridae,Galliformes
Cyrtonyx ocellatus,Odontophoridae,Galliformes
Dactylortyx thoracicus,Odontophoridae,Galliformes
Dendrortyx barbatus,Odontophoridae,Galliformes
Dendrortyx leucophrys,Odontophoridae,Galliformes
Dendrortyx macroura,Odontophoridae,Galliformes
Odontophorus atrifrons,Odontophoridae,Galliformes
Odontophorus balliviani,Odontophoridae,Galliformes
Odontophorus capueira,Odontophoridae,Galliformes
Odontophorus columbianus,Odontophoridae,Galliformes
Odontophorus dialeucos,Odontophoridae,Galliformes
Odontophorus erythrops,Odontophoridae,Galliformes
Odontophorus gujanensis,Odontophoridae,Galliformes
Odontophorus guttatus,Odontophoridae,Galliformes
Odontophorus hyperythrus,Odontophoridae,Galliformes
Odontophorus leucolaemus,Odontophoridae,Galliformes
Odontophorus melanonotus,Odontophoridae,Galliformes
Odontophorus melanotis,Odontophoridae,Galliformes
Odontophorus speciosus,Odontophoridae,Galliformes
Odontophorus stellatus,Odontophoridae,Galliformes
Odontophorus strophium,Odontophoridae,Galliformes
Oreortyx pictus,Odontophoridae,Galliformes
Philortyx fasciatus,Odontophoridae,Galliformes
Rhynchortyx cinctus,Odontophoridae,Galliformes
Afropavo congensis,Phasianidae,Galliformes
Alectoris barbara,Phasianidae,Galliformes
Alectoris chukar,Phasianidae,Galliformes
Alectoris graeca,Phasianidae,Galliformes
Alectoris magna,Phasianidae,Galliformes
Alectoris melanocephala,Phasianidae,Galliformes
Alectoris philbyi,Phasianidae,Galliformes
Alectoris rufa,Phasianidae,Galliformes
Ammoperdix griseogularis,Phasianidae,Galliformes
Ammoperdix heyi,Phasianidae,Galliformes
Anurophasis monorthonyx,Phasianidae,Galliformes
Arborophila ardens,Phasianidae,Galliformes
Arborophila atrogularis,Phasianidae,Galliformes
Arborophila brunneopectus,Phasianidae,Galliformes
Arborophila cambodiana,Phasianidae,Galliformes
Arborophila campbelli,Phasianidae,Galliformes
Arborophila charltonii,Phasianidae,Galliformes
Arborophila chloropus,Phasianidae,Galliformes
Arborophila crudigularis,Phasianidae,Galliformes
Arborophila davidi,Phasianidae,Galliformes
Arborophila gingica,Phasianidae,Galliformes
Arborophila hyperythra,Phasianidae,Galliformes
Arborophila javanica,Phasianidae,Galliformes
Arborophila mandellii,Phasianidae,Galliformes
Arborophila orientalis,Phasianidae,Galliformes
Arborophila rolli,Phasianidae,Galliformes
Arborophila rubrirostris,Phasianidae,Galliformes
Arborophila rufipectus,Phasianidae,Galliformes
Arborophila rufogularis,Phasianidae,Galliformes
Arborophila sumatrana,Phasianidae,Galliformes
Arborophila torqueola,Phasianidae,Galliformes
Argusianus argus,Phasianidae,Galliformes
Bambusicola fytchii,Phasianidae,Galliformes
Bambusicola thoracicus,Phasianidae,Galliformes
Bonasa bonasia,Phasianidae,Galliformes
Bonasa sewerzowi,Phasianidae,Galliformes
Bonasa umbellus,Phasianidae,Galliformes
Caloperdix oculeus,Phasianidae,Galliformes
Catreus wallichi,Phasianidae,Galliformes
Centrocercus minimus,Phasianidae,Galliformes
Centrocercus urophasianus,Phasianidae,Galliformes
Chrysolophus amherstiae,Phasianidae,Galliformes
Chrysolophus pictus,Phasianidae,Galliformes
Coturnix chinensis,Phasianidae,Galliformes
Coturnix coromandelica,Phasianidae,Galliformes
Coturnix coturnix,Phasianidae,Galliformes
Coturnix delegorguei,Phasianidae,Galliformes
Coturnix japonica,Phasianidae,Galliformes
Coturnix pectoralis,Phasianidae,Galliformes
Coturnix ypsilophora,Phasianidae,Galliformes
Crossoptilon auritum,Phasianidae,Galliformes
Crossoptilon crossoptilon,Phasianidae,Galliformes
Crossoptilon harmani,Phasianidae,Galliformes
Crossoptilon mantchuricum,Phasianidae,Galliformes
Dendragapus canadensis,Phasianidae,Galliformes
Dendragapus falcipennis,Phasianidae,Galliformes
Dendragapus fuliginosus,Phasianidae,Galliformes
Dendragapus obscurus,Phasianidae,Galliformes
Francolinus adspersus,Phasianidae,Galliformes
Francolinus afer,Phasianidae,Galliformes
Francolinus africanus,Phasianidae,Galliformes
Francolinus ahantensis,Phasianidae,Galliformes
Francolinus albogularis,Phasianidae,Galliformes
Francolinus bicalcaratus,Phasianidae,Galliformes
Francolinus camerunensis,Phasianidae,Galliformes
Francolinus capensis,Phasianidae,Galliformes
Francolinus castaneicollis,Phasianidae,Galliformes
Francolinus clappertoni,Phasianidae,Galliformes
Francolinus coqui,Phasianidae,Galliformes
Francolinus erckelii,Phasianidae,Galliformes
Francolinus finschi,Phasianidae,Galliformes
Francolinus francolinus,Phasianidae,Galliformes
Francolinus griseostriatus,Phasianidae,Galliformes
Francolinus gularis,Phasianidae,Galliformes
Francolinus hartlaubi,Phasianidae,Galliformes
Francolinus harwoodi,Phasianidae,Galliformes
Francolinus hildebrandti,Phasianidae,Galliformes
Francolinus icterorhynchus,Phasianidae,Galliformes
Francolinus jacksoni,Phasianidae,Galliformes
Francolinus lathami,Phasianidae,Galliformes
Francolinus leucoscepus,Phasianidae,Galliformes
Francolinus levaillantii,Phasianidae,Galliformes
Francolinus levaillantoides,Phasianidae,Galliformes
Francolinus nahani,Phasianidae,Galliformes
Francolinus natalensis,Phasianidae,Galliformes
Francolinus nobilis,Phasianidae,Galliformes
Francolinus ochropectus,Phasianidae,Galliformes
Francolinus pictus,Phasianidae,Galliformes
Francolinus pintadeanus,Phasianidae,Galliformes
Francolinus pondicerianus,Phasianidae,Galliformes
Francolinus psilolaemus,Phasianidae,Galliformes
Francolinus rufopictus,Phasianidae,Galliformes
Francolinus schlegelii,Phasianidae,Galliformes
Francolinus sephaena,Phasianidae,Galliformes
Francolinus shelleyi,Phasianidae,Galliformes
Francolinus squamatus,Phasianidae,Galliformes
Francolinus streptophorus,Phasianidae,Galliformes
Francolinus swainsonii,Phasianidae,Galliformes
Francolinus swierstrai,Phasianidae,Galliformes
Galloperdix bicalcarata,Phasianidae,Galliformes
Galloperdix lunulata,Phasianidae,Galliformes
Galloperdix spadicea,Phasianidae,Galliformes
Gallus gallus,Phasianidae,Galliformes
Gallus lafayetii,Phasianidae,Galliformes
Gallus sonneratii,Phasianidae,Galliformes
Gallus varius,Phasianidae,Galliformes
Haematortyx sanguiniceps,Phasianidae,Galliformes
Ithaginis cruentus,Phasianidae,Galliformes
Lagopus lagopus,Phasianidae,Galliformes
Lagopus leucura,Phasianidae,Galliformes
Lagopus muta,Phasianidae,Galliformes
Lerwa lerwa,Phasianidae,Galliformes
Lophophorus impejanus,Phasianidae,Galliformes
Lophophorus lhuysii,Phasianidae,Galliformes
Lophophorus sclateri,Phasianidae,Galliformes
Lophura bulweri,Phasianidae,Galliformes
Lophura diardi,Phasianidae,Galliformes
Lophura edwardsi,Phasianidae,Galliformes
Lophura erythrophthalma,Phasianidae,Galliformes
Lophura hatinhensis,Phasianidae,Galliformes
Lophura hoogerwerfi,Phasianidae,Galliformes
Lophura ignita,Phasianidae,Galliformes
Lophura inornata,Phasianidae,Galliformes
Lophura leucomelanos,Phasianidae,Galliformes
Lophura nycthemera,Phasianidae,Galliformes
Lophura swinhoii,Phasianidae,Galliformes
Margaroperdix madagascariensis,Phasianidae,Galliformes
Melanoperdix niger,Phasianidae,Galliformes
Meleagris gallopavo,Phasianidae,Galliformes
Meleagris ocellata,Phasianidae,Galliformes
Pavo cristatus,Phasianidae,Galliformes
Pavo muticus,Phasianidae,Galliformes
Perdicula argoondah,Phasianidae,Galliformes
Perdicula asiatica,Phasianidae,Galliformes
Perdicula erythrorhyncha,Phasianidae,Galliformes
Perdicula manipurensis,Phasianidae,Galliformes
Perdix dauurica,Phasianidae,Galliformes
Perdix hodgsoniae,Phasianidae,Galliformes
Perdix perdix,Phasianidae,Galliformes
Phasianus colchicus,Phasianidae,Galliformes
Phasianus versicolor,Phasianidae,Galliformes
Polyplectron bicalcaratum,Phasianidae,Galliformes
Polyplectron chalcurum,Phasianidae,Galliformes
Polyplectron germaini,Phasianidae,Galliformes
Polyplectron inopinatum,Phasianidae,Galliformes
Polyplectron katsumatae,Phasianidae,Galliformes
Polyplectron malacense,Phasianidae,Galliformes
Polyplectron napoleonis,Phasianidae,Galliformes
Polyplectron schleiermacheri,Phasianidae,Galliformes
Ptilopachus petrosus,Phasianidae,Galliformes
Pucrasia macrolopha,Phasianidae,Galliformes
Rheinardia ocellata,Phasianidae,Galliformes
Rhizothera longirostris,Phasianidae,Galliformes
Rollulus rouloul,Phasianidae,Galliformes
Syrmaticus ellioti,Phasianidae,Galliformes
Syrmaticus humiae,Phasianidae,Galliformes
Syrmaticus mikado,Phasianidae,Galliformes
Syrmaticus reevesii,Phasianidae,Galliformes
Syrmaticus soemmerringii,Phasianidae,Galliformes
Tetrao mlokosiewiczi,Phasianidae,Galliformes
Tetrao parvirostris,Phasianidae,Galliformes
Tetrao tetrix,Phasianidae,Galliformes
Tetrao urogallus,Phasianidae,Galliformes
Tetraogallus altaicus,Phasianidae,Galliformes
Tetraogallus caspius,Phasianidae,Galliformes
Tetraogallus caucasicus,Phasianidae,Galliformes
Tetraogallus himalayensis,Phasianidae,Galliformes
Tetraogallus tibetanus,Phasianidae,Galliformes
Tetraophasis obscurus,Phasianidae,Galliformes
Tetraophasis szechenyii,Phasianidae,Galliformes
Tragopan blythii,Phasianidae,Galliformes
Tragopan caboti,Phasianidae,Galliformes
Tragopan melanocephalus,Phasianidae,Galliformes
Tragopan satyra,Phasianidae,Galliformes
Tragopan temminckii,Phasianidae,Galliformes
Tympanuchus cupido,Phasianidae,Galliformes
Tympanuchus pallidicinctus,Phasianidae,Galliformes
Tympanuchus phasianellus,Phasianidae,Galliformes
Xenoperdix udzungwensis,Phasianidae,Galliformes
Gavia adamsii,Gaviidae,Gaviiformes
Gavia arctica,Gaviidae,Gaviiformes
Gavia immer,Gaviidae,Gaviiformes
Gavia pacifica,Gaviidae,Gaviiformes
Gavia stellata,Gaviidae,Gaviiformes
Aramus guarauna,Aramidae,Gruiformes
Balearica pavonina,Gruidae,Gruiformes
Balearica regulorum,Gruidae,Gruiformes
Grus americana,Gruidae,Gruiformes
Grus antigone,Gruidae,Gruiformes
Grus canadensis,Gruidae,Gruiformes
Grus carunculatus,Gruidae,Gruiformes
Grus grus,Gruidae,Gruiformes
Grus japonensis,Gruidae,Gruiformes
Grus leucogeranus,Gruidae,Gruiformes
Grus monacha,Gruidae,Gruiformes
Grus nigricollis,Gruidae,Gruiformes
Grus paradisea,Gruidae,Gruiformes
Grus rubicunda,Gruidae,Gruiformes
Grus vipio,Gruidae,Gruiformes
Grus virgo,Gruidae,Gruiformes
Heliopais personatus,Heliornithidae,Gruiformes
Heliornis fulica,Heliornithidae,Gruiformes
Podica senegalensis,Heliornithidae,Gruiformes
Psophia crepitans,Psophiidae,Gruiformes
Psophia leucoptera,Psophiidae,Gruiformes
Psophia viridis,Psophiidae,Gruiformes
Aenigmatolimnas marginalis,Rallidae,Gruiformes
Amaurolimnas concolor,Rallidae,Gruiformes
Amaurornis akool,Rallidae,Gruiformes
Amaurornis bicolor,Rallidae,Gruiformes
Amaurornis flavirostra,Rallidae,Gruiformes
Amaurornis isabellina,Rallidae,Gruiformes
Amaurornis magnirostris,Rallidae,Gruiformes
Amaurornis moluccana,Rallidae,Gruiformes
Amaurornis olivacea,Rallidae,Gruiformes
Amaurornis olivieri,Rallidae,Gruiformes
Amaurornis phoenicurus,Rallidae,Gruiformes
Anurolimnas castaneiceps,Rallidae,Gruiformes
Anurolimnas fasciatus,Rallidae,Gruiformes
Anurolimnas viridis,Rallidae,Gruiformes
Aramides axillaris,Rallidae,Gruiformes
Aramides cajanea,Rallidae,Gruiformes
Aramides calopterus,Rallidae,Gruiformes
Aramides mangle,Rallidae,Gruiformes
Aramides saracura,Rallidae,Gruiformes
Aramides wolfi,Rallidae,Gruiformes
Aramides ypecaha,Rallidae,Gruiformes
Aramidopsis plateni,Rallidae,Gruiformes
Atlantisia rogersi,Rallidae,Gruiformes
Canirallus kioloides,Rallidae,Gruiformes
Canirallus oculeus,Rallidae,Gruiformes
Coturnicops exquisitus,Rallidae,Gruiformes
Coturnicops notatus,Rallidae,Gruiformes
Coturnicops noveboracensis,Rallidae,Gruiformes
Crecopsis egregia,Rallidae,Gruiformes
Crex crex,Rallidae,Gruiformes
Cyanolimnas cerverai,Rallidae,Gruiformes
Dryolimnas cuvieri,Rallidae,Gruiformes
Eulabeornis castaneoventris,Rallidae,Gruiformes
Fulica alai,Rallidae,Gruiformes
Fulica americana,Rallidae,Gruiformes
Fulica ardesiaca,Rallidae,Gruiformes
Fulica armillata,Rallidae,Gruiformes
Fulica atra,Rallidae,Gruiformes
Fulica caribaea,Rallidae,Gruiformes
Fulica cornuta,Rallidae,Gruiformes
Fulica cristata,Rallidae,Gruiformes
Fulica gigantea,Rallidae,Gruiformes
Fulica leucoptera,Rallidae,Gruiformes
Fulica rufifrons,Rallidae,Gruiformes
Gallicrex cinerea,Rallidae,Gruiformes
Gallinula angulata,Rallidae,Gruiformes
Gallinula chloropus,Rallidae,Gruiformes
Gallinula melanops,Rallidae,Gruiformes
Gallinula mortierii,Rallidae,Gruiformes
Gallinula nesiotis,Rallidae,Gruiformes
Gallinula silvestris,Rallidae,Gruiformes
Gallinula tenebrosa,Rallidae,Gruiformes
Gallinula ventralis,Rallidae,Gruiformes
Gallirallus australis,Rallidae,Gruiformes
Gallirallus calayanensis,Rallidae,Gruiformes
Gallirallus insignis,Rallidae,Gruiformes
Gallirallus okinawae,Rallidae,Gruiformes
Gallirallus owstoni,Rallidae,Gruiformes
Gallirallus philippensis,Rallidae,Gruiformes
Gallirallus rovianae,Rallidae,Gruiformes
Gallirallus striatus,Rallidae,Gruiformes
Gallirallus sylvestris,Rallidae,Gruiformes
Gallirallus torquatus,Rallidae,Gruiformes
Gymnocrex plumbeiventris,Rallidae,Gruiformes
Gymnocrex rosenbergii,Rallidae,Gruiformes
Gymnocrex talaudensis,Rallidae,Gruiformes
Habroptila wallacii,Rallidae,Gruiformes
Himantornis haematopus,Rallidae,Gruiformes
Laterallus albigularis,Rallidae,Gruiformes
Laterallus exilis,Rallidae,Gruiformes
Laterallus jamaicensis,Rallidae,Gruiformes
Laterallus leucopyrrhus,Rallidae,Gruiformes
Laterallus levraudi,Rallidae,Gruiformes
Laterallus melanophaius,Rallidae,Gruiformes
Laterallus ruber,Rallidae,Gruiformes
Laterallus spilonotus,Rallidae,Gruiformes
Laterallus tuerosi,Rallidae,Gruiformes
Laterallus xenopterus,Rallidae,Gruiformes
Lewinia mirifica,Rallidae,Gruiformes
Lewinia muelleri,Rallidae,Gruiformes
Lewinia pectoralis,Rallidae,Gruiformes
Megacrex inepta,Rallidae,Gruiformes
Micropygia schomburgkii,Rallidae,Gruiformes
Neocrex colombiana,Rallidae,Gruiformes
Neocrex erythrops,Rallidae,Gruiformes
Nesoclopeus woodfordi,Rallidae,Gruiformes
Pardirallus maculatus,Rallidae,Gruiformes
Pardirallus nigricans,Rallidae,Gruiformes
Pardirallus sanguinolentus,Rallidae,Gruiformes
Porphyrio alleni,Rallidae,Gruiformes
Porphyrio flavirostris,Rallidae,Gruiformes
Porphyrio hochstetteri,Rallidae,Gruiformes
Porphyrio martinica,Rallidae,Gruiformes
Porphyrio porphyrio,Rallidae,Gruiformes
Porzana albicollis,Rallidae,Gruiformes
Porzana atra,Rallidae,Gruiformes
Porzana carolina,Rallidae,Gruiformes
Porzana cinerea,Rallidae,Gruiformes
Porzana flaviventer,Rallidae,Gruiformes
Porzana fluminea,Rallidae,Gruiformes
Porzana fusca,Rallidae,Gruiformes
Porzana parva,Rallidae,Gruiformes
Porzana paykullii,Rallidae,Gruiformes
Porzana porzana,Rallidae,Gruiformes
Porzana pusilla,Rallidae,Gruiformes
Porzana spiloptera,Rallidae,Gruiformes
Porzana tabuensis,Rallidae,Gruiformes
Rallina canningi,Rallidae,Gruiformes
Rallina eurizonoides,Rallidae,Gruiformes
Rallina fasciata,Rallidae,Gruiformes
Rallina forbesi,Rallidae,Gruiformes
Rallina leucospila,Rallidae,Gruiformes
Rallina mayri,Rallidae,Gruiformes
Rallina rubra,Rallidae,Gruiformes
Rallina tricolor,Rallidae,Gruiformes
Rallus antarcticus,Rallidae,Gruiformes
Rallus aquaticus,Rallidae,Gruiformes
Rallus caerulescens,Rallidae,Gruiformes
Rallus elegans,Rallidae,Gruiformes
Rallus limicola,Rallidae,Gruiformes
Rallus longirostris,Rallidae,Gruiformes
Rallus madagascariensis,Rallidae,Gruiformes
Rallus semiplumbeus,Rallidae,Gruiformes
Rallus wetmorei,Rallidae,Gruiformes
Rougetius rougetii,Rallidae,Gruiformes
Sarothrura affinis,Rallidae,Gruiformes
Sarothrura ayresi,Rallidae,Gruiformes
Sarothrura boehmi,Rallidae,Gruiformes
Sarothrura elegans,Rallidae,Gruiformes
Sarothrura insularis,Rallidae,Gruiformes
Sarothrura lugens,Rallidae,Gruiformes
Sarothrura pulchra,Rallidae,Gruiformes
Sarothrura rufa,Rallidae,Gruiformes
Sarothrura watersi,Rallidae,Gruiformes
Leptosomus discolor,Leptosomidae,Leptosomiformes
Mesitornis unicolor,Mesitornithidae,Mesitornithiformes
Mesitornis variegatus,Mesitornithidae,Mesitornithiformes
Monias benschi,Mesitornithidae,Mesitornithiformes
Corythaeola cristata,Musophagidae,Musophagiformes
Corythaixoides concolor,Musophagidae,Musophagiformes
Corythaixoides leucogaster,Musophagidae,Musophagiformes
Corythaixoides personatus,Musophagidae,Musophagiformes
Crinifer piscator,Musophagidae,Musophagiformes
Crinifer zonurus,Musophagidae,Musophagiformes
Musophaga rossae,Musophagidae,Musophagiformes
Musophaga violacea,Musophagidae,Musophagiformes
Ruwenzorornis johnstoni,Musophagidae,Musophagiformes
Tauraco bannermani,Musophagidae,Musophagiformes
Tauraco corythaix,Musophagidae,Musophagiformes
Tauraco erythrolophus,Musophagidae,Musophagiformes
Tauraco fischeri,Musophagidae,Musophagiformes
Tauraco hartlaubi,Musophagidae,Musophagiformes
Tauraco leucolophus,Musophagidae,Musophagiformes
Tauraco leucotis,Musophagidae,Musophagiformes
Tauraco livingstonii,Musophagidae,Musophagiformes
Tauraco macrorhynchus,Musophagidae,Musophagiformes
Tauraco persa,Musophagidae,Musophagiformes
Tauraco porphyreolophus,Musophagidae,Musophagiformes
Tauraco ruspolii,Musophagidae,Musophagiformes
Tauraco schalowi,Musophagidae,Musophagiformes
Tauraco schuetti,Musophagidae,Musophagiformes
Opisthocomus hoazin,Opisthocomidae,Opisthocomiformes
Ardeotis arabs,Otididae,Otidiformes
Ardeotis australis,Otididae,Otidiformes
Ardeotis kori,Otididae,Otidiformes
Ardeotis nigriceps,Otididae,Otidiformes
Chlamydotis undulata,Otididae,Otidiformes
Eupodotis afra,Otididae,Otidiformes
Eupodotis afraoides,Otididae,Otidiformes
Eupodotis caerulescens,Otididae,Otidiformes
Eupodotis gindiana,Otididae,Otidiformes
Eupodotis hartlaubii,Otididae,Otidiformes
Eupodotis humilis,Otididae,Otidiformes
Eupodotis melanogaster,Otididae,Otidiformes
Eupodotis rueppellii,Otididae,Otidiformes
Eupodotis ruficrista,Otididae,Otidiformes
Eupodotis savilei,Otididae,Otidiformes
Eupodotis senegalensis,Otididae,Otidiformes
Eupodotis vigorsii,Otididae,Otidiformes
Houbaropsis bengalensis,Otididae,Otidiformes
Neotis denhami,Otididae,Otidiformes
Neotis heuglinii,Otididae,Otidiformes
Neotis ludwigii,Otididae,Otidiformes
Neotis nuba,Otididae,Otidiformes
Otis tarda,Otididae,Otidiformes
Sypheotides indicus,Otididae,Otidiformes
Tetrax tetrax,Otididae,Otidiformes
Acanthisitta chloris,Acanthisittidae,Passeriformes
Xenicus gilviventris,Acanthisittidae,Passeriformes
Acanthiza apicalis,Acanthizidae,Passeriformes
Acanthiza chrysorrhoa,Acanthizidae,Passeriformes
Acanthiza ewingii,Acanthizidae,Passeriformes
Acanthiza inornata,Acanthizidae,Passeriformes
Acanthiza iredalei,Acanthizidae,Passeriformes
Acanthiza katherina,Acanthizidae,Passeriformes
Acanthiza lineata,Acanthizidae,Passeriformes
Acanthiza murina,Acanthizidae,Passeriformes
Acanthiza nana,Acanthizidae,Passeriformes
Acanthiza pusilla,Acanthizidae,Passeriformes
Acanthiza reguloides,Acanthizidae,Passeriformes
Acanthiza robustirostris,Acanthizidae,Passeriformes
Acanthiza uropygialis,Acanthizidae,Passeriformes
Acanthornis magna,Acanthizidae,Passeriformes
Aphelocephala leucopsis,Acanthizidae,Passeriformes
Aphelocephala nigricincta,Acanthizidae,Passeriformes
Aphelocephala pectoralis,Acanthizidae,Passeriformes
Calamanthus campestris,Acanthizidae,Passeriformes
Calamanthus fuliginosus,Acanthizidae,Passeriformes
Chthonicola sagittatus,Acanthizidae,Passeriformes
Crateroscelis murina,Acanthizidae,Passeriformes
Crateroscelis nigrorufa,Acanthizidae,Passeriformes
Crateroscelis robusta,Acanthizidae,Passeriformes
Gerygone albofrontata,Acanthizidae,Passeriformes
Gerygone chloronota,Acanthizidae,Passeriformes
Gerygone chrysogaster,Acanthizidae,Passeriformes
Gerygone cinerea,Acanthizidae,Passeriformes
Gerygone dorsalis,Acanthizidae,Passeriformes
Gerygone flavolateralis,Acanthizidae,Passeriformes
Gerygone fusca,Acanthizidae,Passeriformes
Gerygone hypoxantha,Acanthizidae,Passeriformes
Gerygone igata,Acanthizidae,Passeriformes
Gerygone inornata,Acanthizidae,Passeriformes
Gerygone levigaster,Acanthizidae,Passeriformes
Gerygone magnirostris,Acanthizidae,Passeriformes
Gerygone modesta,Acanthizidae,Passeriformes
Gerygone mouki,Acanthizidae,Passeriformes
Gerygone olivacea,Acanthizidae,Passeriformes
Gerygone palpebrosa,Acanthizidae,Passeriformes
Gerygone ruficollis,Acanthizidae,Passeriformes
Gerygone sulphurea,Acanthizidae,Passeriformes
Gerygone tenebrosa,Acanthizidae,Passeriformes
Hylacola cauta,Acanthizidae,Passeriformes
Hylacola pyrrhopygia,Acanthizidae,Passeriformes
Mohoua albicilla,Acanthizidae,Passeriformes
Mohoua novaeseelandiae,Acanthizidae,Passeriformes
Mohoua ochrocephala,Acanthizidae,Passeriformes
Oreoscopus gutturalis,Acanthizidae,Passeriformes
Origma solitaria,Acanthizidae,Passeriformes
Pycnoptilus floccosus,Acanthizidae,Passeriformes
Pyrrholaemus brunneus,Acanthizidae,Passeriformes
Sericornis arfakianus,Acanthizidae,Passeriformes
Sericornis beccarii,Acanthizidae,Passeriformes
Sericornis citreogularis,Acanthizidae,Passeriformes
Sericornis frontalis,Acanthizidae,Passeriformes
Sericornis humilis,Acanthizidae,Passeriformes
Sericornis keri,Acanthizidae,Passeriformes
Sericornis magnirostra,Acanthizidae,Passeriformes
Sericornis nouhuysi,Acanthizidae,Passeriformes
Sericornis papuensis,Acanthizidae,Passeriformes
Sericornis perspicillatus,Acanthizidae,Passeriformes
Sericornis rufescens,Acanthizidae,Passeriformes
Sericornis spilodera,Acanthizidae,Passeriformes
Sericornis virgatus,Acanthizidae,Passeriformes
Smicrornis brevirostris,Acanthizidae,Passeriformes
Aegithalos caudatus,Aegithalidae,Passeriformes
Aegithalos concinnus,Aegithalidae,Passeriformes
Aegithalos fuliginosus,Aegithalidae,Passeriformes
Aegithalos iouschistos,Aegithalidae,Passeriformes
Aegithalos leucogenys,Aegithalidae,Passeriformes
Aegithalos niveogularis,Aegithalidae,Passeriformes
Leptopoecile elegans,Aegithalidae,Passeriformes
Leptopoecile sophiae,Aegithalidae,Passeriformes
Psaltria exilis,Aegithalidae,Passeriformes
Psaltriparus minimus,Aegithalidae,Passeriformes
Aegithina lafresnayei,Aegithinidae,Passeriformes
Aegithina nigrolutea,Aegithinidae,Passeriformes
Aegithina tiphia,Aegithinidae,Passeriformes
Aegithina viridissima,Aegithinidae,Passeriformes
Alaemon alaudipes,Alaudidae,Passeriformes
Alaemon hamertoni,Alaudidae,Passeriformes
Alauda arvensis,Alaudidae,Passeriformes
Alauda gulgula,Alaudidae,Passeriformes
Alauda japonica,Alaudidae,Passeriformes
Alauda razae,Alaudidae,Passeriformes
Ammomanes cinctura,Alaudidae,Passeriformes
Ammomanes deserti,Alaudidae,Passeriformes
Ammomanes grayi,Alaudidae,Passeriformes
Ammomanes phoenicura,Alaudidae,Passeriformes
Calandrella acutirostris,Alaudidae,Passeriformes
Calandrella brachydactyla,Alaudidae,Passeriformes
Calandrella cheleensis,Alaudidae,Passeriformes
Calandrella cinerea,Alaudidae,Passeriformes
Calandrella raytal,Alaudidae,Passeriformes
Calandrella rufescens,Alaudidae,Passeriformes
Calandrella somalica,Alaudidae,Passeriformes
Certhilauda albescens,Alaudidae,Passeriformes
Certhilauda barlowi,Alaudidae,Passeriformes
Certhilauda burra,Alaudidae,Passeriformes
Certhilauda chuana,Alaudidae,Passeriformes
Certhilauda curvirostris,Alaudidae,Passeriformes
Certhilauda erythrochlamys,Alaudidae,Passeriformes
Certhilauda semitorquata,Alaudidae,Passeriformes
Certhilauda subcoronata,Alaudidae,Passeriformes
Chersomanes albofasciata,Alaudidae,Passeriformes
Chersophilus duponti,Alaudidae,Passeriformes
Eremalauda dunni,Alaudidae,Passeriformes
Eremalauda starki,Alaudidae,Passeriformes
Eremophila alpestris,Alaudidae,Passeriformes
Eremophila bilopha,Alaudidae,Passeriformes
Eremopterix australis,Alaudidae,Passeriformes
Eremopterix griseus,Alaudidae,Passeriformes
Eremopterix leucopareia,Alaudidae,Passeriformes
Eremopterix leucotis,Alaudidae,Passeriformes
Eremopterix nigriceps,Alaudidae,Passeriformes
Eremopterix signatus,Alaudidae,Passeriformes
Eremopterix verticalis,Alaudidae,Passeriformes
Galerida cristata,Alaudidae,Passeriformes
Galerida deva,Alaudidae,Passeriformes
Galerida magnirostris,Alaudidae,Passeriformes
Galerida malabarica,Alaudidae,Passeriformes
Galerida modesta,Alaudidae,Passeriformes
Galerida theklae,Alaudidae,Passeriformes
Heteromirafra archeri,Alaudidae,Passeriformes
Heteromirafra ruddi,Alaudidae,Passeriformes
Heteromirafra sidamoensis,Alaudidae,Passeriformes
Lullula arborea,Alaudidae,Passeriformes
Melanocorypha bimaculata,Alaudidae,Passeriformes
Melanocorypha calandra,Alaudidae,Passeriformes
Melanocorypha leucoptera,Alaudidae,Passeriformes
Melanocorypha maxima,Alaudidae,Passeriformes
Melanocorypha mongolica,Alaudidae,Passeriformes
Melanocorypha yeltoniensis,Alaudidae,Passeriformes
Mirafra affinis,Alaudidae,Passeriformes
Mirafra africana,Alaudidae,Passeriformes
Mirafra africanoides,Alaudidae,Passeriformes
Mirafra albicauda,Alaudidae,Passeriformes
Mirafra alopex,Alaudidae,Passeriformes
Mirafra angolensis,Alaudidae,Passeriformes
Mirafra apiata,Alaudidae,Passeriformes
Mirafra ashi,Alaudidae,Passeriformes
Mirafra assamica,Alaudidae,Passeriformes
Mirafra cantillans,Alaudidae,Passeriformes
Mirafra cheniana,Alaudidae,Passeriformes
Mirafra collaris,Alaudidae,Passeriformes
Mirafra cordofanica,Alaudidae,Passeriformes
Mirafra erythrocephala,Alaudidae,Passeriformes
Mirafra erythroptera,Alaudidae,Passeriformes
Mirafra gilletti,Alaudidae,Passeriformes
Mirafra hova,Alaudidae,Passeriformes
Mirafra hypermetra,Alaudidae,Passeriformes
Mirafra javanica,Alaudidae,Passeriformes
Mirafra microptera,Alaudidae,Passeriformes
Mirafra passerina,Alaudidae,Passeriformes
Mirafra poecilosterna,Alaudidae,Passeriformes
Mirafra pulpa,Alaudidae,Passeriformes
Mirafra rufa,Alaudidae,Passeriformes
Mirafra rufocinnamomea,Alaudidae,Passeriformes
Mirafra sabota,Alaudidae,Passeriformes
Mirafra somalica,Alaudidae,Passeriformes
Mirafra williamsi,Alaudidae,Passeriformes
Pinarocorys erythropygia,Alaudidae,Passeriformes
Pinarocorys nigricans,Alaudidae,Passeriformes
Pseudalaemon fremantlii,Alaudidae,Passeriformes
Rhamphocoris clotbey,Alaudidae,Passeriformes
Spizocorys conirostris,Alaudidae,Passeriformes
Spizocorys fringillaris,Alaudidae,Passeriformes
Spizocorys obbiensis,Alaudidae,Passeriformes
Spizocorys personata,Alaudidae,Passeriformes
Spizocorys sclateri,Alaudidae,Passeriformes
Artamus cinereus,Artamidae,Passeriformes
Artamus cyanopterus,Artamidae,Passeriformes
Artamus fuscus,Artamidae,Passeriformes
Artamus insignis,Artamidae,Passeriformes
Artamus leucorynchus,Artamidae,Passeriformes
Artamus maximus,Artamidae,Passeriformes
Artamus mentalis,Artamidae,Passeriformes
Artamus minor,Artamidae,Passeriformes
Artamus monachus,Artamidae,Passeriformes
Artamus personatus,Artamidae,Passeriformes
Artamus superciliosus,Artamidae,Passeriformes
Atrichornis clamosus,Atrichornithidae,Passeriformes
Atrichornis rufescens,Atrichornithidae,Passeriformes
Bombycilla cedrorum,Bombycillidae,Passeriformes
Bombycilla garrulus,Bombycillidae,Passeriformes
Bombycilla japonica,Bombycillidae,Passeriformes
Hypocolius ampelinus,Bombycillidae,Passeriformes
Phainopepla nitens,Bombycillidae,Passeriformes
Phainoptila melanoxantha,Bombycillidae,Passeriformes
Ptilogonys caudatus,Bombycillidae,Passeriformes
Ptilogonys cinereus,Bombycillidae,Passeriformes
Callaeas cinereus,Callaeatidae,Passeriformes
Philesturnus carunculatus,Callaeatidae,Passeriformes
Campephaga flava,Campephagidae,Passeriformes
Campephaga lobata,Campephagidae,Passeriformes
Campephaga oriolina,Campephagidae,Passeriformes
Campephaga petiti,Campephagidae,Passeriformes
Campephaga phoenicea,Campephagidae,Passeriformes
Campephaga quiscalina,Campephagidae,Passeriformes
Campochaera sloetii,Campephagidae,Passeriformes
Coracina abbotti,Campephagidae,Passeriformes
Coracina analis,Campephagidae,Passeriformes
Coracina atriceps,Campephagidae,Passeriformes
Coracina azurea,Campephagidae,Passeriformes
Coracina bicolor,Campephagidae,Passeriformes
Coracina boyeri,Campephagidae,Passeriformes
Coracina caeruleogrisea,Campephagidae,Passeriformes
Coracina caesia,Campephagidae,Passeriformes
Coracina caledonica,Campephagidae,Passeriformes
Coracina ceramensis,Campephagidae,Passeriformes
Coracina cinerea,Campephagidae,Passeriformes
Coracina coerulescens,Campephagidae,Passeriformes
Coracina dispar,Campephagidae,Passeriformes
Coracina dohertyi,Campephagidae,Passeriformes
Coracina fimbriata,Campephagidae,Passeriformes
Coracina fortis,Campephagidae,Passeriformes
Coracina graueri,Campephagidae,Passeriformes
Coracina holopolia,Campephagidae,Passeriformes
Coracina incerta,Campephagidae,Passeriformes
Coracina javensis,Campephagidae,Passeriformes
Coracina larvata,Campephagidae,Passeriformes
Coracina leucopygia,Campephagidae,Passeriformes
Coracina lineata,Campephagidae,Passeriformes
Coracina longicauda,Campephagidae,Passeriformes
Coracina macei,Campephagidae,Passeriformes
Coracina maxima,Campephagidae,Passeriformes
Coracina mcgregori,Campephagidae,Passeriformes
Coracina melanoptera,Campephagidae,Passeriformes
Coracina melas,Campephagidae,Passeriformes
Coracina melaschistos,Campephagidae,Passeriformes
Coracina mindanensis,Campephagidae,Passeriformes
Coracina montana,Campephagidae,Passeriformes
Coracina morio,Campephagidae,Passeriformes
Coracina newtoni,Campephagidae,Passeriformes
Coracina novaehollandiae,Campephagidae,Passeriformes
Coracina ostenta,Campephagidae,Passeriformes
Coracina papuensis,Campephagidae,Passeriformes
Coracina parvula,Campephagidae,Passeriformes
Coracina pectoralis,Campephagidae,Passeriformes
Coracina personata,Campephagidae,Passeriformes
Coracina polioptera,Campephagidae,Passeriformes
Coracina schistacea,Campephagidae,Passeriformes
Coracina schisticeps,Campephagidae,Passeriformes
Coracina striata,Campephagidae,Passeriformes
Coracina sula,Campephagidae,Passeriformes
Coracina temminckii,Campephagidae,Passeriformes
Coracina tenuirostris,Campephagidae,Passeriformes
Coracina typica,Campephagidae,Passeriformes
Hemipus hirundinaceus,Campephagidae,Passeriformes
Hemipus picatus,Campephagidae,Passeriformes
Lalage atrovirens,Campephagidae,Passeriformes
Lalage aurea,Campephagidae,Passeriformes
Lalage leucomela,Campephagidae,Passeriformes
Lalage leucopyga,Campephagidae,Passeriformes
Lalage leucopygialis,Campephagidae,Passeriformes
Lalage maculosa,Campephagidae,Passeriformes
Lalage melanoleuca,Campephagidae,Passeriformes
Lalage moesta,Campephagidae,Passeriformes
Lalage nigra,Campephagidae,Passeriformes
Lalage sharpei,Campephagidae,Passeriformes
Lalage sueurii,Campephagidae,Passeriformes
Lalage tricolor,Campephagidae,Passeriformes
Pericrocotus brevirostris,Campephagidae,Passeriformes
Pericrocotus cantonensis,Campephagidae,Passeriformes
Pericrocotus cinnamomeus,Campephagidae,Passeriformes
Pericrocotus divaricatus,Campephagidae,Passeriformes
Pericrocotus erythropygius,Campephagidae,Passeriformes
Pericrocotus ethologus,Campephagidae,Passeriformes
Pericrocotus flammeus,Campephagidae,Passeriformes
Pericrocotus igneus,Campephagidae,Passeriformes
Pericrocotus lansbergei,Campephagidae,Passeriformes
Pericrocotus miniatus,Campephagidae,Passeriformes
Pericrocotus roseus,Campephagidae,Passeriformes
Pericrocotus solaris,Campephagidae,Passeriformes
Pericrocotus tegimae,Campephagidae,Passeriformes
Tephrodornis gularis,Campephagidae,Passeriformes
Tephrodornis pondicerianus,Campephagidae,Passeriformes
Amaurospiza carrizalensis,Cardinalidae,Passeriformes
Amaurospiza concolor,Cardinalidae,Passeriformes
Amaurospiza moesta,Cardinalidae,Passeriformes
Cardinalis cardinalis,Cardinalidae,Passeriformes
Cardinalis phoeniceus,Cardinalidae,Passeriformes
Cardinalis sinuatus,Cardinalidae,Passeriformes
Caryothraustes canadensis,Cardinalidae,Passeriformes
Caryothraustes poliogaster,Cardinalidae,Passeriformes
Chlorothraupis carmioli,Cardinalidae,Passeriformes
Chlorothraupis olivacea,Cardinalidae,Passeriformes
Chlorothraupis stolzmanni,Cardinalidae,Passeriformes
Cyanocompsa brissonii,Cardinalidae,Passeriformes
Cyanocompsa cyanoides,Cardinalidae,Passeriformes
Cyanocompsa parellina,Cardinalidae,Passeriformes
Cyanoloxia glaucocaerulea,Cardinalidae,Passeriformes
Granatellus pelzelni,Cardinalidae,Passeriformes
Granatellus sallaei,Cardinalidae,Passeriformes
Granatellus venustus,Cardinalidae,Passeriformes
Habia atrimaxillaris,Cardinalidae,Passeriformes
Habia cristata,Cardinalidae,Passeriformes
Habia fuscicauda,Cardinalidae,Passeriformes
Habia gutturalis,Cardinalidae,Passeriformes
Habia rubica,Cardinalidae,Passeriformes
Parkerthraustes humeralis,Cardinalidae,Passeriformes
Periporphyrus erythromelas,Cardinalidae,Passeriformes
Pheucticus aureoventris,Cardinalidae,Passeriformes
Pheucticus chrysogaster,Cardinalidae,Passeriformes
Pheucticus chrysopeplus,Cardinalidae,Passeriformes
Pheucticus ludovicianus,Cardinalidae,Passeriformes
Pheucticus melanocephalus,Cardinalidae,Passeriformes
Pheucticus tibialis,Cardinalidae,Passeriformes
Piranga bidentata,Cardinalidae,Passeriformes
Piranga erythrocephala,Cardinalidae,Passeriformes
Piranga flava,Cardinalidae,Passeriformes
Piranga leucoptera,Cardinalidae,Passeriformes
Piranga ludoviciana,Cardinalidae,Passeriformes
Piranga olivacea,Cardinalidae,Passeriformes
Piranga roseogularis,Cardinalidae,Passeriformes
Piranga rubra,Cardinalidae,Passeriformes
Piranga rubriceps,Cardinalidae,Passeriformes
Rhodothraupis celaeno,Cardinalidae,Passeriformes
Saltator albicollis,Cardinalidae,Passeriformes
Saltator atriceps,Cardinalidae,Passeriformes
Saltator atricollis,Cardinalidae,Passeriformes
Saltator atripennis,Cardinalidae,Passeriformes
Saltator aurantiirostris,Cardinalidae,Passeriformes
Saltator cinctus,Cardinalidae,Passeriformes
Saltator coerulescens,Cardinalidae,Passeriformes
Saltator fuliginosus,Cardinalidae,Passeriformes
Saltator grossus,Cardinalidae,Passeriformes
Saltator maxillosus,Cardinalidae,Passeriformes
Saltator maximus,Cardinalidae,Passeriformes
Saltator nigriceps,Cardinalidae,Passeriformes
Saltator orenocensis,Cardinalidae,Passeriformes
Saltator rufiventris,Cardinalidae,Passeriformes
Saltator similis,Cardinalidae,Passeriformes
Saltator striatipectus,Cardinalidae,Passeriformes
Spiza americana,Cardinalidae,Passeriformes
Certhia americana,Certhiidae,Passeriformes
Certhia brachydactyla,Certhiidae,Passeriformes
Certhia discolor,Certhiidae,Passeriformes
Certhia familiaris,Certhiidae,Passeriformes
Certhia himalayana,Certhiidae,Passeriformes
Certhia hodgsoni,Certhiidae,Passeriformes
Certhia manipurensis,Certhiidae,Passeriformes
Certhia nipalensis,Certhiidae,Passeriformes
Certhia tianquanensis,Certhiidae,Passeriformes
Salpornis spilonotus,Certhiidae,Passeriformes
Chloropsis aurifrons,Chloropseidae,Passeriformes
Chloropsis cochinchinensis,Chloropseidae,Passeriformes
Chloropsis cyanopogon,Chloropseidae,Passeriformes
Chloropsis flavipennis,Chloropseidae,Passeriformes
Chloropsis hardwickii,Chloropseidae,Passeriformes
Chloropsis jerdoni,Chloropseidae,Passeriformes
Chloropsis kinabaluensis,Chloropseidae,Passeriformes
Chloropsis media,Chloropseidae,Passeriformes
Chloropsis palawanensis,Chloropseidae,Passeriformes
Chloropsis sonnerati,Chloropseidae,Passeriformes
Chloropsis venusta,Chloropseidae,Passeriformes
Cinclus cinclus,Cinclidae,Passeriformes
Cinclus leucocephalus,Cinclidae,Passeriformes
Cinclus mexicanus,Cinclidae,Passeriformes
Cinclus pallasii,Cinclidae,Passeriformes
Cinclus schulzi,Cinclidae,Passeriformes
Cinclosoma ajax,Cinclosomatidae,Passeriformes
Cinclosoma castaneothorax,Cinclosomatidae,Passeriformes
Cinclosoma castanotum,Cinclosomatidae,Passeriformes
Cinclosoma cinnamomeum,Cinclosomatidae,Passeriformes
Cinclosoma punctatum,Cinclosomatidae,Passeriformes
Apalis alticola,Cisticolidae,Passeriformes
Apalis argentea,Cisticolidae,Passeriformes
Apalis bamendae,Cisticolidae,Passeriformes
Apalis binotata,Cisticolidae,Passeriformes
Apalis chapini,Cisticolidae,Passeriformes
Apalis chariessa,Cisticolidae,Passeriformes
Apalis chirindensis,Cisticolidae,Passeriformes
Apalis cinerea,Cisticolidae,Passeriformes
Apalis flavida,Cisticolidae,Passeriformes
Apalis flavigularis,Cisticolidae,Passeriformes
Apalis fuscigularis,Cisticolidae,Passeriformes
Apalis goslingi,Cisticolidae,Passeriformes
Apalis jacksoni,Cisticolidae,Passeriformes
Apalis karamojae,Cisticolidae,Passeriformes
Apalis lynesi,Cisticolidae,Passeriformes
Apalis melanocephala,Cisticolidae,Passeriformes
Apalis nigriceps,Cisticolidae,Passeriformes
Apalis personata,Cisticolidae,Passeriformes
Apalis porphyrolaema,Cisticolidae,Passeriformes
Apalis ruddi,Cisticolidae,Passeriformes
Apalis rufogularis,Cisticolidae,Passeriformes
Apalis sharpii,Cisticolidae,Passeriformes
Apalis thoracica,Cisticolidae,Passeriformes
Camaroptera brachyura,Cisticolidae,Passeriformes
Camaroptera chloronota,Cisticolidae,Passeriformes
Camaroptera fasciolata,Cisticolidae,Passeriformes
Camaroptera simplex,Cisticolidae,Passeriformes
Camaroptera superciliaris,Cisticolidae,Passeriformes
Camaroptera undosa,Cisticolidae,Passeriformes
Cisticola aberdare,Cisticolidae,Passeriformes
Cisticola aberrans,Cisticolidae,Passeriformes
Cisticola angusticauda,Cisticolidae,Passeriformes
Cisticola anonymus,Cisticolidae,Passeriformes
Cisticola aridulus,Cisticolidae,Passeriformes
Cisticola ayresii,Cisticolidae,Passeriformes
Cisticola bodessa,Cisticolidae,Passeriformes
Cisticola brachypterus,Cisticolidae,Passeriformes
Cisticola brunnescens,Cisticolidae,Passeriformes
Cisticola bulliens,Cisticolidae,Passeriformes
Cisticola cantans,Cisticolidae,Passeriformes
Cisticola carruthersi,Cisticolidae,Passeriformes
Cisticola cherina,Cisticolidae,Passeriformes
Cisticola chiniana,Cisticolidae,Passeriformes
Cisticola chubbi,Cisticolidae,Passeriformes
Cisticola cinereolus,Cisticolidae,Passeriformes
Cisticola dambo,Cisticolidae,Passeriformes
Cisticola discolor,Cisticolidae,Passeriformes
Cisticola erythrops,Cisticolidae,Passeriformes
Cisticola exilis,Cisticolidae,Passeriformes
Cisticola eximius,Cisticolidae,Passeriformes
Cisticola fulvicapilla,Cisticolidae,Passeriformes
Cisticola galactotes,Cisticolidae,Passeriformes
Cisticola guinea,Cisticolidae,Passeriformes
Cisticola haesitatus,Cisticolidae,Passeriformes
Cisticola hunteri,Cisticolidae,Passeriformes
Cisticola juncidis,Cisticolidae,Passeriformes
Cisticola lais,Cisticolidae,Passeriformes
Cisticola lateralis,Cisticolidae,Passeriformes
Cisticola melanurus,Cisticolidae,Passeriformes
Cisticola nanus,Cisticolidae,Passeriformes
Cisticola natalensis,Cisticolidae,Passeriformes
Cisticola nigriloris,Cisticolidae,Passeriformes
Cisticola njombe,Cisticolidae,Passeriformes
Cisticola pipiens,Cisticolidae,Passeriformes
Cisticola restrictus,Cisticolidae,Passeriformes
Cisticola robustus,Cisticolidae,Passeriformes
Cisticola ruficeps,Cisticolidae,Passeriformes
Cisticola rufilatus,Cisticolidae,Passeriformes
Cisticola rufus,Cisticolidae,Passeriformes
Cisticola subruficapilla,Cisticolidae,Passeriformes
Cisticola textrix,Cisticolidae,Passeriformes
Cisticola tinniens,Cisticolidae,Passeriformes
Cisticola troglodytes,Cisticolidae,Passeriformes
Cisticola woosnami,Cisticolidae,Passeriformes
Drymocichla incana,Cisticolidae,Passeriformes
Eminia lepida,Cisticolidae,Passeriformes
Eremomela canescens,Cisticolidae,Passeriformes
Eremomela salvadorii,Cisticolidae,Passeriformes
Euryptila subcinnamomea,Cisticolidae,Passeriformes
Heliolais erythropterus,Cisticolidae,Passeriformes
Hypergerus atriceps,Cisticolidae,Passeriformes
Incana incana,Cisticolidae,Passeriformes
Malcorus pectoralis,Cisticolidae,Passeriformes
Oreolais pulchra,Cisticolidae,Passeriformes
Oreolais ruwenzorii,Cisticolidae,Passeriformes
Phragmacia substriata,Cisticolidae,Passeriformes
Phyllolais pulchella,Cisticolidae,Passeriformes
Prinia atrogularis,Cisticolidae,Passeriformes
Prinia bairdii,Cisticolidae,Passeriformes
Prinia buchanani,Cisticolidae,Passeriformes
Prinia burnesii,Cisticolidae,Passeriformes
Prinia cinereocapilla,Cisticolidae,Passeriformes
Prinia crinigera,Cisticolidae,Passeriformes
Prinia familiaris,Cisticolidae,Passeriformes
Prinia flavicans,Cisticolidae,Passeriformes
Prinia flaviventris,Cisticolidae,Passeriformes
Prinia fluviatilis,Cisticolidae,Passeriformes
Prinia gracilis,Cisticolidae,Passeriformes
Prinia hodgsonii,Cisticolidae,Passeriformes
Prinia hypoxantha,Cisticolidae,Passeriformes
Prinia inornata,Cisticolidae,Passeriformes
Prinia leontica,Cisticolidae,Passeriformes
Prinia leucopogon,Cisticolidae,Passeriformes
Prinia maculosa,Cisticolidae,Passeriformes
Prinia molleri,Cisticolidae,Passeriformes
Prinia polychroa,Cisticolidae,Passeriformes
Prinia robertsi,Cisticolidae,Passeriformes
Prinia rufescens,Cisticolidae,Passeriformes
Prinia socialis,Cisticolidae,Passeriformes
Prinia somalica,Cisticolidae,Passeriformes
Prinia subflava,Cisticolidae,Passeriformes
Prinia sylvatica,Cisticolidae,Passeriformes
Rhopophilus pekinensis,Cisticolidae,Passeriformes
Scotocerca inquieta,Cisticolidae,Passeriformes
Spiloptila clamans,Cisticolidae,Passeriformes
Spiloptila rufifrons,Cisticolidae,Passeriformes
Urolais epichlorus,Cisticolidae,Passeriformes
Climacteris affinis,Climacteridae,Passeriformes
Climacteris erythrops,Climacteridae,Passeriformes
Climacteris melanurus,Climacteridae,Passeriformes
Climacteris picumnus,Climacteridae,Passeriformes
Climacteris rufus,Climacteridae,Passeriformes
Cormobates leucophaea,Climacteridae,Passeriformes
Cormobates placens,Climacteridae,Passeriformes
Cnemophilus loriae,Cnemophilidae,Passeriformes
Cnemophilus macgregorii,Cnemophilidae,Passeriformes
Loboparadisea sericea,Cnemophilidae,Passeriformes
Coereba flaveola,Coerebidae,Passeriformes
Colluricincla boweri,Colluricinclidae,Passeriformes
Colluricincla harmonica,Colluricinclidae,Passeriformes
Colluricincla megarhyncha,Colluricinclidae,Passeriformes
Colluricincla sanghirensis,Colluricinclidae,Passeriformes
Colluricincla tenebrosa,Colluricinclidae,Passeriformes
Colluricincla umbrina,Colluricinclidae,Passeriformes
Colluricincla woodwardi,Colluricinclidae,Passeriformes
Oreoica gutturalis,Colluricinclidae,Passeriformes
Pitohui cristatus,Colluricinclidae,Passeriformes
Pitohui dichrous,Colluricinclidae,Passeriformes
Pitohui ferrugineus,Colluricinclidae,Passeriformes
Pitohui incertus,Colluricinclidae,Passeriformes
Pitohui kirhocephalus,Colluricinclidae,Passeriformes
Pitohui nigrescens,Colluricinclidae,Passeriformes
Conopophaga ardesiaca,Conopophagidae,Passeriformes
Conopophaga aurita,Conopophagidae,Passeriformes
Conopophaga castaneiceps,Conopophagidae,Passeriformes
Conopophaga cearae,Conopophagidae,Passeriformes
Conopophaga lineata,Conopophagidae,Passeriformes
Conopophaga melanogaster,Conopophagidae,Passeriformes
Conopophaga melanops,Conopophagidae,Passeriformes
Conopophaga peruviana,Conopophagidae,Passeriformes
Conopophaga roberti,Conopophagidae,Passeriformes
Corcorax melanorhamphos,Corcoracidae,Passeriformes
Struthidea cinerea,Corcoracidae,Passeriformes
Aphelocoma californica,Corvidae,Passeriformes
Aphelocoma coerulescens,Corvidae,Passeriformes
Aphelocoma insularis,Corvidae,Passeriformes
Aphelocoma ultramarina,Corvidae,Passeriformes
Aphelocoma unicolor,Corvidae,Passeriformes
Calocitta colliei,Corvidae,Passeriformes
Calocitta formosa,Corvidae,Passeriformes
Cissa chinensis,Corvidae,Passeriformes
Cissa hypoleuca,Corvidae,Passeriformes
Cissa thalassina,Corvidae,Passeriformes
Corvus albicollis,Corvidae,Passeriformes
Corvus albus,Corvidae,Passeriformes
Corvus bennetti,Corvidae,Passeriformes
Corvus brachyrhynchos,Corvidae,Passeriformes
Corvus capensis,Corvidae,Passeriformes
Corvus caurinus,Corvidae,Passeriformes
Corvus corax,Corvidae,Passeriformes
Corvus corone,Corvidae,Passeriformes
Corvus coronoides,Corvidae,Passeriformes
Corvus crassirostris,Corvidae,Passeriformes
Corvus cryptoleucus,Corvidae,Passeriformes
Corvus dauuricus,Corvidae,Passeriformes
Corvus edithae,Corvidae,Passeriformes
Corvus enca,Corvidae,Passeriformes
Corvus florensis,Corvidae,Passeriformes
Corvus frugilegus,Corvidae,Passeriformes
Corvus fuscicapillus,Corvidae,Passeriformes
Corvus hawaiiensis,Corvidae,Passeriformes
Corvus imparatus,Corvidae,Passeriformes
Corvus jamaicensis,Corvidae,Passeriformes
Corvus kubaryi,Corvidae,Passeriformes
Corvus leucognaphalus,Corvidae,Passeriformes
Corvus levaillantii,Corvidae,Passeriformes
Corvus macrorhynchos,Corvidae,Passeriformes
Corvus meeki,Corvidae,Passeriformes
Corvus mellori,Corvidae,Passeriformes
Corvus minutus,Corvidae,Passeriformes
Corvus monedula,Corvidae,Passeriformes
Corvus moneduloides,Corvidae,Passeriformes
Corvus nasicus,Corvidae,Passeriformes
Corvus orru,Corvidae,Passeriformes
Corvus ossifragus,Corvidae,Passeriformes
Corvus palmarum,Corvidae,Passeriformes
Corvus rhipidurus,Corvidae,Passeriformes
Corvus ruficollis,Corvidae,Passeriformes
Corvus sinaloae,Corvidae,Passeriformes
Corvus splendens,Corvidae,Passeriformes
Corvus tasmanicus,Corvidae,Passeriformes
Corvus torquatus,Corvidae,Passeriformes
Corvus tristis,Corvidae,Passeriformes
Corvus typicus,Corvidae,Passeriformes
Corvus unicolor,Corvidae,Passeriformes
Corvus validus,Corvidae,Passeriformes
Corvus woodfordi,Corvidae,Passeriformes
Crypsirina cucullata,Corvidae,Passeriformes
Crypsirina temia,Corvidae,Passeriformes
Cyanocitta cristata,Corvidae,Passeriformes
Cyanocitta stelleri,Corvidae,Passeriformes
Cyanocorax affinis,Corvidae,Passeriformes
Cyanocorax beecheii,Corvidae,Passeriformes
Cyanocorax caeruleus,Corvidae,Passeriformes
Cyanocorax cayanus,Corvidae,Passeriformes
Cyanocorax chrysops,Corvidae,Passeriformes
Cyanocorax cristatellus,Corvidae,Passeriformes
Cyanocorax cyanomelas,Corvidae,Passeriformes
Cyanocorax cyanopogon,Corvidae,Passeriformes
Cyanocorax dickeyi,Corvidae,Passeriformes
Cyanocorax heilprini,Corvidae,Passeriformes
Cyanocorax luxuosus,Corvidae,Passeriformes
Cyanocorax melanocyaneus,Corvidae,Passeriformes
Cyanocorax morio,Corvidae,Passeriformes
Cyanocorax mystacalis,Corvidae,Passeriformes
Cyanocorax sanblasianus,Corvidae,Passeriformes
Cyanocorax violaceus,Corvidae,Passeriformes
Cyanocorax yncas,Corvidae,Passeriformes
Cyanocorax yucatanicus,Corvidae,Passeriformes
Cyanolyca argentigula,Corvidae,Passeriformes
Cyanolyca armillata,Corvidae,Passeriformes
Cyanolyca cucullata,Corvidae,Passeriformes
Cyanolyca mirabilis,Corvidae,Passeriformes
Cyanolyca nana,Corvidae,Passeriformes
Cyanolyca pulchra,Corvidae,Passeriformes
Cyanolyca pumilo,Corvidae,Passeriformes
Cyanolyca turcosa,Corvidae,Passeriformes
Cyanolyca viridicyanus,Corvidae,Passeriformes
Cyanopica cyanus,Corvidae,Passeriformes
Dendrocitta bayleyi,Corvidae,Passeriformes
Dendrocitta formosae,Corvidae,Passeriformes
Dendrocitta frontalis,Corvidae,Passeriformes
Dendrocitta leucogastra,Corvidae,Passeriformes
Dendrocitta occipitalis,Corvidae,Passeriformes
Dendrocitta vagabunda,Corvidae,Passeriformes
Garrulus glandarius,Corvidae,Passeriformes
Garrulus lanceolatus,Corvidae,Passeriformes
Garrulus lidthi,Corvidae,Passeriformes
Gymnorhinus cyanocephalus,Corvidae,Passeriformes
Nucifraga caryocatactes,Corvidae,Passeriformes
Nucifraga columbiana,Corvidae,Passeriformes
Perisoreus canadensis,Corvidae,Passeriformes
Perisoreus infaustus,Corvidae,Passeriformes
Perisoreus internigrans,Corvidae,Passeriformes
Pica hudsonia,Corvidae,Passeriformes
Pica nuttalli,Corvidae,Passeriformes
Pica pica,Corvidae,Passeriformes
Platylophus galericulatus,Corvidae,Passeriformes
Platysmurus leucopterus,Corvidae,Passeriformes
Podoces biddulphi,Corvidae,Passeriformes
Podoces hendersoni,Corvidae,Passeriformes
Podoces panderi,Corvidae,Passeriformes
Podoces pleskei,Corvidae,Passeriformes
Ptilostomus afer,Corvidae,Passeriformes
Pyrrhocorax graculus,Corvidae,Passeriformes
Pyrrhocorax pyrrhocorax,Corvidae,Passeriformes
Temnurus temnurus,Corvidae,Passeriformes
Urocissa caerulea,Corvidae,Passeriformes
Urocissa erythrorhyncha,Corvidae,Passeriformes
Urocissa flavirostris,Corvidae,Passeriformes
Urocissa ornata,Corvidae,Passeriformes
Urocissa whiteheadi,Corvidae,Passeriformes
Zavattariornis stresemanni,Corvidae,Passeriformes
Ampelioides tschudii,Cotingidae,Passeriformes
Ampelion rubrocristatus,Cotingidae,Passeriformes
Ampelion rufaxilla,Cotingidae,Passeriformes
Calyptura cristata,Cotingidae,Passeriformes
Carpodectes antoniae,Cotingidae,Passeriformes
Carpodectes hopkei,Cotingidae,Passeriformes
Carpodectes nitidus,Cotingidae,Passeriformes
Carpornis cucullata,Cotingidae,Passeriformes
Carpornis melanocephala,Cotingidae,Passeriformes
Cephalopterus glabricollis,Cotingidae,Passeriformes
Cephalopterus ornatus,Cotingidae,Passeriformes
Cephalopterus penduliger,Cotingidae,Passeriformes
Conioptilon mcilhennyi,Cotingidae,Passeriformes
Cotinga amabilis,Cotingidae,Passeriformes
Cotinga cayana,Cotingidae,Passeriformes
Cotinga cotinga,Cotingidae,Passeriformes
Cotinga maculata,Cotingidae,Passeriformes
Cotinga maynana,Cotingidae,Passeriformes
Cotinga nattererii,Cotingidae,Passeriformes
Cotinga ridgwayi,Cotingidae,Passeriformes
Doliornis remseni,Cotingidae,Passeriformes
Doliornis sclateri,Cotingidae,Passeriformes
Gymnoderus foetidus,Cotingidae,Passeriformes
Haematoderus militaris,Cotingidae,Passeriformes
Iodopleura fusca,Cotingidae,Passeriformes
Iodopleura isabellae,Cotingidae,Passeriformes
Iodopleura pipra,Cotingidae,Passeriformes
Laniisoma buckleyi,Cotingidae,Passeriformes
Laniisoma elegans,Cotingidae,Passeriformes
Laniocera hypopyrra,Cotingidae,Passeriformes
Laniocera rufescens,Cotingidae,Passeriformes
Lipaugus fuscocinereus,Cotingidae,Passeriformes
Lipaugus lanioides,Cotingidae,Passeriformes
Lipaugus streptophorus,Cotingidae,Passeriformes
Lipaugus unirufus,Cotingidae,Passeriformes
Lipaugus uropygialis,Cotingidae,Passeriformes
Lipaugus vociferans,Cotingidae,Passeriformes
Lipaugus weberi,Cotingidae,Passeriformes
Oxyruncus cristatus,Cotingidae,Passeriformes
Pachyramphus aglaiae,Cotingidae,Passeriformes
Pachyramphus albogriseus,Cotingidae,Passeriformes
Pachyramphus castaneus,Cotingidae,Passeriformes
Pachyramphus cinnamomeus,Cotingidae,Passeriformes
Pachyramphus homochrous,Cotingidae,Passeriformes
Pachyramphus major,Cotingidae,Passeriformes
Pachyramphus marginatus,Cotingidae,Passeriformes
Pachyramphus minor,Cotingidae,Passeriformes
Pachyramphus niger,Cotingidae,Passeriformes
Pachyramphus polychopterus,Cotingidae,Passeriformes
Pachyramphus rufus,Cotingidae,Passeriformes
Pachyramphus spodiurus,Cotingidae,Passeriformes
Pachyramphus surinamus,Cotingidae,Passeriformes
Pachyramphus validus,Cotingidae,Passeriformes
Pachyramphus versicolor,Cotingidae,Passeriformes
Pachyramphus viridis,Cotingidae,Passeriformes
Pachyramphus xanthogenys,Cotingidae,Passeriformes
Perissocephalus tricolor,Cotingidae,Passeriformes
Phibalura flavirostris,Cotingidae,Passeriformes
Phoenicircus carnifex,Cotingidae,Passeriformes
Phoenicircus nigricollis,Cotingidae,Passeriformes
Phytotoma raimondii,Cotingidae,Passeriformes
Phytotoma rara,Cotingidae,Passeriformes
Phytotoma rutila,Cotingidae,Passeriformes
Pipreola arcuata,Cotingidae,Passeriformes
Pipreola aureopectus,Cotingidae,Passeriformes
Pipreola chlorolepidota,Cotingidae,Passeriformes
Pipreola formosa,Cotingidae,Passeriformes
Pipreola frontalis,Cotingidae,Passeriformes
Pipreola intermedia,Cotingidae,Passeriformes
Pipreola jucunda,Cotingidae,Passeriformes
Pipreola lubomirskii,Cotingidae,Passeriformes
Pipreola pulchra,Cotingidae,Passeriformes
Pipreola riefferii,Cotingidae,Passeriformes
Pipreola whitelyi,Cotingidae,Passeriformes
Porphyrolaema porphyrolaema,Cotingidae,Passeriformes
Procnias albus,Cotingidae,Passeriformes
Procnias averano,Cotingidae,Passeriformes
Procnias nudicollis,Cotingidae,Passeriformes
Procnias tricarunculatus,Cotingidae,Passeriformes
Pyroderus scutatus,Cotingidae,Passeriformes
Querula purpurata,Cotingidae,Passeriformes
Rupicola peruvianus,Cotingidae,Passeriformes
Rupicola rupicola,Cotingidae,Passeriformes
Schiffornis major,Cotingidae,Passeriformes
Schiffornis turdina,Cotingidae,Passeriformes
Schiffornis virescens,Cotingidae,Passeriformes
Snowornis cryptolophus,Cotingidae,Passeriformes
Snowornis subalaris,Cotingidae,Passeriformes
Tijuca atra,Cotingidae,Passeriformes
Tijuca condita,Cotingidae,Passeriformes
Tityra cayana,Cotingidae,Passeriformes
Tityra inquisitor,Cotingidae,Passeriformes
Tityra semifasciata,Cotingidae,Passeriformes
Xenopsaris albinucha,Cotingidae,Passeriformes
Xipholena atropurpurea,Cotingidae,Passeriformes
Xipholena lamellipennis,Cotingidae,Passeriformes
Xipholena punicea,Cotingidae,Passeriformes
Zaratornis stresemanni,Cotingidae,Passeriformes
Cracticus cassicus,Cracticidae,Passeriformes
Cracticus louisiadensis,Cracticidae,Passeriformes
Cracticus mentalis,Cracticidae,Passeriformes
Cracticus nigrogularis,Cracticidae,Passeriformes
Cracticus quoyi,Cracticidae,Passeriformes
Cracticus torquatus,Cracticidae,Passeriformes
Gymnorhina tibicen,Cracticidae,Passeriformes
Peltops blainvillii,Cracticidae,Passeriformes
Peltops montanus,Cracticidae,Passeriformes
Strepera fuliginosa,Cracticidae,Passeriformes
Strepera graculina,Cracticidae,Passeriformes
Strepera versicolor,Cracticidae,Passeriformes
Dasyornis brachypterus,Dasyornithidae,Passeriformes
Dasyornis broadbenti,Dasyornithidae,Passeriformes
Dasyornis longirostris,Dasyornithidae,Passeriformes
Campylorhamphus falcularius,Dendrocolaptidae,Passeriformes
Campylorhamphus procurvoides,Dendrocolaptidae,Passeriformes
Campylorhamphus pucherani,Dendrocolaptidae,Passeriformes
Campylorhamphus pusillus,Dendrocolaptidae,Passeriformes
Campylorhamphus trochilirostris,Dendrocolaptidae,Passeriformes
Deconychura longicauda,Dendrocolaptidae,Passeriformes
Deconychura stictolaema,Dendrocolaptidae,Passeriformes
Dendrexetastes rufigula,Dendrocolaptidae,Passeriformes
Dendrocincla anabatina,Dendrocolaptidae,Passeriformes
Dendrocincla fuliginosa,Dendrocolaptidae,Passeriformes
Dendrocincla homochroa,Dendrocolaptidae,Passeriformes
Dendrocincla merula,Dendrocolaptidae,Passeriformes
Dendrocincla tyrannina,Dendrocolaptidae,Passeriformes
Dendrocolaptes certhia,Dendrocolaptidae,Passeriformes
Dendrocolaptes hoffmannsi,Dendrocolaptidae,Passeriformes
Dendrocolaptes picumnus,Dendrocolaptidae,Passeriformes
Dendrocolaptes platyrostris,Dendrocolaptidae,Passeriformes
Dendrocolaptes sanctithomae,Dendrocolaptidae,Passeriformes
Dendroplex kienerii,Dendrocolaptidae,Passeriformes
Dendroplex picus,Dendrocolaptidae,Passeriformes
Drymornis bridgesii,Dendrocolaptidae,Passeriformes
Glyphorynchus spirurus,Dendrocolaptidae,Passeriformes
Hylexetastes brigidai,Dendrocolaptidae,Passeriformes
Hylexetastes perrotii,Dendrocolaptidae,Passeriformes
Hylexetastes stresemanni,Dendrocolaptidae,Passeriformes
Hylexetastes uniformis,Dendrocolaptidae,Passeriformes
Lepidocolaptes affinis,Dendrocolaptidae,Passeriformes
Lepidocolaptes albolineatus,Dendrocolaptidae,Passeriformes
Lepidocolaptes angustirostris,Dendrocolaptidae,Passeriformes
Lepidocolaptes falcinellus,Dendrocolaptidae,Passeriformes
Lepidocolaptes lacrymiger,Dendrocolaptidae,Passeriformes
Lepidocolaptes leucogaster,Dendrocolaptidae,Passeriformes
Lepidocolaptes souleyetii,Dendrocolaptidae,Passeriformes
Lepidocolaptes squamatus,Dendrocolaptidae,Passeriformes
Nasica longirostris,Dendrocolaptidae,Passeriformes
Sittasomus griseicapillus,Dendrocolaptidae,Passeriformes
Xiphocolaptes albicollis,Dendrocolaptidae,Passeriformes
Xiphocolaptes falcirostris,Dendrocolaptidae,Passeriformes
Xiphocolaptes major,Dendrocolaptidae,Passeriformes
Xiphocolaptes promeropirhynchus,Dendrocolaptidae,Passeriformes
Xiphorhynchus elegans,Dendrocolaptidae,Passeriformes
Xiphorhynchus erythropygius,Dendrocolaptidae,Passeriformes
Xiphorhynchus flavigaster,Dendrocolaptidae,Passeriformes
Xiphorhynchus fuscus,Dendrocolaptidae,Passeriformes
Xiphorhynchus guttatus,Dendrocolaptidae,Passeriformes
Xiphorhynchus lachrymosus,Dendrocolaptidae,Passeriformes
Xiphorhynchus obsoletus,Dendrocolaptidae,Passeriformes
Xiphorhynchus ocellatus,Dendrocolaptidae,Passeriformes
Xiphorhynchus pardalotus,Dendrocolaptidae,Passeriformes
Xiphorhynchus spixii,Dendrocolaptidae,Passeriformes
Xiphorhynchus susurrans,Dendrocolaptidae,Passeriformes
Xiphorhynchus triangularis,Dendrocolaptidae,Passeriformes
Dicaeum aeneum,Dicaeidae,Passeriformes
Dicaeum aeruginosum,Dicaeidae,Passeriformes
Dicaeum agile,Dicaeidae,Passeriformes
Dicaeum annae,Dicaeidae,Passeriformes
Dicaeum anthonyi,Dicaeidae,Passeriformes
Dicaeum aureolimbatum,Dicaeidae,Passeriformes
Dicaeum australe,Dicaeidae,Passeriformes
Dicaeum bicolor,Dicaeidae,Passeriformes
Dicaeum celebicum,Dicaeidae,Passeriformes
Dicaeum chrysorrheum,Dicaeidae,Passeriformes
Dicaeum concolor,Dicaeidae,Passeriformes
Dicaeum cruentatum,Dicaeidae,Passeriformes
Dicaeum erythrorhynchos,Dicaeidae,Passeriformes
Dicaeum erythrothorax,Dicaeidae,Passeriformes
Dicaeum everetti,Dicaeidae,Passeriformes
Dicaeum eximium,Dicaeidae,Passeriformes
Dicaeum geelvinkianum,Dicaeidae,Passeriformes
Dicaeum haematostictum,Dicaeidae,Passeriformes
Dicaeum hirundinaceum,Dicaeidae,Passeriformes
Dicaeum hypoleucum,Dicaeidae,Passeriformes
Dicaeum igniferum,Dicaeidae,Passeriformes
Dicaeum ignipectus,Dicaeidae,Passeriformes
Dicaeum maugei,Dicaeidae,Passeriformes
Dicaeum melanoxanthum,Dicaeidae,Passeriformes
Dicaeum monticolum,Dicaeidae,Passeriformes
Dicaeum nehrkorni,Dicaeidae,Passeriformes
Dicaeum nigrilore,Dicaeidae,Passeriformes
Dicaeum nitidum,Dicaeidae,Passeriformes
Dicaeum pectorale,Dicaeidae,Passeriformes
Dicaeum proprium,Dicaeidae,Passeriformes
Dicaeum pygmaeum,Dicaeidae,Passeriformes
Dicaeum quadricolor,Dicaeidae,Passeriformes
Dicaeum retrocinctum,Dicaeidae,Passeriformes
Dicaeum sanguinolentum,Dicaeidae,Passeriformes
Dicaeum trigonostigma,Dicaeidae,Passeriformes
Dicaeum tristrami,Dicaeidae,Passeriformes
Dicaeum trochileum,Dicaeidae,Passeriformes
Dicaeum vincens,Dicaeidae,Passeriformes
Dicaeum vulneratum,Dicaeidae,Passeriformes
Prionochilus maculatus,Dicaeidae,Passeriformes
Prionochilus olivaceus,Dicaeidae,Passeriformes
Prionochilus percussus,Dicaeidae,Passeriformes
Prionochilus plateni,Dicaeidae,Passeriformes
Prionochilus thoracicus,Dicaeidae,Passeriformes
Prionochilus xanthopygius,Dicaeidae,Passeriformes
Chaetorhynchus papuensis,Dicruridae,Passeriformes
Dicrurus adsimilis,Dicruridae,Passeriformes
Dicrurus aeneus,Dicruridae,Passeriformes
Dicrurus aldabranus,Dicruridae,Passeriformes
Dicrurus andamanensis,Dicruridae,Passeriformes
Dicrurus annectans,Dicruridae,Passeriformes
Dicrurus atripennis,Dicruridae,Passeriformes
Dicrurus balicassius,Dicruridae,Passeriformes
Dicrurus bracteatus,Dicruridae,Passeriformes
Dicrurus caerulescens,Dicruridae,Passeriformes
Dicrurus densus,Dicruridae,Passeriformes
Dicrurus forficatus,Dicruridae,Passeriformes
Dicrurus fuscipennis,Dicruridae,Passeriformes
Dicrurus hottentottus,Dicruridae,Passeriformes
Dicrurus leucophaeus,Dicruridae,Passeriformes
Dicrurus ludwigii,Dicruridae,Passeriformes
Dicrurus macrocercus,Dicruridae,Passeriformes
Dicrurus megarhynchus,Dicruridae,Passeriformes
Dicrurus modestus,Dicruridae,Passeriformes
Dicrurus montanus,Dicruridae,Passeriformes
Dicrurus paradiseus,Dicruridae,Passeriformes
Dicrurus remifer,Dicruridae,Passeriformes
Dicrurus sumatranus,Dicruridae,Passeriformes
Dicrurus waldenii,Dicruridae,Passeriformes
Dulus dominicus,Dulidae,Passeriformes
Acanthidops bairdii,Emberizidae,Passeriformes
Aimophila aestivalis,Emberizidae,Passeriformes
Aimophila botterii,Emberizidae,Passeriformes
Aimophila carpalis,Emberizidae,Passeriformes
Aimophila cassinii,Emberizidae,Passeriformes
Aimophila humeralis,Emberizidae,Passeriformes
Aimophila mystacalis,Emberizidae,Passeriformes
Aimophila notosticta,Emberizidae,Passeriformes
Aimophila quinquestriata,Emberizidae,Passeriformes
Aimophila rufescens,Emberizidae,Passeriformes
Aimophila ruficauda,Emberizidae,Passeriformes
Aimophila ruficeps,Emberizidae,Passeriformes
Aimophila stolzmanni,Emberizidae,Passeriformes
Aimophila strigiceps,Emberizidae,Passeriformes
Aimophila sumichrasti,Emberizidae,Passeriformes
Ammodramus aurifrons,Emberizidae,Passeriformes
Ammodramus bairdii,Emberizidae,Passeriformes
Ammodramus caudacutus,Emberizidae,Passeriformes
Ammodramus henslowii,Emberizidae,Passeriformes
Ammodramus humeralis,Emberizidae,Passeriformes
Ammodramus leconteii,Emberizidae,Passeriformes
Ammodramus maritimus,Emberizidae,Passeriformes
Ammodramus nelsoni,Emberizidae,Passeriformes
Ammodramus savannarum,Emberizidae,Passeriformes
Amphispiza belli,Emberizidae,Passeriformes
Amphispiza bilineata,Emberizidae,Passeriformes
Arremon abeillei,Emberizidae,Passeriformes
Arremon aurantiirostris,Emberizidae,Passeriformes
Arremon brunneinucha,Emberizidae,Passeriformes
Arremon castaneiceps,Emberizidae,Passeriformes
Arremon crassirostris,Emberizidae,Passeriformes
Arremon flavirostris,Emberizidae,Passeriformes
Arremon franciscanus,Emberizidae,Passeriformes
Arremon schlegeli,Emberizidae,Passeriformes
Arremon semitorquatus,Emberizidae,Passeriformes
Arremon taciturnus,Emberizidae,Passeriformes
Arremon torquatus,Emberizidae,Passeriformes
Arremon virenticeps,Emberizidae,Passeriformes
Arremonops chloronotus,Emberizidae,Passeriformes
Arremonops conirostris,Emberizidae,Passeriformes
Arremonops rufivirgatus,Emberizidae,Passeriformes
Arremonops tocuyensis,Emberizidae,Passeriformes
Atlapetes albiceps,Emberizidae,Passeriformes
Atlapetes albinucha,Emberizidae,Passeriformes
Atlapetes albofrenatus,Emberizidae,Passeriformes
Atlapetes canigenis,Emberizidae,Passeriformes
Atlapetes citrinellus,Emberizidae,Passeriformes
Atlapetes flaviceps,Emberizidae,Passeriformes
Atlapetes forbesi,Emberizidae,Passeriformes
Atlapetes fulviceps,Emberizidae,Passeriformes
Atlapetes fuscoolivaceus,Emberizidae,Passeriformes
Atlapetes latinuchus,Emberizidae,Passeriformes
Atlapetes leucopis,Emberizidae,Passeriformes
Atlapetes leucopterus,Emberizidae,Passeriformes
Atlapetes melanocephalus,Emberizidae,Passeriformes
Atlapetes melanolaemus,Emberizidae,Passeriformes
Atlapetes melanopsis,Emberizidae,Passeriformes
Atlapetes nationi,Emberizidae,Passeriformes
Atlapetes pallidiceps,Emberizidae,Passeriformes
Atlapetes pallidinucha,Emberizidae,Passeriformes
Atlapetes personatus,Emberizidae,Passeriformes
Atlapetes pileatus,Emberizidae,Passeriformes
Atlapetes rufigenis,Emberizidae,Passeriformes
Atlapetes rufinucha,Emberizidae,Passeriformes
Atlapetes schistaceus,Emberizidae,Passeriformes
Atlapetes seebohmi,Emberizidae,Passeriformes
Atlapetes semirufus,Emberizidae,Passeriformes
Atlapetes terborghi,Emberizidae,Passeriformes
Atlapetes tricolor,Emberizidae,Passeriformes
Calamospiza melanocorys,Emberizidae,Passeriformes
Calcarius lapponicus,Emberizidae,Passeriformes
Calcarius mccownii,Emberizidae,Passeriformes
Calcarius ornatus,Emberizidae,Passeriformes
Calcarius pictus,Emberizidae,Passeriformes
Camarhynchus heliobates,Emberizidae,Passeriformes
Camarhynchus pallidus,Emberizidae,Passeriformes
Camarhynchus parvulus,Emberizidae,Passeriformes
Camarhynchus pauper,Emberizidae,Passeriformes
Camarhynchus psittacula,Emberizidae,Passeriformes
Catamenia analis,Emberizidae,Passeriformes
Catamenia homochroa,Emberizidae,Passeriformes
Catamenia inornata,Emberizidae,Passeriformes
Certhidea olivacea,Emberizidae,Passeriformes
Charitospiza eucosma,Emberizidae,Passeriformes
Chondestes grammacus,Emberizidae,Passeriformes
Coryphaspiza melanotis,Emberizidae,Passeriformes
Coryphospingus cucullatus,Emberizidae,Passeriformes
Coryphospingus pileatus,Emberizidae,Passeriformes
Diuca diuca,Emberizidae,Passeriformes
Diuca speculifera,Emberizidae,Passeriformes
Dolospingus fringilloides,Emberizidae,Passeriformes
Donacospiza albifrons,Emberizidae,Passeriformes
Emberiza affinis,Emberizidae,Passeriformes
Emberiza aureola,Emberizidae,Passeriformes
Emberiza bruniceps,Emberizidae,Passeriformes
Emberiza buchanani,Emberizidae,Passeriformes
Emberiza cabanisi,Emberizidae,Passeriformes
Emberiza caesia,Emberizidae,Passeriformes
Emberiza capensis,Emberizidae,Passeriformes
Emberiza chrysophrys,Emberizidae,Passeriformes
Emberiza cia,Emberizidae,Passeriformes
Emberiza cineracea,Emberizidae,Passeriformes
Emberiza cioides,Emberizidae,Passeriformes
Emberiza cirlus,Emberizidae,Passeriformes
Emberiza citrinella,Emberizidae,Passeriformes
Emberiza elegans,Emberizidae,Passeriformes
Emberiza flaviventris,Emberizidae,Passeriformes
Emberiza fucata,Emberizidae,Passeriformes
Emberiza godlewskii,Emberizidae,Passeriformes
Emberiza hortulana,Emberizidae,Passeriformes
Emberiza impetuani,Emberizidae,Passeriformes
Emberiza jankowskii,Emberizidae,Passeriformes
Emberiza koslowi,Emberizidae,Passeriformes
Emberiza leucocephalos,Emberizidae,Passeriformes
Emberiza melanocephala,Emberizidae,Passeriformes
Emberiza pallasi,Emberizidae,Passeriformes
Emberiza poliopleura,Emberizidae,Passeriformes
Emberiza pusilla,Emberizidae,Passeriformes
Emberiza rustica,Emberizidae,Passeriformes
Emberiza rutila,Emberizidae,Passeriformes
Emberiza schoeniclus,Emberizidae,Passeriformes
Emberiza socotrana,Emberizidae,Passeriformes
Emberiza spodocephala,Emberizidae,Passeriformes
Emberiza stewarti,Emberizidae,Passeriformes
Emberiza striolata,Emberizidae,Passeriformes
Emberiza sulphurata,Emberizidae,Passeriformes
Emberiza tahapisi,Emberizidae,Passeriformes
Emberiza tristrami,Emberizidae,Passeriformes
Emberiza variabilis,Emberizidae,Passeriformes
Emberiza vincenti,Emberizidae,Passeriformes
Emberiza yessoensis,Emberizidae,Passeriformes
Emberizoides duidae,Emberizidae,Passeriformes
Emberizoides herbicola,Emberizidae,Passeriformes
Emberizoides ypiranganus,Emberizidae,Passeriformes
Embernagra longicauda,Emberizidae,Passeriformes
Embernagra platensis,Emberizidae,Passeriformes
Euneornis campestris,Emberizidae,Passeriformes
Geospiza conirostris,Emberizidae,Passeriformes
Geospiza difficilis,Emberizidae,Passeriformes
Geospiza fortis,Emberizidae,Passeriformes
Geospiza fuliginosa,Emberizidae,Passeriformes
Geospiza magnirostris,Emberizidae,Passeriformes
Geospiza scandens,Emberizidae,Passeriformes
Gubernatrix cristata,Emberizidae,Passeriformes
Haplospiza rustica,Emberizidae,Passeriformes
Haplospiza unicolor,Emberizidae,Passeriformes
Idiopsar brachyurus,Emberizidae,Passeriformes
Incaspiza laeta,Emberizidae,Passeriformes
Incaspiza ortizi,Emberizidae,Passeriformes
Incaspiza personata,Emberizidae,Passeriformes
Incaspiza pulchra,Emberizidae,Passeriformes
Incaspiza watkinsi,Emberizidae,Passeriformes
Junco hyemalis,Emberizidae,Passeriformes
Junco insularis,Emberizidae,Passeriformes
Junco phaeonotus,Emberizidae,Passeriformes
Junco vulcani,Emberizidae,Passeriformes
Latoucheornis siemsseni,Emberizidae,Passeriformes
Lophospingus griseocristatus,Emberizidae,Passeriformes
Lophospingus pusillus,Emberizidae,Passeriformes
Loxigilla barbadensis,Emberizidae,Passeriformes
Loxigilla noctis,Emberizidae,Passeriformes
Loxigilla portoricensis,Emberizidae,Passeriformes
Loxigilla violacea,Emberizidae,Passeriformes
Loxipasser anoxanthus,Emberizidae,Passeriformes
Melanodera melanodera,Emberizidae,Passeriformes
Melanodera xanthogramma,Emberizidae,Passeriformes
Melanospiza richardsoni,Emberizidae,Passeriformes
Melophus lathami,Emberizidae,Passeriformes
Melopyrrha nigra,Emberizidae,Passeriformes
Melospiza georgiana,Emberizidae,Passeriformes
Melospiza lincolnii,Emberizidae,Passeriformes
Melospiza melodia,Emberizidae,Passeriformes
Melozone biarcuata,Emberizidae,Passeriformes
Melozone cabanisi,Emberizidae,Passeriformes
Melozone kieneri,Emberizidae,Passeriformes
Melozone leucotis,Emberizidae,Passeriformes
Miliaria calandra,Emberizidae,Passeriformes
Nesospiza acunhae,Emberizidae,Passeriformes
Nesospiza questi,Emberizidae,Passeriformes
Nesospiza wilkinsi,Emberizidae,Passeriformes
Oreothraupis arremonops,Emberizidae,Passeriformes
Oriturus superciliosus,Emberizidae,Passeriformes
Oryzoborus angolensis,Emberizidae,Passeriformes
Oryzoborus atrirostris,Emberizidae,Passeriformes
Oryzoborus crassirostris,Emberizidae,Passeriformes
Oryzoborus funereus,Emberizidae,Passeriformes
Oryzoborus maximiliani,Emberizidae,Passeriformes
Oryzoborus nuttingi,Emberizidae,Passeriformes
Paroaria baeri,Emberizidae,Passeriformes
Paroaria capitata,Emberizidae,Passeriformes
Paroaria coronata,Emberizidae,Passeriformes
Paroaria dominicana,Emberizidae,Passeriformes
Paroaria gularis,Emberizidae,Passeriformes
Passerculus sandwichensis,Emberizidae,Passeriformes
Passerella iliaca,Emberizidae,Passeriformes
Passerina amoena,Emberizidae,Passeriformes
Passerina caerulea,Emberizidae,Passeriformes
Passerina ciris,Emberizidae,Passeriformes
Passerina cyanea,Emberizidae,Passeriformes
Passerina leclancherii,Emberizidae,Passeriformes
Passerina rositae,Emberizidae,Passeriformes
Passerina versicolor,Emberizidae,Passeriformes
Pezopetes capitalis,Emberizidae,Passeriformes
Phrygilus alaudinus,Emberizidae,Passeriformes
Phrygilus atriceps,Emberizidae,Passeriformes
Phrygilus carbonarius,Emberizidae,Passeriformes
Phrygilus dorsalis,Emberizidae,Passeriformes
Phrygilus erythronotus,Emberizidae,Passeriformes
Phrygilus fruticeti,Emberizidae,Passeriformes
Phrygilus gayi,Emberizidae,Passeriformes
Phrygilus patagonicus,Emberizidae,Passeriformes
Phrygilus plebejus,Emberizidae,Passeriformes
Phrygilus punensis,Emberizidae,Passeriformes
Phrygilus unicolor,Emberizidae,Passeriformes
Piezorhina cinerea,Emberizidae,Passeriformes
Pinaroloxias inornata,Emberizidae,Passeriformes
Pipilo aberti,Emberizidae,Passeriformes
Pipilo albicollis,Emberizidae,Passeriformes
Pipilo chlorurus,Emberizidae,Passeriformes
Pipilo crissalis,Emberizidae,Passeriformes
Pipilo erythrophthalmus,Emberizidae,Passeriformes
Pipilo fuscus,Emberizidae,Passeriformes
Pipilo maculatus,Emberizidae,Passeriformes
Pipilo ocai,Emberizidae,Passeriformes
Platyspiza crassirostris,Emberizidae,Passeriformes
Plectrophenax hyperboreus,Emberizidae,Passeriformes
Plectrophenax nivalis,Emberizidae,Passeriformes
Pooecetes gramineus,Emberizidae,Passeriformes
Poospiza alticola,Emberizidae,Passeriformes
Poospiza boliviana,Emberizidae,Passeriformes
Poospiza cabanisi,Emberizidae,Passeriformes
Poospiza caesar,Emberizidae,Passeriformes
Poospiza cinerea,Emberizidae,Passeriformes
Poospiza erythrophrys,Emberizidae,Passeriformes
Poospiza hispaniolensis,Emberizidae,Passeriformes
Poospiza hypochondria,Emberizidae,Passeriformes
Poospiza lateralis,Emberizidae,Passeriformes
Poospiza melanoleuca,Emberizidae,Passeriformes
Poospiza nigrorufa,Emberizidae,Passeriformes
Poospiza ornata,Emberizidae,Passeriformes
Poospiza rubecula,Emberizidae,Passeriformes
Poospiza thoracica,Emberizidae,Passeriformes
Poospiza torquata,Emberizidae,Passeriformes
Porphyrospiza caerulescens,Emberizidae,Passeriformes
Pselliophorus luteoviridis,Emberizidae,Passeriformes
Pselliophorus tibialis,Emberizidae,Passeriformes
Rhodospingus cruentus,Emberizidae,Passeriformes
Rowettia goughensis,Emberizidae,Passeriformes
Saltatricula multicolor,Emberizidae,Passeriformes
Sicalis auriventris,Emberizidae,Passeriformes
Sicalis citrina,Emberizidae,Passeriformes
Sicalis columbiana,Emberizidae,Passeriformes
Sicalis flaveola,Emberizidae,Passeriformes
Sicalis lebruni,Emberizidae,Passeriformes
Sicalis lutea,Emberizidae,Passeriformes
Sicalis luteocephala,Emberizidae,Passeriformes
Sicalis luteola,Emberizidae,Passeriformes
Sicalis olivascens,Emberizidae,Passeriformes
Sicalis raimondii,Emberizidae,Passeriformes
Sicalis taczanowskii,Emberizidae,Passeriformes
Sicalis uropygialis,Emberizidae,Passeriformes
Spizella arborea,Emberizidae,Passeriformes
Spizella atrogularis,Emberizidae,Passeriformes
Spizella breweri,Emberizidae,Passeriformes
Spizella pallida,Emberizidae,Passeriformes
Spizella passerina,Emberizidae,Passeriformes
Spizella pusilla,Emberizidae,Passeriformes
Spizella wortheni,Emberizidae,Passeriformes
Sporophila albogularis,Emberizidae,Passeriformes
Sporophila americana,Emberizidae,Passeriformes
Sporophila ardesiaca,Emberizidae,Passeriformes
Sporophila bouvreuil,Emberizidae,Passeriformes
Sporophila bouvronides,Emberizidae,Passeriformes
Sporophila caerulescens,Emberizidae,Passeriformes
Sporophila castaneiventris,Emberizidae,Passeriformes
Sporophila cinnamomea,Emberizidae,Passeriformes
Sporophila collaris,Emberizidae,Passeriformes
Sporophila corvina,Emberizidae,Passeriformes
Sporophila falcirostris,Emberizidae,Passeriformes
Sporophila frontalis,Emberizidae,Passeriformes
Sporophila hypochroma,Emberizidae,Passeriformes
Sporophila hypoxantha,Emberizidae,Passeriformes
Sporophila intermedia,Emberizidae,Passeriformes
Sporophila leucoptera,Emberizidae,Passeriformes
Sporophila lineola,Emberizidae,Passeriformes
Sporophila luctuosa,Emberizidae,Passeriformes
Sporophila melanogaster,Emberizidae,Passeriformes
Sporophila melanops,Emberizidae,Passeriformes
Sporophila minuta,Emberizidae,Passeriformes
Sporophila murallae,Emberizidae,Passeriformes
Sporophila nigricollis,Emberizidae,Passeriformes
Sporophila nigrorufa,Emberizidae,Passeriformes
Sporophila palustris,Emberizidae,Passeriformes
Sporophila peruviana,Emberizidae,Passeriformes
Sporophila plumbea,Emberizidae,Passeriformes
Sporophila ruficollis,Emberizidae,Passeriformes
Sporophila schistacea,Emberizidae,Passeriformes
Sporophila simplex,Emberizidae,Passeriformes
Sporophila telasco,Emberizidae,Passeriformes
Sporophila torqueola,Emberizidae,Passeriformes
Tiaris bicolor,Emberizidae,Passeriformes
Tiaris canorus,Emberizidae,Passeriformes
Tiaris fuliginosus,Emberizidae,Passeriformes
Tiaris obscurus,Emberizidae,Passeriformes
Tiaris olivaceus,Emberizidae,Passeriformes
Torreornis inexpectata,Emberizidae,Passeriformes
Urothraupis stolzmanni,Emberizidae,Passeriformes
Volatinia jacarina,Emberizidae,Passeriformes
Xenospingus concolor,Emberizidae,Passeriformes
Xenospiza baileyi,Emberizidae,Passeriformes
Zonotrichia albicollis,Emberizidae,Passeriformes
Zonotrichia atricapilla,Emberizidae,Passeriformes
Zonotrichia capensis,Emberizidae,Passeriformes
Zonotrichia leucophrys,Emberizidae,Passeriformes
Zonotrichia querula,Emberizidae,Passeriformes
Amadina erythrocephala,Estrildidae,Passeriformes
Amadina fasciata,Estrildidae,Passeriformes
Amandava amandava,Estrildidae,Passeriformes
Amandava formosa,Estrildidae,Passeriformes
Amandava subflava,Estrildidae,Passeriformes
Clytospiza monteiri,Estrildidae,Passeriformes
Cryptospiza jacksoni,Estrildidae,Passeriformes
Cryptospiza reichenovii,Estrildidae,Passeriformes
Cryptospiza salvadorii,Estrildidae,Passeriformes
Cryptospiza shelleyi,Estrildidae,Passeriformes
Emblema pictum,Estrildidae,Passeriformes
Erythrura coloria,Estrildidae,Passeriformes
Erythrura cyaneovirens,Estrildidae,Passeriformes
Erythrura gouldiae,Estrildidae,Passeriformes
Erythrura hyperythra,Estrildidae,Passeriformes
Erythrura kleinschmidti,Estrildidae,Passeriformes
Erythrura papuana,Estrildidae,Passeriformes
Erythrura pealii,Estrildidae,Passeriformes
Erythrura prasina,Estrildidae,Passeriformes
Erythrura psittacea,Estrildidae,Passeriformes
Erythrura regia,Estrildidae,Passeriformes
Erythrura trichroa,Estrildidae,Passeriformes
Erythrura tricolor,Estrildidae,Passeriformes
Erythrura viridifacies,Estrildidae,Passeriformes
Estrilda astrild,Estrildidae,Passeriformes
Estrilda atricapilla,Estrildidae,Passeriformes
Estrilda caerulescens,Estrildidae,Passeriformes
Estrilda charmosyna,Estrildidae,Passeriformes
Estrilda erythronotos,Estrildidae,Passeriformes
Estrilda kandti,Estrildidae,Passeriformes
Estrilda melanotis,Estrildidae,Passeriformes
Estrilda melpoda,Estrildidae,Passeriformes
Estrilda nigriloris,Estrildidae,Passeriformes
Estrilda nonnula,Estrildidae,Passeriformes
Estrilda paludicola,Estrildidae,Passeriformes
Estrilda perreini,Estrildidae,Passeriformes
Estrilda poliopareia,Estrildidae,Passeriformes
Estrilda quartinia,Estrildidae,Passeriformes
Estrilda rhodopyga,Estrildidae,Passeriformes
Estrilda rufibarba,Estrildidae,Passeriformes
Estrilda thomensis,Estrildidae,Passeriformes
Estrilda troglodytes,Estrildidae,Passeriformes
Euschistospiza cinereovinacea,Estrildidae,Passeriformes
Euschistospiza dybowskii,Estrildidae,Passeriformes
Heteromunia pectoralis,Estrildidae,Passeriformes
Hypargos margaritatus,Estrildidae,Passeriformes
Hypargos niveoguttatus,Estrildidae,Passeriformes
Lagonosticta landanae,Estrildidae,Passeriformes
Lagonosticta larvata,Estrildidae,Passeriformes
Lagonosticta nitidula,Estrildidae,Passeriformes
Lagonosticta rara,Estrildidae,Passeriformes
Lagonosticta rhodopareia,Estrildidae,Passeriformes
Lagonosticta rubricata,Estrildidae,Passeriformes
Lagonosticta rufopicta,Estrildidae,Passeriformes
Lagonosticta sanguinodorsalis,Estrildidae,Passeriformes
Lagonosticta senegala,Estrildidae,Passeriformes
Lagonosticta umbrinodorsalis,Estrildidae,Passeriformes
Lagonosticta virata,Estrildidae,Passeriformes
Lonchura atricapilla,Estrildidae,Passeriformes
Lonchura bicolor,Estrildidae,Passeriformes
Lonchura caniceps,Estrildidae,Passeriformes
Lonchura cantans,Estrildidae,Passeriformes
Lonchura castaneothorax,Estrildidae,Passeriformes
Lonchura cucullata,Estrildidae,Passeriformes
Lonchura ferruginosa,Estrildidae,Passeriformes
Lonchura flaviprymna,Estrildidae,Passeriformes
Lonchura forbesi,Estrildidae,Passeriformes
Lonchura fringilloides,Estrildidae,Passeriformes
Lonchura fuscans,Estrildidae,Passeriformes
Lonchura grandis,Estrildidae,Passeriformes
Lonchura griseicapilla,Estrildidae,Passeriformes
Lonchura hunsteini,Estrildidae,Passeriformes
Lonchura kelaarti,Estrildidae,Passeriformes
Lonchura leucogastra,Estrildidae,Passeriformes
Lonchura leucogastroides,Estrildidae,Passeriformes
Lonchura leucosticta,Estrildidae,Passeriformes
Lonchura maja,Estrildidae,Passeriformes
Lonchura malabarica,Estrildidae,Passeriformes
Lonchura malacca,Estrildidae,Passeriformes
Lonchura melaena,Estrildidae,Passeriformes
Lonchura molucca,Estrildidae,Passeriformes
Lonchura montana,Estrildidae,Passeriformes
Lonchura monticola,Estrildidae,Passeriformes
Lonchura nana,Estrildidae,Passeriformes
Lonchura nevermanni,Estrildidae,Passeriformes
Lonchura nigerrima,Estrildidae,Passeriformes
Lonchura nigriceps,Estrildidae,Passeriformes
Lonchura pallida,Estrildidae,Passeriformes
Lonchura punctulata,Estrildidae,Passeriformes
Lonchura quinticolor,Estrildidae,Passeriformes
Lonchura spectabilis,Estrildidae,Passeriformes
Lonchura striata,Estrildidae,Passeriformes
Lonchura stygia,Estrildidae,Passeriformes
Lonchura teerinki,Estrildidae,Passeriformes
Lonchura tristissima,Estrildidae,Passeriformes
Lonchura vana,Estrildidae,Passeriformes
Mandingoa nitidula,Estrildidae,Passeriformes
Neochmia modesta,Estrildidae,Passeriformes
Neochmia phaeton,Estrildidae,Passeriformes
Neochmia ruficauda,Estrildidae,Passeriformes
Neochmia temporalis,Estrildidae,Passeriformes
Nesocharis ansorgei,Estrildidae,Passeriformes
Nesocharis capistrata,Estrildidae,Passeriformes
Nesocharis shelleyi,Estrildidae,Passeriformes
Nigrita bicolor,Estrildidae,Passeriformes
Nigrita canicapillus,Estrildidae,Passeriformes
Nigrita fusconotus,Estrildidae,Passeriformes
Nigrita luteifrons,Estrildidae,Passeriformes
Oreostruthus fuliginosus,Estrildidae,Passeriformes
Ortygospiza atricollis,Estrildidae,Passeriformes
Ortygospiza fuscocrissa,Estrildidae,Passeriformes
Ortygospiza gabonensis,Estrildidae,Passeriformes
Ortygospiza locustella,Estrildidae,Passeriformes
Padda fuscata,Estrildidae,Passeriformes
Padda oryzivora,Estrildidae,Passeriformes
Parmoptila jamesoni,Estrildidae,Passeriformes
Parmoptila rubrifrons,Estrildidae,Passeriformes
Parmoptila woodhousei,Estrildidae,Passeriformes
Poephila acuticauda,Estrildidae,Passeriformes
Poephila cincta,Estrildidae,Passeriformes
Poephila personata,Estrildidae,Passeriformes
Pyrenestes minor,Estrildidae,Passeriformes
Pyrenestes ostrinus,Estrildidae,Passeriformes
Pyrenestes sanguineus,Estrildidae,Passeriformes
Pytilia afra,Estrildidae,Passeriformes
Pytilia hypogrammica,Estrildidae,Passeriformes
Pytilia lineata,Estrildidae,Passeriformes
Pytilia melba,Estrildidae,Passeriformes
Pytilia phoenicoptera,Estrildidae,Passeriformes
Spermophaga haematina,Estrildidae,Passeriformes
Spermophaga poliogenys,Estrildidae,Passeriformes
Spermophaga ruficapilla,Estrildidae,Passeriformes
Stagonopleura bella,Estrildidae,Passeriformes
Stagonopleura guttata,Estrildidae,Passeriformes
Stagonopleura oculata,Estrildidae,Passeriformes
Taeniopygia bichenovii,Estrildidae,Passeriformes
Taeniopygia guttata,Estrildidae,Passeriformes
Uraeginthus angolensis,Estrildidae,Passeriformes
Uraeginthus bengalus,Estrildidae,Passeriformes
Uraeginthus cyanocephalus,Estrildidae,Passeriformes
Uraeginthus granatinus,Estrildidae,Passeriformes
Uraeginthus ianthinogaster,Estrildidae,Passeriformes
Androphobus viridis,Eupetidae,Passeriformes
Eupetes macrocerus,Eupetidae,Passeriformes
Psophodes cristatus,Eupetidae,Passeriformes
Psophodes nigrogularis,Eupetidae,Passeriformes
Psophodes occidentalis,Eupetidae,Passeriformes
Psophodes olivaceus,Eupetidae,Passeriformes
Ptilorrhoa caerulescens,Eupetidae,Passeriformes
Ptilorrhoa castanonota,Eupetidae,Passeriformes
Ptilorrhoa leucosticta,Eupetidae,Passeriformes
Calyptomena hosii,Eurylaimidae,Passeriformes
Calyptomena viridis,Eurylaimidae,Passeriformes
Calyptomena whiteheadi,Eurylaimidae,Passeriformes
Corydon sumatranus,Eurylaimidae,Passeriformes
Cymbirhynchus macrorhynchos,Eurylaimidae,Passeriformes
Eurylaimus javanicus,Eurylaimidae,Passeriformes
Eurylaimus ochromalus,Eurylaimidae,Passeriformes
Eurylaimus samarensis,Eurylaimidae,Passeriformes
Eurylaimus steerii,Eurylaimidae,Passeriformes
Psarisomus dalhousiae,Eurylaimidae,Passeriformes
Pseudocalyptomena graueri,Eurylaimidae,Passeriformes
Serilophus lunatus,Eurylaimidae,Passeriformes
Smithornis capensis,Eurylaimidae,Passeriformes
Smithornis rufolateralis,Eurylaimidae,Passeriformes
Smithornis sharpei,Eurylaimidae,Passeriformes
Eulacestoma nigropectus,Falcunculidae,Passeriformes
Falcunculus frontatus,Falcunculidae,Passeriformes
Chamaeza campanisona,Formicariidae,Passeriformes
Chamaeza meruloides,Formicariidae,Passeriformes
Chamaeza mollissima,Formicariidae,Passeriformes
Chamaeza nobilis,Formicariidae,Passeriformes
Chamaeza ruficauda,Formicariidae,Passeriformes
Chamaeza turdina,Formicariidae,Passeriformes
Formicarius analis,Formicariidae,Passeriformes
Formicarius colma,Formicariidae,Passeriformes
Formicarius moniliger,Formicariidae,Passeriformes
Formicarius nigricapillus,Formicariidae,Passeriformes
Formicarius rufifrons,Formicariidae,Passeriformes
Formicarius rufipectus,Formicariidae,Passeriformes
Grallaria albigula,Formicariidae,Passeriformes
Grallaria alleni,Formicariidae,Passeriformes
Grallaria andicolus,Formicariidae,Passeriformes
Grallaria bangsi,Formicariidae,Passeriformes
Grallaria blakei,Formicariidae,Passeriformes
Grallaria capitalis,Formicariidae,Passeriformes
Grallaria carrikeri,Formicariidae,Passeriformes
Grallaria chthonia,Formicariidae,Passeriformes
Grallaria dignissima,Formicariidae,Passeriformes
Grallaria eludens,Formicariidae,Passeriformes
Grallaria erythroleuca,Formicariidae,Passeriformes
Grallaria erythrotis,Formicariidae,Passeriformes
Grallaria excelsa,Formicariidae,Passeriformes
Grallaria flavotincta,Formicariidae,Passeriformes
Grallaria gigantea,Formicariidae,Passeriformes
Grallaria griseonucha,Formicariidae,Passeriformes
Grallaria guatimalensis,Formicariidae,Passeriformes
Grallaria haplonota,Formicariidae,Passeriformes
Grallaria hypoleuca,Formicariidae,Passeriformes
Grallaria kaestneri,Formicariidae,Passeriformes
Grallaria milleri,Formicariidae,Passeriformes
Grallaria nuchalis,Formicariidae,Passeriformes
Grallaria przewalskii,Formicariidae,Passeriformes
Grallaria quitensis,Formicariidae,Passeriformes
Grallaria ridgelyi,Formicariidae,Passeriformes
Grallaria ruficapilla,Formicariidae,Passeriformes
Grallaria rufocinerea,Formicariidae,Passeriformes
Grallaria rufula,Formicariidae,Passeriformes
Grallaria squamigera,Formicariidae,Passeriformes
Grallaria varia,Formicariidae,Passeriformes
Grallaria watkinsi,Formicariidae,Passeriformes
Grallaricula cucullata,Formicariidae,Passeriformes
Grallaricula ferrugineipectus,Formicariidae,Passeriformes
Grallaricula flavirostris,Formicariidae,Passeriformes
Grallaricula lineifrons,Formicariidae,Passeriformes
Grallaricula loricata,Formicariidae,Passeriformes
Grallaricula nana,Formicariidae,Passeriformes
Grallaricula ochraceifrons,Formicariidae,Passeriformes
Grallaricula peruviana,Formicariidae,Passeriformes
Hylopezus auricularis,Formicariidae,Passeriformes
Hylopezus berlepschi,Formicariidae,Passeriformes
Hylopezus dives,Formicariidae,Passeriformes
Hylopezus fulviventris,Formicariidae,Passeriformes
Hylopezus macularius,Formicariidae,Passeriformes
Hylopezus nattereri,Formicariidae,Passeriformes
Hylopezus ochroleucus,Formicariidae,Passeriformes
Hylopezus perspicillatus,Formicariidae,Passeriformes
Myrmothera campanisona,Formicariidae,Passeriformes
Myrmothera simplex,Formicariidae,Passeriformes
Pittasoma michleri,Formicariidae,Passeriformes
Pittasoma rufopileatum,Formicariidae,Passeriformes
Skutchia borbae,Formicariidae,Passeriformes
Bucanetes githagineus,Fringillidae,Passeriformes
Callacanthis burtoni,Fringillidae,Passeriformes
Carduelis ambigua,Fringillidae,Passeriformes
Carduelis atrata,Fringillidae,Passeriformes
Carduelis atriceps,Fringillidae,Passeriformes
Carduelis barbata,Fringillidae,Passeriformes
Carduelis cannabina,Fringillidae,Passeriformes
Carduelis carduelis,Fringillidae,Passeriformes
Carduelis chloris,Fringillidae,Passeriformes
Carduelis citrinella,Fringillidae,Passeriformes
Carduelis corsicana,Fringillidae,Passeriformes
Carduelis crassirostris,Fringillidae,Passeriformes
Carduelis cucullata,Fringillidae,Passeriformes
Carduelis dominicensis,Fringillidae,Passeriformes
Carduelis flammea,Fringillidae,Passeriformes
Carduelis flavirostris,Fringillidae,Passeriformes
Carduelis hornemanni,Fringillidae,Passeriformes
Carduelis johannis,Fringillidae,Passeriformes
Carduelis lawrencei,Fringillidae,Passeriformes
Carduelis magellanica,Fringillidae,Passeriformes
Carduelis monguilloti,Fringillidae,Passeriformes
Carduelis notata,Fringillidae,Passeriformes
Carduelis olivacea,Fringillidae,Passeriformes
Carduelis pinus,Fringillidae,Passeriformes
Carduelis psaltria,Fringillidae,Passeriformes
Carduelis siemiradzkii,Fringillidae,Passeriformes
Carduelis sinica,Fringillidae,Passeriformes
Carduelis spinescens,Fringillidae,Passeriformes
Carduelis spinoides,Fringillidae,Passeriformes
Carduelis spinus,Fringillidae,Passeriformes
Carduelis tristis,Fringillidae,Passeriformes
Carduelis uropygialis,Fringillidae,Passeriformes
Carduelis xanthogastra,Fringillidae,Passeriformes
Carduelis yarrellii,Fringillidae,Passeriformes
Carduelis yemenensis,Fringillidae,Passeriformes
Carpodacus cassinii,Fringillidae,Passeriformes
Carpodacus edwardsii,Fringillidae,Passeriformes
Carpodacus eos,Fringillidae,Passeriformes
Carpodacus erythrinus,Fringillidae,Passeriformes
Carpodacus mexicanus,Fringillidae,Passeriformes
Carpodacus nipalensis,Fringillidae,Passeriformes
Carpodacus pulcherrimus,Fringillidae,Passeriformes
Carpodacus puniceus,Fringillidae,Passeriformes
Carpodacus purpureus,Fringillidae,Passeriformes
Carpodacus rhodochlamys,Fringillidae,Passeriformes
Carpodacus roborowskii,Fringillidae,Passeriformes
Carpodacus rodochroa,Fringillidae,Passeriformes
Carpodacus rodopeplus,Fringillidae,Passeriformes
Carpodacus roseus,Fringillidae,Passeriformes
Carpodacus rubescens,Fringillidae,Passeriformes
Carpodacus rubicilla,Fringillidae,Passeriformes
Carpodacus rubicilloides,Fringillidae,Passeriformes
Carpodacus synoicus,Fringillidae,Passeriformes
Carpodacus thura,Fringillidae,Passeriformes
Carpodacus trifasciatus,Fringillidae,Passeriformes
Carpodacus vinaceus,Fringillidae,Passeriformes
Coccothraustes abeillei,Fringillidae,Passeriformes
Coccothraustes coccothraustes,Fringillidae,Passeriformes
Coccothraustes vespertinus,Fringillidae,Passeriformes
Eophona migratoria,Fringillidae,Passeriformes
Eophona personata,Fringillidae,Passeriformes
Eremopsaltria mongolicus,Fringillidae,Passeriformes
Fringilla coelebs,Fringillidae,Passeriformes
Fringilla montifringilla,Fringillidae,Passeriformes
Fringilla teydea,Fringillidae,Passeriformes
Haematospiza sipahi,Fringillidae,Passeriformes
Hemignathus flavus,Fringillidae,Passeriformes
Hemignathus kauaiensis,Fringillidae,Passeriformes
Hemignathus lucidus,Fringillidae,Passeriformes
Hemignathus munroi,Fringillidae,Passeriformes
Hemignathus parvus,Fringillidae,Passeriformes
Hemignathus virens,Fringillidae,Passeriformes
Himatione sanguinea,Fringillidae,Passeriformes
Leucosticte arctoa,Fringillidae,Passeriformes
Leucosticte atrata,Fringillidae,Passeriformes
Leucosticte australis,Fringillidae,Passeriformes
Leucosticte brandti,Fringillidae,Passeriformes
Leucosticte nemoricola,Fringillidae,Passeriformes
Leucosticte sillemi,Fringillidae,Passeriformes
Leucosticte tephrocotis,Fringillidae,Passeriformes
Linurgus olivaceus,Fringillidae,Passeriformes
Loxia curvirostra,Fringillidae,Passeriformes
Loxia leucoptera,Fringillidae,Passeriformes
Loxia megaplaga,Fringillidae,Passeriformes
Loxia pytyopsittacus,Fringillidae,Passeriformes
Loxia scotica,Fringillidae,Passeriformes
Loxioides bailleui,Fringillidae,Passeriformes
Loxops caeruleirostris,Fringillidae,Passeriformes
Loxops coccineus,Fringillidae,Passeriformes
Melamprosops phaeosoma,Fringillidae,Passeriformes
Mycerobas affinis,Fringillidae,Passeriformes
Mycerobas carnipes,Fringillidae,Passeriformes
Mycerobas icterioides,Fringillidae,Passeriformes
Mycerobas melanozanthos,Fringillidae,Passeriformes
Neospiza concolor,Fringillidae,Passeriformes
Oreomystis bairdi,Fringillidae,Passeriformes
Oreomystis mana,Fringillidae,Passeriformes
Palmeria dolei,Fringillidae,Passeriformes
Paroreomyza maculata,Fringillidae,Passeriformes
Paroreomyza montana,Fringillidae,Passeriformes
Pinicola enucleator,Fringillidae,Passeriformes
Pinicola subhimachala,Fringillidae,Passeriformes
Pseudonestor xanthophrys,Fringillidae,Passeriformes
Psittirostra psittacea,Fringillidae,Passeriformes
Pyrrhoplectes epauletta,Fringillidae,Passeriformes
Pyrrhula aurantiaca,Fringillidae,Passeriformes
Pyrrhula erythaca,Fringillidae,Passeriformes
Pyrrhula erythrocephala,Fringillidae,Passeriformes
Pyrrhula leucogenis,Fringillidae,Passeriformes
Pyrrhula murina,Fringillidae,Passeriformes
Pyrrhula nipalensis,Fringillidae,Passeriformes
Pyrrhula pyrrhula,Fringillidae,Passeriformes
Rhodopechys obsoletus,Fringillidae,Passeriformes
Rhodopechys sanguineus,Fringillidae,Passeriformes
Rhynchostruthus louisae,Fringillidae,Passeriformes
Rhynchostruthus percivali,Fringillidae,Passeriformes
Rhynchostruthus socotranus,Fringillidae,Passeriformes
Serinus alario,Fringillidae,Passeriformes
Serinus albogularis,Fringillidae,Passeriformes
Serinus ankoberensis,Fringillidae,Passeriformes
Serinus atrogularis,Fringillidae,Passeriformes
Serinus buchanani,Fringillidae,Passeriformes
Serinus burtoni,Fringillidae,Passeriformes
Serinus canaria,Fringillidae,Passeriformes
Serinus canicollis,Fringillidae,Passeriformes
Serinus capistratus,Fringillidae,Passeriformes
Serinus citrinelloides,Fringillidae,Passeriformes
Serinus citrinipectus,Fringillidae,Passeriformes
Serinus donaldsoni,Fringillidae,Passeriformes
Serinus dorsostriatus,Fringillidae,Passeriformes
Serinus estherae,Fringillidae,Passeriformes
Serinus flavigula,Fringillidae,Passeriformes
Serinus flaviventris,Fringillidae,Passeriformes
Serinus flavivertex,Fringillidae,Passeriformes
Serinus frontalis,Fringillidae,Passeriformes
Serinus gularis,Fringillidae,Passeriformes
Serinus hypostictus,Fringillidae,Passeriformes
Serinus koliensis,Fringillidae,Passeriformes
Serinus leucopterus,Fringillidae,Passeriformes
Serinus leucopygius,Fringillidae,Passeriformes
Serinus melanochrous,Fringillidae,Passeriformes
Serinus menachensis,Fringillidae,Passeriformes
Serinus mennelli,Fringillidae,Passeriformes
Serinus mozambicus,Fringillidae,Passeriformes
Serinus nigriceps,Fringillidae,Passeriformes
Serinus pusillus,Fringillidae,Passeriformes
Serinus reichardi,Fringillidae,Passeriformes
Serinus rothschildi,Fringillidae,Passeriformes
Serinus rufobrunneus,Fringillidae,Passeriformes
Serinus scotops,Fringillidae,Passeriformes
Serinus serinus,Fringillidae,Passeriformes
Serinus striolatus,Fringillidae,Passeriformes
Serinus sulphuratus,Fringillidae,Passeriformes
Serinus symonsi,Fringillidae,Passeriformes
Serinus syriacus,Fringillidae,Passeriformes
Serinus thibetanus,Fringillidae,Passeriformes
Serinus totta,Fringillidae,Passeriformes
Serinus tristriatus,Fringillidae,Passeriformes
Serinus whytii,Fringillidae,Passeriformes
Serinus xantholaemus,Fringillidae,Passeriformes
Serinus xanthopygius,Fringillidae,Passeriformes
Telespiza cantans,Fringillidae,Passeriformes
Telespiza ultima,Fringillidae,Passeriformes
Uragus sibiricus,Fringillidae,Passeriformes
Vestiaria coccinea,Fringillidae,Passeriformes
Acrobatornis fonsecai,Furnariidae,Passeriformes
Anabacerthia amaurotis,Furnariidae,Passeriformes
Anabacerthia striaticollis,Furnariidae,Passeriformes
Anabacerthia variegaticeps,Furnariidae,Passeriformes
Anabazenops dorsalis,Furnariidae,Passeriformes
Anabazenops fuscus,Furnariidae,Passeriformes
Ancistrops strigilatus,Furnariidae,Passeriformes
Anumbius annumbi,Furnariidae,Passeriformes
Aphrastura masafuerae,Furnariidae,Passeriformes
Aphrastura spinicauda,Furnariidae,Passeriformes
Asthenes anthoides,Furnariidae,Passeriformes
Asthenes arequipae,Furnariidae,Passeriformes
Asthenes baeri,Furnariidae,Passeriformes
Asthenes berlepschi,Furnariidae,Passeriformes
Asthenes cactorum,Furnariidae,Passeriformes
Asthenes dorbignyi,Furnariidae,Passeriformes
Asthenes flammulata,Furnariidae,Passeriformes
Asthenes heterura,Furnariidae,Passeriformes
Asthenes huancavelicae,Furnariidae,Passeriformes
Asthenes hudsoni,Furnariidae,Passeriformes
Asthenes humicola,Furnariidae,Passeriformes
Asthenes humilis,Furnariidae,Passeriformes
Asthenes luizae,Furnariidae,Passeriformes
Asthenes maculicauda,Furnariidae,Passeriformes
Asthenes modesta,Furnariidae,Passeriformes
Asthenes ottonis,Furnariidae,Passeriformes
Asthenes patagonica,Furnariidae,Passeriformes
Asthenes pudibunda,Furnariidae,Passeriformes
Asthenes pyrrholeuca,Furnariidae,Passeriformes
Asthenes sclateri,Furnariidae,Passeriformes
Asthenes steinbachi,Furnariidae,Passeriformes
Asthenes urubambensis,Furnariidae,Passeriformes
Asthenes virgata,Furnariidae,Passeriformes
Asthenes wyatti,Furnariidae,Passeriformes
Automolus infuscatus,Furnariidae,Passeriformes
Automolus leucophthalmus,Furnariidae,Passeriformes
Automolus melanopezus,Furnariidae,Passeriformes
Automolus ochrolaemus,Furnariidae,Passeriformes
Automolus rubiginosus,Furnariidae,Passeriformes
Automolus rufipileatus,Furnariidae,Passeriformes
Berlepschia rikeri,Furnariidae,Passeriformes
Certhiaxis cinnamomeus,Furnariidae,Passeriformes
Certhiaxis mustelinus,Furnariidae,Passeriformes
Cichlocolaptes leucophrus,Furnariidae,Passeriformes
Cinclodes albidiventris,Furnariidae,Passeriformes
Cinclodes albiventris,Furnariidae,Passeriformes
Cinclodes antarcticus,Furnariidae,Passeriformes
Cinclodes aricomae,Furnariidae,Passeriformes
Cinclodes atacamensis,Furnariidae,Passeriformes
Cinclodes comechingonus,Furnariidae,Passeriformes
Cinclodes excelsior,Furnariidae,Passeriformes
Cinclodes fuscus,Furnariidae,Passeriformes
Cinclodes nigrofumosus,Furnariidae,Passeriformes
Cinclodes olrogi,Furnariidae,Passeriformes
Cinclodes oustaleti,Furnariidae,Passeriformes
Cinclodes pabsti,Furnariidae,Passeriformes
Cinclodes palliatus,Furnariidae,Passeriformes
Cinclodes patagonicus,Furnariidae,Passeriformes
Cinclodes taczanowskii,Furnariidae,Passeriformes
Clibanornis dendrocolaptoides,Furnariidae,Passeriformes
Coryphistera alaudina,Furnariidae,Passeriformes
Cranioleuca albicapilla,Furnariidae,Passeriformes
Cranioleuca albiceps,Furnariidae,Passeriformes
Cranioleuca antisiensis,Furnariidae,Passeriformes
Cranioleuca baroni,Furnariidae,Passeriformes
Cranioleuca curtata,Furnariidae,Passeriformes
Cranioleuca demissa,Furnariidae,Passeriformes
Cranioleuca dissita,Furnariidae,Passeriformes
Cranioleuca erythrops,Furnariidae,Passeriformes
Cranioleuca gutturata,Furnariidae,Passeriformes
Cranioleuca hellmayri,Furnariidae,Passeriformes
Cranioleuca henricae,Furnariidae,Passeriformes
Cranioleuca marcapatae,Furnariidae,Passeriformes
Cranioleuca muelleri,Furnariidae,Passeriformes
Cranioleuca obsoleta,Furnariidae,Passeriformes
Cranioleuca pallida,Furnariidae,Passeriformes
Cranioleuca pyrrhophia,Furnariidae,Passeriformes
Cranioleuca semicinerea,Furnariidae,Passeriformes
Cranioleuca subcristata,Furnariidae,Passeriformes
Cranioleuca sulphurifera,Furnariidae,Passeriformes
Cranioleuca vulpecula,Furnariidae,Passeriformes
Cranioleuca vulpina,Furnariidae,Passeriformes
Dendrocincla turdina,Furnariidae,Passeriformes
Furnarius cinnamomeus,Furnariidae,Passeriformes
Furnarius cristatus,Furnariidae,Passeriformes
Furnarius figulus,Furnariidae,Passeriformes
Furnarius leucopus,Furnariidae,Passeriformes
Furnarius longirostris,Furnariidae,Passeriformes
Furnarius minor,Furnariidae,Passeriformes
Furnarius rufus,Furnariidae,Passeriformes
Furnarius torridus,Furnariidae,Passeriformes
Geositta antarctica,Furnariidae,Passeriformes
Geositta crassirostris,Furnariidae,Passeriformes
Geositta cunicularia,Furnariidae,Passeriformes
Geositta isabellina,Furnariidae,Passeriformes
Geositta maritima,Furnariidae,Passeriformes
Geositta peruviana,Furnariidae,Passeriformes
Geositta poeciloptera,Furnariidae,Passeriformes
Geositta punensis,Furnariidae,Passeriformes
Geositta rufipennis,Furnariidae,Passeriformes
Geositta saxicolina,Furnariidae,Passeriformes
Geositta tenuirostris,Furnariidae,Passeriformes
Gyalophylax hellmayri,Furnariidae,Passeriformes
Heliobletus contaminatus,Furnariidae,Passeriformes
Hellmayrea gularis,Furnariidae,Passeriformes
Hylocryptus erythrocephalus,Furnariidae,Passeriformes
Hylocryptus rectirostris,Furnariidae,Passeriformes
Hyloctistes subulatus,Furnariidae,Passeriformes
Hyloctistes virgatus,Furnariidae,Passeriformes
Leptasthenura aegithaloides,Furnariidae,Passeriformes
Leptasthenura andicola,Furnariidae,Passeriformes
Leptasthenura fuliginiceps,Furnariidae,Passeriformes
Leptasthenura pileata,Furnariidae,Passeriformes
Leptasthenura platensis,Furnariidae,Passeriformes
Leptasthenura setaria,Furnariidae,Passeriformes
Leptasthenura striata,Furnariidae,Passeriformes
Leptasthenura striolata,Furnariidae,Passeriformes
Leptasthenura xenothorax,Furnariidae,Passeriformes
Leptasthenura yanacensis,Furnariidae,Passeriformes
Limnoctites rectirostris,Furnariidae,Passeriformes
Limnornis curvirostris,Furnariidae,Passeriformes
Lochmias nematura,Furnariidae,Passeriformes
Margarornis bellulus,Furnariidae,Passeriformes
Margarornis rubiginosus,Furnariidae,Passeriformes
Margarornis squamiger,Furnariidae,Passeriformes
Margarornis stellatus,Furnariidae,Passeriformes
Megaxenops parnaguae,Furnariidae,Passeriformes
Metopothrix aurantiaca,Furnariidae,Passeriformes
Ochetorhynchus andaecola,Furnariidae,Passeriformes
Ochetorhynchus melanura,Furnariidae,Passeriformes
Ochetorhynchus phoenicurus,Furnariidae,Passeriformes
Ochetorhynchus ruficaudus,Furnariidae,Passeriformes
Oreophylax moreirae,Furnariidae,Passeriformes
Phacellodomus dorsalis,Furnariidae,Passeriformes
Phacellodomus erythrophthalmus,Furnariidae,Passeriformes
Phacellodomus ferrugineigula,Furnariidae,Passeriformes
Phacellodomus inornatus,Furnariidae,Passeriformes
Phacellodomus maculipectus,Furnariidae,Passeriformes
Phacellodomus ruber,Furnariidae,Passeriformes
Phacellodomus rufifrons,Furnariidae,Passeriformes
Phacellodomus sibilatrix,Furnariidae,Passeriformes
Phacellodomus striaticeps,Furnariidae,Passeriformes
Phacellodomus striaticollis,Furnariidae,Passeriformes
Philydor atricapillus,Furnariidae,Passeriformes
Philydor erythrocercum,Furnariidae,Passeriformes
Philydor erythropterum,Furnariidae,Passeriformes
Philydor fuscipenne,Furnariidae,Passeriformes
Philydor lichtensteini,Furnariidae,Passeriformes
Philydor novaesi,Furnariidae,Passeriformes
Philydor pyrrhodes,Furnariidae,Passeriformes
Philydor ruficaudatum,Furnariidae,Passeriformes
Philydor rufum,Furnariidae,Passeriformes
Phleocryptes melanops,Furnariidae,Passeriformes
Premnoplex brunnescens,Furnariidae,Passeriformes
Premnoplex tatei,Furnariidae,Passeriformes
Premnornis guttuligera,Furnariidae,Passeriformes
Pseudocolaptes boissonneautii,Furnariidae,Passeriformes
Pseudocolaptes johnsoni,Furnariidae,Passeriformes
Pseudocolaptes lawrencii,Furnariidae,Passeriformes
Pseudoseisura cristata,Furnariidae,Passeriformes
Pseudoseisura gutturalis,Furnariidae,Passeriformes
Pseudoseisura lophotes,Furnariidae,Passeriformes
Pseudoseisura unirufa,Furnariidae,Passeriformes
Pygarrhichas albogularis,Furnariidae,Passeriformes
Roraimia adusta,Furnariidae,Passeriformes
Schizoeaca coryi,Furnariidae,Passeriformes
Schizoeaca fuliginosa,Furnariidae,Passeriformes
Schizoeaca griseomurina,Furnariidae,Passeriformes
Schizoeaca harterti,Furnariidae,Passeriformes
Schizoeaca helleri,Furnariidae,Passeriformes
Schizoeaca palpebralis,Furnariidae,Passeriformes
Schizoeaca perijana,Furnariidae,Passeriformes
Schizoeaca vilcabambae,Furnariidae,Passeriformes
Schoeniophylax phryganophilus,Furnariidae,Passeriformes
Sclerurus albigularis,Furnariidae,Passeriformes
Sclerurus caudacutus,Furnariidae,Passeriformes
Sclerurus guatemalensis,Furnariidae,Passeriformes
Sclerurus mexicanus,Furnariidae,Passeriformes
Sclerurus rufigularis,Furnariidae,Passeriformes
Sclerurus scansor,Furnariidae,Passeriformes
Simoxenops striatus,Furnariidae,Passeriformes
Simoxenops ucayalae,Furnariidae,Passeriformes
Siptornis striaticollis,Furnariidae,Passeriformes
Siptornopsis hypochondriaca,Furnariidae,Passeriformes
Spartonoica maluroides,Furnariidae,Passeriformes
Sylviorthorhynchus desmursii,Furnariidae,Passeriformes
Synallaxis albescens,Furnariidae,Passeriformes
Synallaxis albigularis,Furnariidae,Passeriformes
Synallaxis albilora,Furnariidae,Passeriformes
Synallaxis azarae,Furnariidae,Passeriformes
Synallaxis brachyura,Furnariidae,Passeriformes
Synallaxis cabanisi,Furnariidae,Passeriformes
Synallaxis candei,Furnariidae,Passeriformes
Synallaxis castanea,Furnariidae,Passeriformes
Synallaxis cherriei,Furnariidae,Passeriformes
Synallaxis cinerascens,Furnariidae,Passeriformes
Synallaxis cinnamomea,Furnariidae,Passeriformes
Synallaxis courseni,Furnariidae,Passeriformes
Synallaxis erythrothorax,Furnariidae,Passeriformes
Synallaxis frontalis,Furnariidae,Passeriformes
Synallaxis fuscorufa,Furnariidae,Passeriformes
Synallaxis gujanensis,Furnariidae,Passeriformes
Synallaxis hypospodia,Furnariidae,Passeriformes
Synallaxis infuscata,Furnariidae,Passeriformes
Synallaxis kollari,Furnariidae,Passeriformes
Synallaxis macconnelli,Furnariidae,Passeriformes
Synallaxis maranonica,Furnariidae,Passeriformes
Synallaxis moesta,Furnariidae,Passeriformes
Synallaxis propinqua,Furnariidae,Passeriformes
Synallaxis ruficapilla,Furnariidae,Passeriformes
Synallaxis rutilans,Furnariidae,Passeriformes
Synallaxis scutata,Furnariidae,Passeriformes
Synallaxis spixi,Furnariidae,Passeriformes
Synallaxis stictothorax,Furnariidae,Passeriformes
Synallaxis subpudica,Furnariidae,Passeriformes
Synallaxis tithys,Furnariidae,Passeriformes
Synallaxis unirufa,Furnariidae,Passeriformes
Synallaxis whitneyi,Furnariidae,Passeriformes
Synallaxis zimmeri,Furnariidae,Passeriformes
Syndactyla dimidiata,Furnariidae,Passeriformes
Syndactyla guttulata,Furnariidae,Passeriformes
Syndactyla roraimae,Furnariidae,Passeriformes
Syndactyla ruficollis,Furnariidae,Passeriformes
Syndactyla rufosuperciliata,Furnariidae,Passeriformes
Syndactyla subalaris,Furnariidae,Passeriformes
Tarphonomus certhioides,Furnariidae,Passeriformes
Tarphonomus harterti,Furnariidae,Passeriformes
Thripadectes flammulatus,Furnariidae,Passeriformes
Thripadectes holostictus,Furnariidae,Passeriformes
Thripadectes ignobilis,Furnariidae,Passeriformes
Thripadectes melanorhynchus,Furnariidae,Passeriformes
Thripadectes rufobrunneus,Furnariidae,Passeriformes
Thripadectes scrutator,Furnariidae,Passeriformes
Thripadectes virgaticeps,Furnariidae,Passeriformes
Thripophaga berlepschi,Furnariidae,Passeriformes
Thripophaga cherriei,Furnariidae,Passeriformes
Thripophaga fusciceps,Furnariidae,Passeriformes
Thripophaga macroura,Furnariidae,Passeriformes
Upucerthia albigula,Furnariidae,Passeriformes
Upucerthia dumetaria,Furnariidae,Passeriformes
Upucerthia jelskii,Furnariidae,Passeriformes
Upucerthia saturatior,Furnariidae,Passeriformes
Upucerthia serrana,Furnariidae,Passeriformes
Upucerthia validirostris,Furnariidae,Passeriformes
Xenerpestes minlosi,Furnariidae,Passeriformes
Xenerpestes singularis,Furnariidae,Passeriformes
Xenops milleri,Furnariidae,Passeriformes
Xenops minutus,Furnariidae,Passeriformes
Xenops rutilans,Furnariidae,Passeriformes
Xenops tenuirostris,Furnariidae,Passeriformes
Alopochelidon fucata,Hirundinidae,Passeriformes
Atticora fasciata,Hirundinidae,Passeriformes
Atticora melanoleuca,Hirundinidae,Passeriformes
Cheramoeca leucosterna,Hirundinidae,Passeriformes
Delichon dasypus,Hirundinidae,Passeriformes
Delichon nipalense,Hirundinidae,Passeriformes
Delichon urbicum,Hirundinidae,Passeriformes
Eurochelidon sirintarae,Hirundinidae,Passeriformes
Haplochelidon andecola,Hirundinidae,Passeriformes
Hirundo abyssinica,Hirundinidae,Passeriformes
Hirundo aethiopica,Hirundinidae,Passeriformes
Hirundo albigularis,Hirundinidae,Passeriformes
Hirundo angolensis,Hirundinidae,Passeriformes
Hirundo ariel,Hirundinidae,Passeriformes
Hirundo atrocaerulea,Hirundinidae,Passeriformes
Hirundo concolor,Hirundinidae,Passeriformes
Hirundo cucullata,Hirundinidae,Passeriformes
Hirundo daurica,Hirundinidae,Passeriformes
Hirundo dimidiata,Hirundinidae,Passeriformes
Hirundo domicola,Hirundinidae,Passeriformes
Hirundo fluvicola,Hirundinidae,Passeriformes
Hirundo fuliginosa,Hirundinidae,Passeriformes
Hirundo fuligula,Hirundinidae,Passeriformes
Hirundo leucosoma,Hirundinidae,Passeriformes
Hirundo lucida,Hirundinidae,Passeriformes
Hirundo megaensis,Hirundinidae,Passeriformes
Hirundo neoxena,Hirundinidae,Passeriformes
Hirundo nigricans,Hirundinidae,Passeriformes
Hirundo nigrita,Hirundinidae,Passeriformes
Hirundo nigrorufa,Hirundinidae,Passeriformes
Hirundo obsoleta,Hirundinidae,Passeriformes
Hirundo perdita,Hirundinidae,Passeriformes
Hirundo preussi,Hirundinidae,Passeriformes
Hirundo rufigula,Hirundinidae,Passeriformes
Hirundo rupestris,Hirundinidae,Passeriformes
Hirundo rustica,Hirundinidae,Passeriformes
Hirundo semirufa,Hirundinidae,Passeriformes
Hirundo senegalensis,Hirundinidae,Passeriformes
Hirundo smithii,Hirundinidae,Passeriformes
Hirundo spilodera,Hirundinidae,Passeriformes
Hirundo striolata,Hirundinidae,Passeriformes
Hirundo tahitica,Hirundinidae,Passeriformes
Neochelidon tibialis,Hirundinidae,Passeriformes
Notiochelidon flavipes,Hirundinidae,Passeriformes
Notiochelidon murina,Hirundinidae,Passeriformes
Notiochelidon pileata,Hirundinidae,Passeriformes
Petrochelidon fulva,Hirundinidae,Passeriformes
Petrochelidon pyrrhonota,Hirundinidae,Passeriformes
Petrochelidon rufocollaris,Hirundinidae,Passeriformes
Phedina borbonica,Hirundinidae,Passeriformes
Phedina brazzae,Hirundinidae,Passeriformes
Progne chalybea,Hirundinidae,Passeriformes
Progne cryptoleuca,Hirundinidae,Passeriformes
Progne dominicensis,Hirundinidae,Passeriformes
Progne elegans,Hirundinidae,Passeriformes
Progne modesta,Hirundinidae,Passeriformes
Progne murphyi,Hirundinidae,Passeriformes
Progne sinaloae,Hirundinidae,Passeriformes
Progne subis,Hirundinidae,Passeriformes
Progne tapera,Hirundinidae,Passeriformes
Psalidoprocne albiceps,Hirundinidae,Passeriformes
Psalidoprocne fuliginosa,Hirundinidae,Passeriformes
Psalidoprocne nitens,Hirundinidae,Passeriformes
Psalidoprocne obscura,Hirundinidae,Passeriformes
Psalidoprocne pristoptera,Hirundinidae,Passeriformes
Pseudhirundo griseopyga,Hirundinidae,Passeriformes
Pseudochelidon eurystomina,Hirundinidae,Passeriformes
Pygochelidon cyanoleuca,Hirundinidae,Passeriformes
Riparia cincta,Hirundinidae,Passeriformes
Riparia congica,Hirundinidae,Passeriformes
Riparia paludicola,Hirundinidae,Passeriformes
Riparia riparia,Hirundinidae,Passeriformes
Stelgidopteryx ruficollis,Hirundinidae,Passeriformes
Stelgidopteryx serripennis,Hirundinidae,Passeriformes
Tachycineta albilinea,Hirundinidae,Passeriformes
Tachycineta albiventer,Hirundinidae,Passeriformes
Tachycineta bicolor,Hirundinidae,Passeriformes
Tachycineta cyaneoviridis,Hirundinidae,Passeriformes
Tachycineta euchrysea,Hirundinidae,Passeriformes
Tachycineta leucorrhoa,Hirundinidae,Passeriformes
Tachycineta meyeni,Hirundinidae,Passeriformes
Tachycineta stolzmanni,Hirundinidae,Passeriformes
Tachycineta thalassina,Hirundinidae,Passeriformes
Agelaioides badius,Icteridae,Passeriformes
Agelaius assimilis,Icteridae,Passeriformes
Agelaius humeralis,Icteridae,Passeriformes
Agelaius phoeniceus,Icteridae,Passeriformes
Agelaius tricolor,Icteridae,Passeriformes
Agelaius xanthomus,Icteridae,Passeriformes
Agelasticus cyanopus,Icteridae,Passeriformes
Agelasticus thilius,Icteridae,Passeriformes
Agelasticus xanthophthalmus,Icteridae,Passeriformes
Amblycercus holosericeus,Icteridae,Passeriformes
Amblyramphus holosericeus,Icteridae,Passeriformes
Cacicus cela,Icteridae,Passeriformes
Cacicus chrysonotus,Icteridae,Passeriformes
Cacicus chrysopterus,Icteridae,Passeriformes
Cacicus haemorrhous,Icteridae,Passeriformes
Cacicus koepckeae,Icteridae,Passeriformes
Cacicus leucoramphus,Icteridae,Passeriformes
Cacicus melanicterus,Icteridae,Passeriformes
Cacicus microrhynchus,Icteridae,Passeriformes
Cacicus sclateri,Icteridae,Passeriformes
Cacicus solitarius,Icteridae,Passeriformes
Cacicus uropygialis,Icteridae,Passeriformes
Chrysomus icterocephalus,Icteridae,Passeriformes
Chrysomus ruficapillus,Icteridae,Passeriformes
Clypicterus oseryi,Icteridae,Passeriformes
Curaeus curaeus,Icteridae,Passeriformes
Curaeus forbesi,Icteridae,Passeriformes
Dives atroviolaceus,Icteridae,Passeriformes
Dives dives,Icteridae,Passeriformes
Dives warszewiczi,Icteridae,Passeriformes
Dolichonyx oryzivorus,Icteridae,Passeriformes
Euphagus carolinus,Icteridae,Passeriformes
Euphagus cyanocephalus,Icteridae,Passeriformes
Gnorimopsar chopi,Icteridae,Passeriformes
Gymnomystax mexicanus,Icteridae,Passeriformes
Hypopyrrhus pyrohypogaster,Icteridae,Passeriformes
Icterus abeillei,Icteridae,Passeriformes
Icterus auratus,Icteridae,Passeriformes
Icterus auricapillus,Icteridae,Passeriformes
Icterus bonana,Icteridae,Passeriformes
Icterus bullockii,Icteridae,Passeriformes
Icterus cayanensis,Icteridae,Passeriformes
Icterus chrysater,Icteridae,Passeriformes
Icterus croconotus,Icteridae,Passeriformes
Icterus cucullatus,Icteridae,Passeriformes
Icterus dominicensis,Icteridae,Passeriformes
Icterus galbula,Icteridae,Passeriformes
Icterus graceannae,Icteridae,Passeriformes
Icterus graduacauda,Icteridae,Passeriformes
Icterus gularis,Icteridae,Passeriformes
Icterus icterus,Icteridae,Passeriformes
Icterus jamacaii,Icteridae,Passeriformes
Icterus laudabilis,Icteridae,Passeriformes
Icterus leucopteryx,Icteridae,Passeriformes
Icterus maculialatus,Icteridae,Passeriformes
Icterus mesomelas,Icteridae,Passeriformes
Icterus nigrogularis,Icteridae,Passeriformes
Icterus oberi,Icteridae,Passeriformes
Icterus parisorum,Icteridae,Passeriformes
Icterus pectoralis,Icteridae,Passeriformes
Icterus prosthemelas,Icteridae,Passeriformes
Icterus pustulatus,Icteridae,Passeriformes
Icterus spurius,Icteridae,Passeriformes
Icterus wagleri,Icteridae,Passeriformes
Lampropsar tanagrinus,Icteridae,Passeriformes
Macroagelaius imthurni,Icteridae,Passeriformes
Macroagelaius subalaris,Icteridae,Passeriformes
Molothrus aeneus,Icteridae,Passeriformes
Molothrus armenti,Icteridae,Passeriformes
Molothrus ater,Icteridae,Passeriformes
Molothrus bonariensis,Icteridae,Passeriformes
Molothrus oryzivorus,Icteridae,Passeriformes
Molothrus rufoaxillaris,Icteridae,Passeriformes
Nesopsar nigerrimus,Icteridae,Passeriformes
Ocyalus latirostris,Icteridae,Passeriformes
Oreopsar bolivianus,Icteridae,Passeriformes
Psarocolius angustifrons,Icteridae,Passeriformes
Psarocolius atrovirens,Icteridae,Passeriformes
Psarocolius bifasciatus,Icteridae,Passeriformes
Psarocolius cassini,Icteridae,Passeriformes
Psarocolius decumanus,Icteridae,Passeriformes
Psarocolius guatimozinus,Icteridae,Passeriformes
Psarocolius montezuma,Icteridae,Passeriformes
Psarocolius viridis,Icteridae,Passeriformes
Psarocolius wagleri,Icteridae,Passeriformes
Pseudoleistes guirahuro,Icteridae,Passeriformes
Pseudoleistes virescens,Icteridae,Passeriformes
Quiscalus lugubris,Icteridae,Passeriformes
Quiscalus major,Icteridae,Passeriformes
Quiscalus mexicanus,Icteridae,Passeriformes
Quiscalus nicaraguensis,Icteridae,Passeriformes
Quiscalus niger,Icteridae,Passeriformes
Quiscalus quiscula,Icteridae,Passeriformes
Sturnella bellicosa,Icteridae,Passeriformes
Sturnella defilippii,Icteridae,Passeriformes
Sturnella loyca,Icteridae,Passeriformes
Sturnella magna,Icteridae,Passeriformes
Sturnella militaris,Icteridae,Passeriformes
Sturnella neglecta,Icteridae,Passeriformes
Sturnella superciliaris,Icteridae,Passeriformes
Xanthocephalus xanthocephalus,Icteridae,Passeriformes
Xanthopsar flavus,Icteridae,Passeriformes
Irena cyanogastra,Irenidae,Passeriformes
Irena puella,Irenidae,Passeriformes
Corvinella corvina,Laniidae,Passeriformes
Eurocephalus anguitimens,Laniidae,Passeriformes
Eurocephalus rueppelli,Laniidae,Passeriformes
Lanius bucephalus,Laniidae,Passeriformes
Lanius cabanisi,Laniidae,Passeriformes
Lanius collaris,Laniidae,Passeriformes
Lanius collurio,Laniidae,Passeriformes
Lanius collurioides,Laniidae,Passeriformes
Lanius cristatus,Laniidae,Passeriformes
Lanius dorsalis,Laniidae,Passeriformes
Lanius excubitor,Laniidae,Passeriformes
Lanius excubitoroides,Laniidae,Passeriformes
Lanius gubernator,Laniidae,Passeriformes
Lanius isabellinus,Laniidae,Passeriformes
Lanius ludovicianus,Laniidae,Passeriformes
Lanius mackinnoni,Laniidae,Passeriformes
Lanius marwitzi,Laniidae,Passeriformes
Lanius meridionalis,Laniidae,Passeriformes
Lanius minor,Laniidae,Passeriformes
Lanius newtoni,Laniidae,Passeriformes
Lanius nubicus,Laniidae,Passeriformes
Lanius schach,Laniidae,Passeriformes
Lanius senator,Laniidae,Passeriformes
Lanius somalicus,Laniidae,Passeriformes
Lanius souzae,Laniidae,Passeriformes
Lanius sphenocercus,Laniidae,Passeriformes
Lanius tephronotus,Laniidae,Passeriformes
Lanius tigrinus,Laniidae,Passeriformes
Lanius validirostris,Laniidae,Passeriformes
Lanius vittatus,Laniidae,Passeriformes
Urolestes melanoleucus,Laniidae,Passeriformes
Machaerirhynchus flaviventer,Machaerirhynchidae,Passeriformes
Machaerirhynchus nigripectus,Machaerirhynchidae,Passeriformes
Dryoscopus angolensis,Malaconotidae,Passeriformes
Dryoscopus cubla,Malaconotidae,Passeriformes
Dryoscopus gambensis,Malaconotidae,Passeriformes
Dryoscopus pringlii,Malaconotidae,Passeriformes
Dryoscopus sabini,Malaconotidae,Passeriformes
Dryoscopus senegalensis,Malaconotidae,Passeriformes
Laniarius aethiopicus,Malaconotidae,Passeriformes
Laniarius amboimensis,Malaconotidae,Passeriformes
Laniarius atrococcineus,Malaconotidae,Passeriformes
Laniarius atroflavus,Malaconotidae,Passeriformes
Laniarius barbarus,Malaconotidae,Passeriformes
Laniarius bicolor,Malaconotidae,Passeriformes
Laniarius brauni,Malaconotidae,Passeriformes
Laniarius erythrogaster,Malaconotidae,Passeriformes
Laniarius ferrugineus,Malaconotidae,Passeriformes
Laniarius fuelleborni,Malaconotidae,Passeriformes
Laniarius funebris,Malaconotidae,Passeriformes
Laniarius leucorhynchus,Malaconotidae,Passeriformes
Laniarius luehderi,Malaconotidae,Passeriformes
Laniarius mufumbiri,Malaconotidae,Passeriformes
Laniarius poensis,Malaconotidae,Passeriformes
Laniarius ruficeps,Malaconotidae,Passeriformes
Laniarius turatii,Malaconotidae,Passeriformes
Malaconotus alius,Malaconotidae,Passeriformes
Malaconotus blanchoti,Malaconotidae,Passeriformes
Malaconotus cruentus,Malaconotidae,Passeriformes
Malaconotus gladiator,Malaconotidae,Passeriformes
Malaconotus lagdeni,Malaconotidae,Passeriformes
Malaconotus monteiri,Malaconotidae,Passeriformes
Nilaus afer,Malaconotidae,Passeriformes
Prionops alberti,Malaconotidae,Passeriformes
Prionops caniceps,Malaconotidae,Passeriformes
Prionops gabela,Malaconotidae,Passeriformes
Prionops plumatus,Malaconotidae,Passeriformes
Prionops poliolophus,Malaconotidae,Passeriformes
Prionops retzii,Malaconotidae,Passeriformes
Prionops rufiventris,Malaconotidae,Passeriformes
Prionops scopifrons,Malaconotidae,Passeriformes
Rhodophoneus cruentus,Malaconotidae,Passeriformes
Tchagra australis,Malaconotidae,Passeriformes
Tchagra jamesi,Malaconotidae,Passeriformes
Tchagra minutus,Malaconotidae,Passeriformes
Tchagra senegalus,Malaconotidae,Passeriformes
Tchagra tchagra,Malaconotidae,Passeriformes
Telophorus bocagei,Malaconotidae,Passeriformes
Telophorus dohertyi,Malaconotidae,Passeriformes
Telophorus kupeensis,Malaconotidae,Passeriformes
Telophorus multicolor,Malaconotidae,Passeriformes
Telophorus nigrifrons,Malaconotidae,Passeriformes
Telophorus olivaceus,Malaconotidae,Passeriformes
Telophorus quadricolor,Malaconotidae,Passeriformes
Telophorus sulfureopectus,Malaconotidae,Passeriformes
Telophorus viridis,Malaconotidae,Passeriformes
Telophorus zeylonus,Malaconotidae,Passeriformes
Amytornis ballarae,Maluridae,Passeriformes
Amytornis barbatus,Maluridae,Passeriformes
Amytornis dorotheae,Maluridae,Passeriformes
Amytornis goyderi,Maluridae,Passeriformes
Amytornis housei,Maluridae,Passeriformes
Amytornis merrotsyi,Maluridae,Passeriformes
Amytornis purnelli,Maluridae,Passeriformes
Amytornis striatus,Maluridae,Passeriformes
Amytornis textilis,Maluridae,Passeriformes
Amytornis woodwardi,Maluridae,Passeriformes
Clytomyias insignis,Maluridae,Passeriformes
Malurus alboscapulatus,Maluridae,Passeriformes
Malurus amabilis,Maluridae,Passeriformes
Malurus campbelli,Maluridae,Passeriformes
Malurus coronatus,Maluridae,Passeriformes
Malurus cyaneus,Maluridae,Passeriformes
Malurus cyanocephalus,Maluridae,Passeriformes
Malurus elegans,Maluridae,Passeriformes
Malurus grayi,Maluridae,Passeriformes
Malurus lamberti,Maluridae,Passeriformes
Malurus leucopterus,Maluridae,Passeriformes
Malurus melanocephalus,Maluridae,Passeriformes
Malurus pulcherrimus,Maluridae,Passeriformes
Malurus splendens,Maluridae,Passeriformes
Sipodotus wallacii,Maluridae,Passeriformes
Stipiturus malachurus,Maluridae,Passeriformes
Stipiturus mallee,Maluridae,Passeriformes
Stipiturus ruficeps,Maluridae,Passeriformes
Melanocharis arfakiana,Melanocharitidae,Passeriformes
Melanocharis crassirostris,Melanocharitidae,Passeriformes
Melanocharis longicauda,Melanocharitidae,Passeriformes
Melanocharis nigra,Melanocharitidae,Passeriformes
Melanocharis striativentris,Melanocharitidae,Passeriformes
Melanocharis versteri,Melanocharitidae,Passeriformes
Oedistoma pygmaeum,Melanocharitidae,Passeriformes
Oreocharis arfaki,Melanocharitidae,Passeriformes
Paramythia montium,Melanocharitidae,Passeriformes
Toxorhamphus iliolophus,Melanocharitidae,Passeriformes
Toxorhamphus novaeguineae,Melanocharitidae,Passeriformes
Toxorhamphus poliopterus,Melanocharitidae,Passeriformes
Acanthagenys rufogularis,Meliphagidae,Passeriformes
Acanthorhynchus superciliosus,Meliphagidae,Passeriformes
Acanthorhynchus tenuirostris,Meliphagidae,Passeriformes
Anthochaera carunculata,Meliphagidae,Passeriformes
Anthochaera chrysoptera,Meliphagidae,Passeriformes
Anthochaera lunulata,Meliphagidae,Passeriformes
Anthochaera paradoxa,Meliphagidae,Passeriformes
Anthornis melanura,Meliphagidae,Passeriformes
Ashbyia lovensis,Meliphagidae,Passeriformes
Certhionyx niger,Meliphagidae,Passeriformes
Certhionyx pectoralis,Meliphagidae,Passeriformes
Certhionyx variegatus,Meliphagidae,Passeriformes
Conopophila albogularis,Meliphagidae,Passeriformes
Conopophila rufogularis,Meliphagidae,Passeriformes
Conopophila whitei,Meliphagidae,Passeriformes
Entomyzon cyanotis,Meliphagidae,Passeriformes
Epthianura albifrons,Meliphagidae,Passeriformes
Epthianura aurifrons,Meliphagidae,Passeriformes
Epthianura crocea,Meliphagidae,Passeriformes
Epthianura tricolor,Meliphagidae,Passeriformes
Foulehaio carunculatus,Meliphagidae,Passeriformes
Glycichaera fallax,Meliphagidae,Passeriformes
Grantiella picta,Meliphagidae,Passeriformes
Guadalcanaria inexpectata,Meliphagidae,Passeriformes
Gymnomyza aubryana,Meliphagidae,Passeriformes
Gymnomyza samoensis,Meliphagidae,Passeriformes
Gymnomyza viridis,Meliphagidae,Passeriformes
Lichenostomus chrysops,Meliphagidae,Passeriformes
Lichenostomus cratitius,Meliphagidae,Passeriformes
Lichenostomus fasciogularis,Meliphagidae,Passeriformes
Lichenostomus flavescens,Meliphagidae,Passeriformes
Lichenostomus flavicollis,Meliphagidae,Passeriformes
Lichenostomus flavus,Meliphagidae,Passeriformes
Lichenostomus frenatus,Meliphagidae,Passeriformes
Lichenostomus fuscus,Meliphagidae,Passeriformes
Lichenostomus hindwoodi,Meliphagidae,Passeriformes
Lichenostomus keartlandi,Meliphagidae,Passeriformes
Lichenostomus leucotis,Meliphagidae,Passeriformes
Lichenostomus melanops,Meliphagidae,Passeriformes
Lichenostomus obscurus,Meliphagidae,Passeriformes
Lichenostomus ornatus,Meliphagidae,Passeriformes
Lichenostomus penicillatus,Meliphagidae,Passeriformes
Lichenostomus plumulus,Meliphagidae,Passeriformes
Lichenostomus subfrenatus,Meliphagidae,Passeriformes
Lichenostomus unicolor,Meliphagidae,Passeriformes
Lichenostomus versicolor,Meliphagidae,Passeriformes
Lichenostomus virescens,Meliphagidae,Passeriformes
Lichmera alboauricularis,Meliphagidae,Passeriformes
Lichmera argentauris,Meliphagidae,Passeriformes
Lichmera deningeri,Meliphagidae,Passeriformes
Lichmera flavicans,Meliphagidae,Passeriformes
Lichmera incana,Meliphagidae,Passeriformes
Lichmera indistincta,Meliphagidae,Passeriformes
Lichmera limbata,Meliphagidae,Passeriformes
Lichmera lombokia,Meliphagidae,Passeriformes
Lichmera monticola,Meliphagidae,Passeriformes
Lichmera notabilis,Meliphagidae,Passeriformes
Lichmera squamata,Meliphagidae,Passeriformes
Macgregoria pulchra,Meliphagidae,Passeriformes
Manorina flavigula,Meliphagidae,Passeriformes
Manorina melanocephala,Meliphagidae,Passeriformes
Manorina melanophrys,Meliphagidae,Passeriformes
Manorina melanotis,Meliphagidae,Passeriformes
Melidectes belfordi,Meliphagidae,Passeriformes
Melidectes foersteri,Meliphagidae,Passeriformes
Melidectes fuscus,Meliphagidae,Passeriformes
Melidectes leucostephes,Meliphagidae,Passeriformes
Melidectes nouhuysi,Meliphagidae,Passeriformes
Melidectes ochromelas,Meliphagidae,Passeriformes
Melidectes princeps,Meliphagidae,Passeriformes
Melidectes rufocrissalis,Meliphagidae,Passeriformes
Melidectes sclateri,Meliphagidae,Passeriformes
Melidectes torquatus,Meliphagidae,Passeriformes
Melidectes whitemanensis,Meliphagidae,Passeriformes
Melilestes megarhynchus,Meliphagidae,Passeriformes
Meliphaga albilineata,Meliphagidae,Passeriformes
Meliphaga albonotata,Meliphagidae,Passeriformes
Meliphaga analoga,Meliphagidae,Passeriformes
Meliphaga aruensis,Meliphagidae,Passeriformes
Meliphaga flavirictus,Meliphagidae,Passeriformes
Meliphaga gracilis,Meliphagidae,Passeriformes
Meliphaga lewinii,Meliphagidae,Passeriformes
Meliphaga mimikae,Meliphagidae,Passeriformes
Meliphaga montana,Meliphagidae,Passeriformes
Meliphaga notata,Meliphagidae,Passeriformes
Meliphaga orientalis,Meliphagidae,Passeriformes
Meliphaga reticulata,Meliphagidae,Passeriformes
Meliphaga vicina,Meliphagidae,Passeriformes
Melipotes ater,Meliphagidae,Passeriformes
Melipotes fumigatus,Meliphagidae,Passeriformes
Melipotes gymnops,Meliphagidae,Passeriformes
Melithreptus affinis,Meliphagidae,Passeriformes
Melithreptus albogularis,Meliphagidae,Passeriformes
Melithreptus brevirostris,Meliphagidae,Passeriformes
Melithreptus gularis,Meliphagidae,Passeriformes
Melithreptus lunatus,Meliphagidae,Passeriformes
Melithreptus validirostris,Meliphagidae,Passeriformes
Melitograis gilolensis,Meliphagidae,Passeriformes
Myza celebensis,Meliphagidae,Passeriformes
Myza sarasinorum,Meliphagidae,Passeriformes
Myzomela adolphinae,Meliphagidae,Passeriformes
Myzomela albigula,Meliphagidae,Passeriformes
Myzomela blasii,Meliphagidae,Passeriformes
Myzomela boiei,Meliphagidae,Passeriformes
Myzomela caledonica,Meliphagidae,Passeriformes
Myzomela cardinalis,Meliphagidae,Passeriformes
Myzomela chermesina,Meliphagidae,Passeriformes
Myzomela chloroptera,Meliphagidae,Passeriformes
Myzomela cineracea,Meliphagidae,Passeriformes
Myzomela cruentata,Meliphagidae,Passeriformes
Myzomela dammermani,Meliphagidae,Passeriformes
Myzomela eichhorni,Meliphagidae,Passeriformes
Myzomela eques,Meliphagidae,Passeriformes
Myzomela erythrocephala,Meliphagidae,Passeriformes
Myzomela erythromelas,Meliphagidae,Passeriformes
Myzomela jugularis,Meliphagidae,Passeriformes
Myzomela kuehni,Meliphagidae,Passeriformes
Myzomela lafargei,Meliphagidae,Passeriformes
Myzomela malaitae,Meliphagidae,Passeriformes
Myzomela melanocephala,Meliphagidae,Passeriformes
Myzomela nigrita,Meliphagidae,Passeriformes
Myzomela obscura,Meliphagidae,Passeriformes
Myzomela pammelaena,Meliphagidae,Passeriformes
Myzomela pulchella,Meliphagidae,Passeriformes
Myzomela rosenbergii,Meliphagidae,Passeriformes
Myzomela rubratra,Meliphagidae,Passeriformes
Myzomela sanguinolenta,Meliphagidae,Passeriformes
Myzomela sclateri,Meliphagidae,Passeriformes
Myzomela tristrami,Meliphagidae,Passeriformes
Myzomela vulnerata,Meliphagidae,Passeriformes
Myzomela wakoloensis,Meliphagidae,Passeriformes
Notiomystis cincta,Meliphagidae,Passeriformes
Oreornis chrysogenys,Meliphagidae,Passeriformes
Philemon albitorques,Meliphagidae,Passeriformes
Philemon argenticeps,Meliphagidae,Passeriformes
Philemon brassi,Meliphagidae,Passeriformes
Philemon buceroides,Meliphagidae,Passeriformes
Philemon citreogularis,Meliphagidae,Passeriformes
Philemon cockerelli,Meliphagidae,Passeriformes
Philemon corniculatus,Meliphagidae,Passeriformes
Philemon diemenensis,Meliphagidae,Passeriformes
Philemon eichhorni,Meliphagidae,Passeriformes
Philemon fuscicapillus,Meliphagidae,Passeriformes
Philemon inornatus,Meliphagidae,Passeriformes
Philemon kisserensis,Meliphagidae,Passeriformes
Philemon meyeri,Meliphagidae,Passeriformes
Philemon moluccensis,Meliphagidae,Passeriformes
Philemon novaeguineae,Meliphagidae,Passeriformes
Philemon subcorniculatus,Meliphagidae,Passeriformes
Phylidonyris albifrons,Meliphagidae,Passeriformes
Phylidonyris melanops,Meliphagidae,Passeriformes
Phylidonyris niger,Meliphagidae,Passeriformes
Phylidonyris notabilis,Meliphagidae,Passeriformes
Phylidonyris novaehollandiae,Meliphagidae,Passeriformes
Phylidonyris pyrrhopterus,Meliphagidae,Passeriformes
Phylidonyris undulatus,Meliphagidae,Passeriformes
Plectorhyncha lanceolata,Meliphagidae,Passeriformes
Prosthemadera novaeseelandiae,Meliphagidae,Passeriformes
Ptiloprora erythropleura,Meliphagidae,Passeriformes
Ptiloprora guisei,Meliphagidae,Passeriformes
Ptiloprora mayri,Meliphagidae,Passeriformes
Ptiloprora meekiana,Meliphagidae,Passeriformes
Ptiloprora perstriata,Meliphagidae,Passeriformes
Ptiloprora plumbea,Meliphagidae,Passeriformes
Pycnopygius cinereus,Meliphagidae,Passeriformes
Pycnopygius ixoides,Meliphagidae,Passeriformes
Pycnopygius stictocephalus,Meliphagidae,Passeriformes
Ramsayornis fasciatus,Meliphagidae,Passeriformes
Ramsayornis modestus,Meliphagidae,Passeriformes
Stresemannia bougainvillei,Meliphagidae,Passeriformes
Timeliopsis fulvigula,Meliphagidae,Passeriformes
Timeliopsis griseigula,Meliphagidae,Passeriformes
Trichodere cockerelli,Meliphagidae,Passeriformes
Xanthomyza phrygia,Meliphagidae,Passeriformes
Xanthotis flaviventer,Meliphagidae,Passeriformes
Xanthotis macleayanus,Meliphagidae,Passeriformes
Xanthotis polygrammus,Meliphagidae,Passeriformes
Xanthotis provocator,Meliphagidae,Passeriformes
Menura alberti,Menuridae,Passeriformes
Menura novaehollandiae,Menuridae,Passeriformes
Cinclocerthia gutturalis,Mimidae,Passeriformes
Cinclocerthia ruficauda,Mimidae,Passeriformes
Donacobius atricapilla,Mimidae,Passeriformes
Dumetella carolinensis,Mimidae,Passeriformes
Margarops fuscatus,Mimidae,Passeriformes
Margarops fuscus,Mimidae,Passeriformes
Melanoptila glabrirostris,Mimidae,Passeriformes
Melanotis caerulescens,Mimidae,Passeriformes
Melanotis hypoleucus,Mimidae,Passeriformes
Mimus dorsalis,Mimidae,Passeriformes
Mimus gilvus,Mimidae,Passeriformes
Mimus graysoni,Mimidae,Passeriformes
Mimus gundlachii,Mimidae,Passeriformes
Mimus longicaudatus,Mimidae,Passeriformes
Mimus macdonaldi,Mimidae,Passeriformes
Mimus melanotis,Mimidae,Passeriformes
Mimus parvulus,Mimidae,Passeriformes
Mimus patagonicus,Mimidae,Passeriformes
Mimus polyglottos,Mimidae,Passeriformes
Mimus saturninus,Mimidae,Passeriformes
Mimus thenca,Mimidae,Passeriformes
Mimus trifasciatus,Mimidae,Passeriformes
Mimus triurus,Mimidae,Passeriformes
Oreoscoptes montanus,Mimidae,Passeriformes
Ramphocinclus brachyurus,Mimidae,Passeriformes
Toxostoma bendirei,Mimidae,Passeriformes
Toxostoma cinereum,Mimidae,Passeriformes
Toxostoma crissale,Mimidae,Passeriformes
Toxostoma curvirostre,Mimidae,Passeriformes
Toxostoma guttatum,Mimidae,Passeriformes
Toxostoma lecontei,Mimidae,Passeriformes
Toxostoma longirostre,Mimidae,Passeriformes
Toxostoma ocellatum,Mimidae,Passeriformes
Toxostoma redivivum,Mimidae,Passeriformes
Toxostoma rufum,Mimidae,Passeriformes
Arses insularis,Monarchidae,Passeriformes
Arses kaupi,Monarchidae,Passeriformes
Arses telescophthalmus,Monarchidae,Passeriformes
Chasiempis sandwichensis,Monarchidae,Passeriformes
Clytorhynchus hamlini,Monarchidae,Passeriformes
Clytorhynchus nigrogularis,Monarchidae,Passeriformes
Clytorhynchus pachycephaloides,Monarchidae,Passeriformes
Clytorhynchus sanctaecrucis,Monarchidae,Passeriformes
Clytorhynchus vitiensis,Monarchidae,Passeriformes
Elminia albicauda,Monarchidae,Passeriformes
Elminia albiventris,Monarchidae,Passeriformes
Elminia albonotata,Monarchidae,Passeriformes
Elminia longicauda,Monarchidae,Passeriformes
Elminia nigromitrata,Monarchidae,Passeriformes
Erythrocercus holochlorus,Monarchidae,Passeriformes
Erythrocercus livingstonei,Monarchidae,Passeriformes
Erythrocercus mccallii,Monarchidae,Passeriformes
Eutrichomyias rowleyi,Monarchidae,Passeriformes
Grallina bruijni,Monarchidae,Passeriformes
Grallina cyanoleuca,Monarchidae,Passeriformes
Hypothymis azurea,Monarchidae,Passeriformes
Hypothymis coelestis,Monarchidae,Passeriformes
Hypothymis helenae,Monarchidae,Passeriformes
Lamprolia victoriae,Monarchidae,Passeriformes
Mayrornis lessoni,Monarchidae,Passeriformes
Mayrornis schistaceus,Monarchidae,Passeriformes
Mayrornis versicolor,Monarchidae,Passeriformes
Metabolus rugensis,Monarchidae,Passeriformes
Monarcha axillaris,Monarchidae,Passeriformes
Monarcha barbatus,Monarchidae,Passeriformes
Monarcha boanensis,Monarchidae,Passeriformes
Monarcha brehmii,Monarchidae,Passeriformes
Monarcha browni,Monarchidae,Passeriformes
Monarcha castaneiventris,Monarchidae,Passeriformes
Monarcha castus,Monarchidae,Passeriformes
Monarcha chrysomela,Monarchidae,Passeriformes
Monarcha cinerascens,Monarchidae,Passeriformes
Monarcha erythrostictus,Monarchidae,Passeriformes
Monarcha everetti,Monarchidae,Passeriformes
Monarcha frater,Monarchidae,Passeriformes
Monarcha godeffroyi,Monarchidae,Passeriformes
Monarcha guttula,Monarchidae,Passeriformes
Monarcha infelix,Monarchidae,Passeriformes
Monarcha julianae,Monarchidae,Passeriformes
Monarcha leucotis,Monarchidae,Passeriformes
Monarcha leucurus,Monarchidae,Passeriformes
Monarcha loricatus,Monarchidae,Passeriformes
Monarcha manadensis,Monarchidae,Passeriformes
Monarcha melanopsis,Monarchidae,Passeriformes
Monarcha menckei,Monarchidae,Passeriformes
Monarcha mundus,Monarchidae,Passeriformes
Monarcha pileatus,Monarchidae,Passeriformes
Monarcha richardsii,Monarchidae,Passeriformes
Monarcha rubiensis,Monarchidae,Passeriformes
Monarcha sacerdotum,Monarchidae,Passeriformes
Monarcha takatsukasae,Monarchidae,Passeriformes
Monarcha trivirgatus,Monarchidae,Passeriformes
Monarcha verticalis,Monarchidae,Passeriformes
Monarcha viduus,Monarchidae,Passeriformes
Myiagra albiventris,Monarchidae,Passeriformes
Myiagra alecto,Monarchidae,Passeriformes
Myiagra atra,Monarchidae,Passeriformes
Myiagra azureocapilla,Monarchidae,Passeriformes
Myiagra caledonica,Monarchidae,Passeriformes
Myiagra cervinicauda,Monarchidae,Passeriformes
Myiagra cyanoleuca,Monarchidae,Passeriformes
Myiagra erythrops,Monarchidae,Passeriformes
Myiagra ferrocyanea,Monarchidae,Passeriformes
Myiagra galeata,Monarchidae,Passeriformes
Myiagra hebetior,Monarchidae,Passeriformes
Myiagra inquieta,Monarchidae,Passeriformes
Myiagra oceanica,Monarchidae,Passeriformes
Myiagra pluto,Monarchidae,Passeriformes
Myiagra rubecula,Monarchidae,Passeriformes
Myiagra ruficollis,Monarchidae,Passeriformes
Myiagra vanikorensis,Monarchidae,Passeriformes
Neolalage banksiana,Monarchidae,Passeriformes
Pomarea dimidiata,Monarchidae,Passeriformes
Pomarea iphis,Monarchidae,Passeriformes
Pomarea mendozae,Monarchidae,Passeriformes
Pomarea nigra,Monarchidae,Passeriformes
Pomarea whitneyi,Monarchidae,Passeriformes
Terpsiphone atrocaudata,Monarchidae,Passeriformes
Terpsiphone atrochalybeia,Monarchidae,Passeriformes
Terpsiphone bedfordi,Monarchidae,Passeriformes
Terpsiphone bourbonnensis,Monarchidae,Passeriformes
Terpsiphone cinnamomea,Monarchidae,Passeriformes
Terpsiphone corvina,Monarchidae,Passeriformes
Terpsiphone cyanescens,Monarchidae,Passeriformes
Terpsiphone mutata,Monarchidae,Passeriformes
Terpsiphone paradisi,Monarchidae,Passeriformes
Terpsiphone rufiventer,Monarchidae,Passeriformes
Terpsiphone rufocinerea,Monarchidae,Passeriformes
Terpsiphone smithii,Monarchidae,Passeriformes
Terpsiphone viridis,Monarchidae,Passeriformes
Trochocercus cyanomelas,Monarchidae,Passeriformes
Trochocercus nitens,Monarchidae,Passeriformes
Anthus antarcticus,Motacillidae,Passeriformes
Anthus berthelotii,Motacillidae,Passeriformes
Anthus bogotensis,Motacillidae,Passeriformes
Anthus brachyurus,Motacillidae,Passeriformes
Anthus caffer,Motacillidae,Passeriformes
Anthus campestris,Motacillidae,Passeriformes
Anthus cervinus,Motacillidae,Passeriformes
Anthus chacoensis,Motacillidae,Passeriformes
Anthus chloris,Motacillidae,Passeriformes
Anthus correndera,Motacillidae,Passeriformes
Anthus crenatus,Motacillidae,Passeriformes
Anthus furcatus,Motacillidae,Passeriformes
Anthus godlewskii,Motacillidae,Passeriformes
Anthus gustavi,Motacillidae,Passeriformes
Anthus gutturalis,Motacillidae,Passeriformes
Anthus hellmayri,Motacillidae,Passeriformes
Anthus hodgsoni,Motacillidae,Passeriformes
Anthus hoeschi,Motacillidae,Passeriformes
Anthus leucophrys,Motacillidae,Passeriformes
Anthus lineiventris,Motacillidae,Passeriformes
Anthus longicaudatus,Motacillidae,Passeriformes
Anthus lutescens,Motacillidae,Passeriformes
Anthus melindae,Motacillidae,Passeriformes
Anthus nattereri,Motacillidae,Passeriformes
Anthus nilghiriensis,Motacillidae,Passeriformes
Anthus novaeseelandiae,Motacillidae,Passeriformes
Anthus pallidiventris,Motacillidae,Passeriformes
Anthus petrosus,Motacillidae,Passeriformes
Anthus pratensis,Motacillidae,Passeriformes
Anthus richardi,Motacillidae,Passeriformes
Anthus roseatus,Motacillidae,Passeriformes
Anthus rubescens,Motacillidae,Passeriformes
Anthus rufulus,Motacillidae,Passeriformes
Anthus similis,Motacillidae,Passeriformes
Anthus sokokensis,Motacillidae,Passeriformes
Anthus spinoletta,Motacillidae,Passeriformes
Anthus spragueii,Motacillidae,Passeriformes
Anthus sylvanus,Motacillidae,Passeriformes
Anthus trivialis,Motacillidae,Passeriformes
Anthus vaalensis,Motacillidae,Passeriformes
Dendronanthus indicus,Motacillidae,Passeriformes
Macronyx ameliae,Motacillidae,Passeriformes
Macronyx aurantiigula,Motacillidae,Passeriformes
Macronyx capensis,Motacillidae,Passeriformes
Macronyx croceus,Motacillidae,Passeriformes
Macronyx flavicollis,Motacillidae,Passeriformes
Macronyx fuellebornii,Motacillidae,Passeriformes
Macronyx grimwoodi,Motacillidae,Passeriformes
Macronyx sharpei,Motacillidae,Passeriformes
Motacilla aguimp,Motacillidae,Passeriformes
Motacilla alba,Motacillidae,Passeriformes
Motacilla capensis,Motacillidae,Passeriformes
Motacilla cinerea,Motacillidae,Passeriformes
Motacilla citreola,Motacillidae,Passeriformes
Motacilla clara,Motacillidae,Passeriformes
Motacilla flava,Motacillidae,Passeriformes
Motacilla flaviventris,Motacillidae,Passeriformes
Motacilla grandis,Motacillidae,Passeriformes
Motacilla madaraspatensis,Motacillidae,Passeriformes
Motacilla samveasnae,Motacillidae,Passeriformes
Tmetothylacus tenellus,Motacillidae,Passeriformes
Bradornis infuscatus,Muscicapidae,Passeriformes
Bradornis mariquensis,Muscicapidae,Passeriformes
Bradornis microrhynchus,Muscicapidae,Passeriformes
Bradornis pallidus,Muscicapidae,Passeriformes
Cercomela dubia,Muscicapidae,Passeriformes
Cercomela familiaris,Muscicapidae,Passeriformes
Cercomela fusca,Muscicapidae,Passeriformes
Cercomela melanura,Muscicapidae,Passeriformes
Cercomela schlegelii,Muscicapidae,Passeriformes
Cercomela scotocerca,Muscicapidae,Passeriformes
Cercomela sinuata,Muscicapidae,Passeriformes
Cercomela sordida,Muscicapidae,Passeriformes
Cercomela tractrac,Muscicapidae,Passeriformes
Cercotrichas podobe,Muscicapidae,Passeriformes
Chaimarrornis leucocephalus,Muscicapidae,Passeriformes
Cichladusa arquata,Muscicapidae,Passeriformes
Cichladusa guttata,Muscicapidae,Passeriformes
Cichladusa ruficauda,Muscicapidae,Passeriformes
Cinclidium diana,Muscicapidae,Passeriformes
Cinclidium frontale,Muscicapidae,Passeriformes
Cinclidium leucurum,Muscicapidae,Passeriformes
Copsychus albospecularis,Muscicapidae,Passeriformes
Copsychus cebuensis,Muscicapidae,Passeriformes
Copsychus luzoniensis,Muscicapidae,Passeriformes
Copsychus malabaricus,Muscicapidae,Passeriformes
Copsychus niger,Muscicapidae,Passeriformes
Copsychus saularis,Muscicapidae,Passeriformes
Copsychus sechellarum,Muscicapidae,Passeriformes
Copsychus stricklandii,Muscicapidae,Passeriformes
Cossypha albicapilla,Muscicapidae,Passeriformes
Cossypha anomala,Muscicapidae,Passeriformes
Cossypha archeri,Muscicapidae,Passeriformes
Cossypha caffra,Muscicapidae,Passeriformes
Cossypha cyanocampter,Muscicapidae,Passeriformes
Cossypha dichroa,Muscicapidae,Passeriformes
Cossypha heinrichi,Muscicapidae,Passeriformes
Cossypha heuglini,Muscicapidae,Passeriformes
Cossypha humeralis,Muscicapidae,Passeriformes
Cossypha isabellae,Muscicapidae,Passeriformes
Cossypha natalensis,Muscicapidae,Passeriformes
Cossypha niveicapilla,Muscicapidae,Passeriformes
Cossypha polioptera,Muscicapidae,Passeriformes
Cossypha semirufa,Muscicapidae,Passeriformes
Cossyphicula roberti,Muscicapidae,Passeriformes
Culicicapa ceylonensis,Muscicapidae,Passeriformes
Culicicapa helianthea,Muscicapidae,Passeriformes
Cyanoptila cyanomelana,Muscicapidae,Passeriformes
Cyornis banyumas,Muscicapidae,Passeriformes
Cyornis caerulatus,Muscicapidae,Passeriformes
Cyornis concretus,Muscicapidae,Passeriformes
Cyornis hainanus,Muscicapidae,Passeriformes
Cyornis herioti,Muscicapidae,Passeriformes
Cyornis hoevelli,Muscicapidae,Passeriformes
Cyornis hyacinthinus,Muscicapidae,Passeriformes
Cyornis lemprieri,Muscicapidae,Passeriformes
Cyornis magnirostris,Muscicapidae,Passeriformes
Cyornis omissus,Muscicapidae,Passeriformes
Cyornis pallipes,Muscicapidae,Passeriformes
Cyornis poliogenys,Muscicapidae,Passeriformes
Cyornis rubeculoides,Muscicapidae,Passeriformes
Cyornis ruckii,Muscicapidae,Passeriformes
Cyornis rufigastra,Muscicapidae,Passeriformes
Cyornis sanfordi,Muscicapidae,Passeriformes
Cyornis superbus,Muscicapidae,Passeriformes
Cyornis tickelliae,Muscicapidae,Passeriformes
Cyornis turcosus,Muscicapidae,Passeriformes
Cyornis unicolor,Muscicapidae,Passeriformes
Dioptrornis brunneus,Muscicapidae,Passeriformes
Dioptrornis chocolatinus,Muscicapidae,Passeriformes
Dioptrornis fischeri,Muscicapidae,Passeriformes
Empidornis semipartitus,Muscicapidae,Passeriformes
Enicurus immaculatus,Muscicapidae,Passeriformes
Enicurus leschenaulti,Muscicapidae,Passeriformes
Enicurus maculatus,Muscicapidae,Passeriformes
Enicurus ruficapillus,Muscicapidae,Passeriformes
Enicurus schistaceus,Muscicapidae,Passeriformes
Enicurus scouleri,Muscicapidae,Passeriformes
Enicurus velatus,Muscicapidae,Passeriformes
Erithacus akahige,Muscicapidae,Passeriformes
Erithacus komadori,Muscicapidae,Passeriformes
Erithacus rubecula,Muscicapidae,Passeriformes
Erythropygia barbata,Muscicapidae,Passeriformes
Erythropygia coryphaeus,Muscicapidae,Passeriformes
Erythropygia galactotes,Muscicapidae,Passeriformes
Erythropygia hartlaubi,Muscicapidae,Passeriformes
Erythropygia leucophrys,Muscicapidae,Passeriformes
Erythropygia leucosticta,Muscicapidae,Passeriformes
Erythropygia paena,Muscicapidae,Passeriformes
Erythropygia quadrivirgata,Muscicapidae,Passeriformes
Erythropygia signata,Muscicapidae,Passeriformes
Eumyias albicaudatus,Muscicapidae,Passeriformes
Eumyias indigo,Muscicapidae,Passeriformes
Eumyias panayensis,Muscicapidae,Passeriformes
Eumyias sordidus,Muscicapidae,Passeriformes
Eumyias thalassinus,Muscicapidae,Passeriformes
Ficedula albicilla,Muscicapidae,Passeriformes
Ficedula albicollis,Muscicapidae,Passeriformes
Ficedula basilanica,Muscicapidae,Passeriformes
Ficedula bonthaina,Muscicapidae,Passeriformes
Ficedula buruensis,Muscicapidae,Passeriformes
Ficedula crypta,Muscicapidae,Passeriformes
Ficedula disposita,Muscicapidae,Passeriformes
Ficedula dumetoria,Muscicapidae,Passeriformes
Ficedula harterti,Muscicapidae,Passeriformes
Ficedula henrici,Muscicapidae,Passeriformes
Ficedula hodgsonii,Muscicapidae,Passeriformes
Ficedula hyperythra,Muscicapidae,Passeriformes
Ficedula hypoleuca,Muscicapidae,Passeriformes
Ficedula monileger,Muscicapidae,Passeriformes
Ficedula mugimaki,Muscicapidae,Passeriformes
Ficedula narcissina,Muscicapidae,Passeriformes
Ficedula nigrorufa,Muscicapidae,Passeriformes
Ficedula parva,Muscicapidae,Passeriformes
Ficedula platenae,Muscicapidae,Passeriformes
Ficedula rufigula,Muscicapidae,Passeriformes
Ficedula sapphira,Muscicapidae,Passeriformes
Ficedula semitorquata,Muscicapidae,Passeriformes
Ficedula solitaris,Muscicapidae,Passeriformes
Ficedula strophiata,Muscicapidae,Passeriformes
Ficedula subrubra,Muscicapidae,Passeriformes
Ficedula superciliaris,Muscicapidae,Passeriformes
Ficedula timorensis,Muscicapidae,Passeriformes
Ficedula tricolor,Muscicapidae,Passeriformes
Ficedula westermanni,Muscicapidae,Passeriformes
Ficedula zanthopygia,Muscicapidae,Passeriformes
Fraseria cinerascens,Muscicapidae,Passeriformes
Fraseria ocreata,Muscicapidae,Passeriformes
Grandala coelicolor,Muscicapidae,Passeriformes
Hodgsonius phaenicuroides,Muscicapidae,Passeriformes
Humblotia flavirostris,Muscicapidae,Passeriformes
Irania gutturalis,Muscicapidae,Passeriformes
Luscinia brunnea,Muscicapidae,Passeriformes
Luscinia calliope,Muscicapidae,Passeriformes
Luscinia cyane,Muscicapidae,Passeriformes
Luscinia luscinia,Muscicapidae,Passeriformes
Luscinia megarhynchos,Muscicapidae,Passeriformes
Luscinia obscura,Muscicapidae,Passeriformes
Luscinia pectardens,Muscicapidae,Passeriformes
Luscinia pectoralis,Muscicapidae,Passeriformes
Luscinia ruficeps,Muscicapidae,Passeriformes
Luscinia sibilans,Muscicapidae,Passeriformes
Luscinia svecica,Muscicapidae,Passeriformes
Melaenornis annamarulae,Muscicapidae,Passeriformes
Melaenornis ardesiacus,Muscicapidae,Passeriformes
Melaenornis edolioides,Muscicapidae,Passeriformes
Melaenornis pammelaina,Muscicapidae,Passeriformes
Modulatrix orostruthus,Muscicapidae,Passeriformes
Modulatrix stictigula,Muscicapidae,Passeriformes
Monticola angolensis,Muscicapidae,Passeriformes
Monticola brevipes,Muscicapidae,Passeriformes
Monticola cinclorhynchus,Muscicapidae,Passeriformes
Monticola erythronotus,Muscicapidae,Passeriformes
Monticola explorator,Muscicapidae,Passeriformes
Monticola gularis,Muscicapidae,Passeriformes
Monticola imerinus,Muscicapidae,Passeriformes
Monticola rufiventris,Muscicapidae,Passeriformes
Monticola rufocinereus,Muscicapidae,Passeriformes
Monticola rupestris,Muscicapidae,Passeriformes
Monticola saxatilis,Muscicapidae,Passeriformes
Monticola sharpei,Muscicapidae,Passeriformes
Monticola solitarius,Muscicapidae,Passeriformes
Muscicapa adusta,Muscicapidae,Passeriformes
Muscicapa aquatica,Muscicapidae,Passeriformes
Muscicapa boehmi,Muscicapidae,Passeriformes
Muscicapa caerulescens,Muscicapidae,Passeriformes
Muscicapa cassini,Muscicapidae,Passeriformes
Muscicapa comitata,Muscicapidae,Passeriformes
Muscicapa dauurica,Muscicapidae,Passeriformes
Muscicapa epulata,Muscicapidae,Passeriformes
Muscicapa ferruginea,Muscicapidae,Passeriformes
Muscicapa gambagae,Muscicapidae,Passeriformes
Muscicapa griseisticta,Muscicapidae,Passeriformes
Muscicapa infuscata,Muscicapidae,Passeriformes
Muscicapa lendu,Muscicapidae,Passeriformes
Muscicapa muttui,Muscicapidae,Passeriformes
Muscicapa olivascens,Muscicapidae,Passeriformes
Muscicapa randi,Muscicapidae,Passeriformes
Muscicapa ruficauda,Muscicapidae,Passeriformes
Muscicapa segregata,Muscicapidae,Passeriformes
Muscicapa sethsmithi,Muscicapidae,Passeriformes
Muscicapa sibirica,Muscicapidae,Passeriformes
Muscicapa striata,Muscicapidae,Passeriformes
Muscicapa tessmanni,Muscicapidae,Passeriformes
Muscicapa ussheri,Muscicapidae,Passeriformes
Muscicapella hodgsoni,Muscicapidae,Passeriformes
Myiomela albiventris,Muscicapidae,Passeriformes
Myiomela major,Muscicapidae,Passeriformes
Myioparus griseigularis,Muscicapidae,Passeriformes
Myioparus plumbeus,Muscicapidae,Passeriformes
Myrmecocichla aethiops,Muscicapidae,Passeriformes
Myrmecocichla albifrons,Muscicapidae,Passeriformes
Myrmecocichla arnoti,Muscicapidae,Passeriformes
Myrmecocichla cinnamomeiventris,Muscicapidae,Passeriformes
Myrmecocichla formicivora,Muscicapidae,Passeriformes
Myrmecocichla melaena,Muscicapidae,Passeriformes
Myrmecocichla nigra,Muscicapidae,Passeriformes
Myrmecocichla semirufa,Muscicapidae,Passeriformes
Myrmecocichla tholloni,Muscicapidae,Passeriformes
Namibornis herero,Muscicapidae,Passeriformes
Niltava davidi,Muscicapidae,Passeriformes
Niltava grandis,Muscicapidae,Passeriformes
Niltava macgrigoriae,Muscicapidae,Passeriformes
Niltava sumatrana,Muscicapidae,Passeriformes
Niltava sundara,Muscicapidae,Passeriformes
Niltava vivida,Muscicapidae,Passeriformes
Oenanthe albonigra,Muscicapidae,Passeriformes
Oenanthe bifasciata,Muscicapidae,Passeriformes
Oenanthe bottae,Muscicapidae,Passeriformes
Oenanthe chrysopygia,Muscicapidae,Passeriformes
Oenanthe cypriaca,Muscicapidae,Passeriformes
Oenanthe deserti,Muscicapidae,Passeriformes
Oenanthe finschii,Muscicapidae,Passeriformes
Oenanthe hispanica,Muscicapidae,Passeriformes
Oenanthe isabellina,Muscicapidae,Passeriformes
Oenanthe leucopyga,Muscicapidae,Passeriformes
Oenanthe leucura,Muscicapidae,Passeriformes
Oenanthe lugens,Muscicapidae,Passeriformes
Oenanthe lugentoides,Muscicapidae,Passeriformes
Oenanthe moesta,Muscicapidae,Passeriformes
Oenanthe monacha,Muscicapidae,Passeriformes
Oenanthe monticola,Muscicapidae,Passeriformes
Oenanthe oenanthe,Muscicapidae,Passeriformes
Oenanthe phillipsi,Muscicapidae,Passeriformes
Oenanthe picata,Muscicapidae,Passeriformes
Oenanthe pileata,Muscicapidae,Passeriformes
Oenanthe pleschanka,Muscicapidae,Passeriformes
Oenanthe xanthoprymna,Muscicapidae,Passeriformes
Philentoma pyrhoptera,Muscicapidae,Passeriformes
Philentoma velata,Muscicapidae,Passeriformes
Phoenicurus alaschanicus,Muscicapidae,Passeriformes
Phoenicurus auroreus,Muscicapidae,Passeriformes
Phoenicurus caeruleocephala,Muscicapidae,Passeriformes
Phoenicurus erythrogastrus,Muscicapidae,Passeriformes
Phoenicurus erythronotus,Muscicapidae,Passeriformes
Phoenicurus frontalis,Muscicapidae,Passeriformes
Phoenicurus hodgsoni,Muscicapidae,Passeriformes
Phoenicurus moussieri,Muscicapidae,Passeriformes
Phoenicurus ochruros,Muscicapidae,Passeriformes
Phoenicurus phoenicurus,Muscicapidae,Passeriformes
Phoenicurus schisticeps,Muscicapidae,Passeriformes
Pinarornis plumosus,Muscicapidae,Passeriformes
Pogonocichla stellata,Muscicapidae,Passeriformes
Rhinomyias additus,Muscicapidae,Passeriformes
Rhinomyias albigularis,Muscicapidae,Passeriformes
Rhinomyias brunneatus,Muscicapidae,Passeriformes
Rhinomyias colonus,Muscicapidae,Passeriformes
Rhinomyias goodfellowi,Muscicapidae,Passeriformes
Rhinomyias gularis,Muscicapidae,Passeriformes
Rhinomyias insignis,Muscicapidae,Passeriformes
Rhinomyias olivaceus,Muscicapidae,Passeriformes
Rhinomyias oscillans,Muscicapidae,Passeriformes
Rhinomyias ruficauda,Muscicapidae,Passeriformes
Rhinomyias umbratilis,Muscicapidae,Passeriformes
Rhyacornis bicolor,Muscicapidae,Passeriformes
Rhyacornis fuliginosa,Muscicapidae,Passeriformes
Saxicola caprata,Muscicapidae,Passeriformes
Saxicola dacotiae,Muscicapidae,Passeriformes
Saxicola ferreus,Muscicapidae,Passeriformes
Saxicola gutturalis,Muscicapidae,Passeriformes
Saxicola insignis,Muscicapidae,Passeriformes
Saxicola jerdoni,Muscicapidae,Passeriformes
Saxicola leucurus,Muscicapidae,Passeriformes
Saxicola macrorhynchus,Muscicapidae,Passeriformes
Saxicola rubetra,Muscicapidae,Passeriformes
Saxicola tectes,Muscicapidae,Passeriformes
Saxicola torquatus,Muscicapidae,Passeriformes
Saxicoloides fulicatus,Muscicapidae,Passeriformes
Sheppardia aequatorialis,Muscicapidae,Passeriformes
Sheppardia aurantiithorax,Muscicapidae,Passeriformes
Sheppardia bocagei,Muscicapidae,Passeriformes
Sheppardia cyornithopsis,Muscicapidae,Passeriformes
Sheppardia gabela,Muscicapidae,Passeriformes
Sheppardia gunningi,Muscicapidae,Passeriformes
Sheppardia lowei,Muscicapidae,Passeriformes
Sheppardia montana,Muscicapidae,Passeriformes
Sheppardia sharpei,Muscicapidae,Passeriformes
Sigelus silens,Muscicapidae,Passeriformes
Stenostira scita,Muscicapidae,Passeriformes
Stiphrornis erythrothorax,Muscicapidae,Passeriformes
Swynnertonia swynnertoni,Muscicapidae,Passeriformes
Tarsiger chrysaeus,Muscicapidae,Passeriformes
Tarsiger cyanurus,Muscicapidae,Passeriformes
Tarsiger hyperythrus,Muscicapidae,Passeriformes
Tarsiger indicus,Muscicapidae,Passeriformes
Tarsiger johnstoniae,Muscicapidae,Passeriformes
Trichixos pyrropygus,Muscicapidae,Passeriformes
Xenocopsychus ansorgei,Muscicapidae,Passeriformes
Aethopyga bella,Nectariniidae,Passeriformes
Aethopyga boltoni,Nectariniidae,Passeriformes
Aethopyga christinae,Nectariniidae,Passeriformes
Aethopyga duyvenbodei,Nectariniidae,Passeriformes
Aethopyga eximia,Nectariniidae,Passeriformes
Aethopyga flagrans,Nectariniidae,Passeriformes
Aethopyga gouldiae,Nectariniidae,Passeriformes
Aethopyga ignicauda,Nectariniidae,Passeriformes
Aethopyga linaraborae,Nectariniidae,Passeriformes
Aethopyga mystacalis,Nectariniidae,Passeriformes
Aethopyga nipalensis,Nectariniidae,Passeriformes
Aethopyga primigenia,Nectariniidae,Passeriformes
Aethopyga pulcherrima,Nectariniidae,Passeriformes
Aethopyga saturata,Nectariniidae,Passeriformes
Aethopyga shelleyi,Nectariniidae,Passeriformes
Aethopyga siparaja,Nectariniidae,Passeriformes
Anthreptes anchietae,Nectariniidae,Passeriformes
Anthreptes aurantium,Nectariniidae,Passeriformes
Anthreptes collaris,Nectariniidae,Passeriformes
Anthreptes fraseri,Nectariniidae,Passeriformes
Anthreptes gabonicus,Nectariniidae,Passeriformes
Anthreptes longuemarei,Nectariniidae,Passeriformes
Anthreptes malacensis,Nectariniidae,Passeriformes
Anthreptes metallicus,Nectariniidae,Passeriformes
Anthreptes neglectus,Nectariniidae,Passeriformes
Anthreptes orientalis,Nectariniidae,Passeriformes
Anthreptes pallidigaster,Nectariniidae,Passeriformes
Anthreptes platurus,Nectariniidae,Passeriformes
Anthreptes rectirostris,Nectariniidae,Passeriformes
Anthreptes reichenowi,Nectariniidae,Passeriformes
Anthreptes rhodolaemus,Nectariniidae,Passeriformes
Anthreptes rubritorques,Nectariniidae,Passeriformes
Anthreptes simplex,Nectariniidae,Passeriformes
Anthreptes singalensis,Nectariniidae,Passeriformes
Arachnothera affinis,Nectariniidae,Passeriformes
Arachnothera chrysogenys,Nectariniidae,Passeriformes
Arachnothera clarae,Nectariniidae,Passeriformes
Arachnothera crassirostris,Nectariniidae,Passeriformes
Arachnothera everetti,Nectariniidae,Passeriformes
Arachnothera flavigaster,Nectariniidae,Passeriformes
Arachnothera juliae,Nectariniidae,Passeriformes
Arachnothera longirostra,Nectariniidae,Passeriformes
Arachnothera magna,Nectariniidae,Passeriformes
Arachnothera robusta,Nectariniidae,Passeriformes
Hypogramma hypogrammicum,Nectariniidae,Passeriformes
Nectarinia adelberti,Nectariniidae,Passeriformes
Nectarinia afra,Nectariniidae,Passeriformes
Nectarinia alinae,Nectariniidae,Passeriformes
Nectarinia amethystina,Nectariniidae,Passeriformes
Nectarinia asiatica,Nectariniidae,Passeriformes
Nectarinia aspasia,Nectariniidae,Passeriformes
Nectarinia balfouri,Nectariniidae,Passeriformes
Nectarinia bannermani,Nectariniidae,Passeriformes
Nectarinia batesi,Nectariniidae,Passeriformes
Nectarinia bifasciata,Nectariniidae,Passeriformes
Nectarinia bocagii,Nectariniidae,Passeriformes
Nectarinia bouvieri,Nectariniidae,Passeriformes
Nectarinia buettikoferi,Nectariniidae,Passeriformes
Nectarinia calcostetha,Nectariniidae,Passeriformes
Nectarinia chalcomelas,Nectariniidae,Passeriformes
Nectarinia chalybea,Nectariniidae,Passeriformes
Nectarinia chloropygia,Nectariniidae,Passeriformes
Nectarinia coccinigaster,Nectariniidae,Passeriformes
Nectarinia comorensis,Nectariniidae,Passeriformes
Nectarinia congensis,Nectariniidae,Passeriformes
Nectarinia coquerellii,Nectariniidae,Passeriformes
Nectarinia cuprea,Nectariniidae,Passeriformes
Nectarinia cyanolaema,Nectariniidae,Passeriformes
Nectarinia dussumieri,Nectariniidae,Passeriformes
Nectarinia erythrocerca,Nectariniidae,Passeriformes
Nectarinia famosa,Nectariniidae,Passeriformes
Nectarinia fuelleborni,Nectariniidae,Passeriformes
Nectarinia fuliginosa,Nectariniidae,Passeriformes
Nectarinia fusca,Nectariniidae,Passeriformes
Nectarinia habessinica,Nectariniidae,Passeriformes
Nectarinia hartlaubii,Nectariniidae,Passeriformes
Nectarinia humbloti,Nectariniidae,Passeriformes
Nectarinia hunteri,Nectariniidae,Passeriformes
Nectarinia johannae,Nectariniidae,Passeriformes
Nectarinia johnstoni,Nectariniidae,Passeriformes
Nectarinia jugularis,Nectariniidae,Passeriformes
Nectarinia kilimensis,Nectariniidae,Passeriformes
Nectarinia lotenia,Nectariniidae,Passeriformes
Nectarinia loveridgei,Nectariniidae,Passeriformes
Nectarinia ludovicensis,Nectariniidae,Passeriformes
Nectarinia manoensis,Nectariniidae,Passeriformes
Nectarinia mariquensis,Nectariniidae,Passeriformes
Nectarinia mediocris,Nectariniidae,Passeriformes
Nectarinia minima,Nectariniidae,Passeriformes
Nectarinia minulla,Nectariniidae,Passeriformes
Nectarinia moreaui,Nectariniidae,Passeriformes
Nectarinia nectarinioides,Nectariniidae,Passeriformes
Nectarinia neergardi,Nectariniidae,Passeriformes
Nectarinia newtonii,Nectariniidae,Passeriformes
Nectarinia notata,Nectariniidae,Passeriformes
Nectarinia olivacea,Nectariniidae,Passeriformes
Nectarinia oritis,Nectariniidae,Passeriformes
Nectarinia osea,Nectariniidae,Passeriformes
Nectarinia oustaleti,Nectariniidae,Passeriformes
Nectarinia pembae,Nectariniidae,Passeriformes
Nectarinia preussi,Nectariniidae,Passeriformes
Nectarinia pulchella,Nectariniidae,Passeriformes
Nectarinia purpureiventris,Nectariniidae,Passeriformes
Nectarinia regia,Nectariniidae,Passeriformes
Nectarinia reichenbachii,Nectariniidae,Passeriformes
Nectarinia reichenowi,Nectariniidae,Passeriformes
Nectarinia rockefelleri,Nectariniidae,Passeriformes
Nectarinia rubescens,Nectariniidae,Passeriformes
Nectarinia rufipennis,Nectariniidae,Passeriformes
Nectarinia seimundi,Nectariniidae,Passeriformes
Nectarinia senegalensis,Nectariniidae,Passeriformes
Nectarinia shelleyi,Nectariniidae,Passeriformes
Nectarinia solaris,Nectariniidae,Passeriformes
Nectarinia sovimanga,Nectariniidae,Passeriformes
Nectarinia sperata,Nectariniidae,Passeriformes
Nectarinia stuhlmanni,Nectariniidae,Passeriformes
Nectarinia superba,Nectariniidae,Passeriformes
Nectarinia tacazze,Nectariniidae,Passeriformes
Nectarinia talatala,Nectariniidae,Passeriformes
Nectarinia thomensis,Nectariniidae,Passeriformes
Nectarinia tsavoensis,Nectariniidae,Passeriformes
Nectarinia ursulae,Nectariniidae,Passeriformes
Nectarinia venusta,Nectariniidae,Passeriformes
Nectarinia veroxii,Nectariniidae,Passeriformes
Nectarinia verticalis,Nectariniidae,Passeriformes
Nectarinia violacea,Nectariniidae,Passeriformes
Nectarinia zeylonica,Nectariniidae,Passeriformes
Daphoenositta chrysoptera,Neosittidae,Passeriformes
Daphoenositta miranda,Neosittidae,Passeriformes
Oriolus albiloris,Oriolidae,Passeriformes
Oriolus auratus,Oriolidae,Passeriformes
Oriolus bouroensis,Oriolidae,Passeriformes
Oriolus brachyrhynchus,Oriolidae,Passeriformes
Oriolus chinensis,Oriolidae,Passeriformes
Oriolus chlorocephalus,Oriolidae,Passeriformes
Oriolus crassirostris,Oriolidae,Passeriformes
Oriolus cruentus,Oriolidae,Passeriformes
Oriolus flavocinctus,Oriolidae,Passeriformes
Oriolus forsteni,Oriolidae,Passeriformes
Oriolus hosii,Oriolidae,Passeriformes
Oriolus isabellae,Oriolidae,Passeriformes
Oriolus larvatus,Oriolidae,Passeriformes
Oriolus melanotis,Oriolidae,Passeriformes
Oriolus mellianus,Oriolidae,Passeriformes
Oriolus monacha,Oriolidae,Passeriformes
Oriolus nigripennis,Oriolidae,Passeriformes
Oriolus oriolus,Oriolidae,Passeriformes
Oriolus percivali,Oriolidae,Passeriformes
Oriolus phaeochromus,Oriolidae,Passeriformes
Oriolus sagittatus,Oriolidae,Passeriformes
Oriolus steerii,Oriolidae,Passeriformes
Oriolus szalayi,Oriolidae,Passeriformes
Oriolus tenuirostris,Oriolidae,Passeriformes
Oriolus traillii,Oriolidae,Passeriformes
Oriolus xanthonotus,Oriolidae,Passeriformes
Oriolus xanthornus,Oriolidae,Passeriformes
Sphecotheres hypoleucus,Oriolidae,Passeriformes
Sphecotheres vieilloti,Oriolidae,Passeriformes
Sphecotheres viridis,Oriolidae,Passeriformes
Ifrita kowaldi,Orthonychidae,Passeriformes
Melampitta gigantea,Orthonychidae,Passeriformes
Melampitta lugubris,Orthonychidae,Passeriformes
Orthonyx novaeguineae,Orthonychidae,Passeriformes
Orthonyx spaldingii,Orthonychidae,Passeriformes
Orthonyx temminckii,Orthonychidae,Passeriformes
Aleadryas rufinucha,Pachycephalidae,Passeriformes
Coracornis raveni,Pachycephalidae,Passeriformes
Hylocitrea bonensis,Pachycephalidae,Passeriformes
Pachycare flavogriseum,Pachycephalidae,Passeriformes
Pachycephala albiventris,Pachycephalidae,Passeriformes
Pachycephala arctitorquis,Pachycephalidae,Passeriformes
Pachycephala aurea,Pachycephalidae,Passeriformes
Pachycephala caledonica,Pachycephalidae,Passeriformes
Pachycephala flavifrons,Pachycephalidae,Passeriformes
Pachycephala griseonota,Pachycephalidae,Passeriformes
Pachycephala grisola,Pachycephalidae,Passeriformes
Pachycephala homeyeri,Pachycephalidae,Passeriformes
Pachycephala hyperythra,Pachycephalidae,Passeriformes
Pachycephala hypoxantha,Pachycephalidae,Passeriformes
Pachycephala implicata,Pachycephalidae,Passeriformes
Pachycephala inornata,Pachycephalidae,Passeriformes
Pachycephala jacquinoti,Pachycephalidae,Passeriformes
Pachycephala lanioides,Pachycephalidae,Passeriformes
Pachycephala leucogastra,Pachycephalidae,Passeriformes
Pachycephala lorentzi,Pachycephalidae,Passeriformes
Pachycephala melanura,Pachycephalidae,Passeriformes
Pachycephala meyeri,Pachycephalidae,Passeriformes
Pachycephala modesta,Pachycephalidae,Passeriformes
Pachycephala monacha,Pachycephalidae,Passeriformes
Pachycephala nudigula,Pachycephalidae,Passeriformes
Pachycephala olivacea,Pachycephalidae,Passeriformes
Pachycephala orpheus,Pachycephalidae,Passeriformes
Pachycephala pectoralis,Pachycephalidae,Passeriformes
Pachycephala phaionota,Pachycephalidae,Passeriformes
Pachycephala philippinensis,Pachycephalidae,Passeriformes
Pachycephala rufiventris,Pachycephalidae,Passeriformes
Pachycephala rufogularis,Pachycephalidae,Passeriformes
Pachycephala schlegelii,Pachycephalidae,Passeriformes
Pachycephala simplex,Pachycephalidae,Passeriformes
Pachycephala soror,Pachycephalidae,Passeriformes
Pachycephala sulfuriventer,Pachycephalidae,Passeriformes
Rhagologus leucostigma,Pachycephalidae,Passeriformes
Astrapia mayeri,Paradisaeidae,Passeriformes
Astrapia nigra,Paradisaeidae,Passeriformes
Astrapia rothschildi,Paradisaeidae,Passeriformes
Astrapia splendidissima,Paradisaeidae,Passeriformes
Astrapia stephaniae,Paradisaeidae,Passeriformes
Cicinnurus magnificus,Paradisaeidae,Passeriformes
Cicinnurus regius,Paradisaeidae,Passeriformes
Cicinnurus respublica,Paradisaeidae,Passeriformes
Epimachus albertisi,Paradisaeidae,Passeriformes
Epimachus bruijnii,Paradisaeidae,Passeriformes
Epimachus fastuosus,Paradisaeidae,Passeriformes
Epimachus meyeri,Paradisaeidae,Passeriformes
Lophorina superba,Paradisaeidae,Passeriformes
Lycocorax pyrrhopterus,Paradisaeidae,Passeriformes
Manucodia ater,Paradisaeidae,Passeriformes
Manucodia chalybatus,Paradisaeidae,Passeriformes
Manucodia comrii,Paradisaeidae,Passeriformes
Manucodia jobiensis,Paradisaeidae,Passeriformes
Manucodia keraudrenii,Paradisaeidae,Passeriformes
Paradigalla brevicauda,Paradisaeidae,Passeriformes
Paradigalla carunculata,Paradisaeidae,Passeriformes
Paradisaea apoda,Paradisaeidae,Passeriformes
Paradisaea decora,Paradisaeidae,Passeriformes
Paradisaea guilielmi,Paradisaeidae,Passeriformes
Paradisaea minor,Paradisaeidae,Passeriformes
Paradisaea raggiana,Paradisaeidae,Passeriformes
Paradisaea rubra,Paradisaeidae,Passeriformes
Paradisaea rudolphi,Paradisaeidae,Passeriformes
Parotia carolae,Paradisaeidae,Passeriformes
Parotia helenae,Paradisaeidae,Passeriformes
Parotia lawesii,Paradisaeidae,Passeriformes
Parotia sefilata,Paradisaeidae,Passeriformes
Parotia wahnesi,Paradisaeidae,Passeriformes
Pteridophora alberti,Paradisaeidae,Passeriformes
Ptiloris intercedens,Paradisaeidae,Passeriformes
Ptiloris magnificus,Paradisaeidae,Passeriformes
Ptiloris paradiseus,Paradisaeidae,Passeriformes
Ptiloris victoriae,Paradisaeidae,Passeriformes
Seleucidis melanoleucus,Paradisaeidae,Passeriformes
Semioptera wallacii,Paradisaeidae,Passeriformes
Pardalotus punctatus,Pardalotidae,Passeriformes
Pardalotus quadragintus,Pardalotidae,Passeriformes
Pardalotus rubricatus,Pardalotidae,Passeriformes
Pardalotus striatus,Pardalotidae,Passeriformes
Baeolophus atricristatus,Paridae,Passeriformes
Baeolophus bicolor,Paridae,Passeriformes
Baeolophus inornatus,Paridae,Passeriformes
Baeolophus ridgwayi,Paridae,Passeriformes
Baeolophus wollweberi,Paridae,Passeriformes
Melanochlora sultanea,Paridae,Passeriformes
Parus afer,Paridae,Passeriformes
Parus albiventris,Paridae,Passeriformes
Parus amabilis,Paridae,Passeriformes
Parus ater,Paridae,Passeriformes
Parus atricapillus,Paridae,Passeriformes
Parus caeruleus,Paridae,Passeriformes
Parus carolinensis,Paridae,Passeriformes
Parus carpi,Paridae,Passeriformes
Parus cinctus,Paridae,Passeriformes
Parus cinerascens,Paridae,Passeriformes
Parus cristatus,Paridae,Passeriformes
Parus cyanus,Paridae,Passeriformes
Parus davidi,Paridae,Passeriformes
Parus dichrous,Paridae,Passeriformes
Parus elegans,Paridae,Passeriformes
Parus fasciiventer,Paridae,Passeriformes
Parus fringillinus,Paridae,Passeriformes
Parus funereus,Paridae,Passeriformes
Parus gambeli,Paridae,Passeriformes
Parus griseiventris,Paridae,Passeriformes
Parus holsti,Paridae,Passeriformes
Parus hudsonicus,Paridae,Passeriformes
Parus hypermelaenus,Paridae,Passeriformes
Parus leucomelas,Paridae,Passeriformes
Parus leuconotus,Paridae,Passeriformes
Parus lugubris,Paridae,Passeriformes
Parus major,Paridae,Passeriformes
Parus montanus,Paridae,Passeriformes
Parus monticolus,Paridae,Passeriformes
Parus niger,Paridae,Passeriformes
Parus nuchalis,Paridae,Passeriformes
Parus palustris,Paridae,Passeriformes
Parus rubidiventris,Paridae,Passeriformes
Parus rufescens,Paridae,Passeriformes
Parus rufiventris,Paridae,Passeriformes
Parus rufonuchalis,Paridae,Passeriformes
Parus sclateri,Paridae,Passeriformes
Parus semilarvatus,Paridae,Passeriformes
Parus spilonotus,Paridae,Passeriformes
Parus superciliosus,Paridae,Passeriformes
Parus teneriffae,Paridae,Passeriformes
Parus thruppi,Paridae,Passeriformes
Parus varius,Paridae,Passeriformes
Parus venustulus,Paridae,Passeriformes
Parus xanthogenys,Paridae,Passeriformes
Pseudopodoces humilis,Paridae,Passeriformes
Sylviparus modestus,Paridae,Passeriformes
Basileuterus basilicus,Parulidae,Passeriformes
Basileuterus belli,Parulidae,Passeriformes
Basileuterus bivittatus,Parulidae,Passeriformes
Basileuterus chlorophrys,Parulidae,Passeriformes
Basileuterus chrysogaster,Parulidae,Passeriformes
Basileuterus cinereicollis,Parulidae,Passeriformes
Basileuterus conspicillatus,Parulidae,Passeriformes
Basileuterus coronatus,Parulidae,Passeriformes
Basileuterus culicivorus,Parulidae,Passeriformes
Basileuterus flaveolus,Parulidae,Passeriformes
Basileuterus fraseri,Parulidae,Passeriformes
Basileuterus griseiceps,Parulidae,Passeriformes
Basileuterus hypoleucus,Parulidae,Passeriformes
Basileuterus ignotus,Parulidae,Passeriformes
Basileuterus leucoblepharus,Parulidae,Passeriformes
Basileuterus leucophrys,Parulidae,Passeriformes
Basileuterus luteoviridis,Parulidae,Passeriformes
Basileuterus melanogenys,Parulidae,Passeriformes
Basileuterus nigrocristatus,Parulidae,Passeriformes
Basileuterus rufifrons,Parulidae,Passeriformes
Basileuterus signatus,Parulidae,Passeriformes
Basileuterus trifasciatus,Parulidae,Passeriformes
Basileuterus tristriatus,Parulidae,Passeriformes
Cardellina rubrifrons,Parulidae,Passeriformes
Catharopeza bishopi,Parulidae,Passeriformes
Dendroica adelaidae,Parulidae,Passeriformes
Dendroica aestiva,Parulidae,Passeriformes
Dendroica angelae,Parulidae,Passeriformes
Dendroica caerulescens,Parulidae,Passeriformes
Dendroica castanea,Parulidae,Passeriformes
Dendroica cerulea,Parulidae,Passeriformes
Dendroica chrysoparia,Parulidae,Passeriformes
Dendroica coronata,Parulidae,Passeriformes
Dendroica delicata,Parulidae,Passeriformes
Dendroica discolor,Parulidae,Passeriformes
Dendroica dominica,Parulidae,Passeriformes
Dendroica fusca,Parulidae,Passeriformes
Dendroica graciae,Parulidae,Passeriformes
Dendroica kirtlandii,Parulidae,Passeriformes
Dendroica magnolia,Parulidae,Passeriformes
Dendroica nigrescens,Parulidae,Passeriformes
Dendroica occidentalis,Parulidae,Passeriformes
Dendroica palmarum,Parulidae,Passeriformes
Dendroica pensylvanica,Parulidae,Passeriformes
Dendroica petechia,Parulidae,Passeriformes
Dendroica pharetra,Parulidae,Passeriformes
Dendroica pinus,Parulidae,Passeriformes
Dendroica pityophila,Parulidae,Passeriformes
Dendroica plumbea,Parulidae,Passeriformes
Dendroica striata,Parulidae,Passeriformes
Dendroica subita,Parulidae,Passeriformes
Dendroica tigrina,Parulidae,Passeriformes
Dendroica townsendi,Parulidae,Passeriformes
Dendroica virens,Parulidae,Passeriformes
Dendroica vitellina,Parulidae,Passeriformes
Ergaticus ruber,Parulidae,Passeriformes
Ergaticus versicolor,Parulidae,Passeriformes
Euthlypis lachrymosa,Parulidae,Passeriformes
Geothlypis aequinoctialis,Parulidae,Passeriformes
Geothlypis auricularis,Parulidae,Passeriformes
Geothlypis beldingi,Parulidae,Passeriformes
Geothlypis chiriquensis,Parulidae,Passeriformes
Geothlypis flavovelata,Parulidae,Passeriformes
Geothlypis nelsoni,Parulidae,Passeriformes
Geothlypis poliocephala,Parulidae,Passeriformes
Geothlypis rostrata,Parulidae,Passeriformes
Geothlypis semiflava,Parulidae,Passeriformes
Geothlypis speciosa,Parulidae,Passeriformes
Geothlypis trichas,Parulidae,Passeriformes
Geothlypis velata,Parulidae,Passeriformes
Helmitheros vermivorum,Parulidae,Passeriformes
Icteria virens,Parulidae,Passeriformes
Leucopeza semperi,Parulidae,Passeriformes
Limnothlypis swainsonii,Parulidae,Passeriformes
Microligea palustris,Parulidae,Passeriformes
Mniotilta varia,Parulidae,Passeriformes
Myioborus albifacies,Parulidae,Passeriformes
Myioborus albifrons,Parulidae,Passeriformes
Myioborus brunniceps,Parulidae,Passeriformes
Myioborus cardonai,Parulidae,Passeriformes
Myioborus castaneocapilla,Parulidae,Passeriformes
Myioborus flavivertex,Parulidae,Passeriformes
Myioborus melanocephalus,Parulidae,Passeriformes
Myioborus miniatus,Parulidae,Passeriformes
Myioborus ornatus,Parulidae,Passeriformes
Myioborus pariae,Parulidae,Passeriformes
Myioborus pictus,Parulidae,Passeriformes
Myioborus torquatus,Parulidae,Passeriformes
Oporornis agilis,Parulidae,Passeriformes
Oporornis formosus,Parulidae,Passeriformes
Oporornis philadelphia,Parulidae,Passeriformes
Oporornis tolmiei,Parulidae,Passeriformes
Parula americana,Parulidae,Passeriformes
Parula gutturalis,Parulidae,Passeriformes
Parula pitiayumi,Parulidae,Passeriformes
Parula superciliosa,Parulidae,Passeriformes
Phaeothlypis fulvicauda,Parulidae,Passeriformes
Phaeothlypis rivularis,Parulidae,Passeriformes
Protonotaria citrea,Parulidae,Passeriformes
Seiurus aurocapilla,Parulidae,Passeriformes
Seiurus motacilla,Parulidae,Passeriformes
Seiurus noveboracensis,Parulidae,Passeriformes
Setophaga ruticilla,Parulidae,Passeriformes
Teretistris fernandinae,Parulidae,Passeriformes
Teretistris fornsi,Parulidae,Passeriformes
Vermivora bachmanii,Parulidae,Passeriformes
Vermivora celata,Parulidae,Passeriformes
Vermivora chrysoptera,Parulidae,Passeriformes
Vermivora crissalis,Parulidae,Passeriformes
Vermivora luciae,Parulidae,Passeriformes
Vermivora peregrina,Parulidae,Passeriformes
Vermivora pinus,Parulidae,Passeriformes
Vermivora ruficapilla,Parulidae,Passeriformes
Vermivora virginiae,Parulidae,Passeriformes
Wilsonia canadensis,Parulidae,Passeriformes
Wilsonia citrina,Parulidae,Passeriformes
Wilsonia pusilla,Parulidae,Passeriformes
Xenoligea montana,Parulidae,Passeriformes
Zeledonia coronata,Parulidae,Passeriformes
Histurgops ruficaudus,Passeridae,Passeriformes
Montifringilla adamsi,Passeridae,Passeriformes
Montifringilla blanfordi,Passeridae,Passeriformes
Montifringilla davidiana,Passeridae,Passeriformes
Montifringilla nivalis,Passeridae,Passeriformes
Montifringilla ruficollis,Passeridae,Passeriformes
Montifringilla taczanowskii,Passeridae,Passeriformes
Montifringilla theresae,Passeridae,Passeriformes
Passer ammodendri,Passeridae,Passeriformes
Passer castanopterus,Passeridae,Passeriformes
Passer cordofanicus,Passeridae,Passeriformes
Passer diffusus,Passeridae,Passeriformes
Passer domesticus,Passeridae,Passeriformes
Passer eminibey,Passeridae,Passeriformes
Passer euchlorus,Passeridae,Passeriformes
Passer flaveolus,Passeridae,Passeriformes
Passer gongonensis,Passeridae,Passeriformes
Passer griseus,Passeridae,Passeriformes
Passer hemileucus,Passeridae,Passeriformes
Passer hispaniolensis,Passeridae,Passeriformes
Passer iagoensis,Passeridae,Passeriformes
Passer insularis,Passeridae,Passeriformes
Passer luteus,Passeridae,Passeriformes
Passer melanurus,Passeridae,Passeriformes
Passer moabiticus,Passeridae,Passeriformes
Passer montanus,Passeridae,Passeriformes
Passer motitensis,Passeridae,Passeriformes
Passer pyrrhonotus,Passeridae,Passeriformes
Passer rufocinctus,Passeridae,Passeriformes
Passer rutilans,Passeridae,Passeriformes
Passer shelleyi,Passeridae,Passeriformes
Passer simplex,Passeridae,Passeriformes
Passer suahelicus,Passeridae,Passeriformes
Passer swainsonii,Passeridae,Passeriformes
Petronia brachydactyla,Passeridae,Passeriformes
Petronia dentata,Passeridae,Passeriformes
Petronia petronia,Passeridae,Passeriformes
Petronia pyrgita,Passeridae,Passeriformes
Petronia superciliaris,Passeridae,Passeriformes
Petronia xanthocollis,Passeridae,Passeriformes
Philetairus socius,Passeridae,Passeriformes
Plocepasser donaldsoni,Passeridae,Passeriformes
Plocepasser mahali,Passeridae,Passeriformes
Plocepasser rufoscapulatus,Passeridae,Passeriformes
Plocepasser superciliosus,Passeridae,Passeriformes
Pseudonigrita arnaudi,Passeridae,Passeriformes
Pseudonigrita cabanisi,Passeridae,Passeriformes
Sporopipes frontalis,Passeridae,Passeriformes
Sporopipes squamifrons,Passeridae,Passeriformes
Amalocichla incerta,Petroicidae,Passeriformes
Amalocichla sclateriana,Petroicidae,Passeriformes
Drymodes brunneopygia,Petroicidae,Passeriformes
Drymodes superciliaris,Petroicidae,Passeriformes
Eopsaltria australis,Petroicidae,Passeriformes
Eopsaltria flaviventris,Petroicidae,Passeriformes
Eopsaltria georgiana,Petroicidae,Passeriformes
Eopsaltria griseogularis,Petroicidae,Passeriformes
Eopsaltria pulverulenta,Petroicidae,Passeriformes
Eugerygone rubra,Petroicidae,Passeriformes
Heteromyias albispecularis,Petroicidae,Passeriformes
Melanodryas cucullata,Petroicidae,Passeriformes
Melanodryas vittata,Petroicidae,Passeriformes
Microeca fascinans,Petroicidae,Passeriformes
Microeca flavigaster,Petroicidae,Passeriformes
Microeca flavovirescens,Petroicidae,Passeriformes
Microeca griseoceps,Petroicidae,Passeriformes
Microeca hemixantha,Petroicidae,Passeriformes
Microeca papuana,Petroicidae,Passeriformes
Monachella muelleriana,Petroicidae,Passeriformes
Pachycephalopsis hattamensis,Petroicidae,Passeriformes
Pachycephalopsis poliosoma,Petroicidae,Passeriformes
Peneothello bimaculata,Petroicidae,Passeriformes
Peneothello cryptoleuca,Petroicidae,Passeriformes
Peneothello cyanus,Petroicidae,Passeriformes
Peneothello sigillatus,Petroicidae,Passeriformes
Petroica archboldi,Petroicidae,Passeriformes
Petroica australis,Petroicidae,Passeriformes
Petroica bivittata,Petroicidae,Passeriformes
Petroica goodenovii,Petroicidae,Passeriformes
Petroica macrocephala,Petroicidae,Passeriformes
Petroica multicolor,Petroicidae,Passeriformes
Petroica phoenicea,Petroicidae,Passeriformes
Petroica rodinogaster,Petroicidae,Passeriformes
Petroica rosea,Petroicidae,Passeriformes
Petroica traversi,Petroicidae,Passeriformes
Poecilodryas albonotata,Petroicidae,Passeriformes
Poecilodryas brachyura,Petroicidae,Passeriformes
Poecilodryas cerviniventris,Petroicidae,Passeriformes
Poecilodryas hypoleuca,Petroicidae,Passeriformes
Poecilodryas placens,Petroicidae,Passeriformes
Poecilodryas superciliosa,Petroicidae,Passeriformes
Tregellasia capito,Petroicidae,Passeriformes
Tregellasia leucops,Petroicidae,Passeriformes
Peucedramus taeniatus,Peucedramidae,Passeriformes
Neodrepanis coruscans,Philepittidae,Passeriformes
Neodrepanis hypoxantha,Philepittidae,Passeriformes
Philepitta castanea,Philepittidae,Passeriformes
Philepitta schlegeli,Philepittidae,Passeriformes
Picathartes gymnocephalus,Picathartidae,Passeriformes
Picathartes oreas,Picathartidae,Passeriformes
Antilophia bokermanni,Pipridae,Passeriformes
Antilophia galeata,Pipridae,Passeriformes
Chiroxiphia boliviana,Pipridae,Passeriformes
Chiroxiphia caudata,Pipridae,Passeriformes
Chiroxiphia lanceolata,Pipridae,Passeriformes
Chiroxiphia linearis,Pipridae,Passeriformes
Chiroxiphia pareola,Pipridae,Passeriformes
Corapipo altera,Pipridae,Passeriformes
Corapipo gutturalis,Pipridae,Passeriformes
Corapipo leucorrhoa,Pipridae,Passeriformes
Heterocercus aurantiivertex,Pipridae,Passeriformes
Heterocercus flavivertex,Pipridae,Passeriformes
Heterocercus linteatus,Pipridae,Passeriformes
Ilicura militaris,Pipridae,Passeriformes
Lepidothrix coeruleocapilla,Pipridae,Passeriformes
Lepidothrix coronata,Pipridae,Passeriformes
Lepidothrix iris,Pipridae,Passeriformes
Lepidothrix isidorei,Pipridae,Passeriformes
Lepidothrix nattereri,Pipridae,Passeriformes
Lepidothrix serena,Pipridae,Passeriformes
Lepidothrix suavissima,Pipridae,Passeriformes
Lepidothrix vilasboasi,Pipridae,Passeriformes
Machaeropterus deliciosus,Pipridae,Passeriformes
Machaeropterus pyrocephalus,Pipridae,Passeriformes
Machaeropterus regulus,Pipridae,Passeriformes
Manacus aurantiacus,Pipridae,Passeriformes
Manacus candei,Pipridae,Passeriformes
Manacus manacus,Pipridae,Passeriformes
Manacus vitellinus,Pipridae,Passeriformes
Masius chrysopterus,Pipridae,Passeriformes
Neopelma aurifrons,Pipridae,Passeriformes
Neopelma chrysocephalum,Pipridae,Passeriformes
Neopelma chrysolophum,Pipridae,Passeriformes
Neopelma pallescens,Pipridae,Passeriformes
Neopelma sulphureiventer,Pipridae,Passeriformes
Pipra aureola,Pipridae,Passeriformes
Pipra chloromeros,Pipridae,Passeriformes
Pipra cornuta,Pipridae,Passeriformes
Pipra erythrocephala,Pipridae,Passeriformes
Pipra fasciicauda,Pipridae,Passeriformes
Pipra filicauda,Pipridae,Passeriformes
Pipra mentalis,Pipridae,Passeriformes
Pipra pipra,Pipridae,Passeriformes
Pipra rubrocapilla,Pipridae,Passeriformes
Piprites chloris,Pipridae,Passeriformes
Piprites griseiceps,Pipridae,Passeriformes
Piprites pileata,Pipridae,Passeriformes
Tyranneutes stolzmanni,Pipridae,Passeriformes
Tyranneutes virescens,Pipridae,Passeriformes
Xenopipo atronitens,Pipridae,Passeriformes
Xenopipo flavicapilla,Pipridae,Passeriformes
Xenopipo holochlora,Pipridae,Passeriformes
Xenopipo unicolor,Pipridae,Passeriformes
Xenopipo uniformis,Pipridae,Passeriformes
Pitta anerythra,Pittidae,Passeriformes
Pitta angolensis,Pittidae,Passeriformes
Pitta arcuata,Pittidae,Passeriformes
Pitta baudii,Pittidae,Passeriformes
Pitta brachyura,Pittidae,Passeriformes
Pitta caerulea,Pittidae,Passeriformes
Pitta cyanea,Pittidae,Passeriformes
Pitta dohertyi,Pittidae,Passeriformes
Pitta elegans,Pittidae,Passeriformes
Pitta elliotii,Pittidae,Passeriformes
Pitta erythrogaster,Pittidae,Passeriformes
Pitta granatina,Pittidae,Passeriformes
Pitta guajana,Pittidae,Passeriformes
Pitta gurneyi,Pittidae,Passeriformes
Pitta iris,Pittidae,Passeriformes
Pitta kochi,Pittidae,Passeriformes
Pitta maxima,Pittidae,Passeriformes
Pitta megarhyncha,Pittidae,Passeriformes
Pitta moluccensis,Pittidae,Passeriformes
Pitta nipalensis,Pittidae,Passeriformes
Pitta nympha,Pittidae,Passeriformes
Pitta oatesi,Pittidae,Passeriformes
Pitta phayrei,Pittidae,Passeriformes
Pitta reichenowi,Pittidae,Passeriformes
Pitta schneideri,Pittidae,Passeriformes
Pitta sordida,Pittidae,Passeriformes
Pitta soror,Pittidae,Passeriformes
Pitta steerii,Pittidae,Passeriformes
Pitta superba,Pittidae,Passeriformes
Pitta ussheri,Pittidae,Passeriformes
Pitta venusta,Pittidae,Passeriformes
Pitta versicolor,Pittidae,Passeriformes
Pityriasis gymnocephala,Pityriaseidae,Passeriformes
Batis capensis,Platysteiridae,Passeriformes
Batis crypta,Platysteiridae,Passeriformes
Batis diops,Platysteiridae,Passeriformes
Batis fratrum,Platysteiridae,Passeriformes
Batis ituriensis,Platysteiridae,Passeriformes
Batis margaritae,Platysteiridae,Passeriformes
Batis minima,Platysteiridae,Passeriformes
Batis minor,Platysteiridae,Passeriformes
Batis minulla,Platysteiridae,Passeriformes
Batis mixta,Platysteiridae,Passeriformes
Batis molitor,Platysteiridae,Passeriformes
Batis occulta,Platysteiridae,Passeriformes
Batis orientalis,Platysteiridae,Passeriformes
Batis perkeo,Platysteiridae,Passeriformes
Batis poensis,Platysteiridae,Passeriformes
Batis pririt,Platysteiridae,Passeriformes
Batis senegalensis,Platysteiridae,Passeriformes
Batis soror,Platysteiridae,Passeriformes
Bias musicus,Platysteiridae,Passeriformes
Lanioturdus torquatus,Platysteiridae,Passeriformes
Megabyas flammulatus,Platysteiridae,Passeriformes
Platysteira albifrons,Platysteiridae,Passeriformes
Platysteira blissetti,Platysteiridae,Passeriformes
Platysteira castanea,Platysteiridae,Passeriformes
Platysteira chalybea,Platysteiridae,Passeriformes
Platysteira concreta,Platysteiridae,Passeriformes
Platysteira cyanea,Platysteiridae,Passeriformes
Platysteira jamesoni,Platysteiridae,Passeriformes
Platysteira laticincta,Platysteiridae,Passeriformes
Platysteira peltata,Platysteiridae,Passeriformes
Platysteira tonsa,Platysteiridae,Passeriformes
Amblyospiza albifrons,Ploceidae,Passeriformes
Anaplectes rubriceps,Ploceidae,Passeriformes
Brachycope anomala,Ploceidae,Passeriformes
Bubalornis albirostris,Ploceidae,Passeriformes
Bubalornis niger,Ploceidae,Passeriformes
Dinemellia dinemelli,Ploceidae,Passeriformes
Euplectes afer,Ploceidae,Passeriformes
Euplectes albonotatus,Ploceidae,Passeriformes
Euplectes ardens,Ploceidae,Passeriformes
Euplectes aureus,Ploceidae,Passeriformes
Euplectes axillaris,Ploceidae,Passeriformes
Euplectes capensis,Ploceidae,Passeriformes
Euplectes diadematus,Ploceidae,Passeriformes
Euplectes franciscanus,Ploceidae,Passeriformes
Euplectes gierowii,Ploceidae,Passeriformes
Euplectes hartlaubi,Ploceidae,Passeriformes
Euplectes hordeaceus,Ploceidae,Passeriformes
Euplectes jacksoni,Ploceidae,Passeriformes
Euplectes macroura,Ploceidae,Passeriformes
Euplectes nigroventris,Ploceidae,Passeriformes
Euplectes orix,Ploceidae,Passeriformes
Euplectes progne,Ploceidae,Passeriformes
Euplectes psammocromius,Ploceidae,Passeriformes
Foudia eminentissima,Ploceidae,Passeriformes
Foudia flavicans,Ploceidae,Passeriformes
Foudia madagascariensis,Ploceidae,Passeriformes
Foudia omissa,Ploceidae,Passeriformes
Foudia rubra,Ploceidae,Passeriformes
Foudia sechellarum,Ploceidae,Passeriformes
Malimbus ballmanni,Ploceidae,Passeriformes
Malimbus cassini,Ploceidae,Passeriformes
Malimbus coronatus,Ploceidae,Passeriformes
Malimbus erythrogaster,Ploceidae,Passeriformes
Malimbus ibadanensis,Ploceidae,Passeriformes
Malimbus malimbicus,Ploceidae,Passeriformes
Malimbus nitens,Ploceidae,Passeriformes
Malimbus racheliae,Ploceidae,Passeriformes
Malimbus rubricollis,Ploceidae,Passeriformes
Malimbus scutatus,Ploceidae,Passeriformes
Ploceus albinucha,Ploceidae,Passeriformes
Ploceus alienus,Ploceidae,Passeriformes
Ploceus angolensis,Ploceidae,Passeriformes
Ploceus aurantius,Ploceidae,Passeriformes
Ploceus aureonucha,Ploceidae,Passeriformes
Ploceus badius,Ploceidae,Passeriformes
Ploceus baglafecht,Ploceidae,Passeriformes
Ploceus bannermani,Ploceidae,Passeriformes
Ploceus batesi,Ploceidae,Passeriformes
Ploceus benghalensis,Ploceidae,Passeriformes
Ploceus bertrandi,Ploceidae,Passeriformes
Ploceus bicolor,Ploceidae,Passeriformes
Ploceus bojeri,Ploceidae,Passeriformes
Ploceus burnieri,Ploceidae,Passeriformes
Ploceus capensis,Ploceidae,Passeriformes
Ploceus castaneiceps,Ploceidae,Passeriformes
Ploceus castanops,Ploceidae,Passeriformes
Ploceus cucullatus,Ploceidae,Passeriformes
Ploceus dichrocephalus,Ploceidae,Passeriformes
Ploceus dorsomaculatus,Ploceidae,Passeriformes
Ploceus flavipes,Ploceidae,Passeriformes
Ploceus galbula,Ploceidae,Passeriformes
Ploceus golandi,Ploceidae,Passeriformes
Ploceus grandis,Ploceidae,Passeriformes
Ploceus heuglini,Ploceidae,Passeriformes
Ploceus hypoxanthus,Ploceidae,Passeriformes
Ploceus insignis,Ploceidae,Passeriformes
Ploceus intermedius,Ploceidae,Passeriformes
Ploceus jacksoni,Ploceidae,Passeriformes
Ploceus katangae,Ploceidae,Passeriformes
Ploceus luteolus,Ploceidae,Passeriformes
Ploceus manyar,Ploceidae,Passeriformes
Ploceus megarhynchus,Ploceidae,Passeriformes
Ploceus melanocephalus,Ploceidae,Passeriformes
Ploceus melanogaster,Ploceidae,Passeriformes
Ploceus nelicourvi,Ploceidae,Passeriformes
Ploceus nicolli,Ploceidae,Passeriformes
Ploceus nigerrimus,Ploceidae,Passeriformes
Ploceus nigricollis,Ploceidae,Passeriformes
Ploceus nigrimentus,Ploceidae,Passeriformes
Ploceus ocularis,Ploceidae,Passeriformes
Ploceus olivaceiceps,Ploceidae,Passeriformes
Ploceus pelzelni,Ploceidae,Passeriformes
Ploceus philippinus,Ploceidae,Passeriformes
Ploceus preussi,Ploceidae,Passeriformes
Ploceus princeps,Ploceidae,Passeriformes
Ploceus reichardi,Ploceidae,Passeriformes
Ploceus rubiginosus,Ploceidae,Passeriformes
Ploceus ruweti,Ploceidae,Passeriformes
Ploceus sakalava,Ploceidae,Passeriformes
Ploceus sanctithomae,Ploceidae,Passeriformes
Ploceus spekei,Ploceidae,Passeriformes
Ploceus spekeoides,Ploceidae,Passeriformes
Ploceus subaureus,Ploceidae,Passeriformes
Ploceus subpersonatus,Ploceidae,Passeriformes
Ploceus superciliosus,Ploceidae,Passeriformes
Ploceus taeniopterus,Ploceidae,Passeriformes
Ploceus temporalis,Ploceidae,Passeriformes
Ploceus tricolor,Ploceidae,Passeriformes
Ploceus velatus,Ploceidae,Passeriformes
Ploceus vitellinus,Ploceidae,Passeriformes
Ploceus weynsi,Ploceidae,Passeriformes
Ploceus xanthops,Ploceidae,Passeriformes
Ploceus xanthopterus,Ploceidae,Passeriformes
Quelea cardinalis,Ploceidae,Passeriformes
Quelea erythrops,Ploceidae,Passeriformes
Quelea quelea,Ploceidae,Passeriformes
Microbates cinereiventris,Polioptilidae,Passeriformes
Microbates collaris,Polioptilidae,Passeriformes
Polioptila albiloris,Polioptilidae,Passeriformes
Polioptila caerulea,Polioptilidae,Passeriformes
Polioptila californica,Polioptilidae,Passeriformes
Polioptila clementsi,Polioptilidae,Passeriformes
Polioptila dumicola,Polioptilidae,Passeriformes
Polioptila guianensis,Polioptilidae,Passeriformes
Polioptila lactea,Polioptilidae,Passeriformes
Polioptila lembeyei,Polioptilidae,Passeriformes
Polioptila melanura,Polioptilidae,Passeriformes
Polioptila nigriceps,Polioptilidae,Passeriformes
Polioptila plumbea,Polioptilidae,Passeriformes
Polioptila schistaceigula,Polioptilidae,Passeriformes
Ramphocaenus melanurus,Polioptilidae,Passeriformes
Pomatostomus halli,Pomatostomidae,Passeriformes
Pomatostomus isidorei,Pomatostomidae,Passeriformes
Pomatostomus ruficeps,Pomatostomidae,Passeriformes
Pomatostomus superciliosus,Pomatostomidae,Passeriformes
Pomatostomus temporalis,Pomatostomidae,Passeriformes
Promerops cafer,Promeropidae,Passeriformes
Promerops gurneyi,Promeropidae,Passeriformes
Prunella atrogularis,Prunellidae,Passeriformes
Prunella collaris,Prunellidae,Passeriformes
Prunella fagani,Prunellidae,Passeriformes
Prunella fulvescens,Prunellidae,Passeriformes
Prunella himalayana,Prunellidae,Passeriformes
Prunella immaculata,Prunellidae,Passeriformes
Prunella koslowi,Prunellidae,Passeriformes
Prunella modularis,Prunellidae,Passeriformes
Prunella montanella,Prunellidae,Passeriformes
Prunella ocularis,Prunellidae,Passeriformes
Prunella rubeculoides,Prunellidae,Passeriformes
Prunella rubida,Prunellidae,Passeriformes
Prunella strophiata,Prunellidae,Passeriformes
Ailuroedus buccoides,Ptilonorhynchidae,Passeriformes
Ailuroedus crassirostris,Ptilonorhynchidae,Passeriformes
Ailuroedus melanotis,Ptilonorhynchidae,Passeriformes
Amblyornis flavifrons,Ptilonorhynchidae,Passeriformes
Amblyornis inornata,Ptilonorhynchidae,Passeriformes
Amblyornis macgregoriae,Ptilonorhynchidae,Passeriformes
Amblyornis subalaris,Ptilonorhynchidae,Passeriformes
Archboldia papuensis,Ptilonorhynchidae,Passeriformes
Chlamydera cerviniventris,Ptilonorhynchidae,Passeriformes
Chlamydera guttata,Ptilonorhynchidae,Passeriformes
Chlamydera lauterbachi,Ptilonorhynchidae,Passeriformes
Chlamydera maculata,Ptilonorhynchidae,Passeriformes
Chlamydera nuchalis,Ptilonorhynchidae,Passeriformes
Prionodura newtoniana,Ptilonorhynchidae,Passeriformes
Ptilonorhynchus violaceus,Ptilonorhynchidae,Passeriformes
Scenopoeetes dentirostris,Ptilonorhynchidae,Passeriformes
Sericulus aureus,Ptilonorhynchidae,Passeriformes
Sericulus bakeri,Ptilonorhynchidae,Passeriformes
Sericulus chrysocephalus,Ptilonorhynchidae,Passeriformes
Alophoixus affinis,Pycnonotidae,Passeriformes
Alophoixus bres,Pycnonotidae,Passeriformes
Alophoixus finschii,Pycnonotidae,Passeriformes
Alophoixus flaveolus,Pycnonotidae,Passeriformes
Alophoixus ochraceus,Pycnonotidae,Passeriformes
Alophoixus pallidus,Pycnonotidae,Passeriformes
Alophoixus phaeocephalus,Pycnonotidae,Passeriformes
Andropadus ansorgei,Pycnonotidae,Passeriformes
Andropadus curvirostris,Pycnonotidae,Passeriformes
Andropadus gracilirostris,Pycnonotidae,Passeriformes
Andropadus gracilis,Pycnonotidae,Passeriformes
Andropadus importunus,Pycnonotidae,Passeriformes
Andropadus latirostris,Pycnonotidae,Passeriformes
Andropadus masukuensis,Pycnonotidae,Passeriformes
Andropadus milanjensis,Pycnonotidae,Passeriformes
Andropadus montanus,Pycnonotidae,Passeriformes
Andropadus nigriceps,Pycnonotidae,Passeriformes
Andropadus tephrolaemus,Pycnonotidae,Passeriformes
Andropadus virens,Pycnonotidae,Passeriformes
Baeopogon clamans,Pycnonotidae,Passeriformes
Baeopogon indicator,Pycnonotidae,Passeriformes
Bleda canicapillus,Pycnonotidae,Passeriformes
Bleda eximius,Pycnonotidae,Passeriformes
Bleda notatus,Pycnonotidae,Passeriformes
Bleda syndactylus,Pycnonotidae,Passeriformes
Calyptocichla serina,Pycnonotidae,Passeriformes
Chlorocichla falkensteini,Pycnonotidae,Passeriformes
Chlorocichla flavicollis,Pycnonotidae,Passeriformes
Chlorocichla flaviventris,Pycnonotidae,Passeriformes
Chlorocichla laetissima,Pycnonotidae,Passeriformes
Chlorocichla prigoginei,Pycnonotidae,Passeriformes
Chlorocichla simplex,Pycnonotidae,Passeriformes
Criniger barbatus,Pycnonotidae,Passeriformes
Criniger calurus,Pycnonotidae,Passeriformes
Criniger chloronotus,Pycnonotidae,Passeriformes
Criniger ndussumensis,Pycnonotidae,Passeriformes
Criniger olivaceus,Pycnonotidae,Passeriformes
Hemixos castanonotus,Pycnonotidae,Passeriformes
Hemixos flavala,Pycnonotidae,Passeriformes
Hypsipetes borbonicus,Pycnonotidae,Passeriformes
Hypsipetes crassirostris,Pycnonotidae,Passeriformes
Hypsipetes leucocephalus,Pycnonotidae,Passeriformes
Hypsipetes madagascariensis,Pycnonotidae,Passeriformes
Hypsipetes mcclellandii,Pycnonotidae,Passeriformes
Hypsipetes nicobariensis,Pycnonotidae,Passeriformes
Hypsipetes olivaceus,Pycnonotidae,Passeriformes
Hypsipetes parvirostris,Pycnonotidae,Passeriformes
Hypsipetes thompsoni,Pycnonotidae,Passeriformes
Hypsipetes virescens,Pycnonotidae,Passeriformes
Iole indica,Pycnonotidae,Passeriformes
Iole olivacea,Pycnonotidae,Passeriformes
Iole propinqua,Pycnonotidae,Passeriformes
Iole virescens,Pycnonotidae,Passeriformes
Ixonotus guttatus,Pycnonotidae,Passeriformes
Ixos amaurotis,Pycnonotidae,Passeriformes
Ixos everetti,Pycnonotidae,Passeriformes
Ixos malaccensis,Pycnonotidae,Passeriformes
Ixos palawanensis,Pycnonotidae,Passeriformes
Ixos philippinus,Pycnonotidae,Passeriformes
Ixos rufigularis,Pycnonotidae,Passeriformes
Ixos siquijorensis,Pycnonotidae,Passeriformes
Neolestes torquatus,Pycnonotidae,Passeriformes
Nicator chloris,Pycnonotidae,Passeriformes
Nicator gularis,Pycnonotidae,Passeriformes
Nicator vireo,Pycnonotidae,Passeriformes
Phyllastrephus albigularis,Pycnonotidae,Passeriformes
Phyllastrephus baumanni,Pycnonotidae,Passeriformes
Phyllastrephus cabanisi,Pycnonotidae,Passeriformes
Phyllastrephus cerviniventris,Pycnonotidae,Passeriformes
Phyllastrephus debilis,Pycnonotidae,Passeriformes
Phyllastrephus fischeri,Pycnonotidae,Passeriformes
Phyllastrephus flavostriatus,Pycnonotidae,Passeriformes
Phyllastrephus fulviventris,Pycnonotidae,Passeriformes
Phyllastrephus hypochloris,Pycnonotidae,Passeriformes
Phyllastrephus icterinus,Pycnonotidae,Passeriformes
Phyllastrephus leucolepis,Pycnonotidae,Passeriformes
Phyllastrephus lorenzi,Pycnonotidae,Passeriformes
Phyllastrephus poensis,Pycnonotidae,Passeriformes
Phyllastrephus poliocephalus,Pycnonotidae,Passeriformes
Phyllastrephus strepitans,Pycnonotidae,Passeriformes
Phyllastrephus terrestris,Pycnonotidae,Passeriformes
Phyllastrephus xavieri,Pycnonotidae,Passeriformes
Pycnonotus atriceps,Pycnonotidae,Passeriformes
Pycnonotus aurigaster,Pycnonotidae,Passeriformes
Pycnonotus barbatus,Pycnonotidae,Passeriformes
Pycnonotus bimaculatus,Pycnonotidae,Passeriformes
Pycnonotus blanfordi,Pycnonotidae,Passeriformes
Pycnonotus brunneus,Pycnonotidae,Passeriformes
Pycnonotus cafer,Pycnonotidae,Passeriformes
Pycnonotus capensis,Pycnonotidae,Passeriformes
Pycnonotus cyaniventris,Pycnonotidae,Passeriformes
Pycnonotus erythropthalmos,Pycnonotidae,Passeriformes
Pycnonotus eutilotus,Pycnonotidae,Passeriformes
Pycnonotus finlaysoni,Pycnonotidae,Passeriformes
Pycnonotus flavescens,Pycnonotidae,Passeriformes
Pycnonotus goiavier,Pycnonotidae,Passeriformes
Pycnonotus hualon,Pycnonotidae,Passeriformes
Pycnonotus jocosus,Pycnonotidae,Passeriformes
Pycnonotus leucogenys,Pycnonotidae,Passeriformes
Pycnonotus leucogrammicus,Pycnonotidae,Passeriformes
Pycnonotus leucotis,Pycnonotidae,Passeriformes
Pycnonotus luteolus,Pycnonotidae,Passeriformes
Pycnonotus melanicterus,Pycnonotidae,Passeriformes
Pycnonotus melanoleucos,Pycnonotidae,Passeriformes
Pycnonotus nieuwenhuisii,Pycnonotidae,Passeriformes
Pycnonotus nigricans,Pycnonotidae,Passeriformes
Pycnonotus penicillatus,Pycnonotidae,Passeriformes
Pycnonotus plumosus,Pycnonotidae,Passeriformes
Pycnonotus priocephalus,Pycnonotidae,Passeriformes
Pycnonotus simplex,Pycnonotidae,Passeriformes
Pycnonotus sinensis,Pycnonotidae,Passeriformes
Pycnonotus squamatus,Pycnonotidae,Passeriformes
Pycnonotus striatus,Pycnonotidae,Passeriformes
Pycnonotus taivanus,Pycnonotidae,Passeriformes
Pycnonotus tympanistrigus,Pycnonotidae,Passeriformes
Pycnonotus urostictus,Pycnonotidae,Passeriformes
Pycnonotus xantholaemus,Pycnonotidae,Passeriformes
Pycnonotus xanthopygos,Pycnonotidae,Passeriformes
Pycnonotus xanthorrhous,Pycnonotidae,Passeriformes
Pycnonotus zeylanicus,Pycnonotidae,Passeriformes
Pyrrhurus scandens,Pycnonotidae,Passeriformes
Setornis criniger,Pycnonotidae,Passeriformes
Spizixos canifrons,Pycnonotidae,Passeriformes
Spizixos semitorques,Pycnonotidae,Passeriformes
Thescelocichla leucopleura,Pycnonotidae,Passeriformes
Tricholestes criniger,Pycnonotidae,Passeriformes
Regulus calendula,Reguliidae,Passeriformes
Regulus goodfellowi,Reguliidae,Passeriformes
Regulus ignicapilla,Reguliidae,Passeriformes
Regulus madeirensis,Reguliidae,Passeriformes
Regulus regulus,Reguliidae,Passeriformes
Regulus satrapa,Reguliidae,Passeriformes
Anthoscopus caroli,Remizidae,Passeriformes
Anthoscopus flavifrons,Remizidae,Passeriformes
Anthoscopus minutus,Remizidae,Passeriformes
Anthoscopus musculus,Remizidae,Passeriformes
Anthoscopus parvulus,Remizidae,Passeriformes
Anthoscopus punctifrons,Remizidae,Passeriformes
Auriparus flaviceps,Remizidae,Passeriformes
Cephalopyrus flammiceps,Remizidae,Passeriformes
Pholidornis rushiae,Remizidae,Passeriformes
Remiz consobrinus,Remizidae,Passeriformes
Remiz coronatus,Remizidae,Passeriformes
Remiz macronyx,Remizidae,Passeriformes
Remiz pendulinus,Remizidae,Passeriformes
Rhabdornis grandis,Rhabdornithidae,Passeriformes
Rhabdornis inornatus,Rhabdornithidae,Passeriformes
Rhabdornis mystacalis,Rhabdornithidae,Passeriformes
Acropternis orthonyx,Rhinocryptidae,Passeriformes
Eleoscytalopus indigoticus,Rhinocryptidae,Passeriformes
Eleoscytalopus psychopompus,Rhinocryptidae,Passeriformes
Eugralla paradoxa,Rhinocryptidae,Passeriformes
Liosceles thoracicus,Rhinocryptidae,Passeriformes
Melanopareia elegans,Rhinocryptidae,Passeriformes
Melanopareia maranonica,Rhinocryptidae,Passeriformes
Melanopareia maximiliani,Rhinocryptidae,Passeriformes
Melanopareia torquata,Rhinocryptidae,Passeriformes
Merulaxis ater,Rhinocryptidae,Passeriformes
Merulaxis stresemanni,Rhinocryptidae,Passeriformes
Myornis senilis,Rhinocryptidae,Passeriformes
Psilorhamphus guttatus,Rhinocryptidae,Passeriformes
Pteroptochos castaneus,Rhinocryptidae,Passeriformes
Pteroptochos megapodius,Rhinocryptidae,Passeriformes
Pteroptochos tarnii,Rhinocryptidae,Passeriformes
Rhinocrypta lanceolata,Rhinocryptidae,Passeriformes
Scelorchilus albicollis,Rhinocryptidae,Passeriformes
Scelorchilus rubecula,Rhinocryptidae,Passeriformes
Scytalopus acutirostris,Rhinocryptidae,Passeriformes
Scytalopus affinis,Rhinocryptidae,Passeriformes
Scytalopus altirostris,Rhinocryptidae,Passeriformes
Scytalopus argentifrons,Rhinocryptidae,Passeriformes
Scytalopus atratus,Rhinocryptidae,Passeriformes
Scytalopus bolivianus,Rhinocryptidae,Passeriformes
Scytalopus canus,Rhinocryptidae,Passeriformes
Scytalopus caracae,Rhinocryptidae,Passeriformes
Scytalopus chocoensis,Rhinocryptidae,Passeriformes
Scytalopus femoralis,Rhinocryptidae,Passeriformes
Scytalopus fuscus,Rhinocryptidae,Passeriformes
Scytalopus griseicollis,Rhinocryptidae,Passeriformes
Scytalopus iraiensis,Rhinocryptidae,Passeriformes
Scytalopus latebricola,Rhinocryptidae,Passeriformes
Scytalopus latrans,Rhinocryptidae,Passeriformes
Scytalopus macropus,Rhinocryptidae,Passeriformes
Scytalopus magellanicus,Rhinocryptidae,Passeriformes
Scytalopus meridanus,Rhinocryptidae,Passeriformes
Scytalopus micropterus,Rhinocryptidae,Passeriformes
Scytalopus novacapitalis,Rhinocryptidae,Passeriformes
Scytalopus pachecoi,Rhinocryptidae,Passeriformes
Scytalopus panamensis,Rhinocryptidae,Passeriformes
Scytalopus parkeri,Rhinocryptidae,Passeriformes
Scytalopus parvirostris,Rhinocryptidae,Passeriformes
Scytalopus robbinsi,Rhinocryptidae,Passeriformes
Scytalopus rodriguezi,Rhinocryptidae,Passeriformes
Scytalopus sanctaemartae,Rhinocryptidae,Passeriformes
Scytalopus schulenbergi,Rhinocryptidae,Passeriformes
Scytalopus simonsi,Rhinocryptidae,Passeriformes
Scytalopus speluncae,Rhinocryptidae,Passeriformes
Scytalopus spillmanni,Rhinocryptidae,Passeriformes
Scytalopus stilesi,Rhinocryptidae,Passeriformes
Scytalopus superciliaris,Rhinocryptidae,Passeriformes
Scytalopus unicolor,Rhinocryptidae,Passeriformes
Scytalopus urubambae,Rhinocryptidae,Passeriformes
Scytalopus vicinior,Rhinocryptidae,Passeriformes
Scytalopus zimmeri,Rhinocryptidae,Passeriformes
Teledromas fuscus,Rhinocryptidae,Passeriformes
Chelidorhynx hypoxantha,Rhipiduridae,Passeriformes
Rhipidura albicollis,Rhipiduridae,Passeriformes
Rhipidura albolimbata,Rhipiduridae,Passeriformes
Rhipidura atra,Rhipiduridae,Passeriformes
Rhipidura aureola,Rhipiduridae,Passeriformes
Rhipidura brachyrhyncha,Rhipiduridae,Passeriformes
Rhipidura cockerelli,Rhipiduridae,Passeriformes
Rhipidura cyaniceps,Rhipiduridae,Passeriformes
Rhipidura dahli,Rhipiduridae,Passeriformes
Rhipidura dedemi,Rhipiduridae,Passeriformes
Rhipidura diluta,Rhipiduridae,Passeriformes
Rhipidura drownei,Rhipiduridae,Passeriformes
Rhipidura euryura,Rhipiduridae,Passeriformes
Rhipidura fuliginosa,Rhipiduridae,Passeriformes
Rhipidura fuscorufa,Rhipiduridae,Passeriformes
Rhipidura hyperythra,Rhipiduridae,Passeriformes
Rhipidura javanica,Rhipiduridae,Passeriformes
Rhipidura kubaryi,Rhipiduridae,Passeriformes
Rhipidura lepida,Rhipiduridae,Passeriformes
Rhipidura leucophrys,Rhipiduridae,Passeriformes
Rhipidura leucothorax,Rhipiduridae,Passeriformes
Rhipidura maculipectus,Rhipiduridae,Passeriformes
Rhipidura malaitae,Rhipiduridae,Passeriformes
Rhipidura matthiae,Rhipiduridae,Passeriformes
Rhipidura nebulosa,Rhipiduridae,Passeriformes
Rhipidura nigrocinnamomea,Rhipiduridae,Passeriformes
Rhipidura opistherythra,Rhipiduridae,Passeriformes
Rhipidura perlata,Rhipiduridae,Passeriformes
Rhipidura personata,Rhipiduridae,Passeriformes
Rhipidura phasiana,Rhipiduridae,Passeriformes
Rhipidura phoenicura,Rhipiduridae,Passeriformes
Rhipidura rennelliana,Rhipiduridae,Passeriformes
Rhipidura rufidorsa,Rhipiduridae,Passeriformes
Rhipidura rufifrons,Rhipiduridae,Passeriformes
Rhipidura rufiventris,Rhipiduridae,Passeriformes
Rhipidura semirubra,Rhipiduridae,Passeriformes
Rhipidura superciliaris,Rhipiduridae,Passeriformes
Rhipidura superflua,Rhipiduridae,Passeriformes
Rhipidura tenebrosa,Rhipiduridae,Passeriformes
Rhipidura teysmanni,Rhipiduridae,Passeriformes
Rhipidura threnothorax,Rhipiduridae,Passeriformes
Rhipidura verreauxi,Rhipiduridae,Passeriformes
Sapayoa aenigma,Sapayoaidae,Passeriformes
Sitta azurea,Sittidae,Passeriformes
Sitta canadensis,Sittidae,Passeriformes
Sitta carolinensis,Sittidae,Passeriformes
Sitta cashmirensis,Sittidae,Passeriformes
Sitta castanea,Sittidae,Passeriformes
Sitta europaea,Sittidae,Passeriformes
Sitta formosa,Sittidae,Passeriformes
Sitta frontalis,Sittidae,Passeriformes
Sitta himalayensis,Sittidae,Passeriformes
Sitta krueperi,Sittidae,Passeriformes
Sitta ledanti,Sittidae,Passeriformes
Sitta leucopsis,Sittidae,Passeriformes
Sitta magna,Sittidae,Passeriformes
Sitta nagaensis,Sittidae,Passeriformes
Sitta neumayer,Sittidae,Passeriformes
Sitta oenochlamys,Sittidae,Passeriformes
Sitta pusilla,Sittidae,Passeriformes
Sitta pygmaea,Sittidae,Passeriformes
Sitta solangiae,Sittidae,Passeriformes
Sitta tephronota,Sittidae,Passeriformes
Sitta victoriae,Sittidae,Passeriformes
Sitta villosa,Sittidae,Passeriformes
Sitta whiteheadi,Sittidae,Passeriformes
Sitta yunnanensis,Sittidae,Passeriformes
Tichodroma muraria,Sittidae,Passeriformes
Acridotheres albocinctus,Sturnidae,Passeriformes
Acridotheres cinereus,Sturnidae,Passeriformes
Acridotheres cristatellus,Sturnidae,Passeriformes
Acridotheres fuscus,Sturnidae,Passeriformes
Acridotheres ginginianus,Sturnidae,Passeriformes
Acridotheres grandis,Sturnidae,Passeriformes
Acridotheres tristis,Sturnidae,Passeriformes
Ampeliceps coronatus,Sturnidae,Passeriformes
Aplonis atrifusca,Sturnidae,Passeriformes
Aplonis brunneicapillus,Sturnidae,Passeriformes
Aplonis cantoroides,Sturnidae,Passeriformes
Aplonis cinerascens,Sturnidae,Passeriformes
Aplonis crassa,Sturnidae,Passeriformes
Aplonis dichroa,Sturnidae,Passeriformes
Aplonis feadensis,Sturnidae,Passeriformes
Aplonis grandis,Sturnidae,Passeriformes
Aplonis insularis,Sturnidae,Passeriformes
Aplonis magna,Sturnidae,Passeriformes
Aplonis metallica,Sturnidae,Passeriformes
Aplonis minor,Sturnidae,Passeriformes
Aplonis mysolensis,Sturnidae,Passeriformes
Aplonis mystacea,Sturnidae,Passeriformes
Aplonis opaca,Sturnidae,Passeriformes
Aplonis panayensis,Sturnidae,Passeriformes
Aplonis pelzelni,Sturnidae,Passeriformes
Aplonis santovestris,Sturnidae,Passeriformes
Aplonis striata,Sturnidae,Passeriformes
Aplonis tabuensis,Sturnidae,Passeriformes
Aplonis zelandica,Sturnidae,Passeriformes
Basilornis celebensis,Sturnidae,Passeriformes
Basilornis corythaix,Sturnidae,Passeriformes
Basilornis galeatus,Sturnidae,Passeriformes
Basilornis mirandus,Sturnidae,Passeriformes
Buphagus africanus,Sturnidae,Passeriformes
Buphagus erythrorhynchus,Sturnidae,Passeriformes
Cinnyricinclus femoralis,Sturnidae,Passeriformes
Cinnyricinclus leucogaster,Sturnidae,Passeriformes
Cinnyricinclus sharpii,Sturnidae,Passeriformes
Coccycolius iris,Sturnidae,Passeriformes
Cosmopsarus regius,Sturnidae,Passeriformes
Cosmopsarus unicolor,Sturnidae,Passeriformes
Creatophora cinerea,Sturnidae,Passeriformes
Enodes erythrophris,Sturnidae,Passeriformes
Gracula ptilogenys,Sturnidae,Passeriformes
Gracula religiosa,Sturnidae,Passeriformes
Grafisia torquata,Sturnidae,Passeriformes
Lamprotornis acuticaudus,Sturnidae,Passeriformes
Lamprotornis australis,Sturnidae,Passeriformes
Lamprotornis caudatus,Sturnidae,Passeriformes
Lamprotornis chalcurus,Sturnidae,Passeriformes
Lamprotornis chalybaeus,Sturnidae,Passeriformes
Lamprotornis chloropterus,Sturnidae,Passeriformes
Lamprotornis corruscus,Sturnidae,Passeriformes
Lamprotornis cupreocauda,Sturnidae,Passeriformes
Lamprotornis elisabeth,Sturnidae,Passeriformes
Lamprotornis hildebrandti,Sturnidae,Passeriformes
Lamprotornis mevesii,Sturnidae,Passeriformes
Lamprotornis nitens,Sturnidae,Passeriformes
Lamprotornis ornatus,Sturnidae,Passeriformes
Lamprotornis pulcher,Sturnidae,Passeriformes
Lamprotornis purpureiceps,Sturnidae,Passeriformes
Lamprotornis purpureus,Sturnidae,Passeriformes
Lamprotornis purpuroptera,Sturnidae,Passeriformes
Lamprotornis shelleyi,Sturnidae,Passeriformes
Lamprotornis splendidus,Sturnidae,Passeriformes
Lamprotornis superbus,Sturnidae,Passeriformes
Leucopsar rothschildi,Sturnidae,Passeriformes
Mino anais,Sturnidae,Passeriformes
Mino dumontii,Sturnidae,Passeriformes
Neocichla gutturalis,Sturnidae,Passeriformes
Onychognathus albirostris,Sturnidae,Passeriformes
Onychognathus blythii,Sturnidae,Passeriformes
Onychognathus frater,Sturnidae,Passeriformes
Onychognathus fulgidus,Sturnidae,Passeriformes
Onychognathus morio,Sturnidae,Passeriformes
Onychognathus nabouroup,Sturnidae,Passeriformes
Onychognathus neumanni,Sturnidae,Passeriformes
Onychognathus salvadorii,Sturnidae,Passeriformes
Onychognathus tenuirostris,Sturnidae,Passeriformes
Onychognathus tristramii,Sturnidae,Passeriformes
Onychognathus walleri,Sturnidae,Passeriformes
Poeoptera kenricki,Sturnidae,Passeriformes
Poeoptera lugubris,Sturnidae,Passeriformes
Poeoptera stuhlmanni,Sturnidae,Passeriformes
Sarcops calvus,Sturnidae,Passeriformes
Saroglossa aurata,Sturnidae,Passeriformes
Saroglossa spiloptera,Sturnidae,Passeriformes
Scissirostrum dubium,Sturnidae,Passeriformes
Speculipastor bicolor,Sturnidae,Passeriformes
Spreo albicapillus,Sturnidae,Passeriformes
Spreo bicolor,Sturnidae,Passeriformes
Spreo fischeri,Sturnidae,Passeriformes
Streptocitta albertinae,Sturnidae,Passeriformes
Streptocitta albicollis,Sturnidae,Passeriformes
Sturnus albofrontatus,Sturnidae,Passeriformes
Sturnus burmannicus,Sturnidae,Passeriformes
Sturnus cineraceus,Sturnidae,Passeriformes
Sturnus contra,Sturnidae,Passeriformes
Sturnus erythropygius,Sturnidae,Passeriformes
Sturnus malabaricus,Sturnidae,Passeriformes
Sturnus melanopterus,Sturnidae,Passeriformes
Sturnus nigricollis,Sturnidae,Passeriformes
Sturnus pagodarum,Sturnidae,Passeriformes
Sturnus philippensis,Sturnidae,Passeriformes
Sturnus roseus,Sturnidae,Passeriformes
Sturnus sericeus,Sturnidae,Passeriformes
Sturnus sinensis,Sturnidae,Passeriformes
Sturnus sturninus,Sturnidae,Passeriformes
Sturnus unicolor,Sturnidae,Passeriformes
Sturnus vulgaris,Sturnidae,Passeriformes
Abroscopus albogularis,Sylviidae,Passeriformes
Abroscopus schisticeps,Sylviidae,Passeriformes
Abroscopus superciliaris,Sylviidae,Passeriformes
Achaetops pycnopygius,Sylviidae,Passeriformes
Acrocephalus aedon,Sylviidae,Passeriformes
Acrocephalus aequinoctialis,Sylviidae,Passeriformes
Acrocephalus agricola,Sylviidae,Passeriformes
Acrocephalus arundinaceus,Sylviidae,Passeriformes
Acrocephalus atyphus,Sylviidae,Passeriformes
Acrocephalus australis,Sylviidae,Passeriformes
Acrocephalus baeticatus,Sylviidae,Passeriformes
Acrocephalus bistrigiceps,Sylviidae,Passeriformes
Acrocephalus brevipennis,Sylviidae,Passeriformes
Acrocephalus caffer,Sylviidae,Passeriformes
Acrocephalus concinens,Sylviidae,Passeriformes
Acrocephalus dumetorum,Sylviidae,Passeriformes
Acrocephalus familiaris,Sylviidae,Passeriformes
Acrocephalus gracilirostris,Sylviidae,Passeriformes
Acrocephalus griseldis,Sylviidae,Passeriformes
Acrocephalus kerearako,Sylviidae,Passeriformes
Acrocephalus luscinius,Sylviidae,Passeriformes
Acrocephalus melanopogon,Sylviidae,Passeriformes
Acrocephalus mendanae,Sylviidae,Passeriformes
Acrocephalus newtoni,Sylviidae,Passeriformes
Acrocephalus orinus,Sylviidae,Passeriformes
Acrocephalus paludicola,Sylviidae,Passeriformes
Acrocephalus palustris,Sylviidae,Passeriformes
Acrocephalus rehsei,Sylviidae,Passeriformes
Acrocephalus rimatarae,Sylviidae,Passeriformes
Acrocephalus rodericanus,Sylviidae,Passeriformes
Acrocephalus rufescens,Sylviidae,Passeriformes
Acrocephalus schoenobaenus,Sylviidae,Passeriformes
Acrocephalus scirpaceus,Sylviidae,Passeriformes
Acrocephalus sechellensis,Sylviidae,Passeriformes
Acrocephalus sorghophilus,Sylviidae,Passeriformes
Acrocephalus stentoreus,Sylviidae,Passeriformes
Acrocephalus syrinx,Sylviidae,Passeriformes
Acrocephalus taiti,Sylviidae,Passeriformes
Acrocephalus tangorum,Sylviidae,Passeriformes
Acrocephalus vaughani,Sylviidae,Passeriformes
Amaurocichla bocagei,Sylviidae,Passeriformes
Amphilais seebohmi,Sylviidae,Passeriformes
Artisornis metopias,Sylviidae,Passeriformes
Artisornis moreaui,Sylviidae,Passeriformes
Bathmocercus cerviniventris,Sylviidae,Passeriformes
Bathmocercus rufus,Sylviidae,Passeriformes
Bathmocercus winifredae,Sylviidae,Passeriformes
Bernieria apperti,Sylviidae,Passeriformes
Bernieria cinereiceps,Sylviidae,Passeriformes
Bernieria madagascariensis,Sylviidae,Passeriformes
Bernieria tenebrosa,Sylviidae,Passeriformes
Bernieria zosterops,Sylviidae,Passeriformes
Bowdleria punctata,Sylviidae,Passeriformes
Bradypterus accentor,Sylviidae,Passeriformes
Bradypterus alfredi,Sylviidae,Passeriformes
Bradypterus alishanensis,Sylviidae,Passeriformes
Bradypterus baboecala,Sylviidae,Passeriformes
Bradypterus bangwaensis,Sylviidae,Passeriformes
Bradypterus barratti,Sylviidae,Passeriformes
Bradypterus carpalis,Sylviidae,Passeriformes
Bradypterus castaneus,Sylviidae,Passeriformes
Bradypterus caudatus,Sylviidae,Passeriformes
Bradypterus cinnamomeus,Sylviidae,Passeriformes
Bradypterus davidi,Sylviidae,Passeriformes
Bradypterus grandis,Sylviidae,Passeriformes
Bradypterus graueri,Sylviidae,Passeriformes
Bradypterus lopezi,Sylviidae,Passeriformes
Bradypterus luteoventris,Sylviidae,Passeriformes
Bradypterus major,Sylviidae,Passeriformes
Bradypterus mandelli,Sylviidae,Passeriformes
Bradypterus montis,Sylviidae,Passeriformes
Bradypterus palliseri,Sylviidae,Passeriformes
Bradypterus seebohmi,Sylviidae,Passeriformes
Bradypterus sylvaticus,Sylviidae,Passeriformes
Bradypterus tacsanowskius,Sylviidae,Passeriformes
Bradypterus thoracicus,Sylviidae,Passeriformes
Bradypterus timorensis,Sylviidae,Passeriformes
Bradypterus victorini,Sylviidae,Passeriformes
Buettikoferella bivittata,Sylviidae,Passeriformes
Cettia acanthizoides,Sylviidae,Passeriformes
Cettia annae,Sylviidae,Passeriformes
Cettia brunnescens,Sylviidae,Passeriformes
Cettia brunnifrons,Sylviidae,Passeriformes
Cettia canturians,Sylviidae,Passeriformes
Cettia carolinae,Sylviidae,Passeriformes
Cettia cetti,Sylviidae,Passeriformes
Cettia diphone,Sylviidae,Passeriformes
Cettia flavolivacea,Sylviidae,Passeriformes
Cettia fortipes,Sylviidae,Passeriformes
Cettia haddeni,Sylviidae,Passeriformes
Cettia major,Sylviidae,Passeriformes
Cettia pallidipes,Sylviidae,Passeriformes
Cettia parens,Sylviidae,Passeriformes
Cettia ruficapilla,Sylviidae,Passeriformes
Cettia seebohmi,Sylviidae,Passeriformes
Cettia vulcania,Sylviidae,Passeriformes
Chaetornis striata,Sylviidae,Passeriformes
Chloropeta gracilirostris,Sylviidae,Passeriformes
Chloropeta natalensis,Sylviidae,Passeriformes
Chloropeta similis,Sylviidae,Passeriformes
Cincloramphus cruralis,Sylviidae,Passeriformes
Cincloramphus mathewsi,Sylviidae,Passeriformes
Crossleyia xanthophrys,Sylviidae,Passeriformes
Cryptosylvicola randrianasoloi,Sylviidae,Passeriformes
Dromaeocercus brunneus,Sylviidae,Passeriformes
Eremiornis carteri,Sylviidae,Passeriformes
Eremomela atricollis,Sylviidae,Passeriformes
Eremomela badiceps,Sylviidae,Passeriformes
Eremomela flavicrissalis,Sylviidae,Passeriformes
Eremomela gregalis,Sylviidae,Passeriformes
Eremomela icteropygialis,Sylviidae,Passeriformes
Eremomela pusilla,Sylviidae,Passeriformes
Eremomela scotops,Sylviidae,Passeriformes
Eremomela turneri,Sylviidae,Passeriformes
Eremomela usticollis,Sylviidae,Passeriformes
Graminicola bengalensis,Sylviidae,Passeriformes
Graueria vittata,Sylviidae,Passeriformes
Hemitesia neumanni,Sylviidae,Passeriformes
Hippolais caligata,Sylviidae,Passeriformes
Hippolais icterina,Sylviidae,Passeriformes
Hippolais languida,Sylviidae,Passeriformes
Hippolais olivetorum,Sylviidae,Passeriformes
Hippolais opaca,Sylviidae,Passeriformes
Hippolais pallida,Sylviidae,Passeriformes
Hippolais polyglotta,Sylviidae,Passeriformes
Hippolais rama,Sylviidae,Passeriformes
Hylia prasina,Sylviidae,Passeriformes
Hyliota australis,Sylviidae,Passeriformes
Hyliota flavigaster,Sylviidae,Passeriformes
Hyliota usambara,Sylviidae,Passeriformes
Hyliota violacea,Sylviidae,Passeriformes
Locustella certhiola,Sylviidae,Passeriformes
Locustella fasciolata,Sylviidae,Passeriformes
Locustella fluviatilis,Sylviidae,Passeriformes
Locustella lanceolata,Sylviidae,Passeriformes
Locustella luscinioides,Sylviidae,Passeriformes
Locustella naevia,Sylviidae,Passeriformes
Locustella ochotensis,Sylviidae,Passeriformes
Locustella pleskei,Sylviidae,Passeriformes
Locustella pryeri,Sylviidae,Passeriformes
Macrosphenus concolor,Sylviidae,Passeriformes
Macrosphenus flavicans,Sylviidae,Passeriformes
Macrosphenus kempi,Sylviidae,Passeriformes
Macrosphenus kretschmeri,Sylviidae,Passeriformes
Macrosphenus pulitzeri,Sylviidae,Passeriformes
Megalurulus grosvenori,Sylviidae,Passeriformes
Megalurulus llaneae,Sylviidae,Passeriformes
Megalurulus mariei,Sylviidae,Passeriformes
Megalurulus rubiginosus,Sylviidae,Passeriformes
Megalurulus whitneyi,Sylviidae,Passeriformes
Megalurus albolimbatus,Sylviidae,Passeriformes
Megalurus gramineus,Sylviidae,Passeriformes
Megalurus palustris,Sylviidae,Passeriformes
Megalurus timoriensis,Sylviidae,Passeriformes
Melocichla mentalis,Sylviidae,Passeriformes
Nesillas brevicaudata,Sylviidae,Passeriformes
Nesillas lantzii,Sylviidae,Passeriformes
Nesillas longicaudata,Sylviidae,Passeriformes
Nesillas mariae,Sylviidae,Passeriformes
Nesillas typica,Sylviidae,Passeriformes
Orthotomus atrogularis,Sylviidae,Passeriformes
Orthotomus castaneiceps,Sylviidae,Passeriformes
Orthotomus cinereiceps,Sylviidae,Passeriformes
Orthotomus cuculatus,Sylviidae,Passeriformes
Orthotomus derbianus,Sylviidae,Passeriformes
Orthotomus frontalis,Sylviidae,Passeriformes
Orthotomus heterolaemus,Sylviidae,Passeriformes
Orthotomus nigriceps,Sylviidae,Passeriformes
Orthotomus ruficeps,Sylviidae,Passeriformes
Orthotomus samarensis,Sylviidae,Passeriformes
Orthotomus sepium,Sylviidae,Passeriformes
Orthotomus sericeus,Sylviidae,Passeriformes
Orthotomus sutorius,Sylviidae,Passeriformes
Oxylabes madagascariensis,Sylviidae,Passeriformes
Phylloscopus affinis,Sylviidae,Passeriformes
Phylloscopus amoenus,Sylviidae,Passeriformes
Phylloscopus armandii,Sylviidae,Passeriformes
Phylloscopus bonelli,Sylviidae,Passeriformes
Phylloscopus borealis,Sylviidae,Passeriformes
Phylloscopus borealoides,Sylviidae,Passeriformes
Phylloscopus budongoensis,Sylviidae,Passeriformes
Phylloscopus canariensis,Sylviidae,Passeriformes
Phylloscopus cantator,Sylviidae,Passeriformes
Phylloscopus cebuensis,Sylviidae,Passeriformes
Phylloscopus chloronotus,Sylviidae,Passeriformes
Phylloscopus claudiae,Sylviidae,Passeriformes
Phylloscopus collybita,Sylviidae,Passeriformes
Phylloscopus coronatus,Sylviidae,Passeriformes
Phylloscopus davisoni,Sylviidae,Passeriformes
Phylloscopus emeiensis,Sylviidae,Passeriformes
Phylloscopus forresti,Sylviidae,Passeriformes
Phylloscopus fuligiventer,Sylviidae,Passeriformes
Phylloscopus fuscatus,Sylviidae,Passeriformes
Phylloscopus goodsoni,Sylviidae,Passeriformes
Phylloscopus griseolus,Sylviidae,Passeriformes
Phylloscopus hainanus,Sylviidae,Passeriformes
Phylloscopus herberti,Sylviidae,Passeriformes
Phylloscopus humei,Sylviidae,Passeriformes
Phylloscopus ibericus,Sylviidae,Passeriformes
Phylloscopus ijimae,Sylviidae,Passeriformes
Phylloscopus inornatus,Sylviidae,Passeriformes
Phylloscopus kansuensis,Sylviidae,Passeriformes
Phylloscopus laetus,Sylviidae,Passeriformes
Phylloscopus laurae,Sylviidae,Passeriformes
Phylloscopus maculipennis,Sylviidae,Passeriformes
Phylloscopus magnirostris,Sylviidae,Passeriformes
Phylloscopus makirensis,Sylviidae,Passeriformes
Phylloscopus neglectus,Sylviidae,Passeriformes
Phylloscopus nitidus,Sylviidae,Passeriformes
Phylloscopus occipitalis,Sylviidae,Passeriformes
Phylloscopus ogilviegranti,Sylviidae,Passeriformes
Phylloscopus olivaceus,Sylviidae,Passeriformes
Phylloscopus orientalis,Sylviidae,Passeriformes
Phylloscopus poliocephalus,Sylviidae,Passeriformes
Phylloscopus presbytes,Sylviidae,Passeriformes
Phylloscopus proregulus,Sylviidae,Passeriformes
Phylloscopus pulcher,Sylviidae,Passeriformes
Phylloscopus reguloides,Sylviidae,Passeriformes
Phylloscopus ricketti,Sylviidae,Passeriformes
Phylloscopus ruficapilla,Sylviidae,Passeriformes
Phylloscopus sarasinorum,Sylviidae,Passeriformes
Phylloscopus schwarzi,Sylviidae,Passeriformes
Phylloscopus sibilatrix,Sylviidae,Passeriformes
Phylloscopus sindianus,Sylviidae,Passeriformes
Phylloscopus subaffinis,Sylviidae,Passeriformes
Phylloscopus subviridis,Sylviidae,Passeriformes
Phylloscopus tenellipes,Sylviidae,Passeriformes
Phylloscopus trivirgatus,Sylviidae,Passeriformes
Phylloscopus trochiloides,Sylviidae,Passeriformes
Phylloscopus trochilus,Sylviidae,Passeriformes
Phylloscopus tytleri,Sylviidae,Passeriformes
Phylloscopus umbrovirens,Sylviidae,Passeriformes
Phylloscopus xanthoschistos,Sylviidae,Passeriformes
Phylloscopus yunnanensis,Sylviidae,Passeriformes
Poliolais lopezi,Sylviidae,Passeriformes
Randia pseudozosterops,Sylviidae,Passeriformes
Schoenicola brevirostris,Sylviidae,Passeriformes
Schoenicola platyurus,Sylviidae,Passeriformes
Seicercus affinis,Sylviidae,Passeriformes
Seicercus burkii,Sylviidae,Passeriformes
Seicercus castaniceps,Sylviidae,Passeriformes
Seicercus grammiceps,Sylviidae,Passeriformes
Seicercus montis,Sylviidae,Passeriformes
Seicercus omeiensis,Sylviidae,Passeriformes
Seicercus poliogenys,Sylviidae,Passeriformes
Seicercus soror,Sylviidae,Passeriformes
Seicercus tephrocephalus,Sylviidae,Passeriformes
Seicercus valentini,Sylviidae,Passeriformes
Seicercus whistleri,Sylviidae,Passeriformes
Sphenoeacus afer,Sylviidae,Passeriformes
Sylvia althaea,Sylviidae,Passeriformes
Sylvia atricapilla,Sylviidae,Passeriformes
Sylvia boehmi,Sylviidae,Passeriformes
Sylvia borin,Sylviidae,Passeriformes
Sylvia buryi,Sylviidae,Passeriformes
Sylvia cantillans,Sylviidae,Passeriformes
Sylvia communis,Sylviidae,Passeriformes
Sylvia conspicillata,Sylviidae,Passeriformes
Sylvia curruca,Sylviidae,Passeriformes
Sylvia deserticola,Sylviidae,Passeriformes
Sylvia hortensis,Sylviidae,Passeriformes
Sylvia layardi,Sylviidae,Passeriformes
Sylvia leucomelaena,Sylviidae,Passeriformes
Sylvia lugens,Sylviidae,Passeriformes
Sylvia melanocephala,Sylviidae,Passeriformes
Sylvia melanothorax,Sylviidae,Passeriformes
Sylvia minula,Sylviidae,Passeriformes
Sylvia mystacea,Sylviidae,Passeriformes
Sylvia nana,Sylviidae,Passeriformes
Sylvia nisoria,Sylviidae,Passeriformes
Sylvia rueppelli,Sylviidae,Passeriformes
Sylvia sarda,Sylviidae,Passeriformes
Sylvia subcaerulea,Sylviidae,Passeriformes
Sylvia undata,Sylviidae,Passeriformes
Sylvietta brachyura,Sylviidae,Passeriformes
Sylvietta denti,Sylviidae,Passeriformes
Sylvietta isabellina,Sylviidae,Passeriformes
Sylvietta leucophrys,Sylviidae,Passeriformes
Sylvietta philippae,Sylviidae,Passeriformes
Sylvietta rufescens,Sylviidae,Passeriformes
Sylvietta ruficapilla,Sylviidae,Passeriformes
Sylvietta virens,Sylviidae,Passeriformes
Sylvietta whytii,Sylviidae,Passeriformes
Tesia castaneocoronata,Sylviidae,Passeriformes
Tesia cyaniventer,Sylviidae,Passeriformes
Tesia everetti,Sylviidae,Passeriformes
Tesia olivea,Sylviidae,Passeriformes
Tesia superciliaris,Sylviidae,Passeriformes
Thamnornis chloropetoides,Sylviidae,Passeriformes
Tickellia hodgsoni,Sylviidae,Passeriformes
Trichocichla rufa,Sylviidae,Passeriformes
Urosphena squameiceps,Sylviidae,Passeriformes
Urosphena subulata,Sylviidae,Passeriformes
Urosphena whiteheadi,Sylviidae,Passeriformes
Batara cinerea,Thamnophilidae,Passeriformes
Biatas nigropectus,Thamnophilidae,Passeriformes
Cercomacra brasiliana,Thamnophilidae,Passeriformes
Cercomacra carbonaria,Thamnophilidae,Passeriformes
Cercomacra cinerascens,Thamnophilidae,Passeriformes
Cercomacra ferdinandi,Thamnophilidae,Passeriformes
Cercomacra laeta,Thamnophilidae,Passeriformes
Cercomacra manu,Thamnophilidae,Passeriformes
Cercomacra melanaria,Thamnophilidae,Passeriformes
Cercomacra nigrescens,Thamnophilidae,Passeriformes
Cercomacra nigricans,Thamnophilidae,Passeriformes
Cercomacra parkeri,Thamnophilidae,Passeriformes
Cercomacra serva,Thamnophilidae,Passeriformes
Cercomacra tyrannina,Thamnophilidae,Passeriformes
Clytoctantes alixii,Thamnophilidae,Passeriformes
Clytoctantes atrogularis,Thamnophilidae,Passeriformes
Cymbilaimus lineatus,Thamnophilidae,Passeriformes
Cymbilaimus sanctaemariae,Thamnophilidae,Passeriformes
Dichrozona cincta,Thamnophilidae,Passeriformes
Drymophila caudata,Thamnophilidae,Passeriformes
Drymophila devillei,Thamnophilidae,Passeriformes
Drymophila ferruginea,Thamnophilidae,Passeriformes
Drymophila genei,Thamnophilidae,Passeriformes
Drymophila malura,Thamnophilidae,Passeriformes
Drymophila ochropyga,Thamnophilidae,Passeriformes
Drymophila rubricollis,Thamnophilidae,Passeriformes
Drymophila squamata,Thamnophilidae,Passeriformes
Dysithamnus leucostictus,Thamnophilidae,Passeriformes
Dysithamnus mentalis,Thamnophilidae,Passeriformes
Dysithamnus occidentalis,Thamnophilidae,Passeriformes
Dysithamnus plumbeus,Thamnophilidae,Passeriformes
Dysithamnus puncticeps,Thamnophilidae,Passeriformes
Dysithamnus stictothorax,Thamnophilidae,Passeriformes
Dysithamnus striaticeps,Thamnophilidae,Passeriformes
Dysithamnus xanthopterus,Thamnophilidae,Passeriformes
Epinecrophylla erythrura,Thamnophilidae,Passeriformes
Epinecrophylla fjeldsaai,Thamnophilidae,Passeriformes
Epinecrophylla fulviventris,Thamnophilidae,Passeriformes
Epinecrophylla haematonota,Thamnophilidae,Passeriformes
Epinecrophylla leucophthalma,Thamnophilidae,Passeriformes
Epinecrophylla ornata,Thamnophilidae,Passeriformes
Epinecrophylla spodionota,Thamnophilidae,Passeriformes
Formicivora erythronotos,Thamnophilidae,Passeriformes
Formicivora grisea,Thamnophilidae,Passeriformes
Formicivora iheringi,Thamnophilidae,Passeriformes
Formicivora intermedia,Thamnophilidae,Passeriformes
Formicivora littoralis,Thamnophilidae,Passeriformes
Formicivora melanogaster,Thamnophilidae,Passeriformes
Formicivora rufa,Thamnophilidae,Passeriformes
Formicivora serrana,Thamnophilidae,Passeriformes
Frederickena unduligera,Thamnophilidae,Passeriformes
Frederickena viridis,Thamnophilidae,Passeriformes
Gymnocichla nudiceps,Thamnophilidae,Passeriformes
Gymnopithys leucaspis,Thamnophilidae,Passeriformes
Gymnopithys lunulatus,Thamnophilidae,Passeriformes
Gymnopithys rufigula,Thamnophilidae,Passeriformes
Gymnopithys salvini,Thamnophilidae,Passeriformes
Herpsilochmus atricapillus,Thamnophilidae,Passeriformes
Herpsilochmus axillaris,Thamnophilidae,Passeriformes
Herpsilochmus dorsimaculatus,Thamnophilidae,Passeriformes
Herpsilochmus dugandi,Thamnophilidae,Passeriformes
Herpsilochmus gentryi,Thamnophilidae,Passeriformes
Herpsilochmus longirostris,Thamnophilidae,Passeriformes
Herpsilochmus motacilloides,Thamnophilidae,Passeriformes
Herpsilochmus parkeri,Thamnophilidae,Passeriformes
Herpsilochmus pectoralis,Thamnophilidae,Passeriformes
Herpsilochmus pileatus,Thamnophilidae,Passeriformes
Herpsilochmus roraimae,Thamnophilidae,Passeriformes
Herpsilochmus rufimarginatus,Thamnophilidae,Passeriformes
Herpsilochmus sellowi,Thamnophilidae,Passeriformes
Herpsilochmus stictocephalus,Thamnophilidae,Passeriformes
Herpsilochmus sticturus,Thamnophilidae,Passeriformes
Hylophylax naevioides,Thamnophilidae,Passeriformes
Hylophylax naevius,Thamnophilidae,Passeriformes
Hylophylax punctulatus,Thamnophilidae,Passeriformes
Hypocnemis cantator,Thamnophilidae,Passeriformes
Hypocnemis flavescens,Thamnophilidae,Passeriformes
Hypocnemis hypoxantha,Thamnophilidae,Passeriformes
Hypocnemis ochrogyna,Thamnophilidae,Passeriformes
Hypocnemis peruviana,Thamnophilidae,Passeriformes
Hypocnemis striata,Thamnophilidae,Passeriformes
Hypocnemis subflava,Thamnophilidae,Passeriformes
Hypocnemoides maculicauda,Thamnophilidae,Passeriformes
Hypocnemoides melanopogon,Thamnophilidae,Passeriformes
Hypoedaleus guttatus,Thamnophilidae,Passeriformes
Mackenziaena leachii,Thamnophilidae,Passeriformes
Mackenziaena severa,Thamnophilidae,Passeriformes
Megastictus margaritatus,Thamnophilidae,Passeriformes
Microrhopias quixensis,Thamnophilidae,Passeriformes
Myrmeciza atrothorax,Thamnophilidae,Passeriformes
Myrmeciza berlepschi,Thamnophilidae,Passeriformes
Myrmeciza castanea,Thamnophilidae,Passeriformes
Myrmeciza disjuncta,Thamnophilidae,Passeriformes
Myrmeciza exsul,Thamnophilidae,Passeriformes
Myrmeciza ferruginea,Thamnophilidae,Passeriformes
Myrmeciza fortis,Thamnophilidae,Passeriformes
Myrmeciza goeldii,Thamnophilidae,Passeriformes
Myrmeciza griseiceps,Thamnophilidae,Passeriformes
Myrmeciza hemimelaena,Thamnophilidae,Passeriformes
Myrmeciza hyperythra,Thamnophilidae,Passeriformes
Myrmeciza immaculata,Thamnophilidae,Passeriformes
Myrmeciza laemosticta,Thamnophilidae,Passeriformes
Myrmeciza longipes,Thamnophilidae,Passeriformes
Myrmeciza loricata,Thamnophilidae,Passeriformes
Myrmeciza melanoceps,Thamnophilidae,Passeriformes
Myrmeciza nigricauda,Thamnophilidae,Passeriformes
Myrmeciza pelzelni,Thamnophilidae,Passeriformes
Myrmeciza ruficauda,Thamnophilidae,Passeriformes
Myrmeciza squamosa,Thamnophilidae,Passeriformes
Myrmoborus leucophrys,Thamnophilidae,Passeriformes
Myrmoborus lugubris,Thamnophilidae,Passeriformes
Myrmoborus melanurus,Thamnophilidae,Passeriformes
Myrmoborus myotherinus,Thamnophilidae,Passeriformes
Myrmochanes hemileucus,Thamnophilidae,Passeriformes
Myrmorchilus strigilatus,Thamnophilidae,Passeriformes
Myrmornis torquata,Thamnophilidae,Passeriformes
Myrmotherula ambigua,Thamnophilidae,Passeriformes
Myrmotherula assimilis,Thamnophilidae,Passeriformes
Myrmotherula axillaris,Thamnophilidae,Passeriformes
Myrmotherula behni,Thamnophilidae,Passeriformes
Myrmotherula brachyura,Thamnophilidae,Passeriformes
Myrmotherula cherriei,Thamnophilidae,Passeriformes
Myrmotherula fluminensis,Thamnophilidae,Passeriformes
Myrmotherula grisea,Thamnophilidae,Passeriformes
Myrmotherula gularis,Thamnophilidae,Passeriformes
Myrmotherula guttata,Thamnophilidae,Passeriformes
Myrmotherula gutturalis,Thamnophilidae,Passeriformes
Myrmotherula hauxwelli,Thamnophilidae,Passeriformes
Myrmotherula ignota,Thamnophilidae,Passeriformes
Myrmotherula iheringi,Thamnophilidae,Passeriformes
Myrmotherula klagesi,Thamnophilidae,Passeriformes
Myrmotherula longicauda,Thamnophilidae,Passeriformes
Myrmotherula longipennis,Thamnophilidae,Passeriformes
Myrmotherula luctuosa,Thamnophilidae,Passeriformes
Myrmotherula menetriesii,Thamnophilidae,Passeriformes
Myrmotherula minor,Thamnophilidae,Passeriformes
Myrmotherula multostriata,Thamnophilidae,Passeriformes
Myrmotherula pacifica,Thamnophilidae,Passeriformes
Myrmotherula schisticolor,Thamnophilidae,Passeriformes
Myrmotherula sclateri,Thamnophilidae,Passeriformes
Myrmotherula snowi,Thamnophilidae,Passeriformes
Myrmotherula sunensis,Thamnophilidae,Passeriformes
Myrmotherula surinamensis,Thamnophilidae,Passeriformes
Myrmotherula unicolor,Thamnophilidae,Passeriformes
Myrmotherula urosticta,Thamnophilidae,Passeriformes
Neoctantes niger,Thamnophilidae,Passeriformes
Percnostola arenarum,Thamnophilidae,Passeriformes
Percnostola lophotes,Thamnophilidae,Passeriformes
Percnostola rufifrons,Thamnophilidae,Passeriformes
Phaenostictus mcleannani,Thamnophilidae,Passeriformes
Phlegopsis erythroptera,Thamnophilidae,Passeriformes
Phlegopsis nigromaculata,Thamnophilidae,Passeriformes
Pithys albifrons,Thamnophilidae,Passeriformes
Pithys castaneus,Thamnophilidae,Passeriformes
Pygiptila stellaris,Thamnophilidae,Passeriformes
Pyriglena atra,Thamnophilidae,Passeriformes
Pyriglena leuconota,Thamnophilidae,Passeriformes
Pyriglena leucoptera,Thamnophilidae,Passeriformes
Rhegmatorhina berlepschi,Thamnophilidae,Passeriformes
Rhegmatorhina cristata,Thamnophilidae,Passeriformes
Rhegmatorhina gymnops,Thamnophilidae,Passeriformes
Rhegmatorhina hoffmannsi,Thamnophilidae,Passeriformes
Rhegmatorhina melanosticta,Thamnophilidae,Passeriformes
Rhopornis ardesiacus,Thamnophilidae,Passeriformes
Sakesphorus bernardi,Thamnophilidae,Passeriformes
Sakesphorus canadensis,Thamnophilidae,Passeriformes
Sakesphorus cristatus,Thamnophilidae,Passeriformes
Sakesphorus luctuosus,Thamnophilidae,Passeriformes
Sakesphorus melanonotus,Thamnophilidae,Passeriformes
Sakesphorus melanothorax,Thamnophilidae,Passeriformes
Schistocichla brunneiceps,Thamnophilidae,Passeriformes
Schistocichla caurensis,Thamnophilidae,Passeriformes
Schistocichla humaythae,Thamnophilidae,Passeriformes
Schistocichla leucostigma,Thamnophilidae,Passeriformes
Schistocichla rufifacies,Thamnophilidae,Passeriformes
Schistocichla saturata,Thamnophilidae,Passeriformes
Schistocichla schistacea,Thamnophilidae,Passeriformes
Sclateria naevia,Thamnophilidae,Passeriformes
Stymphalornis acutirostris,Thamnophilidae,Passeriformes
Taraba major,Thamnophilidae,Passeriformes
Terenura callinota,Thamnophilidae,Passeriformes
Terenura humeralis,Thamnophilidae,Passeriformes
Terenura maculata,Thamnophilidae,Passeriformes
Terenura sharpei,Thamnophilidae,Passeriformes
Terenura sicki,Thamnophilidae,Passeriformes
Terenura spodioptila,Thamnophilidae,Passeriformes
Thamnistes anabatinus,Thamnophilidae,Passeriformes
Thamnomanes ardesiacus,Thamnophilidae,Passeriformes
Thamnomanes caesius,Thamnophilidae,Passeriformes
Thamnomanes saturninus,Thamnophilidae,Passeriformes
Thamnomanes schistogynus,Thamnophilidae,Passeriformes
Thamnophilus aethiops,Thamnophilidae,Passeriformes
Thamnophilus amazonicus,Thamnophilidae,Passeriformes
Thamnophilus ambiguus,Thamnophilidae,Passeriformes
Thamnophilus aroyae,Thamnophilidae,Passeriformes
Thamnophilus atrinucha,Thamnophilidae,Passeriformes
Thamnophilus bridgesi,Thamnophilidae,Passeriformes
Thamnophilus caerulescens,Thamnophilidae,Passeriformes
Thamnophilus cryptoleucus,Thamnophilidae,Passeriformes
Thamnophilus divisorius,Thamnophilidae,Passeriformes
Thamnophilus doliatus,Thamnophilidae,Passeriformes
Thamnophilus insignis,Thamnophilidae,Passeriformes
Thamnophilus multistriatus,Thamnophilidae,Passeriformes
Thamnophilus murinus,Thamnophilidae,Passeriformes
Thamnophilus nigriceps,Thamnophilidae,Passeriformes
Thamnophilus nigrocinereus,Thamnophilidae,Passeriformes
Thamnophilus palliatus,Thamnophilidae,Passeriformes
Thamnophilus pelzelni,Thamnophilidae,Passeriformes
Thamnophilus praecox,Thamnophilidae,Passeriformes
Thamnophilus punctatus,Thamnophilidae,Passeriformes
Thamnophilus ruficapillus,Thamnophilidae,Passeriformes
Thamnophilus schistaceus,Thamnophilidae,Passeriformes
Thamnophilus stictocephalus,Thamnophilidae,Passeriformes
Thamnophilus sticturus,Thamnophilidae,Passeriformes
Thamnophilus tenuepunctatus,Thamnophilidae,Passeriformes
Thamnophilus torquatus,Thamnophilidae,Passeriformes
Thamnophilus unicolor,Thamnophilidae,Passeriformes
Thamnophilus zarumae,Thamnophilidae,Passeriformes
Willisornis poecilinotus,Thamnophilidae,Passeriformes
Xenornis setifrons,Thamnophilidae,Passeriformes
Anisognathus igniventris,Thraupidae,Passeriformes
Anisognathus lacrymosus,Thraupidae,Passeriformes
Anisognathus melanogenys,Thraupidae,Passeriformes
Anisognathus notabilis,Thraupidae,Passeriformes
Anisognathus somptuosus,Thraupidae,Passeriformes
Bangsia arcaei,Thraupidae,Passeriformes
Bangsia aureocincta,Thraupidae,Passeriformes
Bangsia edwardsi,Thraupidae,Passeriformes
Bangsia melanochlamys,Thraupidae,Passeriformes
Bangsia rothschildi,Thraupidae,Passeriformes
Buthraupis aureodorsalis,Thraupidae,Passeriformes
Buthraupis eximia,Thraupidae,Passeriformes
Buthraupis montana,Thraupidae,Passeriformes
Buthraupis wetmorei,Thraupidae,Passeriformes
Calochaetes coccineus,Thraupidae,Passeriformes
Calyptophilus frugivorus,Thraupidae,Passeriformes
Calyptophilus tertius,Thraupidae,Passeriformes
Catamblyrhynchus diadema,Thraupidae,Passeriformes
Chlorochrysa calliparaea,Thraupidae,Passeriformes
Chlorochrysa nitidissima,Thraupidae,Passeriformes
Chlorochrysa phoenicotis,Thraupidae,Passeriformes
Chlorophanes spiza,Thraupidae,Passeriformes
Chlorophonia callophrys,Thraupidae,Passeriformes
Chlorophonia cyanea,Thraupidae,Passeriformes
Chlorophonia flavirostris,Thraupidae,Passeriformes
Chlorophonia occipitalis,Thraupidae,Passeriformes
Chlorophonia pyrrhophrys,Thraupidae,Passeriformes
Chlorornis riefferii,Thraupidae,Passeriformes
Chlorospingus canigularis,Thraupidae,Passeriformes
Chlorospingus flavigularis,Thraupidae,Passeriformes
Chlorospingus flavovirens,Thraupidae,Passeriformes
Chlorospingus inornatus,Thraupidae,Passeriformes
Chlorospingus ophthalmicus,Thraupidae,Passeriformes
Chlorospingus parvirostris,Thraupidae,Passeriformes
Chlorospingus pileatus,Thraupidae,Passeriformes
Chlorospingus semifuscus,Thraupidae,Passeriformes
Chlorospingus tacarcunae,Thraupidae,Passeriformes
Chlorothraupis frenata,Thraupidae,Passeriformes
Chrysothlypis chrysomelas,Thraupidae,Passeriformes
Chrysothlypis salmoni,Thraupidae,Passeriformes
Cissopis leverianus,Thraupidae,Passeriformes
Cnemoscopus rubrirostris,Thraupidae,Passeriformes
Compsospiza baeri,Thraupidae,Passeriformes
Compsospiza garleppi,Thraupidae,Passeriformes
Compsothraupis loricata,Thraupidae,Passeriformes
Conirostrum albifrons,Thraupidae,Passeriformes
Conirostrum bicolor,Thraupidae,Passeriformes
Conirostrum cinereum,Thraupidae,Passeriformes
Conirostrum ferrugineiventre,Thraupidae,Passeriformes
Conirostrum leucogenys,Thraupidae,Passeriformes
Conirostrum margaritae,Thraupidae,Passeriformes
Conirostrum rufum,Thraupidae,Passeriformes
Conirostrum sitticolor,Thraupidae,Passeriformes
Conirostrum speciosum,Thraupidae,Passeriformes
Conirostrum tamarugense,Thraupidae,Passeriformes
Conothraupis mesoleuca,Thraupidae,Passeriformes
Conothraupis speculigera,Thraupidae,Passeriformes
Creurgops dentatus,Thraupidae,Passeriformes
Creurgops verticalis,Thraupidae,Passeriformes
Cyanerpes caeruleus,Thraupidae,Passeriformes
Cyanerpes cyaneus,Thraupidae,Passeriformes
Cyanerpes lucidus,Thraupidae,Passeriformes
Cyanerpes nitidus,Thraupidae,Passeriformes
Cyanicterus cyanicterus,Thraupidae,Passeriformes
Cypsnagra hirundinacea,Thraupidae,Passeriformes
Dacnis albiventris,Thraupidae,Passeriformes
Dacnis berlepschi,Thraupidae,Passeriformes
Dacnis cayana,Thraupidae,Passeriformes
Dacnis egregia,Thraupidae,Passeriformes
Dacnis flaviventer,Thraupidae,Passeriformes
Dacnis hartlaubi,Thraupidae,Passeriformes
Dacnis lineata,Thraupidae,Passeriformes
Dacnis nigripes,Thraupidae,Passeriformes
Dacnis venusta,Thraupidae,Passeriformes
Dacnis viguieri,Thraupidae,Passeriformes
Delothraupis castaneoventris,Thraupidae,Passeriformes
Diglossa albilatera,Thraupidae,Passeriformes
Diglossa baritula,Thraupidae,Passeriformes
Diglossa brunneiventris,Thraupidae,Passeriformes
Diglossa caerulescens,Thraupidae,Passeriformes
Diglossa carbonaria,Thraupidae,Passeriformes
Diglossa cyanea,Thraupidae,Passeriformes
Diglossa duidae,Thraupidae,Passeriformes
Diglossa glauca,Thraupidae,Passeriformes
Diglossa gloriosa,Thraupidae,Passeriformes
Diglossa gloriosissima,Thraupidae,Passeriformes
Diglossa humeralis,Thraupidae,Passeriformes
Diglossa indigotica,Thraupidae,Passeriformes
Diglossa lafresnayii,Thraupidae,Passeriformes
Diglossa major,Thraupidae,Passeriformes
Diglossa mystacalis,Thraupidae,Passeriformes
Diglossa plumbea,Thraupidae,Passeriformes
Diglossa sittoides,Thraupidae,Passeriformes
Diglossa venezuelensis,Thraupidae,Passeriformes
Dubusia taeniata,Thraupidae,Passeriformes
Eucometis penicillata,Thraupidae,Passeriformes
Euphonia affinis,Thraupidae,Passeriformes
Euphonia anneae,Thraupidae,Passeriformes
Euphonia cayennensis,Thraupidae,Passeriformes
Euphonia chalybea,Thraupidae,Passeriformes
Euphonia chlorotica,Thraupidae,Passeriformes
Euphonia chrysopasta,Thraupidae,Passeriformes
Euphonia concinna,Thraupidae,Passeriformes
Euphonia cyanocephala,Thraupidae,Passeriformes
Euphonia elegantissima,Thraupidae,Passeriformes
Euphonia finschi,Thraupidae,Passeriformes
Euphonia fulvicrissa,Thraupidae,Passeriformes
Euphonia gouldi,Thraupidae,Passeriformes
Euphonia hirundinacea,Thraupidae,Passeriformes
Euphonia imitans,Thraupidae,Passeriformes
Euphonia jamaica,Thraupidae,Passeriformes
Euphonia laniirostris,Thraupidae,Passeriformes
Euphonia luteicapilla,Thraupidae,Passeriformes
Euphonia mesochrysa,Thraupidae,Passeriformes
Euphonia minuta,Thraupidae,Passeriformes
Euphonia musica,Thraupidae,Passeriformes
Euphonia pectoralis,Thraupidae,Passeriformes
Euphonia plumbea,Thraupidae,Passeriformes
Euphonia rufiventris,Thraupidae,Passeriformes
Euphonia saturata,Thraupidae,Passeriformes
Euphonia trinitatis,Thraupidae,Passeriformes
Euphonia violacea,Thraupidae,Passeriformes
Euphonia xanthogaster,Thraupidae,Passeriformes
Hemispingus atropileus,Thraupidae,Passeriformes
Hemispingus auricularis,Thraupidae,Passeriformes
Hemispingus calophrys,Thraupidae,Passeriformes
Hemispingus frontalis,Thraupidae,Passeriformes
Hemispingus goeringi,Thraupidae,Passeriformes
Hemispingus melanotis,Thraupidae,Passeriformes
Hemispingus ochraceus,Thraupidae,Passeriformes
Hemispingus parodii,Thraupidae,Passeriformes
Hemispingus piurae,Thraupidae,Passeriformes
Hemispingus reyi,Thraupidae,Passeriformes
Hemispingus rufosuperciliaris,Thraupidae,Passeriformes
Hemispingus superciliaris,Thraupidae,Passeriformes
Hemispingus trifasciatus,Thraupidae,Passeriformes
Hemispingus verticalis,Thraupidae,Passeriformes
Hemispingus xanthophthalmus,Thraupidae,Passeriformes
Hemithraupis flavicollis,Thraupidae,Passeriformes
Hemithraupis guira,Thraupidae,Passeriformes
Hemithraupis ruficapilla,Thraupidae,Passeriformes
Heterospingus rubrifrons,Thraupidae,Passeriformes
Heterospingus xanthopygius,Thraupidae,Passeriformes
Iridophanes pulcherrimus,Thraupidae,Passeriformes
Iridosornis analis,Thraupidae,Passeriformes
Iridosornis jelskii,Thraupidae,Passeriformes
Iridosornis porphyrocephalus,Thraupidae,Passeriformes
Iridosornis reinhardti,Thraupidae,Passeriformes
Iridosornis rufivertex,Thraupidae,Passeriformes
Lamprospiza melanoleuca,Thraupidae,Passeriformes
Lanio aurantius,Thraupidae,Passeriformes
Lanio fulvus,Thraupidae,Passeriformes
Lanio leucothorax,Thraupidae,Passeriformes
Lanio versicolor,Thraupidae,Passeriformes
Mitrospingus cassinii,Thraupidae,Passeriformes
Mitrospingus oleagineus,Thraupidae,Passeriformes
Nemosia pileata,Thraupidae,Passeriformes
Nemosia rourei,Thraupidae,Passeriformes
Neothraupis fasciata,Thraupidae,Passeriformes
Nephelornis oneilli,Thraupidae,Passeriformes
Nesospingus speculiferus,Thraupidae,Passeriformes
Orchesticus abeillei,Thraupidae,Passeriformes
Oreomanes fraseri,Thraupidae,Passeriformes
Orthogonys chloricterus,Thraupidae,Passeriformes
Phaenicophilus palmarum,Thraupidae,Passeriformes
Phaenicophilus poliocephalus,Thraupidae,Passeriformes
Pipraeidea melanonota,Thraupidae,Passeriformes
Piranga hepatica,Thraupidae,Passeriformes
Piranga lutea,Thraupidae,Passeriformes
Poospiza whitii,Thraupidae,Passeriformes
Pyrrhocoma ruficeps,Thraupidae,Passeriformes
Ramphocelus bresilius,Thraupidae,Passeriformes
Ramphocelus carbo,Thraupidae,Passeriformes
Ramphocelus costaricensis,Thraupidae,Passeriformes
Ramphocelus dimidiatus,Thraupidae,Passeriformes
Ramphocelus flammigerus,Thraupidae,Passeriformes
Ramphocelus icteronotus,Thraupidae,Passeriformes
Ramphocelus melanogaster,Thraupidae,Passeriformes
Ramphocelus nigrogularis,Thraupidae,Passeriformes
Ramphocelus passerinii,Thraupidae,Passeriformes
Ramphocelus sanguinolentus,Thraupidae,Passeriformes
Rhodinocichla rosea,Thraupidae,Passeriformes
Schistochlamys melanopis,Thraupidae,Passeriformes
Schistochlamys ruficapillus,Thraupidae,Passeriformes
Sericossypha albocristata,Thraupidae,Passeriformes
Spindalis dominicensis,Thraupidae,Passeriformes
Spindalis nigricephala,Thraupidae,Passeriformes
Spindalis portoricensis,Thraupidae,Passeriformes
Spindalis zena,Thraupidae,Passeriformes
Stephanophorus diadematus,Thraupidae,Passeriformes
Tachyphonus coronatus,Thraupidae,Passeriformes
Tachyphonus cristatus,Thraupidae,Passeriformes
Tachyphonus delatrii,Thraupidae,Passeriformes
Tachyphonus luctuosus,Thraupidae,Passeriformes
Tachyphonus phoenicius,Thraupidae,Passeriformes
Tachyphonus rufiventer,Thraupidae,Passeriformes
Tachyphonus rufus,Thraupidae,Passeriformes
Tachyphonus surinamus,Thraupidae,Passeriformes
Tangara argyrofenges,Thraupidae,Passeriformes
Tangara arthus,Thraupidae,Passeriformes
Tangara cabanisi,Thraupidae,Passeriformes
Tangara callophrys,Thraupidae,Passeriformes
Tangara cayana,Thraupidae,Passeriformes
Tangara chilensis,Thraupidae,Passeriformes
Tangara chrysotis,Thraupidae,Passeriformes
Tangara cucullata,Thraupidae,Passeriformes
Tangara cyanicollis,Thraupidae,Passeriformes
Tangara cyanocephala,Thraupidae,Passeriformes
Tangara cyanoptera,Thraupidae,Passeriformes
Tangara cyanotis,Thraupidae,Passeriformes
Tangara cyanoventris,Thraupidae,Passeriformes
Tangara desmaresti,Thraupidae,Passeriformes
Tangara dowii,Thraupidae,Passeriformes
Tangara fastuosa,Thraupidae,Passeriformes
Tangara florida,Thraupidae,Passeriformes
Tangara fucosa,Thraupidae,Passeriformes
Tangara guttata,Thraupidae,Passeriformes
Tangara gyrola,Thraupidae,Passeriformes
Tangara heinei,Thraupidae,Passeriformes
Tangara icterocephala,Thraupidae,Passeriformes
Tangara inornata,Thraupidae,Passeriformes
Tangara johannae,Thraupidae,Passeriformes
Tangara labradorides,Thraupidae,Passeriformes
Tangara larvata,Thraupidae,Passeriformes
Tangara lavinia,Thraupidae,Passeriformes
Tangara mexicana,Thraupidae,Passeriformes
Tangara meyerdeschauenseei,Thraupidae,Passeriformes
Tangara nigrocincta,Thraupidae,Passeriformes
Tangara nigroviridis,Thraupidae,Passeriformes
Tangara palmeri,Thraupidae,Passeriformes
Tangara parzudakii,Thraupidae,Passeriformes
Tangara peruviana,Thraupidae,Passeriformes
Tangara phillipsi,Thraupidae,Passeriformes
Tangara preciosa,Thraupidae,Passeriformes
Tangara punctata,Thraupidae,Passeriformes
Tangara ruficervix,Thraupidae,Passeriformes
Tangara rufigenis,Thraupidae,Passeriformes
Tangara rufigula,Thraupidae,Passeriformes
Tangara schrankii,Thraupidae,Passeriformes
Tangara seledon,Thraupidae,Passeriformes
Tangara varia,Thraupidae,Passeriformes
Tangara vassorii,Thraupidae,Passeriformes
Tangara velia,Thraupidae,Passeriformes
Tangara viridicollis,Thraupidae,Passeriformes
Tangara vitriolina,Thraupidae,Passeriformes
Tangara xanthocephala,Thraupidae,Passeriformes
Tangara xanthogastra,Thraupidae,Passeriformes
Tersina viridis,Thraupidae,Passeriformes
Thlypopsis fulviceps,Thraupidae,Passeriformes
Thlypopsis inornata,Thraupidae,Passeriformes
Thlypopsis ornata,Thraupidae,Passeriformes
Thlypopsis pectoralis,Thraupidae,Passeriformes
Thlypopsis ruficeps,Thraupidae,Passeriformes
Thlypopsis sordida,Thraupidae,Passeriformes
Thraupis abbas,Thraupidae,Passeriformes
Thraupis bonariensis,Thraupidae,Passeriformes
Thraupis cyanocephala,Thraupidae,Passeriformes
Thraupis cyanoptera,Thraupidae,Passeriformes
Thraupis episcopus,Thraupidae,Passeriformes
Thraupis glaucocolpa,Thraupidae,Passeriformes
Thraupis ornata,Thraupidae,Passeriformes
Thraupis palmarum,Thraupidae,Passeriformes
Thraupis sayaca,Thraupidae,Passeriformes
Trichothraupis melanops,Thraupidae,Passeriformes
Wetmorethraupis sterrhopteron,Thraupidae,Passeriformes
Xenodacnis parina,Thraupidae,Passeriformes
Actinodura egertoni,Timaliidae,Passeriformes
Actinodura morrisoniana,Timaliidae,Passeriformes
Actinodura nipalensis,Timaliidae,Passeriformes
Actinodura ramsayi,Timaliidae,Passeriformes
Actinodura sodangorum,Timaliidae,Passeriformes
Actinodura souliei,Timaliidae,Passeriformes
Actinodura waldeni,Timaliidae,Passeriformes
Alcippe brunnea,Timaliidae,Passeriformes
Alcippe brunneicauda,Timaliidae,Passeriformes
Alcippe castaneceps,Timaliidae,Passeriformes
Alcippe chrysotis,Timaliidae,Passeriformes
Alcippe cinerea,Timaliidae,Passeriformes
Alcippe cinereiceps,Timaliidae,Passeriformes
Alcippe danisi,Timaliidae,Passeriformes
Alcippe dubia,Timaliidae,Passeriformes
Alcippe formosana,Timaliidae,Passeriformes
Alcippe grotei,Timaliidae,Passeriformes
Alcippe klossi,Timaliidae,Passeriformes
Alcippe ludlowi,Timaliidae,Passeriformes
Alcippe manipurensis,Timaliidae,Passeriformes
Alcippe morrisonia,Timaliidae,Passeriformes
Alcippe nipalensis,Timaliidae,Passeriformes
Alcippe peracensis,Timaliidae,Passeriformes
Alcippe poioicephala,Timaliidae,Passeriformes
Alcippe pyrrhoptera,Timaliidae,Passeriformes
Alcippe ruficapilla,Timaliidae,Passeriformes
Alcippe rufogularis,Timaliidae,Passeriformes
Alcippe striaticollis,Timaliidae,Passeriformes
Alcippe variegaticeps,Timaliidae,Passeriformes
Alcippe vinipectus,Timaliidae,Passeriformes
Babax koslowi,Timaliidae,Passeriformes
Babax lanceolatus,Timaliidae,Passeriformes
Babax waddelli,Timaliidae,Passeriformes
Chamaea fasciata,Timaliidae,Passeriformes
Chrysomma altirostre,Timaliidae,Passeriformes
Chrysomma poecilotis,Timaliidae,Passeriformes
Chrysomma sinense,Timaliidae,Passeriformes
Conostoma oemodium,Timaliidae,Passeriformes
Crocias albonotatus,Timaliidae,Passeriformes
Crocias langbianis,Timaliidae,Passeriformes
Cutia legalleni,Timaliidae,Passeriformes
Cutia nipalensis,Timaliidae,Passeriformes
Dasycrotapha speciosa,Timaliidae,Passeriformes
Dumetia hyperythra,Timaliidae,Passeriformes
Erpornis zantholeuca,Timaliidae,Passeriformes
Gampsorhynchus rufulus,Timaliidae,Passeriformes
Gampsorhynchus torquatus,Timaliidae,Passeriformes
Garrulax affinis,Timaliidae,Passeriformes
Garrulax albogularis,Timaliidae,Passeriformes
Garrulax annamensis,Timaliidae,Passeriformes
Garrulax austeni,Timaliidae,Passeriformes
Garrulax berthemyi,Timaliidae,Passeriformes
Garrulax bicolor,Timaliidae,Passeriformes
Garrulax bieti,Timaliidae,Passeriformes
Garrulax caerulatus,Timaliidae,Passeriformes
Garrulax calvus,Timaliidae,Passeriformes
Garrulax canorus,Timaliidae,Passeriformes
Garrulax castanotis,Timaliidae,Passeriformes
Garrulax chinensis,Timaliidae,Passeriformes
Garrulax chrysopterus,Timaliidae,Passeriformes
Garrulax cineraceus,Timaliidae,Passeriformes
Garrulax cinereifrons,Timaliidae,Passeriformes
Garrulax courtoisi,Timaliidae,Passeriformes
Garrulax davidi,Timaliidae,Passeriformes
Garrulax delesserti,Timaliidae,Passeriformes
Garrulax elliotii,Timaliidae,Passeriformes
Garrulax erythrocephalus,Timaliidae,Passeriformes
Garrulax ferrarius,Timaliidae,Passeriformes
Garrulax formosus,Timaliidae,Passeriformes
Garrulax galbanus,Timaliidae,Passeriformes
Garrulax gularis,Timaliidae,Passeriformes
Garrulax henrici,Timaliidae,Passeriformes
Garrulax imbricatus,Timaliidae,Passeriformes
Garrulax konkakinhensis,Timaliidae,Passeriformes
Garrulax leucolophus,Timaliidae,Passeriformes
Garrulax lineatus,Timaliidae,Passeriformes
Garrulax lugubris,Timaliidae,Passeriformes
Garrulax lunulatus,Timaliidae,Passeriformes
Garrulax maesi,Timaliidae,Passeriformes
Garrulax maximus,Timaliidae,Passeriformes
Garrulax melanostigma,Timaliidae,Passeriformes
Garrulax merulinus,Timaliidae,Passeriformes
Garrulax milleti,Timaliidae,Passeriformes
Garrulax milnei,Timaliidae,Passeriformes
Garrulax mitratus,Timaliidae,Passeriformes
Garrulax monileger,Timaliidae,Passeriformes
Garrulax morrisonianus,Timaliidae,Passeriformes
Garrulax ngoclinhensis,Timaliidae,Passeriformes
Garrulax nuchalis,Timaliidae,Passeriformes
Garrulax ocellatus,Timaliidae,Passeriformes
Garrulax palliatus,Timaliidae,Passeriformes
Garrulax pectoralis,Timaliidae,Passeriformes
Garrulax peninsulae,Timaliidae,Passeriformes
Garrulax perspicillatus,Timaliidae,Passeriformes
Garrulax poecilorhynchus,Timaliidae,Passeriformes
Garrulax ruficeps,Timaliidae,Passeriformes
Garrulax ruficollis,Timaliidae,Passeriformes
Garrulax rufifrons,Timaliidae,Passeriformes
Garrulax rufogularis,Timaliidae,Passeriformes
Garrulax sannio,Timaliidae,Passeriformes
Garrulax squamatus,Timaliidae,Passeriformes
Garrulax strepitans,Timaliidae,Passeriformes
Garrulax striatus,Timaliidae,Passeriformes
Garrulax subunicolor,Timaliidae,Passeriformes
Garrulax sukatschewi,Timaliidae,Passeriformes
Garrulax taewanus,Timaliidae,Passeriformes
Garrulax variegatus,Timaliidae,Passeriformes
Garrulax vassali,Timaliidae,Passeriformes
Garrulax virgatus,Timaliidae,Passeriformes
Garrulax yersini,Timaliidae,Passeriformes
Gypsophila crispifrons,Timaliidae,Passeriformes
Heterophasia annectens,Timaliidae,Passeriformes
Heterophasia auricularis,Timaliidae,Passeriformes
Heterophasia capistrata,Timaliidae,Passeriformes
Heterophasia desgodinsi,Timaliidae,Passeriformes
Heterophasia gracilis,Timaliidae,Passeriformes
Heterophasia melanoleuca,Timaliidae,Passeriformes
Heterophasia picaoides,Timaliidae,Passeriformes
Heterophasia pulchella,Timaliidae,Passeriformes
Horizorhinus dohrni,Timaliidae,Passeriformes
Illadopsis albipectus,Timaliidae,Passeriformes
Illadopsis cleaveri,Timaliidae,Passeriformes
Illadopsis fulvescens,Timaliidae,Passeriformes
Illadopsis puveli,Timaliidae,Passeriformes
Illadopsis pyrrhoptera,Timaliidae,Passeriformes
Illadopsis rufescens,Timaliidae,Passeriformes
Illadopsis rufipennis,Timaliidae,Passeriformes
Jabouilleia danjoui,Timaliidae,Passeriformes
Kakamega poliothorax,Timaliidae,Passeriformes
Kenopia striata,Timaliidae,Passeriformes
Kupeornis chapini,Timaliidae,Passeriformes
Kupeornis gilberti,Timaliidae,Passeriformes
Kupeornis rufocinctus,Timaliidae,Passeriformes
Leiothrix argentauris,Timaliidae,Passeriformes
Leiothrix lutea,Timaliidae,Passeriformes
Leonardina woodi,Timaliidae,Passeriformes
Liocichla bugunorum,Timaliidae,Passeriformes
Liocichla omeiensis,Timaliidae,Passeriformes
Liocichla phoenicea,Timaliidae,Passeriformes
Liocichla steerii,Timaliidae,Passeriformes
Lioptilus nigricapillus,Timaliidae,Passeriformes
Macronous bornensis,Timaliidae,Passeriformes
Macronous flavicollis,Timaliidae,Passeriformes
Macronous gularis,Timaliidae,Passeriformes
Macronous kelleyi,Timaliidae,Passeriformes
Macronous ptilosus,Timaliidae,Passeriformes
Macronous striaticeps,Timaliidae,Passeriformes
Malacocincla abbotti,Timaliidae,Passeriformes
Malacocincla cinereiceps,Timaliidae,Passeriformes
Malacocincla malaccensis,Timaliidae,Passeriformes
Malacocincla perspicillata,Timaliidae,Passeriformes
Malacocincla sepiaria,Timaliidae,Passeriformes
Malacopteron affine,Timaliidae,Passeriformes
Malacopteron albogulare,Timaliidae,Passeriformes
Malacopteron cinereum,Timaliidae,Passeriformes
Malacopteron magnirostre,Timaliidae,Passeriformes
Malacopteron magnum,Timaliidae,Passeriformes
Malacopteron palawanense,Timaliidae,Passeriformes
Malia grata,Timaliidae,Passeriformes
Micromacronus leytensis,Timaliidae,Passeriformes
Micromacronus sordidus,Timaliidae,Passeriformes
Minla cyanouroptera,Timaliidae,Passeriformes
Minla ignotincta,Timaliidae,Passeriformes
Minla strigula,Timaliidae,Passeriformes
Myzornis pyrrhoura,Timaliidae,Passeriformes
Napothera brevicaudata,Timaliidae,Passeriformes
Napothera crassa,Timaliidae,Passeriformes
Napothera epilepidota,Timaliidae,Passeriformes
Neomixis flavoviridis,Timaliidae,Passeriformes
Neomixis striatigula,Timaliidae,Passeriformes
Neomixis tenella,Timaliidae,Passeriformes
Neomixis viridis,Timaliidae,Passeriformes
Panurus biarmicus,Timaliidae,Passeriformes
Paradoxornis alphonsianus,Timaliidae,Passeriformes
Paradoxornis atrosuperciliaris,Timaliidae,Passeriformes
Paradoxornis brunneus,Timaliidae,Passeriformes
Paradoxornis conspicillatus,Timaliidae,Passeriformes
Paradoxornis davidianus,Timaliidae,Passeriformes
Paradoxornis flavirostris,Timaliidae,Passeriformes
Paradoxornis fulvifrons,Timaliidae,Passeriformes
Paradoxornis gularis,Timaliidae,Passeriformes
Paradoxornis guttaticollis,Timaliidae,Passeriformes
Paradoxornis heudei,Timaliidae,Passeriformes
Paradoxornis margaritae,Timaliidae,Passeriformes
Paradoxornis nipalensis,Timaliidae,Passeriformes
Paradoxornis paradoxus,Timaliidae,Passeriformes
Paradoxornis przewalskii,Timaliidae,Passeriformes
Paradoxornis ruficeps,Timaliidae,Passeriformes
Paradoxornis unicolor,Timaliidae,Passeriformes
Paradoxornis verreauxi,Timaliidae,Passeriformes
Paradoxornis webbianus,Timaliidae,Passeriformes
Paradoxornis zappeyi,Timaliidae,Passeriformes
Parophasma galinieri,Timaliidae,Passeriformes
Pellorneum albiventre,Timaliidae,Passeriformes
Pellorneum capistratum,Timaliidae,Passeriformes
Pellorneum fuscocapillus,Timaliidae,Passeriformes
Pellorneum palustre,Timaliidae,Passeriformes
Pellorneum ruficeps,Timaliidae,Passeriformes
Phyllanthus atripennis,Timaliidae,Passeriformes
Pnoepyga albiventer,Timaliidae,Passeriformes
Pnoepyga formosana,Timaliidae,Passeriformes
Pnoepyga immaculata,Timaliidae,Passeriformes
Pnoepyga pusilla,Timaliidae,Passeriformes
Pomatorhinus erythrocnemis,Timaliidae,Passeriformes
Pomatorhinus erythrogenys,Timaliidae,Passeriformes
Pomatorhinus ferruginosus,Timaliidae,Passeriformes
Pomatorhinus gravivox,Timaliidae,Passeriformes
Pomatorhinus horsfieldii,Timaliidae,Passeriformes
Pomatorhinus hypoleucos,Timaliidae,Passeriformes
Pomatorhinus mcclellandi,Timaliidae,Passeriformes
Pomatorhinus melanurus,Timaliidae,Passeriformes
Pomatorhinus montanus,Timaliidae,Passeriformes
Pomatorhinus musicus,Timaliidae,Passeriformes
Pomatorhinus ochraceiceps,Timaliidae,Passeriformes
Pomatorhinus ruficollis,Timaliidae,Passeriformes
Pomatorhinus schisticeps,Timaliidae,Passeriformes
Pomatorhinus swinhoei,Timaliidae,Passeriformes
Pseudoalcippe abyssinica,Timaliidae,Passeriformes
Pteruthius aenobarbus,Timaliidae,Passeriformes
Pteruthius flaviscapis,Timaliidae,Passeriformes
Pteruthius melanotis,Timaliidae,Passeriformes
Pteruthius rufiventer,Timaliidae,Passeriformes
Pteruthius xanthochlorus,Timaliidae,Passeriformes
Ptilocichla falcata,Timaliidae,Passeriformes
Ptilocichla leucogrammica,Timaliidae,Passeriformes
Ptilocichla mindanensis,Timaliidae,Passeriformes
Ptyrticus turdinus,Timaliidae,Passeriformes
Rhopocichla atriceps,Timaliidae,Passeriformes
Rimator albostriatus,Timaliidae,Passeriformes
Rimator malacoptilus,Timaliidae,Passeriformes
Rimator pasquieri,Timaliidae,Passeriformes
Robsonius rabori,Timaliidae,Passeriformes
Robsonius sorsogonensis,Timaliidae,Passeriformes
Spelaeornis badeigularis,Timaliidae,Passeriformes
Spelaeornis caudatus,Timaliidae,Passeriformes
Spelaeornis chocolatinus,Timaliidae,Passeriformes
Spelaeornis formosus,Timaliidae,Passeriformes
Spelaeornis kinneari,Timaliidae,Passeriformes
Spelaeornis longicaudatus,Timaliidae,Passeriformes
Spelaeornis oatesi,Timaliidae,Passeriformes
Spelaeornis reptatus,Timaliidae,Passeriformes
Spelaeornis troglodytoides,Timaliidae,Passeriformes
Sphenocichla humei,Timaliidae,Passeriformes
Sphenocichla roberti,Timaliidae,Passeriformes
Stachyris ambigua,Timaliidae,Passeriformes
Stachyris capitalis,Timaliidae,Passeriformes
Stachyris chrysaea,Timaliidae,Passeriformes
Stachyris dennistouni,Timaliidae,Passeriformes
Stachyris erythroptera,Timaliidae,Passeriformes
Stachyris grammiceps,Timaliidae,Passeriformes
Stachyris herberti,Timaliidae,Passeriformes
Stachyris hypogrammica,Timaliidae,Passeriformes
Stachyris latistriata,Timaliidae,Passeriformes
Stachyris leucotis,Timaliidae,Passeriformes
Stachyris maculata,Timaliidae,Passeriformes
Stachyris melanothorax,Timaliidae,Passeriformes
Stachyris nigriceps,Timaliidae,Passeriformes
Stachyris nigricollis,Timaliidae,Passeriformes
Stachyris nigrocapitata,Timaliidae,Passeriformes
Stachyris nigrorum,Timaliidae,Passeriformes
Stachyris nonggangensis,Timaliidae,Passeriformes
Stachyris oglei,Timaliidae,Passeriformes
Stachyris plateni,Timaliidae,Passeriformes
Stachyris poliocephala,Timaliidae,Passeriformes
Stachyris pygmaea,Timaliidae,Passeriformes
Stachyris pyrrhops,Timaliidae,Passeriformes
Stachyris ruficeps,Timaliidae,Passeriformes
Stachyris rufifrons,Timaliidae,Passeriformes
Stachyris striata,Timaliidae,Passeriformes
Stachyris striolata,Timaliidae,Passeriformes
Stachyris thoracica,Timaliidae,Passeriformes
Stachyris whiteheadi,Timaliidae,Passeriformes
Strophocincla cachinnans,Timaliidae,Passeriformes
Strophocincla fairbanki,Timaliidae,Passeriformes
Timalia pileata,Timaliidae,Passeriformes
Trichastoma bicolor,Timaliidae,Passeriformes
Trichastoma buettikoferi,Timaliidae,Passeriformes
Trichastoma celebense,Timaliidae,Passeriformes
Trichastoma pyrrogenys,Timaliidae,Passeriformes
Trichastoma rostratum,Timaliidae,Passeriformes
Trichastoma tickelli,Timaliidae,Passeriformes
Turdinus atrigularis,Timaliidae,Passeriformes
Turdinus macrodactylus,Timaliidae,Passeriformes
Turdinus marmorata,Timaliidae,Passeriformes
Turdinus rufipectus,Timaliidae,Passeriformes
Turdoides affinis,Timaliidae,Passeriformes
Turdoides altirostris,Timaliidae,Passeriformes
Turdoides aylmeri,Timaliidae,Passeriformes
Turdoides bicolor,Timaliidae,Passeriformes
Turdoides caudata,Timaliidae,Passeriformes
Turdoides earlei,Timaliidae,Passeriformes
Turdoides fulva,Timaliidae,Passeriformes
Turdoides gularis,Timaliidae,Passeriformes
Turdoides gymnogenys,Timaliidae,Passeriformes
Turdoides hartlaubii,Timaliidae,Passeriformes
Turdoides hindei,Timaliidae,Passeriformes
Turdoides hypoleuca,Timaliidae,Passeriformes
Turdoides jardineii,Timaliidae,Passeriformes
Turdoides leucocephala,Timaliidae,Passeriformes
Turdoides leucopygia,Timaliidae,Passeriformes
Turdoides longirostris,Timaliidae,Passeriformes
Turdoides malcolmi,Timaliidae,Passeriformes
Turdoides melanops,Timaliidae,Passeriformes
Turdoides nipalensis,Timaliidae,Passeriformes
Turdoides plebejus,Timaliidae,Passeriformes
Turdoides reinwardii,Timaliidae,Passeriformes
Turdoides rubiginosa,Timaliidae,Passeriformes
Turdoides rufescens,Timaliidae,Passeriformes
Turdoides sharpei,Timaliidae,Passeriformes
Turdoides squamiceps,Timaliidae,Passeriformes
Turdoides squamulata,Timaliidae,Passeriformes
Turdoides striata,Timaliidae,Passeriformes
Turdoides subrufa,Timaliidae,Passeriformes
Turdoides tenebrosa,Timaliidae,Passeriformes
Xiphirhynchus superciliaris,Timaliidae,Passeriformes
Yuhina bakeri,Timaliidae,Passeriformes
Yuhina brunneiceps,Timaliidae,Passeriformes
Yuhina castaniceps,Timaliidae,Passeriformes
Yuhina diademata,Timaliidae,Passeriformes
Yuhina everetti,Timaliidae,Passeriformes
Yuhina flavicollis,Timaliidae,Passeriformes
Yuhina gularis,Timaliidae,Passeriformes
Yuhina humilis,Timaliidae,Passeriformes
Yuhina nigrimenta,Timaliidae,Passeriformes
Yuhina occipitalis,Timaliidae,Passeriformes
Yuhina torqueola,Timaliidae,Passeriformes
Campylorhynchus albobrunneus,Troglodytidae,Passeriformes
Campylorhynchus brunneicapillus,Troglodytidae,Passeriformes
Campylorhynchus chiapensis,Troglodytidae,Passeriformes
Campylorhynchus fasciatus,Troglodytidae,Passeriformes
Campylorhynchus griseus,Troglodytidae,Passeriformes
Campylorhynchus gularis,Troglodytidae,Passeriformes
Campylorhynchus jocosus,Troglodytidae,Passeriformes
Campylorhynchus megalopterus,Troglodytidae,Passeriformes
Campylorhynchus nuchalis,Troglodytidae,Passeriformes
Campylorhynchus rufinucha,Troglodytidae,Passeriformes
Campylorhynchus turdinus,Troglodytidae,Passeriformes
Campylorhynchus yucatanicus,Troglodytidae,Passeriformes
Campylorhynchus zonatus,Troglodytidae,Passeriformes
Catherpes mexicanus,Troglodytidae,Passeriformes
Cinnycerthia fulva,Troglodytidae,Passeriformes
Cinnycerthia olivascens,Troglodytidae,Passeriformes
Cinnycerthia peruana,Troglodytidae,Passeriformes
Cinnycerthia unirufa,Troglodytidae,Passeriformes
Cistothorus apolinari,Troglodytidae,Passeriformes
Cistothorus meridae,Troglodytidae,Passeriformes
Cistothorus palustris,Troglodytidae,Passeriformes
Cistothorus platensis,Troglodytidae,Passeriformes
Cyphorhinus arada,Troglodytidae,Passeriformes
Cyphorhinus phaeocephalus,Troglodytidae,Passeriformes
Cyphorhinus thoracicus,Troglodytidae,Passeriformes
Ferminia cerverai,Troglodytidae,Passeriformes
Henicorhina leucophrys,Troglodytidae,Passeriformes
Henicorhina leucoptera,Troglodytidae,Passeriformes
Henicorhina leucosticta,Troglodytidae,Passeriformes
Henicorhina negreti,Troglodytidae,Passeriformes
Hylorchilus navai,Troglodytidae,Passeriformes
Hylorchilus sumichrasti,Troglodytidae,Passeriformes
Microcerculus bambla,Troglodytidae,Passeriformes
Microcerculus marginatus,Troglodytidae,Passeriformes
Microcerculus philomela,Troglodytidae,Passeriformes
Microcerculus ustulatus,Troglodytidae,Passeriformes
Odontorchilus branickii,Troglodytidae,Passeriformes
Odontorchilus cinereus,Troglodytidae,Passeriformes
Salpinctes obsoletus,Troglodytidae,Passeriformes
Thryomanes bewickii,Troglodytidae,Passeriformes
Thryorchilus browni,Troglodytidae,Passeriformes
Thryothorus atrogularis,Troglodytidae,Passeriformes
Thryothorus coraya,Troglodytidae,Passeriformes
Thryothorus eisenmanni,Troglodytidae,Passeriformes
Thryothorus euophrys,Troglodytidae,Passeriformes
Thryothorus fasciatoventris,Troglodytidae,Passeriformes
Thryothorus felix,Troglodytidae,Passeriformes
Thryothorus genibarbis,Troglodytidae,Passeriformes
Thryothorus griseus,Troglodytidae,Passeriformes
Thryothorus guarayanus,Troglodytidae,Passeriformes
Thryothorus leucopogon,Troglodytidae,Passeriformes
Thryothorus leucotis,Troglodytidae,Passeriformes
Thryothorus longirostris,Troglodytidae,Passeriformes
Thryothorus ludovicianus,Troglodytidae,Passeriformes
Thryothorus maculipectus,Troglodytidae,Passeriformes
Thryothorus modestus,Troglodytidae,Passeriformes
Thryothorus mystacalis,Troglodytidae,Passeriformes
Thryothorus nicefori,Troglodytidae,Passeriformes
Thryothorus nigricapillus,Troglodytidae,Passeriformes
Thryothorus pleurostictus,Troglodytidae,Passeriformes
Thryothorus rufalbus,Troglodytidae,Passeriformes
Thryothorus rutilus,Troglodytidae,Passeriformes
Thryothorus sclateri,Troglodytidae,Passeriformes
Thryothorus semibadius,Troglodytidae,Passeriformes
Thryothorus sinaloa,Troglodytidae,Passeriformes
Thryothorus spadix,Troglodytidae,Passeriformes
Thryothorus superciliaris,Troglodytidae,Passeriformes
Thryothorus thoracicus,Troglodytidae,Passeriformes
Troglodytes aedon,Troglodytidae,Passeriformes
Troglodytes cobbi,Troglodytidae,Passeriformes
Troglodytes monticola,Troglodytidae,Passeriformes
Troglodytes ochraceus,Troglodytidae,Passeriformes
Troglodytes rufociliatus,Troglodytidae,Passeriformes
Troglodytes rufulus,Troglodytidae,Passeriformes
Troglodytes sissonii,Troglodytidae,Passeriformes
Troglodytes solstitialis,Troglodytidae,Passeriformes
Troglodytes tanneri,Troglodytidae,Passeriformes
Troglodytes troglodytes,Troglodytidae,Passeriformes
Uropsila leucogastra,Troglodytidae,Passeriformes
Alethe choloensis,Turdidae,Passeriformes
Alethe diademata,Turdidae,Passeriformes
Alethe fuelleborni,Turdidae,Passeriformes
Alethe poliocephala,Turdidae,Passeriformes
Alethe poliophrys,Turdidae,Passeriformes
Brachypteryx hyperythra,Turdidae,Passeriformes
Brachypteryx leucophrys,Turdidae,Passeriformes
Brachypteryx montana,Turdidae,Passeriformes
Brachypteryx stellata,Turdidae,Passeriformes
Cataponera turdoides,Turdidae,Passeriformes
Catharus aurantiirostris,Turdidae,Passeriformes
Catharus bicknelli,Turdidae,Passeriformes
Catharus dryas,Turdidae,Passeriformes
Catharus frantzii,Turdidae,Passeriformes
Catharus fuscater,Turdidae,Passeriformes
Catharus fuscescens,Turdidae,Passeriformes
Catharus gracilirostris,Turdidae,Passeriformes
Catharus guttatus,Turdidae,Passeriformes
Catharus mexicanus,Turdidae,Passeriformes
Catharus minimus,Turdidae,Passeriformes
Catharus occidentalis,Turdidae,Passeriformes
Catharus ustulatus,Turdidae,Passeriformes
Chaetops aurantius,Turdidae,Passeriformes
Chaetops frenatus,Turdidae,Passeriformes
Chlamydochaera jefferyi,Turdidae,Passeriformes
Cichlopsis leucogenys,Turdidae,Passeriformes
Cochoa azurea,Turdidae,Passeriformes
Cochoa beccarii,Turdidae,Passeriformes
Cochoa purpurea,Turdidae,Passeriformes
Cochoa viridis,Turdidae,Passeriformes
Entomodestes coracinus,Turdidae,Passeriformes
Entomodestes leucotis,Turdidae,Passeriformes
Geomalia heinrichi,Turdidae,Passeriformes
Heinrichia calligyna,Turdidae,Passeriformes
Hylocichla mustelina,Turdidae,Passeriformes
Myadestes coloratus,Turdidae,Passeriformes
Myadestes elisabeth,Turdidae,Passeriformes
Myadestes genibarbis,Turdidae,Passeriformes
Myadestes lanaiensis,Turdidae,Passeriformes
Myadestes melanops,Turdidae,Passeriformes
Myadestes obscurus,Turdidae,Passeriformes
Myadestes occidentalis,Turdidae,Passeriformes
Myadestes palmeri,Turdidae,Passeriformes
Myadestes ralloides,Turdidae,Passeriformes
Myadestes townsendi,Turdidae,Passeriformes
Myadestes unicolor,Turdidae,Passeriformes
Myophonus blighi,Turdidae,Passeriformes
Myophonus borneensis,Turdidae,Passeriformes
Myophonus caeruleus,Turdidae,Passeriformes
Myophonus castaneus,Turdidae,Passeriformes
Myophonus glaucinus,Turdidae,Passeriformes
Myophonus horsfieldii,Turdidae,Passeriformes
Myophonus insularis,Turdidae,Passeriformes
Myophonus melanurus,Turdidae,Passeriformes
Myophonus robinsoni,Turdidae,Passeriformes
Neocossyphus poensis,Turdidae,Passeriformes
Neocossyphus rufus,Turdidae,Passeriformes
Nesocichla eremita,Turdidae,Passeriformes
Psophocichla litsitsirupa,Turdidae,Passeriformes
Sialia currucoides,Turdidae,Passeriformes
Sialia mexicana,Turdidae,Passeriformes
Sialia sialis,Turdidae,Passeriformes
Stizorhina finschi,Turdidae,Passeriformes
Stizorhina fraseri,Turdidae,Passeriformes
Turdus albicollis,Turdidae,Passeriformes
Turdus albocinctus,Turdidae,Passeriformes
Turdus amaurochalinus,Turdidae,Passeriformes
Turdus assimilis,Turdidae,Passeriformes
Turdus aurantius,Turdidae,Passeriformes
Turdus bewsheri,Turdidae,Passeriformes
Turdus boulboul,Turdidae,Passeriformes
Turdus cardis,Turdidae,Passeriformes
Turdus celaenops,Turdidae,Passeriformes
Turdus chiguanco,Turdidae,Passeriformes
Turdus chrysolaus,Turdidae,Passeriformes
Turdus daguae,Turdidae,Passeriformes
Turdus dissimilis,Turdidae,Passeriformes
Turdus falcklandii,Turdidae,Passeriformes
Turdus feae,Turdidae,Passeriformes
Turdus flavipes,Turdidae,Passeriformes
Turdus fulviventris,Turdidae,Passeriformes
Turdus fumigatus,Turdidae,Passeriformes
Turdus fuscater,Turdidae,Passeriformes
Turdus grayi,Turdidae,Passeriformes
Turdus haplochrous,Turdidae,Passeriformes
Turdus hauxwelli,Turdidae,Passeriformes
Turdus helleri,Turdidae,Passeriformes
Turdus hortulorum,Turdidae,Passeriformes
Turdus ignobilis,Turdidae,Passeriformes
Turdus iliacus,Turdidae,Passeriformes
Turdus infuscatus,Turdidae,Passeriformes
Turdus jamaicensis,Turdidae,Passeriformes
Turdus kessleri,Turdidae,Passeriformes
Turdus lawrencii,Turdidae,Passeriformes
Turdus leucomelas,Turdidae,Passeriformes
Turdus leucops,Turdidae,Passeriformes
Turdus lherminieri,Turdidae,Passeriformes
Turdus libonyanus,Turdidae,Passeriformes
Turdus ludoviciae,Turdidae,Passeriformes
Turdus maculirostris,Turdidae,Passeriformes
Turdus maranonicus,Turdidae,Passeriformes
Turdus menachensis,Turdidae,Passeriformes
Turdus merula,Turdidae,Passeriformes
Turdus migratorius,Turdidae,Passeriformes
Turdus mupinensis,Turdidae,Passeriformes
Turdus naumanni,Turdidae,Passeriformes
Turdus nigrescens,Turdidae,Passeriformes
Turdus nigriceps,Turdidae,Passeriformes
Turdus nudigenis,Turdidae,Passeriformes
Turdus obscurus,Turdidae,Passeriformes
Turdus obsoletus,Turdidae,Passeriformes
Turdus olivaceofuscus,Turdidae,Passeriformes
Turdus olivaceus,Turdidae,Passeriformes
Turdus olivater,Turdidae,Passeriformes
Turdus pallidus,Turdidae,Passeriformes
Turdus pelios,Turdidae,Passeriformes
Turdus philomelos,Turdidae,Passeriformes
Turdus pilaris,Turdidae,Passeriformes
Turdus plebejus,Turdidae,Passeriformes
Turdus plumbeus,Turdidae,Passeriformes
Turdus poliocephalus,Turdidae,Passeriformes
Turdus reevei,Turdidae,Passeriformes
Turdus rubrocanus,Turdidae,Passeriformes
Turdus ruficollis,Turdidae,Passeriformes
Turdus rufitorques,Turdidae,Passeriformes
Turdus rufiventris,Turdidae,Passeriformes
Turdus rufopalliatus,Turdidae,Passeriformes
Turdus serranus,Turdidae,Passeriformes
Turdus subalaris,Turdidae,Passeriformes
Turdus swalesi,Turdidae,Passeriformes
Turdus tephronotus,Turdidae,Passeriformes
Turdus torquatus,Turdidae,Passeriformes
Turdus unicolor,Turdidae,Passeriformes
Turdus viscivorus,Turdidae,Passeriformes
Zoothera andromedae,Turdidae,Passeriformes
Zoothera camaronensis,Turdidae,Passeriformes
Zoothera cinerea,Turdidae,Passeriformes
Zoothera citrina,Turdidae,Passeriformes
Zoothera crossleyi,Turdidae,Passeriformes
Zoothera dauma,Turdidae,Passeriformes
Zoothera dixoni,Turdidae,Passeriformes
Zoothera dohertyi,Turdidae,Passeriformes
Zoothera dumasi,Turdidae,Passeriformes
Zoothera erythronota,Turdidae,Passeriformes
Zoothera everetti,Turdidae,Passeriformes
Zoothera gurneyi,Turdidae,Passeriformes
Zoothera guttata,Turdidae,Passeriformes
Zoothera heinei,Turdidae,Passeriformes
Zoothera imbricata,Turdidae,Passeriformes
Zoothera interpres,Turdidae,Passeriformes
Zoothera joiceyi,Turdidae,Passeriformes
Zoothera leucolaema,Turdidae,Passeriformes
Zoothera lunulata,Turdidae,Passeriformes
Zoothera machiki,Turdidae,Passeriformes
Zoothera major,Turdidae,Passeriformes
Zoothera margaretae,Turdidae,Passeriformes
Zoothera marginata,Turdidae,Passeriformes
Zoothera mendeni,Turdidae,Passeriformes
Zoothera mollissima,Turdidae,Passeriformes
Zoothera monticola,Turdidae,Passeriformes
Zoothera naevia,Turdidae,Passeriformes
Zoothera oberlaenderi,Turdidae,Passeriformes
Zoothera peronii,Turdidae,Passeriformes
Zoothera piaggiae,Turdidae,Passeriformes
Zoothera pinicola,Turdidae,Passeriformes
Zoothera princei,Turdidae,Passeriformes
Zoothera schistacea,Turdidae,Passeriformes
Zoothera sibirica,Turdidae,Passeriformes
Zoothera spiloptera,Turdidae,Passeriformes
Zoothera talaseae,Turdidae,Passeriformes
Zoothera tanganjicae,Turdidae,Passeriformes
Zoothera turipavae,Turdidae,Passeriformes
Zoothera wardii,Turdidae,Passeriformes
Agriornis albicauda,Tyrannidae,Passeriformes
Agriornis lividus,Tyrannidae,Passeriformes
Agriornis micropterus,Tyrannidae,Passeriformes
Agriornis montanus,Tyrannidae,Passeriformes
Agriornis murinus,Tyrannidae,Passeriformes
Alectrurus risora,Tyrannidae,Passeriformes
Alectrurus tricolor,Tyrannidae,Passeriformes
Anairetes agilis,Tyrannidae,Passeriformes
Anairetes agraphia,Tyrannidae,Passeriformes
Anairetes alpinus,Tyrannidae,Passeriformes
Anairetes fernandezianus,Tyrannidae,Passeriformes
Anairetes flavirostris,Tyrannidae,Passeriformes
Anairetes nigrocristatus,Tyrannidae,Passeriformes
Anairetes parulus,Tyrannidae,Passeriformes
Anairetes reguloides,Tyrannidae,Passeriformes
Aphanotriccus audax,Tyrannidae,Passeriformes
Aphanotriccus capitalis,Tyrannidae,Passeriformes
Arundinicola leucocephala,Tyrannidae,Passeriformes
Atalotriccus pilaris,Tyrannidae,Passeriformes
Attila bolivianus,Tyrannidae,Passeriformes
Attila cinnamomeus,Tyrannidae,Passeriformes
Attila citriniventris,Tyrannidae,Passeriformes
Attila phoenicurus,Tyrannidae,Passeriformes
Attila rufus,Tyrannidae,Passeriformes
Attila spadiceus,Tyrannidae,Passeriformes
Attila torridus,Tyrannidae,Passeriformes
Camptostoma imberbe,Tyrannidae,Passeriformes
Camptostoma obsoletum,Tyrannidae,Passeriformes
Capsiempis flaveola,Tyrannidae,Passeriformes
Casiornis fuscus,Tyrannidae,Passeriformes
Casiornis rufus,Tyrannidae,Passeriformes
Cnemarchus erythropygius,Tyrannidae,Passeriformes
Cnemotriccus fuscatus,Tyrannidae,Passeriformes
Cnipodectes subbrunneus,Tyrannidae,Passeriformes
Cnipodectes superrufus,Tyrannidae,Passeriformes
Colonia colonus,Tyrannidae,Passeriformes
Colorhamphus parvirostris,Tyrannidae,Passeriformes
Conopias albovittatus,Tyrannidae,Passeriformes
Conopias cinchoneti,Tyrannidae,Passeriformes
Conopias parvus,Tyrannidae,Passeriformes
Conopias trivirgatus,Tyrannidae,Passeriformes
Contopus albogularis,Tyrannidae,Passeriformes
Contopus caribaeus,Tyrannidae,Passeriformes
Contopus cinereus,Tyrannidae,Passeriformes
Contopus cooperi,Tyrannidae,Passeriformes
Contopus fumigatus,Tyrannidae,Passeriformes
Contopus hispaniolensis,Tyrannidae,Passeriformes
Contopus latirostris,Tyrannidae,Passeriformes
Contopus lugubris,Tyrannidae,Passeriformes
Contopus nigrescens,Tyrannidae,Passeriformes
Contopus ochraceus,Tyrannidae,Passeriformes
Contopus pallidus,Tyrannidae,Passeriformes
Contopus pertinax,Tyrannidae,Passeriformes
Contopus punensis,Tyrannidae,Passeriformes
Contopus sordidulus,Tyrannidae,Passeriformes
Contopus virens,Tyrannidae,Passeriformes
Corythopis delalandi,Tyrannidae,Passeriformes
Corythopis torquatus,Tyrannidae,Passeriformes
Culicivora caudacuta,Tyrannidae,Passeriformes
Deltarhynchus flammulatus,Tyrannidae,Passeriformes
Elaenia albiceps,Tyrannidae,Passeriformes
Elaenia chiriquensis,Tyrannidae,Passeriformes
Elaenia cristata,Tyrannidae,Passeriformes
Elaenia dayi,Tyrannidae,Passeriformes
Elaenia fallax,Tyrannidae,Passeriformes
Elaenia flavogaster,Tyrannidae,Passeriformes
Elaenia frantzii,Tyrannidae,Passeriformes
Elaenia gigas,Tyrannidae,Passeriformes
Elaenia martinica,Tyrannidae,Passeriformes
Elaenia mesoleuca,Tyrannidae,Passeriformes
Elaenia obscura,Tyrannidae,Passeriformes
Elaenia pallatangae,Tyrannidae,Passeriformes
Elaenia parvirostris,Tyrannidae,Passeriformes
Elaenia pelzelni,Tyrannidae,Passeriformes
Elaenia ridleyana,Tyrannidae,Passeriformes
Elaenia ruficeps,Tyrannidae,Passeriformes
Elaenia spectabilis,Tyrannidae,Passeriformes
Elaenia strepera,Tyrannidae,Passeriformes
Empidonax affinis,Tyrannidae,Passeriformes
Empidonax albigularis,Tyrannidae,Passeriformes
Empidonax alnorum,Tyrannidae,Passeriformes
Empidonax atriceps,Tyrannidae,Passeriformes
Empidonax difficilis,Tyrannidae,Passeriformes
Empidonax flavescens,Tyrannidae,Passeriformes
Empidonax flaviventris,Tyrannidae,Passeriformes
Empidonax fulvifrons,Tyrannidae,Passeriformes
Empidonax hammondii,Tyrannidae,Passeriformes
Empidonax minimus,Tyrannidae,Passeriformes
Empidonax oberholseri,Tyrannidae,Passeriformes
Empidonax occidentalis,Tyrannidae,Passeriformes
Empidonax traillii,Tyrannidae,Passeriformes
Empidonax virescens,Tyrannidae,Passeriformes
Empidonax wrightii,Tyrannidae,Passeriformes
Empidonomus aurantioatrocristatus,Tyrannidae,Passeriformes
Empidonomus varius,Tyrannidae,Passeriformes
Euscarthmus meloryphus,Tyrannidae,Passeriformes
Euscarthmus rufomarginatus,Tyrannidae,Passeriformes
Fluvicola albiventer,Tyrannidae,Passeriformes
Fluvicola nengeta,Tyrannidae,Passeriformes
Fluvicola pica,Tyrannidae,Passeriformes
Gubernetes yetapa,Tyrannidae,Passeriformes
Hemitriccus cinnamomeipectus,Tyrannidae,Passeriformes
Hemitriccus diops,Tyrannidae,Passeriformes
Hemitriccus flammulatus,Tyrannidae,Passeriformes
Hemitriccus furcatus,Tyrannidae,Passeriformes
Hemitriccus granadensis,Tyrannidae,Passeriformes
Hemitriccus griseipectus,Tyrannidae,Passeriformes
Hemitriccus inornatus,Tyrannidae,Passeriformes
Hemitriccus iohannis,Tyrannidae,Passeriformes
Hemitriccus josephinae,Tyrannidae,Passeriformes
Hemitriccus kaempferi,Tyrannidae,Passeriformes
Hemitriccus margaritaceiventer,Tyrannidae,Passeriformes
Hemitriccus minimus,Tyrannidae,Passeriformes
Hemitriccus minor,Tyrannidae,Passeriformes
Hemitriccus mirandae,Tyrannidae,Passeriformes
Hemitriccus nidipendulus,Tyrannidae,Passeriformes
Hemitriccus obsoletus,Tyrannidae,Passeriformes
Hemitriccus orbitatus,Tyrannidae,Passeriformes
Hemitriccus rufigularis,Tyrannidae,Passeriformes
Hemitriccus spodiops,Tyrannidae,Passeriformes
Hemitriccus striaticollis,Tyrannidae,Passeriformes
Hemitriccus zosterops,Tyrannidae,Passeriformes
Hirundinea ferruginea,Tyrannidae,Passeriformes
Hymenops perspicillatus,Tyrannidae,Passeriformes
Inezia caudata,Tyrannidae,Passeriformes
Inezia inornata,Tyrannidae,Passeriformes
Inezia subflava,Tyrannidae,Passeriformes
Inezia tenuirostris,Tyrannidae,Passeriformes
Knipolegus aterrimus,Tyrannidae,Passeriformes
Knipolegus cyanirostris,Tyrannidae,Passeriformes
Knipolegus franciscanus,Tyrannidae,Passeriformes
Knipolegus hudsoni,Tyrannidae,Passeriformes
Knipolegus lophotes,Tyrannidae,Passeriformes
Knipolegus nigerrimus,Tyrannidae,Passeriformes
Knipolegus orenocensis,Tyrannidae,Passeriformes
Knipolegus poecilocercus,Tyrannidae,Passeriformes
Knipolegus poecilurus,Tyrannidae,Passeriformes
Knipolegus signatus,Tyrannidae,Passeriformes
Knipolegus striaticeps,Tyrannidae,Passeriformes
Lathrotriccus euleri,Tyrannidae,Passeriformes
Lathrotriccus griseipectus,Tyrannidae,Passeriformes
Legatus leucophaius,Tyrannidae,Passeriformes
Leptopogon amaurocephalus,Tyrannidae,Passeriformes
Leptopogon rufipectus,Tyrannidae,Passeriformes
Leptopogon superciliaris,Tyrannidae,Passeriformes
Leptopogon taczanowskii,Tyrannidae,Passeriformes
Lessonia oreas,Tyrannidae,Passeriformes
Lessonia rufa,Tyrannidae,Passeriformes
Lophotriccus eulophotes,Tyrannidae,Passeriformes
Lophotriccus galeatus,Tyrannidae,Passeriformes
Lophotriccus pileatus,Tyrannidae,Passeriformes
Lophotriccus vitiosus,Tyrannidae,Passeriformes
Machetornis rixosa,Tyrannidae,Passeriformes
Mecocerculus calopterus,Tyrannidae,Passeriformes
Mecocerculus hellmayri,Tyrannidae,Passeriformes
Mecocerculus leucophrys,Tyrannidae,Passeriformes
Mecocerculus minor,Tyrannidae,Passeriformes
Mecocerculus poecilocercus,Tyrannidae,Passeriformes
Mecocerculus stictopterus,Tyrannidae,Passeriformes
Megarynchus pitangua,Tyrannidae,Passeriformes
Mionectes macconnelli,Tyrannidae,Passeriformes
Mionectes oleagineus,Tyrannidae,Passeriformes
Mionectes olivaceus,Tyrannidae,Passeriformes
Mionectes rufiventris,Tyrannidae,Passeriformes
Mionectes striaticollis,Tyrannidae,Passeriformes
Mitrephanes olivaceus,Tyrannidae,Passeriformes
Mitrephanes phaeocercus,Tyrannidae,Passeriformes
Muscigralla brevicauda,Tyrannidae,Passeriformes
Muscipipra vetula,Tyrannidae,Passeriformes
Muscisaxicola albifrons,Tyrannidae,Passeriformes
Muscisaxicola albilora,Tyrannidae,Passeriformes
Muscisaxicola alpinus,Tyrannidae,Passeriformes
Muscisaxicola capistratus,Tyrannidae,Passeriformes
Muscisaxicola cinereus,Tyrannidae,Passeriformes
Muscisaxicola flavinucha,Tyrannidae,Passeriformes
Muscisaxicola fluviatilis,Tyrannidae,Passeriformes
Muscisaxicola frontalis,Tyrannidae,Passeriformes
Muscisaxicola griseus,Tyrannidae,Passeriformes
Muscisaxicola juninensis,Tyrannidae,Passeriformes
Muscisaxicola maclovianus,Tyrannidae,Passeriformes
Muscisaxicola maculirostris,Tyrannidae,Passeriformes
Muscisaxicola rufivertex,Tyrannidae,Passeriformes
Myiarchus antillarum,Tyrannidae,Passeriformes
Myiarchus apicalis,Tyrannidae,Passeriformes
Myiarchus barbirostris,Tyrannidae,Passeriformes
Myiarchus cephalotes,Tyrannidae,Passeriformes
Myiarchus cinerascens,Tyrannidae,Passeriformes
Myiarchus crinitus,Tyrannidae,Passeriformes
Myiarchus ferox,Tyrannidae,Passeriformes
Myiarchus magnirostris,Tyrannidae,Passeriformes
Myiarchus nugator,Tyrannidae,Passeriformes
Myiarchus nuttingi,Tyrannidae,Passeriformes
Myiarchus oberi,Tyrannidae,Passeriformes
Myiarchus panamensis,Tyrannidae,Passeriformes
Myiarchus phaeocephalus,Tyrannidae,Passeriformes
Myiarchus sagrae,Tyrannidae,Passeriformes
Myiarchus semirufus,Tyrannidae,Passeriformes
Myiarchus stolidus,Tyrannidae,Passeriformes
Myiarchus swainsoni,Tyrannidae,Passeriformes
Myiarchus tuberculifer,Tyrannidae,Passeriformes
Myiarchus tyrannulus,Tyrannidae,Passeriformes
Myiarchus validus,Tyrannidae,Passeriformes
Myiarchus venezuelensis,Tyrannidae,Passeriformes
Myiarchus yucatanensis,Tyrannidae,Passeriformes
Myiobius atricaudus,Tyrannidae,Passeriformes
Myiobius barbatus,Tyrannidae,Passeriformes
Myiobius sulphureipygius,Tyrannidae,Passeriformes
Myiobius villosus,Tyrannidae,Passeriformes
Myiodynastes bairdii,Tyrannidae,Passeriformes
Myiodynastes chrysocephalus,Tyrannidae,Passeriformes
Myiodynastes hemichrysus,Tyrannidae,Passeriformes
Myiodynastes luteiventris,Tyrannidae,Passeriformes
Myiodynastes maculatus,Tyrannidae,Passeriformes
Myiopagis caniceps,Tyrannidae,Passeriformes
Myiopagis cotta,Tyrannidae,Passeriformes
Myiopagis flavivertex,Tyrannidae,Passeriformes
Myiopagis gaimardii,Tyrannidae,Passeriformes
Myiopagis olallai,Tyrannidae,Passeriformes
Myiopagis subplacens,Tyrannidae,Passeriformes
Myiopagis viridicata,Tyrannidae,Passeriformes
Myiophobus cryptoxanthus,Tyrannidae,Passeriformes
Myiophobus fasciatus,Tyrannidae,Passeriformes
Myiophobus flavicans,Tyrannidae,Passeriformes
Myiophobus inornatus,Tyrannidae,Passeriformes
Myiophobus lintoni,Tyrannidae,Passeriformes
Myiophobus ochraceiventris,Tyrannidae,Passeriformes
Myiophobus phoenicomitra,Tyrannidae,Passeriformes
Myiophobus pulcher,Tyrannidae,Passeriformes
Myiophobus roraimae,Tyrannidae,Passeriformes
Myiornis albiventris,Tyrannidae,Passeriformes
Myiornis atricapillus,Tyrannidae,Passeriformes
Myiornis auricularis,Tyrannidae,Passeriformes
Myiornis ecaudatus,Tyrannidae,Passeriformes
Myiotheretes fumigatus,Tyrannidae,Passeriformes
Myiotheretes fuscorufus,Tyrannidae,Passeriformes
Myiotheretes pernix,Tyrannidae,Passeriformes
Myiotheretes striaticollis,Tyrannidae,Passeriformes
Myiotriccus ornatus,Tyrannidae,Passeriformes
Myiozetetes cayanensis,Tyrannidae,Passeriformes
Myiozetetes granadensis,Tyrannidae,Passeriformes
Myiozetetes luteiventris,Tyrannidae,Passeriformes
Myiozetetes similis,Tyrannidae,Passeriformes
Neopipo cinnamomea,Tyrannidae,Passeriformes
Neoxolmis rufiventris,Tyrannidae,Passeriformes
Nesotriccus ridgwayi,Tyrannidae,Passeriformes
Ochthoeca cinnamomeiventris,Tyrannidae,Passeriformes
Ochthoeca diadema,Tyrannidae,Passeriformes
Ochthoeca frontalis,Tyrannidae,Passeriformes
Ochthoeca fumicolor,Tyrannidae,Passeriformes
Ochthoeca jelskii,Tyrannidae,Passeriformes
Ochthoeca leucophrys,Tyrannidae,Passeriformes
Ochthoeca nigrita,Tyrannidae,Passeriformes
Ochthoeca oenanthoides,Tyrannidae,Passeriformes
Ochthoeca piurae,Tyrannidae,Passeriformes
Ochthoeca pulchella,Tyrannidae,Passeriformes
Ochthoeca rufipectoralis,Tyrannidae,Passeriformes
Ochthoeca thoracica,Tyrannidae,Passeriformes
Ochthornis littoralis,Tyrannidae,Passeriformes
Oncostoma cinereigulare,Tyrannidae,Passeriformes
Oncostoma olivaceum,Tyrannidae,Passeriformes
Onychorhynchus coronatus,Tyrannidae,Passeriformes
Onychorhynchus mexicanus,Tyrannidae,Passeriformes
Onychorhynchus occidentalis,Tyrannidae,Passeriformes
Onychorhynchus swainsoni,Tyrannidae,Passeriformes
Ornithion brunneicapillus,Tyrannidae,Passeriformes
Ornithion inerme,Tyrannidae,Passeriformes
Ornithion semiflavum,Tyrannidae,Passeriformes
Phaeomyias murina,Tyrannidae,Passeriformes
Phaeomyias tumbezana,Tyrannidae,Passeriformes
Phelpsia inornatus,Tyrannidae,Passeriformes
Phyllomyias burmeisteri,Tyrannidae,Passeriformes
Phyllomyias cinereiceps,Tyrannidae,Passeriformes
Phyllomyias fasciatus,Tyrannidae,Passeriformes
Phyllomyias griseiceps,Tyrannidae,Passeriformes
Phyllomyias griseocapilla,Tyrannidae,Passeriformes
Phyllomyias nigrocapillus,Tyrannidae,Passeriformes
Phyllomyias plumbeiceps,Tyrannidae,Passeriformes
Phyllomyias reiseri,Tyrannidae,Passeriformes
Phyllomyias sclateri,Tyrannidae,Passeriformes
Phyllomyias urichi,Tyrannidae,Passeriformes
Phyllomyias uropygialis,Tyrannidae,Passeriformes
Phyllomyias virescens,Tyrannidae,Passeriformes
Phyllomyias weedeni,Tyrannidae,Passeriformes
Phyllomyias zeledoni,Tyrannidae,Passeriformes
Phylloscartes beckeri,Tyrannidae,Passeriformes
Phylloscartes ceciliae,Tyrannidae,Passeriformes
Phylloscartes chapmani,Tyrannidae,Passeriformes
Phylloscartes difficilis,Tyrannidae,Passeriformes
Phylloscartes eximius,Tyrannidae,Passeriformes
Phylloscartes flaviventris,Tyrannidae,Passeriformes
Phylloscartes flavovirens,Tyrannidae,Passeriformes
Phylloscartes gualaquizae,Tyrannidae,Passeriformes
Phylloscartes kronei,Tyrannidae,Passeriformes
Phylloscartes lanyoni,Tyrannidae,Passeriformes
Phylloscartes nigrifrons,Tyrannidae,Passeriformes
Phylloscartes ophthalmicus,Tyrannidae,Passeriformes
Phylloscartes orbitalis,Tyrannidae,Passeriformes
Phylloscartes oustaleti,Tyrannidae,Passeriformes
Phylloscartes parkeri,Tyrannidae,Passeriformes
Phylloscartes paulista,Tyrannidae,Passeriformes
Phylloscartes poecilotis,Tyrannidae,Passeriformes
Phylloscartes roquettei,Tyrannidae,Passeriformes
Phylloscartes superciliaris,Tyrannidae,Passeriformes
Phylloscartes sylviolus,Tyrannidae,Passeriformes
Phylloscartes venezuelanus,Tyrannidae,Passeriformes
Phylloscartes ventralis,Tyrannidae,Passeriformes
Phylloscartes virescens,Tyrannidae,Passeriformes
Pitangus lictor,Tyrannidae,Passeriformes
Pitangus sulphuratus,Tyrannidae,Passeriformes
Platyrinchus cancrominus,Tyrannidae,Passeriformes
Platyrinchus coronatus,Tyrannidae,Passeriformes
Platyrinchus flavigularis,Tyrannidae,Passeriformes
Platyrinchus leucoryphus,Tyrannidae,Passeriformes
Platyrinchus mystaceus,Tyrannidae,Passeriformes
Platyrinchus platyrhynchos,Tyrannidae,Passeriformes
Platyrinchus saturatus,Tyrannidae,Passeriformes
Poecilotriccus albifacies,Tyrannidae,Passeriformes
Poecilotriccus calopterus,Tyrannidae,Passeriformes
Poecilotriccus capitalis,Tyrannidae,Passeriformes
Poecilotriccus fumifrons,Tyrannidae,Passeriformes
Poecilotriccus latirostris,Tyrannidae,Passeriformes
Poecilotriccus luluae,Tyrannidae,Passeriformes
Poecilotriccus plumbeiceps,Tyrannidae,Passeriformes
Poecilotriccus pulchellus,Tyrannidae,Passeriformes
Poecilotriccus ruficeps,Tyrannidae,Passeriformes
Poecilotriccus russatus,Tyrannidae,Passeriformes
Poecilotriccus senex,Tyrannidae,Passeriformes
Poecilotriccus sylvia,Tyrannidae,Passeriformes
Polioxolmis rufipennis,Tyrannidae,Passeriformes
Polystictus pectoralis,Tyrannidae,Passeriformes
Polystictus superciliaris,Tyrannidae,Passeriformes
Pseudelaenia leucospodia,Tyrannidae,Passeriformes
Pseudocolopteryx acutipennis,Tyrannidae,Passeriformes
Pseudocolopteryx dinelliana,Tyrannidae,Passeriformes
Pseudocolopteryx flaviventris,Tyrannidae,Passeriformes
Pseudocolopteryx sclateri,Tyrannidae,Passeriformes
Pseudotriccus pelzelni,Tyrannidae,Passeriformes
Pseudotriccus ruficeps,Tyrannidae,Passeriformes
Pseudotriccus simplex,Tyrannidae,Passeriformes
Pyrocephalus rubinus,Tyrannidae,Passeriformes
Pyrrhomyias cinnamomeus,Tyrannidae,Passeriformes
Ramphotrigon fuscicauda,Tyrannidae,Passeriformes
Ramphotrigon megacephalum,Tyrannidae,Passeriformes
Ramphotrigon ruficauda,Tyrannidae,Passeriformes
Rhynchocyclus brevirostris,Tyrannidae,Passeriformes
Rhynchocyclus fulvipectus,Tyrannidae,Passeriformes
Rhynchocyclus olivaceus,Tyrannidae,Passeriformes
Rhynchocyclus pacificus,Tyrannidae,Passeriformes
Rhytipterna holerythra,Tyrannidae,Passeriformes
Rhytipterna immunda,Tyrannidae,Passeriformes
Rhytipterna simplex,Tyrannidae,Passeriformes
Satrapa icterophrys,Tyrannidae,Passeriformes
Sayornis nigricans,Tyrannidae,Passeriformes
Sayornis phoebe,Tyrannidae,Passeriformes
Sayornis saya,Tyrannidae,Passeriformes
Serpophaga cinerea,Tyrannidae,Passeriformes
Serpophaga hypoleuca,Tyrannidae,Passeriformes
Serpophaga munda,Tyrannidae,Passeriformes
Serpophaga nigricans,Tyrannidae,Passeriformes
Serpophaga subcristata,Tyrannidae,Passeriformes
Sirystes albogriseus,Tyrannidae,Passeriformes
Sirystes sibilator,Tyrannidae,Passeriformes
Stigmatura budytoides,Tyrannidae,Passeriformes
Stigmatura napensis,Tyrannidae,Passeriformes
Sublegatus arenarum,Tyrannidae,Passeriformes
Sublegatus modestus,Tyrannidae,Passeriformes
Sublegatus obscurior,Tyrannidae,Passeriformes
Suiriri islerorum,Tyrannidae,Passeriformes
Suiriri suiriri,Tyrannidae,Passeriformes
Tachuris rubrigastra,Tyrannidae,Passeriformes
Taeniotriccus andrei,Tyrannidae,Passeriformes
Terenotriccus erythrurus,Tyrannidae,Passeriformes
Todirostrum chrysocrotaphum,Tyrannidae,Passeriformes
Todirostrum cinereum,Tyrannidae,Passeriformes
Todirostrum maculatum,Tyrannidae,Passeriformes
Todirostrum nigriceps,Tyrannidae,Passeriformes
Todirostrum pictum,Tyrannidae,Passeriformes
Todirostrum poliocephalum,Tyrannidae,Passeriformes
Todirostrum viridanum,Tyrannidae,Passeriformes
Tolmomyias assimilis,Tyrannidae,Passeriformes
Tolmomyias flaviventris,Tyrannidae,Passeriformes
Tolmomyias flavotectus,Tyrannidae,Passeriformes
Tolmomyias poliocephalus,Tyrannidae,Passeriformes
Tolmomyias sulphurescens,Tyrannidae,Passeriformes
Tolmomyias traylori,Tyrannidae,Passeriformes
Tolmomyias viridiceps,Tyrannidae,Passeriformes
Tumbezia salvini,Tyrannidae,Passeriformes
Tyrannopsis sulphurea,Tyrannidae,Passeriformes
Tyrannulus elatus,Tyrannidae,Passeriformes
Tyrannus albogularis,Tyrannidae,Passeriformes
Tyrannus caudifasciatus,Tyrannidae,Passeriformes
Tyrannus couchii,Tyrannidae,Passeriformes
Tyrannus crassirostris,Tyrannidae,Passeriformes
Tyrannus cubensis,Tyrannidae,Passeriformes
Tyrannus dominicensis,Tyrannidae,Passeriformes
Tyrannus forficatus,Tyrannidae,Passeriformes
Tyrannus melancholicus,Tyrannidae,Passeriformes
Tyrannus niveigularis,Tyrannidae,Passeriformes
Tyrannus savana,Tyrannidae,Passeriformes
Tyrannus tyrannus,Tyrannidae,Passeriformes
Tyrannus verticalis,Tyrannidae,Passeriformes
Tyrannus vociferans,Tyrannidae,Passeriformes
Xenotriccus callizonus,Tyrannidae,Passeriformes
Xenotriccus mexicanus,Tyrannidae,Passeriformes
Xolmis cinereus,Tyrannidae,Passeriformes
Xolmis coronatus,Tyrannidae,Passeriformes
Xolmis dominicanus,Tyrannidae,Passeriformes
Xolmis irupero,Tyrannidae,Passeriformes
Xolmis pyrope,Tyrannidae,Passeriformes
Xolmis rubetra,Tyrannidae,Passeriformes
Xolmis salinarum,Tyrannidae,Passeriformes
Xolmis velatus,Tyrannidae,Passeriformes
Zimmerius acer,Tyrannidae,Passeriformes
Zimmerius albigularis,Tyrannidae,Passeriformes
Zimmerius bolivianus,Tyrannidae,Passeriformes
Zimmerius chrysops,Tyrannidae,Passeriformes
Zimmerius cinereicapilla,Tyrannidae,Passeriformes
Zimmerius flavidifrons,Tyrannidae,Passeriformes
Zimmerius gracilipes,Tyrannidae,Passeriformes
Zimmerius improbus,Tyrannidae,Passeriformes
Zimmerius vilissimus,Tyrannidae,Passeriformes
Zimmerius villarejoi,Tyrannidae,Passeriformes
Zimmerius viridiflavus,Tyrannidae,Passeriformes
Urocynchramus pylzowi,Urocynchramidae,Passeriformes
Artamella viridis,Vangidae,Passeriformes
Calicalicus madagascariensis,Vangidae,Passeriformes
Calicalicus rufocarpalis,Vangidae,Passeriformes
Cyanolanius madagascarinus,Vangidae,Passeriformes
Euryceros prevostii,Vangidae,Passeriformes
Falculea palliata,Vangidae,Passeriformes
Hypositta corallirostris,Vangidae,Passeriformes
Hypositta perdita,Vangidae,Passeriformes
Leptopterus chabert,Vangidae,Passeriformes
Mystacornis crossleyi,Vangidae,Passeriformes
Newtonia amphichroa,Vangidae,Passeriformes
Newtonia archboldi,Vangidae,Passeriformes
Newtonia brunneicauda,Vangidae,Passeriformes
Newtonia fanovanae,Vangidae,Passeriformes
Oriolia bernieri,Vangidae,Passeriformes
Pseudobias wardi,Vangidae,Passeriformes
Schetba rufa,Vangidae,Passeriformes
Tylas eduardi,Vangidae,Passeriformes
Vanga curvirostris,Vangidae,Passeriformes
Xenopirostris damii,Vangidae,Passeriformes
Xenopirostris polleni,Vangidae,Passeriformes
Xenopirostris xenopirostris,Vangidae,Passeriformes
Anomalospiza imberbis,Viduidae,Passeriformes
Vidua camerunensis,Viduidae,Passeriformes
Vidua chalybeata,Viduidae,Passeriformes
Vidua codringtoni,Viduidae,Passeriformes
Vidua fischeri,Viduidae,Passeriformes
Vidua funerea,Viduidae,Passeriformes
Vidua hypocherina,Viduidae,Passeriformes
Vidua interjecta,Viduidae,Passeriformes
Vidua larvaticola,Viduidae,Passeriformes
Vidua macroura,Viduidae,Passeriformes
Vidua maryae,Viduidae,Passeriformes
Vidua nigeriae,Viduidae,Passeriformes
Vidua obtusa,Viduidae,Passeriformes
Vidua orientalis,Viduidae,Passeriformes
Vidua paradisaea,Viduidae,Passeriformes
Vidua purpurascens,Viduidae,Passeriformes
Vidua raricola,Viduidae,Passeriformes
Vidua regia,Viduidae,Passeriformes
Vidua togoensis,Viduidae,Passeriformes
Vidua wilsoni,Viduidae,Passeriformes
Cyclarhis gujanensis,Vireonidae,Passeriformes
Cyclarhis nigrirostris,Vireonidae,Passeriformes
Hylophilus amaurocephalus,Vireonidae,Passeriformes
Hylophilus aurantiifrons,Vireonidae,Passeriformes
Hylophilus brunneiceps,Vireonidae,Passeriformes
Hylophilus decurtatus,Vireonidae,Passeriformes
Hylophilus flavipes,Vireonidae,Passeriformes
Hylophilus hypoxanthus,Vireonidae,Passeriformes
Hylophilus muscicapinus,Vireonidae,Passeriformes
Hylophilus ochraceiceps,Vireonidae,Passeriformes
Hylophilus olivaceus,Vireonidae,Passeriformes
Hylophilus pectoralis,Vireonidae,Passeriformes
Hylophilus poicilotis,Vireonidae,Passeriformes
Hylophilus sclateri,Vireonidae,Passeriformes
Hylophilus semibrunneus,Vireonidae,Passeriformes
Hylophilus semicinereus,Vireonidae,Passeriformes
Hylophilus thoracicus,Vireonidae,Passeriformes
Vireo altiloquus,Vireonidae,Passeriformes
Vireo atricapilla,Vireonidae,Passeriformes
Vireo bairdi,Vireonidae,Passeriformes
Vireo bellii,Vireonidae,Passeriformes
Vireo brevipennis,Vireonidae,Passeriformes
Vireo caribaeus,Vireonidae,Passeriformes
Vireo carmioli,Vireonidae,Passeriformes
Vireo cassinii,Vireonidae,Passeriformes
Vireo crassirostris,Vireonidae,Passeriformes
Vireo flavifrons,Vireonidae,Passeriformes
Vireo flavoviridis,Vireonidae,Passeriformes
Vireo gilvus,Vireonidae,Passeriformes
Vireo gracilirostris,Vireonidae,Passeriformes
Vireo griseus,Vireonidae,Passeriformes
Vireo gundlachii,Vireonidae,Passeriformes
Vireo huttoni,Vireonidae,Passeriformes
Vireo hypochryseus,Vireonidae,Passeriformes
Vireo latimeri,Vireonidae,Passeriformes
Vireo leucophrys,Vireonidae,Passeriformes
Vireo magister,Vireonidae,Passeriformes
Vireo masteri,Vireonidae,Passeriformes
Vireo modestus,Vireonidae,Passeriformes
Vireo nanus,Vireonidae,Passeriformes
Vireo nelsoni,Vireonidae,Passeriformes
Vireo olivaceus,Vireonidae,Passeriformes
Vireo osburni,Vireonidae,Passeriformes
Vireo pallens,Vireonidae,Passeriformes
Vireo philadelphicus,Vireonidae,Passeriformes
Vireo plumbeus,Vireonidae,Passeriformes
Vireo solitarius,Vireonidae,Passeriformes
Vireo vicinior,Vireonidae,Passeriformes
Vireolanius eximius,Vireonidae,Passeriformes
Vireolanius leucotis,Vireonidae,Passeriformes
Vireolanius melitophrys,Vireonidae,Passeriformes
Vireolanius pulchellus,Vireonidae,Passeriformes
Apalopteron familiare,Zosteropidae,Passeriformes
Chlorocharis emiliae,Zosteropidae,Passeriformes
Cleptornis marchei,Zosteropidae,Passeriformes
Heleia crassirostris,Zosteropidae,Passeriformes
Heleia muelleri,Zosteropidae,Passeriformes
Hypocryptadius cinnamomeus,Zosteropidae,Passeriformes
Lophozosterops dohertyi,Zosteropidae,Passeriformes
Lophozosterops goodfellowi,Zosteropidae,Passeriformes
Lophozosterops javanicus,Zosteropidae,Passeriformes
Lophozosterops pinaiae,Zosteropidae,Passeriformes
Lophozosterops squamiceps,Zosteropidae,Passeriformes
Lophozosterops superciliaris,Zosteropidae,Passeriformes
Madanga ruficollis,Zosteropidae,Passeriformes
Megazosterops palauensis,Zosteropidae,Passeriformes
Oculocincta squamifrons,Zosteropidae,Passeriformes
Rukia longirostra,Zosteropidae,Passeriformes
Rukia ruki,Zosteropidae,Passeriformes
Speirops brunneus,Zosteropidae,Passeriformes
Speirops leucophoeus,Zosteropidae,Passeriformes
Speirops lugubris,Zosteropidae,Passeriformes
Speirops melanocephalus,Zosteropidae,Passeriformes
Tephrozosterops stalkeri,Zosteropidae,Passeriformes
Woodfordia lacertosa,Zosteropidae,Passeriformes
Woodfordia superciliosa,Zosteropidae,Passeriformes
Zosterops abyssinicus,Zosteropidae,Passeriformes
Zosterops albogularis,Zosteropidae,Passeriformes
Zosterops anomalus,Zosteropidae,Passeriformes
Zosterops atricapilla,Zosteropidae,Passeriformes
Zosterops atriceps,Zosteropidae,Passeriformes
Zosterops atrifrons,Zosteropidae,Passeriformes
Zosterops borbonicus,Zosteropidae,Passeriformes
Zosterops buruensis,Zosteropidae,Passeriformes
Zosterops ceylonensis,Zosteropidae,Passeriformes
Zosterops chloris,Zosteropidae,Passeriformes
Zosterops chloronothus,Zosteropidae,Passeriformes
Zosterops cinereus,Zosteropidae,Passeriformes
Zosterops citrinella,Zosteropidae,Passeriformes
Zosterops consobrinorum,Zosteropidae,Passeriformes
Zosterops conspicillatus,Zosteropidae,Passeriformes
Zosterops erythropleurus,Zosteropidae,Passeriformes
Zosterops everetti,Zosteropidae,Passeriformes
Zosterops explorator,Zosteropidae,Passeriformes
Zosterops ficedulinus,Zosteropidae,Passeriformes
Zosterops finschii,Zosteropidae,Passeriformes
Zosterops flavifrons,Zosteropidae,Passeriformes
Zosterops flavus,Zosteropidae,Passeriformes
Zosterops fuscicapilla,Zosteropidae,Passeriformes
Zosterops gibbsi,Zosteropidae,Passeriformes
Zosterops grayi,Zosteropidae,Passeriformes
Zosterops griseotinctus,Zosteropidae,Passeriformes
Zosterops griseovirescens,Zosteropidae,Passeriformes
Zosterops hypolais,Zosteropidae,Passeriformes
Zosterops hypoxanthus,Zosteropidae,Passeriformes
Zosterops inornatus,Zosteropidae,Passeriformes
Zosterops japonicus,Zosteropidae,Passeriformes
Zosterops kuehni,Zosteropidae,Passeriformes
Zosterops kulambangrae,Zosteropidae,Passeriformes
Zosterops lateralis,Zosteropidae,Passeriformes
Zosterops luteirostris,Zosteropidae,Passeriformes
Zosterops luteus,Zosteropidae,Passeriformes
Zosterops maderaspatanus,Zosteropidae,Passeriformes
Zosterops mayottensis,Zosteropidae,Passeriformes
Zosterops meeki,Zosteropidae,Passeriformes
Zosterops metcalfii,Zosteropidae,Passeriformes
Zosterops meyeni,Zosteropidae,Passeriformes
Zosterops minor,Zosteropidae,Passeriformes
Zosterops minutus,Zosteropidae,Passeriformes
Zosterops modestus,Zosteropidae,Passeriformes
Zosterops montanus,Zosteropidae,Passeriformes
Zosterops mouroniensis,Zosteropidae,Passeriformes
Zosterops murphyi,Zosteropidae,Passeriformes
Zosterops mysorensis,Zosteropidae,Passeriformes
Zosterops natalis,Zosteropidae,Passeriformes
Zosterops nehrkorni,Zosteropidae,Passeriformes
Zosterops nigrorum,Zosteropidae,Passeriformes
Zosterops novaeguineae,Zosteropidae,Passeriformes
Zosterops oleagineus,Zosteropidae,Passeriformes
Zosterops olivaceus,Zosteropidae,Passeriformes
Zosterops pallidus,Zosteropidae,Passeriformes
Zosterops palpebrosus,Zosteropidae,Passeriformes
Zosterops poliogastrus,Zosteropidae,Passeriformes
Zosterops rendovae,Zosteropidae,Passeriformes
Zosterops rennellianus,Zosteropidae,Passeriformes
Zosterops rotensis,Zosteropidae,Passeriformes
Zosterops salvadorii,Zosteropidae,Passeriformes
Zosterops samoensis,Zosteropidae,Passeriformes
Zosterops sanctaecrucis,Zosteropidae,Passeriformes
Zosterops semperi,Zosteropidae,Passeriformes
Zosterops senegalensis,Zosteropidae,Passeriformes
Zosterops somadikartai,Zosteropidae,Passeriformes
Zosterops splendidus,Zosteropidae,Passeriformes
Zosterops stalkeri,Zosteropidae,Passeriformes
Zosterops stresemanni,Zosteropidae,Passeriformes
Zosterops tenuirostris,Zosteropidae,Passeriformes
Zosterops uropygialis,Zosteropidae,Passeriformes
Zosterops vaughani,Zosteropidae,Passeriformes
Zosterops vellalavella,Zosteropidae,Passeriformes
Zosterops wallacei,Zosteropidae,Passeriformes
Zosterops xanthochroa,Zosteropidae,Passeriformes
Agamia agami,Ardeidae,Pelecaniformes
Ardea cinerea,Ardeidae,Pelecaniformes
Ardea cocoi,Ardeidae,Pelecaniformes
Ardea goliath,Ardeidae,Pelecaniformes
Ardea herodias,Ardeidae,Pelecaniformes
Ardea humbloti,Ardeidae,Pelecaniformes
Ardea insignis,Ardeidae,Pelecaniformes
Ardea melanocephala,Ardeidae,Pelecaniformes
Ardea pacifica,Ardeidae,Pelecaniformes
Ardea picata,Ardeidae,Pelecaniformes
Ardea purpurea,Ardeidae,Pelecaniformes
Ardea sumatrana,Ardeidae,Pelecaniformes
Ardeola bacchus,Ardeidae,Pelecaniformes
Ardeola grayii,Ardeidae,Pelecaniformes
Ardeola idae,Ardeidae,Pelecaniformes
Ardeola ralloides,Ardeidae,Pelecaniformes
Ardeola rufiventris,Ardeidae,Pelecaniformes
Ardeola speciosa,Ardeidae,Pelecaniformes
Botaurus lentiginosus,Ardeidae,Pelecaniformes
Botaurus pinnatus,Ardeidae,Pelecaniformes
Botaurus poiciloptilus,Ardeidae,Pelecaniformes
Botaurus stellaris,Ardeidae,Pelecaniformes
Bubulcus ibis,Ardeidae,Pelecaniformes
Butorides striata,Ardeidae,Pelecaniformes
Butorides virescens,Ardeidae,Pelecaniformes
Casmerodius albus,Ardeidae,Pelecaniformes
Cochlearius cochlearius,Ardeidae,Pelecaniformes
Egretta ardesiaca,Ardeidae,Pelecaniformes
Egretta caerulea,Ardeidae,Pelecaniformes
Egretta eulophotes,Ardeidae,Pelecaniformes
Egretta garzetta,Ardeidae,Pelecaniformes
Egretta gularis,Ardeidae,Pelecaniformes
Egretta novaehollandiae,Ardeidae,Pelecaniformes
Egretta rufescens,Ardeidae,Pelecaniformes
Egretta sacra,Ardeidae,Pelecaniformes
Egretta thula,Ardeidae,Pelecaniformes
Egretta tricolor,Ardeidae,Pelecaniformes
Egretta vinaceigula,Ardeidae,Pelecaniformes
Gorsachius goisagi,Ardeidae,Pelecaniformes
Gorsachius leuconotus,Ardeidae,Pelecaniformes
Gorsachius magnificus,Ardeidae,Pelecaniformes
Gorsachius melanolophus,Ardeidae,Pelecaniformes
Ixobrychus cinnamomeus,Ardeidae,Pelecaniformes
Ixobrychus eurhythmus,Ardeidae,Pelecaniformes
Ixobrychus exilis,Ardeidae,Pelecaniformes
Ixobrychus flavicollis,Ardeidae,Pelecaniformes
Ixobrychus involucris,Ardeidae,Pelecaniformes
Ixobrychus minutus,Ardeidae,Pelecaniformes
Ixobrychus sinensis,Ardeidae,Pelecaniformes
Ixobrychus sturmii,Ardeidae,Pelecaniformes
Mesophoyx intermedia,Ardeidae,Pelecaniformes
Nyctanassa violacea,Ardeidae,Pelecaniformes
Nycticorax caledonicus,Ardeidae,Pelecaniformes
Nycticorax nycticorax,Ardeidae,Pelecaniformes
Pilherodius pileatus,Ardeidae,Pelecaniformes
Syrigma sibilatrix,Ardeidae,Pelecaniformes
Tigriornis leucolopha,Ardeidae,Pelecaniformes
Tigrisoma fasciatum,Ardeidae,Pelecaniformes
Tigrisoma lineatum,Ardeidae,Pelecaniformes
Tigrisoma mexicanum,Ardeidae,Pelecaniformes
Zebrilus undulatus,Ardeidae,Pelecaniformes
Zonerodius heliosylus,Ardeidae,Pelecaniformes
Balaeniceps rex,Balaenicipitidae,Pelecaniformes
Pelecanus conspicillatus,Pelecanidae,Pelecaniformes
Pelecanus crispus,Pelecanidae,Pelecaniformes
Pelecanus erythrorhynchos,Pelecanidae,Pelecaniformes
Pelecanus occidentalis,Pelecanidae,Pelecaniformes
Pelecanus onocrotalus,Pelecanidae,Pelecaniformes
Pelecanus philippensis,Pelecanidae,Pelecaniformes
Pelecanus rufescens,Pelecanidae,Pelecaniformes
Pelecanus thagus,Pelecanidae,Pelecaniformes
Scopus umbretta,Scopidae,Pelecaniformes
Bostrychia bocagei,Threskiornithidae,Pelecaniformes
Bostrychia carunculata,Threskiornithidae,Pelecaniformes
Bostrychia hagedash,Threskiornithidae,Pelecaniformes
Bostrychia olivacea,Threskiornithidae,Pelecaniformes
Bostrychia rara,Threskiornithidae,Pelecaniformes
Cercibis oxycerca,Threskiornithidae,Pelecaniformes
Eudocimus albus,Threskiornithidae,Pelecaniformes
Eudocimus ruber,Threskiornithidae,Pelecaniformes
Geronticus calvus,Threskiornithidae,Pelecaniformes
Geronticus eremita,Threskiornithidae,Pelecaniformes
Lophotibis cristata,Threskiornithidae,Pelecaniformes
Mesembrinibis cayennensis,Threskiornithidae,Pelecaniformes
Nipponia nippon,Threskiornithidae,Pelecaniformes
Phimosus infuscatus,Threskiornithidae,Pelecaniformes
Platalea ajaja,Threskiornithidae,Pelecaniformes
Platalea alba,Threskiornithidae,Pelecaniformes
Platalea flavipes,Threskiornithidae,Pelecaniformes
Platalea leucorodia,Threskiornithidae,Pelecaniformes
Platalea minor,Threskiornithidae,Pelecaniformes
Platalea regia,Threskiornithidae,Pelecaniformes
Plegadis chihi,Threskiornithidae,Pelecaniformes
Plegadis falcinellus,Threskiornithidae,Pelecaniformes
Plegadis ridgwayi,Threskiornithidae,Pelecaniformes
Pseudibis davisoni,Threskiornithidae,Pelecaniformes
Pseudibis papillosa,Threskiornithidae,Pelecaniformes
Thaumatibis gigantea,Threskiornithidae,Pelecaniformes
Theristicus caerulescens,Threskiornithidae,Pelecaniformes
Theristicus caudatus,Threskiornithidae,Pelecaniformes
Theristicus melanopis,Threskiornithidae,Pelecaniformes
Threskiornis aethiopicus,Threskiornithidae,Pelecaniformes
Threskiornis bernieri,Threskiornithidae,Pelecaniformes
Threskiornis melanocephalus,Threskiornithidae,Pelecaniformes
Threskiornis molucca,Threskiornithidae,Pelecaniformes
Threskiornis spinicollis,Threskiornithidae,Pelecaniformes
Phaethon aethereus,Phaethontidae,Phaethontiformes
Phaethon lepturus,Phaethontidae,Phaethontiformes
Phaethon rubricauda,Phaethontidae,Phaethontiformes
Phoeniconaias minor,Phoenicopteridae,Phoenicopteriformes
Phoenicoparrus andinus,Phoenicopteridae,Phoenicopteriformes
Phoenicoparrus jamesi,Phoenicopteridae,Phoenicopteriformes
Phoenicopterus chilensis,Phoenicopteridae,Phoenicopteriformes
Phoenicopterus roseus,Phoenicopteridae,Phoenicopteriformes
Phoenicopterus ruber,Phoenicopteridae,Phoenicopteriformes
Bucco capensis,Bucconidae,Piciformes
Bucco macrodactylus,Bucconidae,Piciformes
Bucco noanamae,Bucconidae,Piciformes
Bucco tamatia,Bucconidae,Piciformes
Chelidoptera tenebrosa,Bucconidae,Piciformes
Hapaloptila castanea,Bucconidae,Piciformes
Hypnelus ruficollis,Bucconidae,Piciformes
Malacoptila fulvogularis,Bucconidae,Piciformes
Malacoptila fusca,Bucconidae,Piciformes
Malacoptila mystacalis,Bucconidae,Piciformes
Malacoptila panamensis,Bucconidae,Piciformes
Malacoptila rufa,Bucconidae,Piciformes
Malacoptila semicincta,Bucconidae,Piciformes
Malacoptila striata,Bucconidae,Piciformes
Micromonacha lanceolata,Bucconidae,Piciformes
Monasa atra,Bucconidae,Piciformes
Monasa flavirostris,Bucconidae,Piciformes
Monasa morphoeus,Bucconidae,Piciformes
Monasa nigrifrons,Bucconidae,Piciformes
Nonnula amaurocephala,Bucconidae,Piciformes
Nonnula brunnea,Bucconidae,Piciformes
Nonnula frontalis,Bucconidae,Piciformes
Nonnula rubecula,Bucconidae,Piciformes
Nonnula ruficapilla,Bucconidae,Piciformes
Nonnula sclateri,Bucconidae,Piciformes
Notharchus hyperrhynchus,Bucconidae,Piciformes
Notharchus macrorhynchos,Bucconidae,Piciformes
Notharchus ordii,Bucconidae,Piciformes
Notharchus pectoralis,Bucconidae,Piciformes
Notharchus swainsoni,Bucconidae,Piciformes
Notharchus tectus,Bucconidae,Piciformes
Nystalus chacuru,Bucconidae,Piciformes
Nystalus maculatus,Bucconidae,Piciformes
Nystalus radiatus,Bucconidae,Piciformes
Nystalus striolatus,Bucconidae,Piciformes
Brachygalba albogularis,Galbulidae,Piciformes
Brachygalba goeringi,Galbulidae,Piciformes
Brachygalba lugubris,Galbulidae,Piciformes
Brachygalba salmoni,Galbulidae,Piciformes
Galbalcyrhynchus leucotis,Galbulidae,Piciformes
Galbalcyrhynchus purusianus,Galbulidae,Piciformes
Galbula albirostris,Galbulidae,Piciformes
Galbula chalcothorax,Galbulidae,Piciformes
Galbula cyanescens,Galbulidae,Piciformes
Galbula cyanicollis,Galbulidae,Piciformes
Galbula dea,Galbulidae,Piciformes
Galbula galbula,Galbulidae,Piciformes
Galbula leucogastra,Galbulidae,Piciformes
Galbula pastazae,Galbulidae,Piciformes
Galbula ruficauda,Galbulidae,Piciformes
Galbula tombacea,Galbulidae,Piciformes
Jacamaralcyon tridactyla,Galbulidae,Piciformes
Jacamerops aureus,Galbulidae,Piciformes
Indicator archipelagicus,Indicatoridae,Piciformes
Indicator conirostris,Indicatoridae,Piciformes
Indicator exilis,Indicatoridae,Piciformes
Indicator indicator,Indicatoridae,Piciformes
Indicator maculatus,Indicatoridae,Piciformes
Indicator meliphilus,Indicatoridae,Piciformes
Indicator minor,Indicatoridae,Piciformes
Indicator pumilio,Indicatoridae,Piciformes
Indicator variegatus,Indicatoridae,Piciformes
Indicator willcocksi,Indicatoridae,Piciformes
Indicator xanthonotus,Indicatoridae,Piciformes
Melichneutes robustus,Indicatoridae,Piciformes
Melignomon eisentrauti,Indicatoridae,Piciformes
Melignomon zenkeri,Indicatoridae,Piciformes
Prodotiscus insignis,Indicatoridae,Piciformes
Prodotiscus regulus,Indicatoridae,Piciformes
Prodotiscus zambesiae,Indicatoridae,Piciformes
Blythipicus pyrrhotis,Picidae,Piciformes
Blythipicus rubiginosus,Picidae,Piciformes
Campephilus gayaquilensis,Picidae,Piciformes
Campephilus guatemalensis,Picidae,Piciformes
Campephilus haematogaster,Picidae,Piciformes
Campephilus imperialis,Picidae,Piciformes
Campephilus leucopogon,Picidae,Piciformes
Campephilus magellanicus,Picidae,Piciformes
Campephilus melanoleucos,Picidae,Piciformes
Campephilus pollens,Picidae,Piciformes
Campephilus principalis,Picidae,Piciformes
Campephilus robustus,Picidae,Piciformes
Campephilus rubricollis,Picidae,Piciformes
Campethera abingoni,Picidae,Piciformes
Campethera bennettii,Picidae,Piciformes
Campethera cailliautii,Picidae,Piciformes
Campethera caroli,Picidae,Piciformes
Campethera maculosa,Picidae,Piciformes
Campethera mombassica,Picidae,Piciformes
Campethera nivosa,Picidae,Piciformes
Campethera notata,Picidae,Piciformes
Campethera nubica,Picidae,Piciformes
Campethera punctuligera,Picidae,Piciformes
Campethera scriptoricauda,Picidae,Piciformes
Campethera tullbergi,Picidae,Piciformes
Celeus brachyurus,Picidae,Piciformes
Celeus castaneus,Picidae,Piciformes
Celeus elegans,Picidae,Piciformes
Celeus flavescens,Picidae,Piciformes
Celeus flavus,Picidae,Piciformes
Celeus grammicus,Picidae,Piciformes
Celeus loricatus,Picidae,Piciformes
Celeus lugubris,Picidae,Piciformes
Celeus obrieni,Picidae,Piciformes
Celeus spectabilis,Picidae,Piciformes
Celeus torquatus,Picidae,Piciformes
Celeus undatus,Picidae,Piciformes
Chrysocolaptes festivus,Picidae,Piciformes
Chrysocolaptes lucidus,Picidae,Piciformes
Colaptes atricollis,Picidae,Piciformes
Colaptes auratus,Picidae,Piciformes
Colaptes auricularis,Picidae,Piciformes
Colaptes campestris,Picidae,Piciformes
Colaptes chrysoides,Picidae,Piciformes
Colaptes fernandinae,Picidae,Piciformes
Colaptes melanochloros,Picidae,Piciformes
Colaptes pitius,Picidae,Piciformes
Colaptes punctigula,Picidae,Piciformes
Colaptes rivolii,Picidae,Piciformes
Colaptes rubiginosus,Picidae,Piciformes
Colaptes rupicola,Picidae,Piciformes
Dendrocopos assimilis,Picidae,Piciformes
Dendrocopos atratus,Picidae,Piciformes
Dendrocopos auriceps,Picidae,Piciformes
Dendrocopos canicapillus,Picidae,Piciformes
Dendrocopos cathpharius,Picidae,Piciformes
Dendrocopos darjellensis,Picidae,Piciformes
Dendrocopos dorae,Picidae,Piciformes
Dendrocopos himalayensis,Picidae,Piciformes
Dendrocopos hyperythrus,Picidae,Piciformes
Dendrocopos kizuki,Picidae,Piciformes
Dendrocopos leucopterus,Picidae,Piciformes
Dendrocopos leucotos,Picidae,Piciformes
Dendrocopos macei,Picidae,Piciformes
Dendrocopos maculatus,Picidae,Piciformes
Dendrocopos mahrattensis,Picidae,Piciformes
Dendrocopos major,Picidae,Piciformes
Dendrocopos medius,Picidae,Piciformes
Dendrocopos minor,Picidae,Piciformes
Dendrocopos moluccensis,Picidae,Piciformes
Dendrocopos nanus,Picidae,Piciformes
Dendrocopos noguchii,Picidae,Piciformes
Dendrocopos obsoletus,Picidae,Piciformes
Dendrocopos ramsayi,Picidae,Piciformes
Dendrocopos syriacus,Picidae,Piciformes
Dendrocopos temminckii,Picidae,Piciformes
Dendropicos abyssinicus,Picidae,Piciformes
Dendropicos elachus,Picidae,Piciformes
Dendropicos fuscescens,Picidae,Piciformes
Dendropicos gabonensis,Picidae,Piciformes
Dendropicos lugubris,Picidae,Piciformes
Dendropicos poecilolaemus,Picidae,Piciformes
Dendropicos spodocephalus,Picidae,Piciformes
Dendropicos stierlingi,Picidae,Piciformes
Dinopium benghalense,Picidae,Piciformes
Dinopium javanense,Picidae,Piciformes
Dinopium rafflesii,Picidae,Piciformes
Dinopium shorii,Picidae,Piciformes
Dryocopus galeatus,Picidae,Piciformes
Dryocopus hodgei,Picidae,Piciformes
Dryocopus javensis,Picidae,Piciformes
Dryocopus lineatus,Picidae,Piciformes
Dryocopus martius,Picidae,Piciformes
Dryocopus pileatus,Picidae,Piciformes
Dryocopus schulzi,Picidae,Piciformes
Gecinulus grantia,Picidae,Piciformes
Gecinulus viridis,Picidae,Piciformes
Geocolaptes olivaceus,Picidae,Piciformes
Hemicircus canente,Picidae,Piciformes
Hemicircus concretus,Picidae,Piciformes
Jynx ruficollis,Picidae,Piciformes
Jynx torquilla,Picidae,Piciformes
Meiglyptes jugularis,Picidae,Piciformes
Meiglyptes tristis,Picidae,Piciformes
Meiglyptes tukki,Picidae,Piciformes
Melanerpes aurifrons,Picidae,Piciformes
Melanerpes cactorum,Picidae,Piciformes
Melanerpes candidus,Picidae,Piciformes
Melanerpes carolinus,Picidae,Piciformes
Melanerpes chrysauchen,Picidae,Piciformes
Melanerpes chrysogenys,Picidae,Piciformes
Melanerpes cruentatus,Picidae,Piciformes
Melanerpes erythrocephalus,Picidae,Piciformes
Melanerpes flavifrons,Picidae,Piciformes
Melanerpes formicivorus,Picidae,Piciformes
Melanerpes herminieri,Picidae,Piciformes
Melanerpes hoffmannii,Picidae,Piciformes
Melanerpes hypopolius,Picidae,Piciformes
Melanerpes lewis,Picidae,Piciformes
Melanerpes portoricensis,Picidae,Piciformes
Melanerpes pucherani,Picidae,Piciformes
Melanerpes pulcher,Picidae,Piciformes
Melanerpes pygmaeus,Picidae,Piciformes
Melanerpes radiolatus,Picidae,Piciformes
Melanerpes rubricapillus,Picidae,Piciformes
Melanerpes striatus,Picidae,Piciformes
Melanerpes superciliaris,Picidae,Piciformes
Melanerpes uropygialis,Picidae,Piciformes
Mesopicos elliotii,Picidae,Piciformes
Mesopicos goertae,Picidae,Piciformes
Mesopicos griseocephalus,Picidae,Piciformes
Mulleripicus fulvus,Picidae,Piciformes
Mulleripicus funebris,Picidae,Piciformes
Mulleripicus pulverulentus,Picidae,Piciformes
Nesoctites micromegas,Picidae,Piciformes
Picoides albolarvatus,Picidae,Piciformes
Picoides arcticus,Picidae,Piciformes
Picoides arizonae,Picidae,Piciformes
Picoides borealis,Picidae,Piciformes
Picoides dorsalis,Picidae,Piciformes
Picoides fumigatus,Picidae,Piciformes
Picoides nuttallii,Picidae,Piciformes
Picoides pubescens,Picidae,Piciformes
Picoides scalaris,Picidae,Piciformes
Picoides stricklandi,Picidae,Piciformes
Picoides tridactylus,Picidae,Piciformes
Picoides villosus,Picidae,Piciformes
Piculus aurulentus,Picidae,Piciformes
Piculus callopterus,Picidae,Piciformes
Piculus chrysochloros,Picidae,Piciformes
Piculus flavigula,Picidae,Piciformes
Piculus leucolaemus,Picidae,Piciformes
Piculus litae,Picidae,Piciformes
Piculus simplex,Picidae,Piciformes
Picumnus albosquamatus,Picidae,Piciformes
Picumnus aurifrons,Picidae,Piciformes
Picumnus castelnau,Picidae,Piciformes
Picumnus cinnamomeus,Picidae,Piciformes
Picumnus cirratus,Picidae,Piciformes
Picumnus dorbignyanus,Picidae,Piciformes
Picumnus exilis,Picidae,Piciformes
Picumnus fulvescens,Picidae,Piciformes
Picumnus fuscus,Picidae,Piciformes
Picumnus granadensis,Picidae,Piciformes
Picumnus innominatus,Picidae,Piciformes
Picumnus lafresnayi,Picidae,Piciformes
Picumnus limae,Picidae,Piciformes
Picumnus minutissimus,Picidae,Piciformes
Picumnus nebulosus,Picidae,Piciformes
Picumnus nigropunctatus,Picidae,Piciformes
Picumnus olivaceus,Picidae,Piciformes
Picumnus pumilus,Picidae,Piciformes
Picumnus pygmaeus,Picidae,Piciformes
Picumnus rufiventris,Picidae,Piciformes
Picumnus sclateri,Picidae,Piciformes
Picumnus spilogaster,Picidae,Piciformes
Picumnus squamulatus,Picidae,Piciformes
Picumnus steindachneri,Picidae,Piciformes
Picumnus subtilis,Picidae,Piciformes
Picumnus temminckii,Picidae,Piciformes
Picumnus varzeae,Picidae,Piciformes
Picus awokera,Picidae,Piciformes
Picus canus,Picidae,Piciformes
Picus chlorolophus,Picidae,Piciformes
Picus erythropygius,Picidae,Piciformes
Picus flavinucha,Picidae,Piciformes
Picus mentalis,Picidae,Piciformes
Picus mineaceus,Picidae,Piciformes
Picus puniceus,Picidae,Piciformes
Picus rabieri,Picidae,Piciformes
Picus squamatus,Picidae,Piciformes
Picus vaillantii,Picidae,Piciformes
Picus viridanus,Picidae,Piciformes
Picus viridis,Picidae,Piciformes
Picus vittatus,Picidae,Piciformes
Picus xanthopygaeus,Picidae,Piciformes
Reinwardtipicus validus,Picidae,Piciformes
Sasia abnormis,Picidae,Piciformes
Sasia africana,Picidae,Piciformes
Sasia ochracea,Picidae,Piciformes
Sphyrapicus nuchalis,Picidae,Piciformes
Sphyrapicus ruber,Picidae,Piciformes
Sphyrapicus thyroideus,Picidae,Piciformes
Sphyrapicus varius,Picidae,Piciformes
Thripias namaquus,Picidae,Piciformes
Thripias pyrrhogaster,Picidae,Piciformes
Thripias xantholophus,Picidae,Piciformes
Veniliornis affinis,Picidae,Piciformes
Veniliornis callonotus,Picidae,Piciformes
Veniliornis cassini,Picidae,Piciformes
Veniliornis chocoensis,Picidae,Piciformes
Veniliornis dignus,Picidae,Piciformes
Veniliornis frontalis,Picidae,Piciformes
Veniliornis kirkii,Picidae,Piciformes
Veniliornis lignarius,Picidae,Piciformes
Veniliornis maculifrons,Picidae,Piciformes
Veniliornis mixtus,Picidae,Piciformes
Veniliornis nigriceps,Picidae,Piciformes
Veniliornis passerinus,Picidae,Piciformes
Veniliornis sanguineus,Picidae,Piciformes
Veniliornis spilogaster,Picidae,Piciformes
Xiphidiopicus percussus,Picidae,Piciformes
Andigena cucullata,Ramphastidae,Piciformes
Andigena hypoglauca,Ramphastidae,Piciformes
Andigena laminirostris,Ramphastidae,Piciformes
Andigena nigrirostris,Ramphastidae,Piciformes
Aulacorhynchus coeruleicinctis,Ramphastidae,Piciformes
Aulacorhynchus derbianus,Ramphastidae,Piciformes
Aulacorhynchus haematopygus,Ramphastidae,Piciformes
Aulacorhynchus huallagae,Ramphastidae,Piciformes
Aulacorhynchus prasinus,Ramphastidae,Piciformes
Aulacorhynchus sulcatus,Ramphastidae,Piciformes
Buccanodon duchaillui,Ramphastidae,Piciformes
Calorhamphus fuliginosus,Ramphastidae,Piciformes
Capito auratus,Ramphastidae,Piciformes
Capito aurovirens,Ramphastidae,Piciformes
Capito brunneipectus,Ramphastidae,Piciformes
Capito dayi,Ramphastidae,Piciformes
Capito hypoleucus,Ramphastidae,Piciformes
Capito maculicoronatus,Ramphastidae,Piciformes
Capito niger,Ramphastidae,Piciformes
Capito quinticolor,Ramphastidae,Piciformes
Capito squamatus,Ramphastidae,Piciformes
Capito wallacei,Ramphastidae,Piciformes
Eubucco bourcierii,Ramphastidae,Piciformes
Eubucco richardsoni,Ramphastidae,Piciformes
Eubucco tucinkae,Ramphastidae,Piciformes
Eubucco versicolor,Ramphastidae,Piciformes
Gymnobucco bonapartei,Ramphastidae,Piciformes
Gymnobucco calvus,Ramphastidae,Piciformes
Gymnobucco peli,Ramphastidae,Piciformes
Gymnobucco sladeni,Ramphastidae,Piciformes
Lybius bidentatus,Ramphastidae,Piciformes
Lybius chaplini,Ramphastidae,Piciformes
Lybius dubius,Ramphastidae,Piciformes
Lybius guifsobalito,Ramphastidae,Piciformes
Lybius leucocephalus,Ramphastidae,Piciformes
Lybius melanopterus,Ramphastidae,Piciformes
Lybius minor,Ramphastidae,Piciformes
Lybius rolleti,Ramphastidae,Piciformes
Lybius rubrifacies,Ramphastidae,Piciformes
Lybius torquatus,Ramphastidae,Piciformes
Lybius undatus,Ramphastidae,Piciformes
Lybius vieilloti,Ramphastidae,Piciformes
Megalaima armillaris,Ramphastidae,Piciformes
Megalaima asiatica,Ramphastidae,Piciformes
Megalaima australis,Ramphastidae,Piciformes
Megalaima chrysopogon,Ramphastidae,Piciformes
Megalaima corvina,Ramphastidae,Piciformes
Megalaima eximia,Ramphastidae,Piciformes
Megalaima faber,Ramphastidae,Piciformes
Megalaima faiostricta,Ramphastidae,Piciformes
Megalaima flavifrons,Ramphastidae,Piciformes
Megalaima franklinii,Ramphastidae,Piciformes
Megalaima haemacephala,Ramphastidae,Piciformes
Megalaima henricii,Ramphastidae,Piciformes
Megalaima incognita,Ramphastidae,Piciformes
Megalaima javensis,Ramphastidae,Piciformes
Megalaima lagrandieri,Ramphastidae,Piciformes
Megalaima lineata,Ramphastidae,Piciformes
Megalaima monticola,Ramphastidae,Piciformes
Megalaima mystacophanos,Ramphastidae,Piciformes
Megalaima nuchalis,Ramphastidae,Piciformes
Megalaima oorti,Ramphastidae,Piciformes
Megalaima pulcherrima,Ramphastidae,Piciformes
Megalaima rafflesii,Ramphastidae,Piciformes
Megalaima rubricapillus,Ramphastidae,Piciformes
Megalaima virens,Ramphastidae,Piciformes
Megalaima viridis,Ramphastidae,Piciformes
Megalaima zeylanica,Ramphastidae,Piciformes
Pogoniulus atroflavus,Ramphastidae,Piciformes
Pogoniulus bilineatus,Ramphastidae,Piciformes
Pogoniulus chrysoconus,Ramphastidae,Piciformes
Pogoniulus coryphaeus,Ramphastidae,Piciformes
Pogoniulus leucomystax,Ramphastidae,Piciformes
Pogoniulus makawai,Ramphastidae,Piciformes
Pogoniulus pusillus,Ramphastidae,Piciformes
Pogoniulus scolopaceus,Ramphastidae,Piciformes
Pogoniulus simplex,Ramphastidae,Piciformes
Pogoniulus subsulphureus,Ramphastidae,Piciformes
Psilopogon pyrolophus,Ramphastidae,Piciformes
Pteroglossus aracari,Ramphastidae,Piciformes
Pteroglossus azara,Ramphastidae,Piciformes
Pteroglossus bailloni,Ramphastidae,Piciformes
Pteroglossus beauharnaesii,Ramphastidae,Piciformes
Pteroglossus bitorquatus,Ramphastidae,Piciformes
Pteroglossus castanotis,Ramphastidae,Piciformes
Pteroglossus frantzii,Ramphastidae,Piciformes
Pteroglossus inscriptus,Ramphastidae,Piciformes
Pteroglossus pluricinctus,Ramphastidae,Piciformes
Pteroglossus torquatus,Ramphastidae,Piciformes
Pteroglossus viridis,Ramphastidae,Piciformes
Ramphastos ambiguus,Ramphastidae,Piciformes
Ramphastos brevis,Ramphastidae,Piciformes
Ramphastos dicolorus,Ramphastidae,Piciformes
Ramphastos sulfuratus,Ramphastidae,Piciformes
Ramphastos swainsonii,Ramphastidae,Piciformes
Ramphastos toco,Ramphastidae,Piciformes
Ramphastos tucanus,Ramphastidae,Piciformes
Ramphastos vitellinus,Ramphastidae,Piciformes
Selenidera gouldii,Ramphastidae,Piciformes
Selenidera maculirostris,Ramphastidae,Piciformes
Selenidera nattereri,Ramphastidae,Piciformes
Selenidera piperivora,Ramphastidae,Piciformes
Selenidera reinwardtii,Ramphastidae,Piciformes
Selenidera spectabilis,Ramphastidae,Piciformes
Semnornis frantzii,Ramphastidae,Piciformes
Semnornis ramphastinus,Ramphastidae,Piciformes
Stactolaema anchietae,Ramphastidae,Piciformes
Stactolaema leucotis,Ramphastidae,Piciformes
Stactolaema olivacea,Ramphastidae,Piciformes
Stactolaema whytii,Ramphastidae,Piciformes
Trachyphonus darnaudii,Ramphastidae,Piciformes
Trachyphonus erythrocephalus,Ramphastidae,Piciformes
Trachyphonus margaritatus,Ramphastidae,Piciformes
Trachyphonus purpuratus,Ramphastidae,Piciformes
Trachyphonus usambiro,Ramphastidae,Piciformes
Trachyphonus vaillantii,Ramphastidae,Piciformes
Tricholaema diademata,Ramphastidae,Piciformes
Tricholaema frontata,Ramphastidae,Piciformes
Tricholaema hirsuta,Ramphastidae,Piciformes
Tricholaema lacrymosa,Ramphastidae,Piciformes
Tricholaema leucomelas,Ramphastidae,Piciformes
Tricholaema melanocephala,Ramphastidae,Piciformes
Aechmophorus clarkii,Podicipedidae,Podicipediformes
Aechmophorus occidentalis,Podicipedidae,Podicipediformes
Podiceps auritus,Podicipedidae,Podicipediformes
Podiceps cristatus,Podicipedidae,Podicipediformes
Podiceps gallardoi,Podicipedidae,Podicipediformes
Podiceps grisegena,Podicipedidae,Podicipediformes
Podiceps major,Podicipedidae,Podicipediformes
Podiceps nigricollis,Podicipedidae,Podicipediformes
Podiceps occipitalis,Podicipedidae,Podicipediformes
Podiceps taczanowskii,Podicipedidae,Podicipediformes
Podilymbus podiceps,Podicipedidae,Podicipediformes
Poliocephalus poliocephalus,Podicipedidae,Podicipediformes
Poliocephalus rufopectus,Podicipedidae,Podicipediformes
Rollandia microptera,Podicipedidae,Podicipediformes
Rollandia rolland,Podicipedidae,Podicipediformes
Tachybaptus dominicus,Podicipedidae,Podicipediformes
Tachybaptus novaehollandiae,Podicipedidae,Podicipediformes
Tachybaptus pelzelnii,Podicipedidae,Podicipediformes
Tachybaptus ruficollis,Podicipedidae,Podicipediformes
Diomedea amsterdamensis,Diomedeidae,Procellariiformes
Diomedea antipodensis,Diomedeidae,Procellariiformes
Diomedea dabbenena,Diomedeidae,Procellariiformes
Diomedea epomophora,Diomedeidae,Procellariiformes
Diomedea exulans,Diomedeidae,Procellariiformes
Diomedea sanfordi,Diomedeidae,Procellariiformes
Phoebastria albatrus,Diomedeidae,Procellariiformes
Phoebastria immutabilis,Diomedeidae,Procellariiformes
Phoebastria irrorata,Diomedeidae,Procellariiformes
Phoebastria nigripes,Diomedeidae,Procellariiformes
Phoebetria fusca,Diomedeidae,Procellariiformes
Phoebetria palpebrata,Diomedeidae,Procellariiformes
Thalassarche bulleri,Diomedeidae,Procellariiformes
Thalassarche carteri,Diomedeidae,Procellariiformes
Thalassarche cauta,Diomedeidae,Procellariiformes
Thalassarche chlororhynchos,Diomedeidae,Procellariiformes
Thalassarche chrysostoma,Diomedeidae,Procellariiformes
Thalassarche eremita,Diomedeidae,Procellariiformes
Thalassarche impavida,Diomedeidae,Procellariiformes
Thalassarche melanophrys,Diomedeidae,Procellariiformes
Thalassarche salvini,Diomedeidae,Procellariiformes
Thalassarche steadi,Diomedeidae,Procellariiformes
Fregetta grallaria,Hydrobatidae,Procellariiformes
Fregetta tropica,Hydrobatidae,Procellariiformes
Garrodia nereis,Hydrobatidae,Procellariiformes
Halocyptena microsoma,Hydrobatidae,Procellariiformes
Hydrobates pelagicus,Hydrobatidae,Procellariiformes
Nesofregetta fuliginosa,Hydrobatidae,Procellariiformes
Oceanites gracilis,Hydrobatidae,Procellariiformes
Oceanites maorianus,Hydrobatidae,Procellariiformes
Oceanites oceanicus,Hydrobatidae,Procellariiformes
Oceanodroma castro,Hydrobatidae,Procellariiformes
Oceanodroma furcata,Hydrobatidae,Procellariiformes
Oceanodroma homochroa,Hydrobatidae,Procellariiformes
Oceanodroma hornbyi,Hydrobatidae,Procellariiformes
Oceanodroma leucorhoa,Hydrobatidae,Procellariiformes
Oceanodroma markhami,Hydrobatidae,Procellariiformes
Oceanodroma matsudairae,Hydrobatidae,Procellariiformes
Oceanodroma melania,Hydrobatidae,Procellariiformes
Oceanodroma monorhis,Hydrobatidae,Procellariiformes
Oceanodroma monteiroi,Hydrobatidae,Procellariiformes
Oceanodroma tethys,Hydrobatidae,Procellariiformes
Oceanodroma tristrami,Hydrobatidae,Procellariiformes
Pelagodroma marina,Hydrobatidae,Procellariiformes
Pelecanoides garnotii,Pelecanoididae,Procellariiformes
Pelecanoides georgicus,Pelecanoididae,Procellariiformes
Pelecanoides magellani,Pelecanoididae,Procellariiformes
Pelecanoides urinatrix,Pelecanoididae,Procellariiformes
Bulweria bulwerii,Procellariidae,Procellariiformes
Bulweria fallax,Procellariidae,Procellariiformes
Calonectris diomedea,Procellariidae,Procellariiformes
Calonectris edwardsii,Procellariidae,Procellariiformes
Calonectris leucomelas,Procellariidae,Procellariiformes
Daption capense,Procellariidae,Procellariiformes
Fulmarus glacialis,Procellariidae,Procellariiformes
Fulmarus glacialoides,Procellariidae,Procellariiformes
Halobaena caerulea,Procellariidae,Procellariiformes
Lugensa brevirostris,Procellariidae,Procellariiformes
Macronectes giganteus,Procellariidae,Procellariiformes
Macronectes halli,Procellariidae,Procellariiformes
Pachyptila belcheri,Procellariidae,Procellariiformes
Pachyptila crassirostris,Procellariidae,Procellariiformes
Pachyptila desolata,Procellariidae,Procellariiformes
Pachyptila salvini,Procellariidae,Procellariiformes
Pachyptila turtur,Procellariidae,Procellariiformes
Pachyptila vittata,Procellariidae,Procellariiformes
Pagodroma nivea,Procellariidae,Procellariiformes
Procellaria aequinoctialis,Procellariidae,Procellariiformes
Procellaria cinerea,Procellariidae,Procellariiformes
Procellaria conspicillata,Procellariidae,Procellariiformes
Procellaria parkinsoni,Procellariidae,Procellariiformes
Procellaria westlandica,Procellariidae,Procellariiformes
Pseudobulweria aterrima,Procellariidae,Procellariiformes
Pseudobulweria becki,Procellariidae,Procellariiformes
Pseudobulweria macgillivrayi,Procellariidae,Procellariiformes
Pseudobulweria rostrata,Procellariidae,Procellariiformes
Pterodroma alba,Procellariidae,Procellariiformes
Pterodroma arminjoniana,Procellariidae,Procellariiformes
Pterodroma atrata,Procellariidae,Procellariiformes
Pterodroma axillaris,Procellariidae,Procellariiformes
Pterodroma baraui,Procellariidae,Procellariiformes
Pterodroma brevipes,Procellariidae,Procellariiformes
Pterodroma cahow,Procellariidae,Procellariiformes
Pterodroma caribbaea,Procellariidae,Procellariiformes
Pterodroma cervicalis,Procellariidae,Procellariiformes
Pterodroma cookii,Procellariidae,Procellariiformes
Pterodroma defilippiana,Procellariidae,Procellariiformes
Pterodroma externa,Procellariidae,Procellariiformes
Pterodroma feae,Procellariidae,Procellariiformes
Pterodroma hasitata,Procellariidae,Procellariiformes
Pterodroma heraldica,Procellariidae,Procellariiformes
Pterodroma hypoleuca,Procellariidae,Procellariiformes
Pterodroma incerta,Procellariidae,Procellariiformes
Pterodroma inexpectata,Procellariidae,Procellariiformes
Pterodroma lessonii,Procellariidae,Procellariiformes
Pterodroma leucoptera,Procellariidae,Procellariiformes
Pterodroma longirostris,Procellariidae,Procellariiformes
Pterodroma macroptera,Procellariidae,Procellariiformes
Pterodroma madeira,Procellariidae,Procellariiformes
Pterodroma magentae,Procellariidae,Procellariiformes
Pterodroma mollis,Procellariidae,Procellariiformes
Pterodroma neglecta,Procellariidae,Procellariiformes
Pterodroma nigripennis,Procellariidae,Procellariiformes
Pterodroma phaeopygia,Procellariidae,Procellariiformes
Pterodroma pycrofti,Procellariidae,Procellariiformes
Pterodroma sandwichensis,Procellariidae,Procellariiformes
Pterodroma solandri,Procellariidae,Procellariiformes
Pterodroma ultima,Procellariidae,Procellariiformes
Puffinus assimilis,Procellariidae,Procellariiformes
Puffinus auricularis,Procellariidae,Procellariiformes
Puffinus bulleri,Procellariidae,Procellariiformes
Puffinus carneipes,Procellariidae,Procellariiformes
Puffinus creatopus,Procellariidae,Procellariiformes
Puffinus gavia,Procellariidae,Procellariiformes
Puffinus gravis,Procellariidae,Procellariiformes
Puffinus griseus,Procellariidae,Procellariiformes
Puffinus heinrothi,Procellariidae,Procellariiformes
Puffinus huttoni,Procellariidae,Procellariiformes
Puffinus lherminieri,Procellariidae,Procellariiformes
Puffinus mauretanicus,Procellariidae,Procellariiformes
Puffinus nativitatis,Procellariidae,Procellariiformes
Puffinus newelli,Procellariidae,Procellariiformes
Puffinus opisthomelas,Procellariidae,Procellariiformes
Puffinus pacificus,Procellariidae,Procellariiformes
Puffinus puffinus,Procellariidae,Procellariiformes
Puffinus tenuirostris,Procellariidae,Procellariiformes
Puffinus yelkouan,Procellariidae,Procellariiformes
Thalassoica antarctica,Procellariidae,Procellariiformes
Agapornis canus,Psittacidae,Psittaciformes
Agapornis fischeri,Psittacidae,Psittaciformes
Agapornis lilianae,Psittacidae,Psittaciformes
Agapornis nigrigenis,Psittacidae,Psittaciformes
Agapornis personatus,Psittacidae,Psittaciformes
Agapornis pullarius,Psittacidae,Psittaciformes
Agapornis roseicollis,Psittacidae,Psittaciformes
Agapornis swindernianus,Psittacidae,Psittaciformes
Agapornis taranta,Psittacidae,Psittaciformes
Alipiopsitta xanthops,Psittacidae,Psittaciformes
Alisterus amboinensis,Psittacidae,Psittaciformes
Alisterus chloropterus,Psittacidae,Psittaciformes
Alisterus scapularis,Psittacidae,Psittaciformes
Amazona aestiva,Psittacidae,Psittaciformes
Amazona agilis,Psittacidae,Psittaciformes
Amazona albifrons,Psittacidae,Psittaciformes
Amazona amazonica,Psittacidae,Psittaciformes
Amazona arausiaca,Psittacidae,Psittaciformes
Amazona auropalliata,Psittacidae,Psittaciformes
Amazona autumnalis,Psittacidae,Psittaciformes
Amazona barbadensis,Psittacidae,Psittaciformes
Amazona brasiliensis,Psittacidae,Psittaciformes
Amazona collaria,Psittacidae,Psittaciformes
Amazona dufresniana,Psittacidae,Psittaciformes
Amazona farinosa,Psittacidae,Psittaciformes
Amazona festiva,Psittacidae,Psittaciformes
Amazona finschi,Psittacidae,Psittaciformes
Amazona guildingii,Psittacidae,Psittaciformes
Amazona imperialis,Psittacidae,Psittaciformes
Amazona kawalli,Psittacidae,Psittaciformes
Amazona leucocephala,Psittacidae,Psittaciformes
Amazona mercenaria,Psittacidae,Psittaciformes
Amazona ochrocephala,Psittacidae,Psittaciformes
Amazona oratrix,Psittacidae,Psittaciformes
Amazona pretrei,Psittacidae,Psittaciformes
Amazona rhodocorytha,Psittacidae,Psittaciformes
Amazona tucumana,Psittacidae,Psittaciformes
Amazona ventralis,Psittacidae,Psittaciformes
Amazona versicolor,Psittacidae,Psittaciformes
Amazona vinacea,Psittacidae,Psittaciformes
Amazona viridigenalis,Psittacidae,Psittaciformes
Amazona vittata,Psittacidae,Psittaciformes
Amazona xantholora,Psittacidae,Psittaciformes
Anodorhynchus hyacinthinus,Psittacidae,Psittaciformes
Anodorhynchus leari,Psittacidae,Psittaciformes
Aprosmictus erythropterus,Psittacidae,Psittaciformes
Aprosmictus jonquillaceus,Psittacidae,Psittaciformes
Ara ambiguus,Psittacidae,Psittaciformes
Ara ararauna,Psittacidae,Psittaciformes
Ara chloropterus,Psittacidae,Psittaciformes
Ara glaucogularis,Psittacidae,Psittaciformes
Ara macao,Psittacidae,Psittaciformes
Ara militaris,Psittacidae,Psittaciformes
Ara rubrogenys,Psittacidae,Psittaciformes
Ara severus,Psittacidae,Psittaciformes
Aratinga acuticaudata,Psittacidae,Psittaciformes
Aratinga aurea,Psittacidae,Psittaciformes
Aratinga auricapillus,Psittacidae,Psittaciformes
Aratinga brevipes,Psittacidae,Psittaciformes
Aratinga cactorum,Psittacidae,Psittaciformes
Aratinga canicularis,Psittacidae,Psittaciformes
Aratinga chloroptera,Psittacidae,Psittaciformes
Aratinga erythrogenys,Psittacidae,Psittaciformes
Aratinga euops,Psittacidae,Psittaciformes
Aratinga finschi,Psittacidae,Psittaciformes
Aratinga holochlora,Psittacidae,Psittaciformes
Aratinga jandaya,Psittacidae,Psittaciformes
Aratinga leucophthalma,Psittacidae,Psittaciformes
Aratinga mitrata,Psittacidae,Psittaciformes
Aratinga nana,Psittacidae,Psittaciformes
Aratinga pertinax,Psittacidae,Psittaciformes
Aratinga rubritorquis,Psittacidae,Psittaciformes
Aratinga solstitialis,Psittacidae,Psittaciformes
Aratinga wagleri,Psittacidae,Psittaciformes
Aratinga weddellii,Psittacidae,Psittaciformes
Barnardius zonarius,Psittacidae,Psittaciformes
Bolbopsittacus lunulatus,Psittacidae,Psittaciformes
Bolborhynchus ferrugineifrons,Psittacidae,Psittaciformes
Bolborhynchus lineola,Psittacidae,Psittaciformes
Bolborhynchus orbygnesius,Psittacidae,Psittaciformes
Brotogeris chiriri,Psittacidae,Psittaciformes
Brotogeris chrysoptera,Psittacidae,Psittaciformes
Brotogeris cyanoptera,Psittacidae,Psittaciformes
Brotogeris jugularis,Psittacidae,Psittaciformes
Brotogeris pyrrhoptera,Psittacidae,Psittaciformes
Brotogeris sanctithomae,Psittacidae,Psittaciformes
Brotogeris tirica,Psittacidae,Psittaciformes
Brotogeris versicolurus,Psittacidae,Psittaciformes
Cacatua alba,Psittacidae,Psittaciformes
Cacatua ducorpsii,Psittacidae,Psittaciformes
Cacatua galerita,Psittacidae,Psittaciformes
Cacatua goffiniana,Psittacidae,Psittaciformes
Cacatua haematuropygia,Psittacidae,Psittaciformes
Cacatua leadbeateri,Psittacidae,Psittaciformes
Cacatua moluccensis,Psittacidae,Psittaciformes
Cacatua ophthalmica,Psittacidae,Psittaciformes
Cacatua pastinator,Psittacidae,Psittaciformes
Cacatua roseicapilla,Psittacidae,Psittaciformes
Cacatua sanguinea,Psittacidae,Psittaciformes
Cacatua sulphurea,Psittacidae,Psittaciformes
Cacatua tenuirostris,Psittacidae,Psittaciformes
Callocephalon fimbriatum,Psittacidae,Psittaciformes
Calyptorhynchus banksii,Psittacidae,Psittaciformes
Calyptorhynchus baudinii,Psittacidae,Psittaciformes
Calyptorhynchus funereus,Psittacidae,Psittaciformes
Calyptorhynchus lathami,Psittacidae,Psittaciformes
Calyptorhynchus latirostris,Psittacidae,Psittaciformes
Chalcopsitta atra,Psittacidae,Psittaciformes
Chalcopsitta cardinalis,Psittacidae,Psittaciformes
Chalcopsitta duivenbodei,Psittacidae,Psittaciformes
Chalcopsitta sintillata,Psittacidae,Psittaciformes
Charmosyna amabilis,Psittacidae,Psittaciformes
Charmosyna diadema,Psittacidae,Psittaciformes
Charmosyna josefinae,Psittacidae,Psittaciformes
Charmosyna margarethae,Psittacidae,Psittaciformes
Charmosyna meeki,Psittacidae,Psittaciformes
Charmosyna multistriata,Psittacidae,Psittaciformes
Charmosyna palmarum,Psittacidae,Psittaciformes
Charmosyna papou,Psittacidae,Psittaciformes
Charmosyna placentis,Psittacidae,Psittaciformes
Charmosyna pulchella,Psittacidae,Psittaciformes
Charmosyna rubrigularis,Psittacidae,Psittaciformes
Charmosyna rubronotata,Psittacidae,Psittaciformes
Charmosyna toxopei,Psittacidae,Psittaciformes
Charmosyna wilhelminae,Psittacidae,Psittaciformes
Coracopsis nigra,Psittacidae,Psittaciformes
Coracopsis vasa,Psittacidae,Psittaciformes
Cyanoliseus patagonus,Psittacidae,Psittaciformes
Cyanopsitta spixii,Psittacidae,Psittaciformes
Cyanoramphus auriceps,Psittacidae,Psittaciformes
Cyanoramphus cookii,Psittacidae,Psittaciformes
Cyanoramphus forbesi,Psittacidae,Psittaciformes
Cyanoramphus malherbi,Psittacidae,Psittaciformes
Cyanoramphus novaezelandiae,Psittacidae,Psittaciformes
Cyanoramphus saisseti,Psittacidae,Psittaciformes
Cyanoramphus unicolor,Psittacidae,Psittaciformes
Cyclopsitta diophthalma,Psittacidae,Psittaciformes
Cyclopsitta gulielmitertii,Psittacidae,Psittaciformes
Deroptyus accipitrinus,Psittacidae,Psittaciformes
Diopsittaca nobilis,Psittacidae,Psittaciformes
Eclectus roratus,Psittacidae,Psittaciformes
Enicognathus ferrugineus,Psittacidae,Psittaciformes
Enicognathus leptorhynchus,Psittacidae,Psittaciformes
Eos bornea,Psittacidae,Psittaciformes
Eos cyanogenia,Psittacidae,Psittaciformes
Eos histrio,Psittacidae,Psittaciformes
Eos reticulata,Psittacidae,Psittaciformes
Eos semilarvata,Psittacidae,Psittaciformes
Eos squamata,Psittacidae,Psittaciformes
Eunymphicus cornutus,Psittacidae,Psittaciformes
Eunymphicus uvaeensis,Psittacidae,Psittaciformes
Forpus coelestis,Psittacidae,Psittaciformes
Forpus conspicillatus,Psittacidae,Psittaciformes
Forpus cyanopygius,Psittacidae,Psittaciformes
Forpus modestus,Psittacidae,Psittaciformes
Forpus passerinus,Psittacidae,Psittaciformes
Forpus xanthops,Psittacidae,Psittaciformes
Forpus xanthopterygius,Psittacidae,Psittaciformes
Geoffroyus geoffroyi,Psittacidae,Psittaciformes
Geoffroyus heteroclitus,Psittacidae,Psittaciformes
Geoffroyus simplex,Psittacidae,Psittaciformes
Glossopsitta concinna,Psittacidae,Psittaciformes
Glossopsitta porphyrocephala,Psittacidae,Psittaciformes
Glossopsitta pusilla,Psittacidae,Psittaciformes
Graydidascalus brachyurus,Psittacidae,Psittaciformes
Guaruba guarouba,Psittacidae,Psittaciformes
Hapalopsittaca amazonina,Psittacidae,Psittaciformes
Hapalopsittaca fuertesi,Psittacidae,Psittaciformes
Hapalopsittaca melanotis,Psittacidae,Psittaciformes
Hapalopsittaca pyrrhops,Psittacidae,Psittaciformes
Lathamus discolor,Psittacidae,Psittaciformes
Leptosittaca branickii,Psittacidae,Psittaciformes
Loriculus amabilis,Psittacidae,Psittaciformes
Loriculus aurantiifrons,Psittacidae,Psittaciformes
Loriculus beryllinus,Psittacidae,Psittaciformes
Loriculus catamene,Psittacidae,Psittaciformes
Loriculus exilis,Psittacidae,Psittaciformes
Loriculus flosculus,Psittacidae,Psittaciformes
Loriculus galgulus,Psittacidae,Psittaciformes
Loriculus philippensis,Psittacidae,Psittaciformes
Loriculus pusillus,Psittacidae,Psittaciformes
Loriculus sclateri,Psittacidae,Psittaciformes
Loriculus stigmatus,Psittacidae,Psittaciformes
Loriculus tener,Psittacidae,Psittaciformes
Loriculus vernalis,Psittacidae,Psittaciformes
Lorius albidinucha,Psittacidae,Psittaciformes
Lorius chlorocercus,Psittacidae,Psittaciformes
Lorius domicella,Psittacidae,Psittaciformes
Lorius garrulus,Psittacidae,Psittaciformes
Lorius hypoinochrous,Psittacidae,Psittaciformes
Lorius lory,Psittacidae,Psittaciformes
Melopsittacus undulatus,Psittacidae,Psittaciformes
Micropsitta bruijnii,Psittacidae,Psittaciformes
Micropsitta finschii,Psittacidae,Psittaciformes
Micropsitta geelvinkiana,Psittacidae,Psittaciformes
Micropsitta keiensis,Psittacidae,Psittaciformes
Micropsitta meeki,Psittacidae,Psittaciformes
Micropsitta pusio,Psittacidae,Psittaciformes
Myiopsitta monachus,Psittacidae,Psittaciformes
Nandayus nenday,Psittacidae,Psittaciformes
Nannopsittaca dachilleae,Psittacidae,Psittaciformes
Nannopsittaca panychlora,Psittacidae,Psittaciformes
Neophema chrysogaster,Psittacidae,Psittaciformes
Neophema chrysostoma,Psittacidae,Psittaciformes
Neophema elegans,Psittacidae,Psittaciformes
Neophema petrophila,Psittacidae,Psittaciformes
Neophema pulchella,Psittacidae,Psittaciformes
Neophema splendida,Psittacidae,Psittaciformes
Neopsephotus bourkii,Psittacidae,Psittaciformes
Neopsittacus musschenbroekii,Psittacidae,Psittaciformes
Neopsittacus pullicauda,Psittacidae,Psittaciformes
Nestor meridionalis,Psittacidae,Psittaciformes
Nestor notabilis,Psittacidae,Psittaciformes
Northiella haematogaster,Psittacidae,Psittaciformes
Nymphicus hollandicus,Psittacidae,Psittaciformes
Ognorhynchus icterotis,Psittacidae,Psittaciformes
Oreopsittacus arfaki,Psittacidae,Psittaciformes
Orthopsittaca manilata,Psittacidae,Psittaciformes
Pezoporus occidentalis,Psittacidae,Psittaciformes
Pezoporus wallicus,Psittacidae,Psittaciformes
Phigys solitarius,Psittacidae,Psittaciformes
Pionites leucogaster,Psittacidae,Psittaciformes
Pionites melanocephalus,Psittacidae,Psittaciformes
Pionopsitta pileata,Psittacidae,Psittaciformes
Pionus chalcopterus,Psittacidae,Psittaciformes
Pionus fuscus,Psittacidae,Psittaciformes
Pionus maximiliani,Psittacidae,Psittaciformes
Pionus menstruus,Psittacidae,Psittaciformes
Pionus senilis,Psittacidae,Psittaciformes
Pionus sordidus,Psittacidae,Psittaciformes
Pionus tumultuosus,Psittacidae,Psittaciformes
Platycercus adscitus,Psittacidae,Psittaciformes
Platycercus caledonicus,Psittacidae,Psittaciformes
Platycercus elegans,Psittacidae,Psittaciformes
Platycercus eximius,Psittacidae,Psittaciformes
Platycercus icterotis,Psittacidae,Psittaciformes
Platycercus venustus,Psittacidae,Psittaciformes
Poicephalus crassus,Psittacidae,Psittaciformes
Poicephalus cryptoxanthus,Psittacidae,Psittaciformes
Poicephalus flavifrons,Psittacidae,Psittaciformes
Poicephalus gulielmi,Psittacidae,Psittaciformes
Poicephalus meyeri,Psittacidae,Psittaciformes
Poicephalus robustus,Psittacidae,Psittaciformes
Poicephalus rueppellii,Psittacidae,Psittaciformes
Poicephalus rufiventris,Psittacidae,Psittaciformes
Poicephalus senegalus,Psittacidae,Psittaciformes
Polytelis alexandrae,Psittacidae,Psittaciformes
Polytelis anthopeplus,Psittacidae,Psittaciformes
Polytelis swainsonii,Psittacidae,Psittaciformes
Primolius auricollis,Psittacidae,Psittaciformes
Primolius couloni,Psittacidae,Psittaciformes
Primolius maracana,Psittacidae,Psittaciformes
Prioniturus discurus,Psittacidae,Psittaciformes
Prioniturus flavicans,Psittacidae,Psittaciformes
Prioniturus luconensis,Psittacidae,Psittaciformes
Prioniturus mada,Psittacidae,Psittaciformes
Prioniturus montanus,Psittacidae,Psittaciformes
Prioniturus platenae,Psittacidae,Psittaciformes
Prioniturus platurus,Psittacidae,Psittaciformes
Prioniturus verticalis,Psittacidae,Psittaciformes
Prioniturus waterstradti,Psittacidae,Psittaciformes
Probosciger aterrimus,Psittacidae,Psittaciformes
Prosopeia personata,Psittacidae,Psittaciformes
Prosopeia splendens,Psittacidae,Psittaciformes
Prosopeia tabuensis,Psittacidae,Psittaciformes
Psephotus chrysopterygius,Psittacidae,Psittaciformes
Psephotus dissimilis,Psittacidae,Psittaciformes
Psephotus haematonotus,Psittacidae,Psittaciformes
Psephotus varius,Psittacidae,Psittaciformes
Pseudeos fuscata,Psittacidae,Psittaciformes
Psilopsiagon aurifrons,Psittacidae,Psittaciformes
Psilopsiagon aymara,Psittacidae,Psittaciformes
Psittacella brehmii,Psittacidae,Psittaciformes
Psittacella madaraszi,Psittacidae,Psittaciformes
Psittacella modesta,Psittacidae,Psittaciformes
Psittacella picta,Psittacidae,Psittaciformes
Psittacula alexandri,Psittacidae,Psittaciformes
Psittacula calthropae,Psittacidae,Psittaciformes
Psittacula caniceps,Psittacidae,Psittaciformes
Psittacula columboides,Psittacidae,Psittaciformes
Psittacula cyanocephala,Psittacidae,Psittaciformes
Psittacula derbiana,Psittacidae,Psittaciformes
Psittacula eques,Psittacidae,Psittaciformes
Psittacula eupatria,Psittacidae,Psittaciformes
Psittacula finschii,Psittacidae,Psittaciformes
Psittacula himalayana,Psittacidae,Psittaciformes
Psittacula krameri,Psittacidae,Psittaciformes
Psittacula longicauda,Psittacidae,Psittaciformes
Psittacula roseata,Psittacidae,Psittaciformes
Psittaculirostris desmarestii,Psittacidae,Psittaciformes
Psittaculirostris edwardsii,Psittacidae,Psittaciformes
Psittaculirostris salvadorii,Psittacidae,Psittaciformes
Psittacus erithacus,Psittacidae,Psittaciformes
Psitteuteles goldiei,Psittacidae,Psittaciformes
Psitteuteles iris,Psittacidae,Psittaciformes
Psitteuteles versicolor,Psittacidae,Psittaciformes
Psittinus cyanurus,Psittacidae,Psittaciformes
Psittrichas fulgidus,Psittacidae,Psittaciformes
Purpureicephalus spurius,Psittacidae,Psittaciformes
Pyrilia aurantiocephala,Psittacidae,Psittaciformes
Pyrilia barrabandi,Psittacidae,Psittaciformes
Pyrilia caica,Psittacidae,Psittaciformes
Pyrilia haematotis,Psittacidae,Psittaciformes
Pyrilia pulchra,Psittacidae,Psittaciformes
Pyrilia pyrilia,Psittacidae,Psittaciformes
Pyrilia vulturina,Psittacidae,Psittaciformes
Pyrrhura albipectus,Psittacidae,Psittaciformes
Pyrrhura calliptera,Psittacidae,Psittaciformes
Pyrrhura cruentata,Psittacidae,Psittaciformes
Pyrrhura devillei,Psittacidae,Psittaciformes
Pyrrhura egregia,Psittacidae,Psittaciformes
Pyrrhura frontalis,Psittacidae,Psittaciformes
Pyrrhura griseipectus,Psittacidae,Psittaciformes
Pyrrhura hoematotis,Psittacidae,Psittaciformes
Pyrrhura hoffmanni,Psittacidae,Psittaciformes
Pyrrhura lepida,Psittacidae,Psittaciformes
Pyrrhura leucotis,Psittacidae,Psittaciformes
Pyrrhura melanura,Psittacidae,Psittaciformes
Pyrrhura molinae,Psittacidae,Psittaciformes
Pyrrhura orcesi,Psittacidae,Psittaciformes
Pyrrhura perlata,Psittacidae,Psittaciformes
Pyrrhura pfrimeri,Psittacidae,Psittaciformes
Pyrrhura picta,Psittacidae,Psittaciformes
Pyrrhura rhodocephala,Psittacidae,Psittaciformes
Pyrrhura rupicola,Psittacidae,Psittaciformes
Pyrrhura viridicata,Psittacidae,Psittaciformes
Rhynchopsitta pachyrhyncha,Psittacidae,Psittaciformes
Rhynchopsitta terrisi,Psittacidae,Psittaciformes
Strigops habroptila,Psittacidae,Psittaciformes
Tanygnathus gramineus,Psittacidae,Psittaciformes
Tanygnathus lucionensis,Psittacidae,Psittaciformes
Tanygnathus megalorynchos,Psittacidae,Psittaciformes
Tanygnathus sumatranus,Psittacidae,Psittaciformes
Touit batavicus,Psittacidae,Psittaciformes
Touit costaricensis,Psittacidae,Psittaciformes
Touit dilectissimus,Psittacidae,Psittaciformes
Touit huetii,Psittacidae,Psittaciformes
Touit melanonotus,Psittacidae,Psittaciformes
Touit purpuratus,Psittacidae,Psittaciformes
Touit stictopterus,Psittacidae,Psittaciformes
Touit surdus,Psittacidae,Psittaciformes
Trichoglossus chlorolepidotus,Psittacidae,Psittaciformes
Trichoglossus euteles,Psittacidae,Psittaciformes
Trichoglossus flavoviridis,Psittacidae,Psittaciformes
Trichoglossus haematodus,Psittacidae,Psittaciformes
Trichoglossus johnstoniae,Psittacidae,Psittaciformes
Trichoglossus ornatus,Psittacidae,Psittaciformes
Trichoglossus rubiginosus,Psittacidae,Psittaciformes
Triclaria malachitacea,Psittacidae,Psittaciformes
Vini australis,Psittacidae,Psittaciformes
Vini kuhlii,Psittacidae,Psittaciformes
Vini peruviana,Psittacidae,Psittaciformes
Vini stepheni,Psittacidae,Psittaciformes
Vini ultramarina,Psittacidae,Psittaciformes
Pterocles alchata,Pteroclididae,Pteroclidiformes
Pterocles bicinctus,Pteroclididae,Pteroclidiformes
Pterocles burchelli,Pteroclididae,Pteroclidiformes
Pterocles coronatus,Pteroclididae,Pteroclidiformes
Pterocles decoratus,Pteroclididae,Pteroclidiformes
Pterocles exustus,Pteroclididae,Pteroclidiformes
Pterocles gutturalis,Pteroclididae,Pteroclidiformes
Pterocles indicus,Pteroclididae,Pteroclidiformes
Pterocles lichtensteinii,Pteroclididae,Pteroclidiformes
Pterocles namaqua,Pteroclididae,Pteroclidiformes
Pterocles orientalis,Pteroclididae,Pteroclidiformes
Pterocles personatus,Pteroclididae,Pteroclidiformes
Pterocles quadricinctus,Pteroclididae,Pteroclidiformes
Pterocles senegallus,Pteroclididae,Pteroclidiformes
Syrrhaptes paradoxus,Pteroclididae,Pteroclidiformes
Syrrhaptes tibetanus,Pteroclididae,Pteroclidiformes
Rhea americana,Rheidae,Rheiformes
Rhea pennata,Rheidae,Rheiformes
Aptenodytes forsteri,Spheniscidae,Sphenisciformes
Aptenodytes patagonicus,Spheniscidae,Sphenisciformes
Eudyptes chrysocome,Spheniscidae,Sphenisciformes
Eudyptes chrysolophus,Spheniscidae,Sphenisciformes
Eudyptes moseleyi,Spheniscidae,Sphenisciformes
Eudyptes pachyrhynchus,Spheniscidae,Sphenisciformes
Eudyptes robustus,Spheniscidae,Sphenisciformes
Eudyptes schlegeli,Spheniscidae,Sphenisciformes
Eudyptes sclateri,Spheniscidae,Sphenisciformes
Eudyptula minor,Spheniscidae,Sphenisciformes
Megadyptes antipodes,Spheniscidae,Sphenisciformes
Pygoscelis adeliae,Spheniscidae,Sphenisciformes
Pygoscelis antarcticus,Spheniscidae,Sphenisciformes
Pygoscelis papua,Spheniscidae,Sphenisciformes
Spheniscus demersus,Spheniscidae,Sphenisciformes
Spheniscus humboldti,Spheniscidae,Sphenisciformes
Spheniscus magellanicus,Spheniscidae,Sphenisciformes
Spheniscus mendiculus,Spheniscidae,Sphenisciformes
Aegolius acadicus,Strigidae,Strigiformes
Aegolius funereus,Strigidae,Strigiformes
Aegolius harrisii,Strigidae,Strigiformes
Aegolius ridgwayi,Strigidae,Strigiformes
Asio abyssinicus,Strigidae,Strigiformes
Asio capensis,Strigidae,Strigiformes
Asio flammeus,Strigidae,Strigiformes
Asio madagascariensis,Strigidae,Strigiformes
Asio otus,Strigidae,Strigiformes
Asio stygius,Strigidae,Strigiformes
Athene brama,Strigidae,Strigiformes
Athene cunicularia,Strigidae,Strigiformes
Athene noctua,Strigidae,Strigiformes
Bubo africanus,Strigidae,Strigiformes
Bubo ascalaphus,Strigidae,Strigiformes
Bubo bengalensis,Strigidae,Strigiformes
Bubo bubo,Strigidae,Strigiformes
Bubo capensis,Strigidae,Strigiformes
Bubo cinerascens,Strigidae,Strigiformes
Bubo coromandus,Strigidae,Strigiformes
Bubo lacteus,Strigidae,Strigiformes
Bubo leucostictus,Strigidae,Strigiformes
Bubo magellanicus,Strigidae,Strigiformes
Bubo nipalensis,Strigidae,Strigiformes
Bubo philippensis,Strigidae,Strigiformes
Bubo poensis,Strigidae,Strigiformes
Bubo scandiaca,Strigidae,Strigiformes
Bubo shelleyi,Strigidae,Strigiformes
Bubo sumatranus,Strigidae,Strigiformes
Bubo virginianus,Strigidae,Strigiformes
Bubo vosseleri,Strigidae,Strigiformes
Glaucidium albertinum,Strigidae,Strigiformes
Glaucidium bolivianum,Strigidae,Strigiformes
Glaucidium brasilianum,Strigidae,Strigiformes
Glaucidium brodiei,Strigidae,Strigiformes
Glaucidium californicum,Strigidae,Strigiformes
Glaucidium capense,Strigidae,Strigiformes
Glaucidium castaneum,Strigidae,Strigiformes
Glaucidium castanonotum,Strigidae,Strigiformes
Glaucidium castanopterum,Strigidae,Strigiformes
Glaucidium costaricanum,Strigidae,Strigiformes
Glaucidium cuculoides,Strigidae,Strigiformes
Glaucidium gnoma,Strigidae,Strigiformes
Glaucidium griseiceps,Strigidae,Strigiformes
Glaucidium hardyi,Strigidae,Strigiformes
Glaucidium jardinii,Strigidae,Strigiformes
Glaucidium minutissimum,Strigidae,Strigiformes
Glaucidium mooreorum,Strigidae,Strigiformes
Glaucidium nanum,Strigidae,Strigiformes
Glaucidium nubicola,Strigidae,Strigiformes
Glaucidium palmarum,Strigidae,Strigiformes
Glaucidium parkeri,Strigidae,Strigiformes
Glaucidium passerinum,Strigidae,Strigiformes
Glaucidium perlatum,Strigidae,Strigiformes
Glaucidium peruanum,Strigidae,Strigiformes
Glaucidium radiatum,Strigidae,Strigiformes
Glaucidium sanchezi,Strigidae,Strigiformes
Glaucidium siju,Strigidae,Strigiformes
Glaucidium sjostedti,Strigidae,Strigiformes
Glaucidium tephronotum,Strigidae,Strigiformes
Gymnoglaux lawrencii,Strigidae,Strigiformes
Heteroglaux blewitti,Strigidae,Strigiformes
Jubula lettii,Strigidae,Strigiformes
Ketupa blakistoni,Strigidae,Strigiformes
Ketupa flavipes,Strigidae,Strigiformes
Ketupa ketupu,Strigidae,Strigiformes
Ketupa zeylonensis,Strigidae,Strigiformes
Lophostrix cristata,Strigidae,Strigiformes
Megascops albogularis,Strigidae,Strigiformes
Megascops asio,Strigidae,Strigiformes
Megascops atricapilla,Strigidae,Strigiformes
Megascops barbarus,Strigidae,Strigiformes
Megascops choliba,Strigidae,Strigiformes
Megascops clarkii,Strigidae,Strigiformes
Megascops colombianus,Strigidae,Strigiformes
Megascops cooperi,Strigidae,Strigiformes
Megascops guatemalae,Strigidae,Strigiformes
Megascops hoyi,Strigidae,Strigiformes
Megascops ingens,Strigidae,Strigiformes
Megascops kennicottii,Strigidae,Strigiformes
Megascops koepckeae,Strigidae,Strigiformes
Megascops marshalli,Strigidae,Strigiformes
Megascops nudipes,Strigidae,Strigiformes
Megascops petersoni,Strigidae,Strigiformes
Megascops roboratus,Strigidae,Strigiformes
Megascops sanctaecatarinae,Strigidae,Strigiformes
Megascops seductus,Strigidae,Strigiformes
Megascops trichopsis,Strigidae,Strigiformes
Megascops watsonii,Strigidae,Strigiformes
Micrathene whitneyi,Strigidae,Strigiformes
Mimizuku gurneyi,Strigidae,Strigiformes
Nesasio solomonensis,Strigidae,Strigiformes
Ninox affinis,Strigidae,Strigiformes
Ninox boobook,Strigidae,Strigiformes
Ninox burhani,Strigidae,Strigiformes
Ninox connivens,Strigidae,Strigiformes
Ninox ios,Strigidae,Strigiformes
Ninox jacquinoti,Strigidae,Strigiformes
Ninox meeki,Strigidae,Strigiformes
Ninox natalis,Strigidae,Strigiformes
Ninox novaeseelandiae,Strigidae,Strigiformes
Ninox ochracea,Strigidae,Strigiformes
Ninox odiosa,Strigidae,Strigiformes
Ninox philippensis,Strigidae,Strigiformes
Ninox punctulata,Strigidae,Strigiformes
Ninox rudolfi,Strigidae,Strigiformes
Ninox rufa,Strigidae,Strigiformes
Ninox scutulata,Strigidae,Strigiformes
Ninox squamipila,Strigidae,Strigiformes
Ninox strenua,Strigidae,Strigiformes
Ninox sumbaensis,Strigidae,Strigiformes
Ninox superciliaris,Strigidae,Strigiformes
Ninox theomacha,Strigidae,Strigiformes
Ninox variegata,Strigidae,Strigiformes
Otus alfredi,Strigidae,Strigiformes
Otus alius,Strigidae,Strigiformes
Otus angelinae,Strigidae,Strigiformes
Otus bakkamoena,Strigidae,Strigiformes
Otus balli,Strigidae,Strigiformes
Otus beccarii,Strigidae,Strigiformes
Otus brookii,Strigidae,Strigiformes
Otus brucei,Strigidae,Strigiformes
Otus capnodes,Strigidae,Strigiformes
Otus collari,Strigidae,Strigiformes
Otus elegans,Strigidae,Strigiformes
Otus enganensis,Strigidae,Strigiformes
Otus flammeolus,Strigidae,Strigiformes
Otus fuliginosus,Strigidae,Strigiformes
Otus hartlaubi,Strigidae,Strigiformes
Otus icterorhynchus,Strigidae,Strigiformes
Otus insularis,Strigidae,Strigiformes
Otus ireneae,Strigidae,Strigiformes
Otus lempiji,Strigidae,Strigiformes
Otus lettia,Strigidae,Strigiformes
Otus leucotis,Strigidae,Strigiformes
Otus longicornis,Strigidae,Strigiformes
Otus magicus,Strigidae,Strigiformes
Otus manadensis,Strigidae,Strigiformes
Otus mantananensis,Strigidae,Strigiformes
Otus mayottensis,Strigidae,Strigiformes
Otus megalotis,Strigidae,Strigiformes
Otus mentawi,Strigidae,Strigiformes
Otus mindorensis,Strigidae,Strigiformes
Otus mirus,Strigidae,Strigiformes
Otus moheliensis,Strigidae,Strigiformes
Otus pauliani,Strigidae,Strigiformes
Otus pembaensis,Strigidae,Strigiformes
Otus podarginus,Strigidae,Strigiformes
Otus rufescens,Strigidae,Strigiformes
Otus rutilus,Strigidae,Strigiformes
Otus sagittatus,Strigidae,Strigiformes
Otus scops,Strigidae,Strigiformes
Otus semitorques,Strigidae,Strigiformes
Otus senegalensis,Strigidae,Strigiformes
Otus siaoensis,Strigidae,Strigiformes
Otus silvicola,Strigidae,Strigiformes
Otus spilocephalus,Strigidae,Strigiformes
Otus sunia,Strigidae,Strigiformes
Otus thilohoffmanni,Strigidae,Strigiformes
Otus umbra,Strigidae,Strigiformes
Pseudoscops clamator,Strigidae,Strigiformes
Pseudoscops grammicus,Strigidae,Strigiformes
Ptilopsis granti,Strigidae,Strigiformes
Pulsatrix koeniswaldiana,Strigidae,Strigiformes
Pulsatrix melanota,Strigidae,Strigiformes
Pulsatrix perspicillata,Strigidae,Strigiformes
Scotopelia bouvieri,Strigidae,Strigiformes
Scotopelia peli,Strigidae,Strigiformes
Scotopelia ussheri,Strigidae,Strigiformes
Strix albitarsis,Strigidae,Strigiformes
Strix aluco,Strigidae,Strigiformes
Strix butleri,Strigidae,Strigiformes
Strix chacoensis,Strigidae,Strigiformes
Strix davidi,Strigidae,Strigiformes
Strix fulvescens,Strigidae,Strigiformes
Strix huhula,Strigidae,Strigiformes
Strix hylophila,Strigidae,Strigiformes
Strix leptogrammica,Strigidae,Strigiformes
Strix nebulosa,Strigidae,Strigiformes
Strix nigrolineata,Strigidae,Strigiformes
Strix occidentalis,Strigidae,Strigiformes
Strix ocellata,Strigidae,Strigiformes
Strix rufipes,Strigidae,Strigiformes
Strix seloputo,Strigidae,Strigiformes
Strix uralensis,Strigidae,Strigiformes
Strix varia,Strigidae,Strigiformes
Strix virgata,Strigidae,Strigiformes
Strix woodfordii,Strigidae,Strigiformes
Surnia ulula,Strigidae,Strigiformes
Uroglaux dimorpha,Strigidae,Strigiformes
Xenoglaux loweryi,Strigidae,Strigiformes
Phodilus badius,Tytonidae,Strigiformes
Phodilus prigoginei,Tytonidae,Strigiformes
Tyto alba,Tytonidae,Strigiformes
Tyto aurantia,Tytonidae,Strigiformes
Tyto capensis,Tytonidae,Strigiformes
Tyto glaucops,Tytonidae,Strigiformes
Tyto inexspectata,Tytonidae,Strigiformes
Tyto longimembris,Tytonidae,Strigiformes
Tyto manusi,Tytonidae,Strigiformes
Tyto nigrobrunnea,Tytonidae,Strigiformes
Tyto novaehollandiae,Tytonidae,Strigiformes
Tyto rosenbergii,Tytonidae,Strigiformes
Tyto sororcula,Tytonidae,Strigiformes
Tyto soumagnei,Tytonidae,Strigiformes
Tyto tenebricosa,Tytonidae,Strigiformes
Struthio camelus,Struthionidae,Struthioniformes
Anhinga anhinga,Anhingidae,Suliformes
Anhinga melanogaster,Anhingidae,Suliformes
Anhinga novaehollandiae,Anhingidae,Suliformes
Anhinga rufa,Anhingidae,Suliformes
Fregata andrewsi,Fregatidae,Suliformes
Fregata aquila,Fregatidae,Suliformes
Fregata ariel,Fregatidae,Suliformes
Fregata magnificens,Fregatidae,Suliformes
Fregata minor,Fregatidae,Suliformes
Phalacrocorax africanus,Phalacrocoracidae,Suliformes
Phalacrocorax aristotelis,Phalacrocoracidae,Suliformes
Phalacrocorax atriceps,Phalacrocoracidae,Suliformes
Phalacrocorax auritus,Phalacrocoracidae,Suliformes
Phalacrocorax bougainvillii,Phalacrocoracidae,Suliformes
Phalacrocorax brasilianus,Phalacrocoracidae,Suliformes
Phalacrocorax campbelli,Phalacrocoracidae,Suliformes
Phalacrocorax capensis,Phalacrocoracidae,Suliformes
Phalacrocorax capillatus,Phalacrocoracidae,Suliformes
Phalacrocorax carbo,Phalacrocoracidae,Suliformes
Phalacrocorax carunculatus,Phalacrocoracidae,Suliformes
Phalacrocorax chalconotus,Phalacrocoracidae,Suliformes
Phalacrocorax colensoi,Phalacrocoracidae,Suliformes
Phalacrocorax coronatus,Phalacrocoracidae,Suliformes
Phalacrocorax featherstoni,Phalacrocoracidae,Suliformes
Phalacrocorax fuscescens,Phalacrocoracidae,Suliformes
Phalacrocorax fuscicollis,Phalacrocoracidae,Suliformes
Phalacrocorax gaimardi,Phalacrocoracidae,Suliformes
Phalacrocorax harrisi,Phalacrocoracidae,Suliformes
Phalacrocorax magellanicus,Phalacrocoracidae,Suliformes
Phalacrocorax melanoleucos,Phalacrocoracidae,Suliformes
Phalacrocorax neglectus,Phalacrocoracidae,Suliformes
Phalacrocorax niger,Phalacrocoracidae,Suliformes
Phalacrocorax nigrogularis,Phalacrocoracidae,Suliformes
Phalacrocorax onslowi,Phalacrocoracidae,Suliformes
Phalacrocorax pelagicus,Phalacrocoracidae,Suliformes
Phalacrocorax penicillatus,Phalacrocoracidae,Suliformes
Phalacrocorax punctatus,Phalacrocoracidae,Suliformes
Phalacrocorax pygmeus,Phalacrocoracidae,Suliformes
Phalacrocorax ranfurlyi,Phalacrocoracidae,Suliformes
Phalacrocorax sulcirostris,Phalacrocoracidae,Suliformes
Phalacrocorax urile,Phalacrocoracidae,Suliformes
Phalacrocorax varius,Phalacrocoracidae,Suliformes
Morus bassanus,Sulidae,Suliformes
Morus capensis,Sulidae,Suliformes
Morus serrator,Sulidae,Suliformes
Papasula abbotti,Sulidae,Suliformes
Sula dactylatra,Sulidae,Suliformes
Sula granti,Sulidae,Suliformes
Sula leucogaster,Sulidae,Suliformes
Sula nebouxii,Sulidae,Suliformes
Sula sula,Sulidae,Suliformes
Sula variegata,Sulidae,Suliformes
Crypturellus atrocapillus,Tinamidae,Tinamiformes
Crypturellus bartletti,Tinamidae,Tinamiformes
Crypturellus berlepschi,Tinamidae,Tinamiformes
Crypturellus boucardi,Tinamidae,Tinamiformes
Crypturellus brevirostris,Tinamidae,Tinamiformes
Crypturellus casiquiare,Tinamidae,Tinamiformes
Crypturellus cinereus,Tinamidae,Tinamiformes
Crypturellus cinnamomeus,Tinamidae,Tinamiformes
Crypturellus duidae,Tinamidae,Tinamiformes
Crypturellus erythropus,Tinamidae,Tinamiformes
Crypturellus kerriae,Tinamidae,Tinamiformes
Crypturellus noctivagus,Tinamidae,Tinamiformes
Crypturellus obsoletus,Tinamidae,Tinamiformes
Crypturellus parvirostris,Tinamidae,Tinamiformes
Crypturellus ptaritepui,Tinamidae,Tinamiformes
Crypturellus soui,Tinamidae,Tinamiformes
Crypturellus strigulosus,Tinamidae,Tinamiformes
Crypturellus tataupa,Tinamidae,Tinamiformes
Crypturellus transfasciatus,Tinamidae,Tinamiformes
Crypturellus undulatus,Tinamidae,Tinamiformes
Crypturellus variegatus,Tinamidae,Tinamiformes
Eudromia elegans,Tinamidae,Tinamiformes
Eudromia formosa,Tinamidae,Tinamiformes
Nothocercus bonapartei,Tinamidae,Tinamiformes
Nothocercus julius,Tinamidae,Tinamiformes
Nothocercus nigrocapillus,Tinamidae,Tinamiformes
Nothoprocta cinerascens,Tinamidae,Tinamiformes
Nothoprocta curvirostris,Tinamidae,Tinamiformes
Nothoprocta ornata,Tinamidae,Tinamiformes
Nothoprocta pentlandii,Tinamidae,Tinamiformes
Nothoprocta perdicaria,Tinamidae,Tinamiformes
Nothoprocta taczanowskii,Tinamidae,Tinamiformes
Nothura boraquira,Tinamidae,Tinamiformes
Nothura chacoensis,Tinamidae,Tinamiformes
Nothura darwinii,Tinamidae,Tinamiformes
Nothura maculosa,Tinamidae,Tinamiformes
Nothura minor,Tinamidae,Tinamiformes
Rhynchotus maculicollis,Tinamidae,Tinamiformes
Rhynchotus rufescens,Tinamidae,Tinamiformes
Taoniscus nanus,Tinamidae,Tinamiformes
Tinamotis ingoufi,Tinamidae,Tinamiformes
Tinamotis pentlandii,Tinamidae,Tinamiformes
Tinamus guttatus,Tinamidae,Tinamiformes
Tinamus major,Tinamidae,Tinamiformes
Tinamus osgoodi,Tinamidae,Tinamiformes
Tinamus solitarius,Tinamidae,Tinamiformes
Tinamus tao,Tinamidae,Tinamiformes
Apalharpactes mackloti,Trogonidae,Trogoniformes
Apalharpactes reinwardtii,Trogonidae,Trogoniformes
Apaloderma aequatoriale,Trogonidae,Trogoniformes
Apaloderma narina,Trogonidae,Trogoniformes
Apaloderma vittatum,Trogonidae,Trogoniformes
Euptilotis neoxenus,Trogonidae,Trogoniformes
Harpactes ardens,Trogonidae,Trogoniformes
Harpactes diardii,Trogonidae,Trogoniformes
Harpactes duvaucelii,Trogonidae,Trogoniformes
Harpactes erythrocephalus,Trogonidae,Trogoniformes
Harpactes fasciatus,Trogonidae,Trogoniformes
Harpactes kasumba,Trogonidae,Trogoniformes
Harpactes oreskios,Trogonidae,Trogoniformes
Harpactes orrhophaeus,Trogonidae,Trogoniformes
Harpactes wardi,Trogonidae,Trogoniformes
Harpactes whiteheadi,Trogonidae,Trogoniformes
Pharomachrus antisianus,Trogonidae,Trogoniformes
Pharomachrus auriceps,Trogonidae,Trogoniformes
Pharomachrus fulgidus,Trogonidae,Trogoniformes
Pharomachrus mocinno,Trogonidae,Trogoniformes
Pharomachrus pavoninus,Trogonidae,Trogoniformes
Priotelus roseigaster,Trogonidae,Trogoniformes
Priotelus temnurus,Trogonidae,Trogoniformes
Trogon aurantiiventris,Trogonidae,Trogoniformes
Trogon bairdii,Trogonidae,Trogoniformes
Trogon caligatus,Trogonidae,Trogoniformes
Trogon chionurus,Trogonidae,Trogoniformes
Trogon citreolus,Trogonidae,Trogoniformes
Trogon clathratus,Trogonidae,Trogoniformes
Trogon collaris,Trogonidae,Trogoniformes
Trogon comptus,Trogonidae,Trogoniformes
Trogon curucui,Trogonidae,Trogoniformes
Trogon elegans,Trogonidae,Trogoniformes
Trogon massena,Trogonidae,Trogoniformes
Trogon melanocephalus,Trogonidae,Trogoniformes
Trogon melanurus,Trogonidae,Trogoniformes
Trogon mesurus,Trogonidae,Trogoniformes
Trogon mexicanus,Trogonidae,Trogoniformes
Trogon personatus,Trogonidae,Trogoniformes
Trogon rufus,Trogonidae,Trogoniformes
Trogon surrucura,Trogonidae,Trogoniformes
Trogon violaceus,Trogonidae,Trogoniformes
Trogon viridis,Trogonidae,Trogoniformes