Scientific name,Adult survival,Age at first reproduction,Maximum longevity
Struthio camelus,0.87,3.65,41.93
Struthio molybdophanes,0.87,3.5,50
Rhea americana,0.31,2.07,23.1
Rhea pennata,0.33,2.22,29.51
Rhea tarapacensis,0.33,2.5,50
Nothocercus julius,0.84,2.12,16.35
Nothocercus bonapartei,0.74,1.86,14.85
Nothocercus nigrocapillus,0.76,1.89,16.83
Tinamus tao,0.8,2.23,18.16
Tinamus solitarius,0.62,1.53,14.63
Tinamus osgoodi,0.87,2.81,21.11
Tinamus major,0.81,2.21,17.08
Tinamus guttatus,0.71,1.94,16.09
Crypturellus berlepschi,0.83,2.01,15.67
Crypturellus cinereus,0.81,2.4,17.81
Crypturellus ptaritepui,0.81,1.92,15.1
Crypturellus soui,0.79,1.9,13.96
Crypturellus obsoletus,0.77,1.87,15.19
Crypturellus undulatus,0.74,2.02,16.22
Crypturellus strigulosus,0.78,1.94,14.97
Crypturellus duidae,0.82,1.94,15.02
Crypturellus erythropus,0.82,2.14,15.93
Crypturellus noctivagus,0.76,1.93,17.37
Crypturellus atrocapillus,0.81,1.96,15.73
Crypturellus occidentalis,0.81,2.91,25.31
Crypturellus cinnamomeus,0.81,2.08,16.31
Crypturellus transfasciatus,0.76,1.78,13.5
Crypturellus boucardi,0.77,1.87,14.99
Crypturellus kerriae,0.81,1.92,15.15
Crypturellus variegatus,0.82,2.45,17.7
Crypturellus brevirostris,0.82,1.92,14.96
Crypturellus bartletti,0.79,1.74,13.71
Crypturellus casiquiare,0.82,1.92,14.93
Crypturellus parvirostris,0.68,1.52,13.67
Crypturellus tataupa,0.73,1.63,13.26
Rhynchotus rufescens,0.84,2.39,18.8
Rhynchotus maculicollis,0.83,2.21,17.94
Nothoprocta taczanowskii,0.81,1.98,15.84
Nothoprocta ornata,0.67,1.62,15.62
Nothoprocta perdicaria,0.7,1.62,14.69
Nothoprocta cinerascens,0.57,1.34,11.49
Nothoprocta pentlandii,0.63,1.41,13.77
Nothoprocta curvirostris,0.81,1.89,14.8
Nothura boraquira,0.76,1.78,7.25
Nothura minor,0.76,1.61,6.21
Nothura darwinii,0.72,1.6,7.17
Nothura maculosa,0.72,1.62,7.1
Nothura chacoensis,0.77,1.71,6.64
Taoniscus nanus,0.69,1.33,10.51
Eudromia elegans,0.72,1.8,18.14
Eudromia formosa,0.76,1.99,18.31
Tinamotis pentlandii,0.71,1.77,16.64
Tinamotis ingoufi,0.46,1.14,13.8
Casuarius casuarius,0.91,4,32.38
Casuarius bennetti,0.91,3.83,30.75
Casuarius unappendiculatus,0.93,3.85,29.46
Dromaius novaehollandiae,0.82,2.25,28.83
Dromaius minor,0.82,2,30
Dromaius baudinianus,0.82,2,30
Apteryx haastii,0.9,2.44,24.23
Apteryx owenii,0.88,2.13,21.3
Apteryx mantelli,0.89,2.32,23.27
Apteryx australis,0.89,2.32,23.97
Apteryx rowi,0.89,4,24.25
Alectura lathami,0.52,1.79,18.77
Aepypodius arfakianus,0.47,0.71,8.02
Aepypodius bruijnii,0.79,1.66,12.89
Talegalla cuvieri,0.87,2.62,18.36
Talegalla fuscirostris,0.86,2.47,17.52
Talegalla jobiensis,0.86,2.53,17.8
Leipoa ocellata,0.82,3.15,25.36
Macrocephalon maleo,0.89,2.7,24.21
Eulipoa wallacei,0.88,2.26,16.23
Megapodius nicobariensis,0.84,2.27,9.26
Megapodius cumingii,0.89,2.6,10.87
Megapodius bernsteinii,0.87,2.79,17.47
Megapodius tenimberensis,0.78,2.04,10.32
Megapodius layardi,0.83,2.23,9.32
Megapodius laperouse,0.85,2.06,8.72
Megapodius pritchardii,0.83,2.04,9.1
Megapodius freycinet,0.81,2.07,8.68
Megapodius geelvinkianus,0.84,2.15,8.67
Megapodius decollatus,0.81,2.08,8.8
Megapodius eremita,0.88,2.33,10.75
Megapodius reinwardt,0.73,1.88,17.04
Chamaepetes unicolor,0.83,2.71,20.72
Chamaepetes goudotii,0.82,2.39,18.25
Penelopina nigra,0.83,2.68,20.75
Penelope argyrotis,0.82,2.12,18.89
Penelope barbata,0.84,2.28,20.12
Penelope ortoni,0.84,2.28,19.98
Penelope montagnii,0.82,2.2,18.95
Penelope marail,0.82,2.21,19.22
Penelope superciliaris,0.81,2.13,19.58
Penelope dabbenei,0.82,2.27,21.42
Penelope jacquacu,0.85,2.55,21.99
Penelope purpurascens,0.85,2.61,23.57
Penelope perspicax,0.84,2.43,20.99
Penelope albipennis,0.87,2.21,19.87
Penelope obscura,0.85,2.54,24.15
Penelope pileata,0.81,2.19,19.7
Penelope ochrogaster,0.84,2.43,21.79
Penelope jacucaca,0.84,2.32,20.65
Pipile pipile,0.86,3.09,23.42
Pipile cumanensis,0.82,2.65,19.81
Pipile grayi,0.47,1.36,13.22
Pipile cujubi,0.84,2.63,20.35
Pipile jacutinga,0.83,2.75,22.36
Aburria aburri,0.85,2.72,20.66
Oreophasis derbianus,0.89,3.08,23.1
Ortalis vetula,0.76,1.67,13.51
Ortalis cinereiceps,0.75,1.63,12.76
Ortalis garrula,0.76,1.66,12.86
Ortalis ruficauda,0.75,1.62,12.77
Ortalis erythroptera,0.81,1.67,12.23
Ortalis wagleri,0.78,1.81,14.92
Ortalis poliocephala,0.73,1.41,12.84
Ortalis canicollis,0.78,1.55,12.54
Ortalis leucogastra,0.77,1.7,13.26
Ortalis columbiana,0.73,1.5,8.8
Ortalis guttata,0.78,1.6,12.47
Ortalis araucuan,0.73,1.5,8.8
Ortalis squamata,0.73,1.5,8.8
Ortalis motmot,0.76,1.65,12.44
Ortalis superciliaris,0.78,1.75,13.16
Nothocrax urumutum,0.86,3.05,22.43
Crax rubra,0.88,2.44,25.47
Crax alberti,0.87,2.12,22.86
Crax daubentoni,0.87,2.21,22.67
Crax alector,0.87,2.27,22.75
Crax fasciolata,0.87,2.23,23.44
Crax pinima,0.47,2,22
Crax globulosa,0.89,2.15,21.33
Crax blumenbachii,0.88,2.36,25.09
Mitu tomentosum,0.86,2.3,22.92
Mitu mitu,0.86,2.33,23
Mitu tuberosum,0.86,2.32,23.88
Mitu salvini,0.88,2.27,24.73
Pauxi unicornis,0.9,3.54,29.49
Pauxi koepckeae,0.47,1.36,13.22
Pauxi pauxi,0.88,3.16,26.16
Numida meleagris,0.61,1.14,10.94
Agelastes meleagrides,0.49,1.21,10.05
Agelastes niger,0.84,2.19,15.33
Acryllium vulturinum,0.39,1.06,11.5
Guttera plumifera,0.61,1.45,12.44
Guttera verreauxi,0.47,1.36,13.22
Guttera pucherani,0.81,2.26,17.2
Guttera edouardi,0.47,1.36,13.22
Ptilopachus petrosus,0.66,1.45,13.09
Ptilopachus nahani,0.73,1.72,14.62
Philortyx fasciatus,0.61,1.29,12.18
Oreortyx pictus,0.44,1.02,12
Colinus virginianus,0.54,1.04,9.25
Colinus nigrogularis,0.61,1.03,8.93
Colinus leucopogon,0.62,1.03,8.79
Colinus cristatus,0.34,0.72,6.41
Callipepla squamata,0.35,1.03,8.96
Callipepla douglasii,0.53,1.36,9.57
Callipepla gambelii,0.34,1.01,8.89
Callipepla californica,0.4,0.86,8.23
Dendrortyx barbatus,0.8,2.01,16.08
Dendrortyx macroura,0.74,1.83,16.63
Dendrortyx leucophrys,0.72,1.71,15.47
Odontophorus gujanensis,0.77,1.82,13.85
Odontophorus capueira,0.7,1.84,15.67
Odontophorus melanotis,0.77,1.84,14.46
Odontophorus erythrops,0.81,1.85,14.45
Odontophorus atrifrons,0.8,1.81,14.44
Odontophorus hyperythrus,0.81,1.85,14.51
Odontophorus melanonotus,0.81,1.83,14.22
Odontophorus speciosus,0.8,1.83,14.59
Odontophorus dialeucos,0.79,1.76,13.93
Odontophorus strophium,0.8,1.81,14.26
Odontophorus columbianus,0.7,1.58,12.94
Odontophorus leucolaemus,0.69,1.58,14.17
Odontophorus balliviani,0.8,1.83,14.7
Odontophorus stellatus,0.8,1.85,14.62
Odontophorus guttatus,0.72,1.66,15.03
Rhynchortyx cinctus,0.77,1.63,11.7
Dactylortyx thoracicus,0.66,1.46,13.68
Cyrtonyx montezumae,0.44,0.99,9.34
Cyrtonyx sallei,0.47,1,13.22
Cyrtonyx ocellatus,0.77,1.13,13.48
Xenoperdix udzungwensis,0.79,1.76,12.57
Rollulus rouloul,0.69,1.51,11.76
Arborophila torqueola,0.73,1.76,13.11
Arborophila rufogularis,0.75,1.78,11.75
Arborophila atrogularis,0.73,1.66,10.99
Arborophila crudigularis,0.59,1.31,10.43
Arborophila mandellii,0.76,1.76,11.69
Arborophila brunneopectus,0.79,1.8,12.31
Arborophila rufipectus,0.72,1.73,10.7
Arborophila gingica,0.68,1.49,10.32
Arborophila davidi,0.79,1.74,11.65
Arborophila cambodiana,0.79,1.79,12.05
Arborophila campbelli,0.81,1.85,12.18
Arborophila rolli,0.81,1.85,12.14
Arborophila sumatrana,0.81,1.85,12.1
Arborophila orientalis,0.8,1.99,11.95
Arborophila javanica,0.76,1.77,10.85
Arborophila rubrirostris,0.79,1.71,11.18
Arborophila hyperythra,0.8,1.77,11.6
Arborophila ardens,0.8,1.98,12.22
Arborophila chloropus,0.79,1.88,11.64
Arborophila tonkinensis,0.47,1.36,11.75
Arborophila charltonii,0.8,1.77,11.7
Arborophila graydoni,0.47,1.36,11.75
Rhizothera longirostris,0.82,2.24,16.61
Rhizothera dulitensis,0.47,1.36,13.22
Melanoperdix niger,0.74,1.75,14.67
Haematortyx sanguiniceps,0.58,1.3,9.82
Caloperdix oculeus,0.54,1.14,9.79
Galloperdix spadicea,0.79,1.94,15.47
Galloperdix lunulata,0.77,1.82,14.47
Galloperdix bicalcarata,0.82,2.09,15.34
Afropavo congensis,0.86,2.75,17.76
Pavo cristatus,0.83,3.83,24.47
Pavo muticus,0.83,3.64,18.11
Argusianus argus,0.86,3.13,22.9
Rheinardia ocellata,0.82,2.08,15.7
Polyplectron napoleonis,0.83,2.06,15.73
Polyplectron malacense,0.87,2.44,17.81
Polyplectron schleiermacheri,0.86,2.27,16.41
Polyplectron germaini,0.85,2.22,16.88
Polyplectron katsumatae,0.81,2.06,16
Polyplectron bicalcaratum,0.84,2.15,17.16
Polyplectron inopinatum,0.83,2.14,14.39
Polyplectron chalcurum,0.84,2.18,16.13
Margaroperdix madagarensis,0.47,0.58,7.31
Coturnix coturnix,0.34,0.75,9.68
Coturnix japonica,0.38,0.81,10.36
Coturnix coromandelica,0.6,1.09,11.27
Coturnix delegorguei,0.56,1.02,10.15
Coturnix pectoralis,0.51,0.96,10.73
Coturnix novaezelandiae,0.48,0.79,10.7
Synoicus ypsilophorus,0.44,0.95,9.9
Synoicus chinensis,0.51,0.99,9.12
Synoicus adansonii,0.47,1.36,13.22
Anurophasis monorthonyx,0.77,1.95,16.38
Tetraogallus caucasicus,0.71,1.12,21.13
Tetraogallus caspius,0.73,1.14,21.44
Tetraogallus himalayensis,0.67,1.05,20.26
Tetraogallus tibetanus,0.77,1.25,21.8
Tetraogallus altaicus,0.79,1.17,24.78
Alectoris graeca,0.44,1.07,8.66
Alectoris chukar,0.53,1.16,8.97
Alectoris magna,0.7,1.04,9.09
Alectoris philbyi,0.65,1.43,9.43
Alectoris barbara,0.36,0.85,6.98
Alectoris rufa,0.42,0.97,8.01
Alectoris melanocephala,0.67,1.53,10.03
Lerwa lerwa,0.78,2.01,18.91
Ammoperdix griseogularis,0.56,1.06,12.62
Ammoperdix heyi,0.66,1.24,12.17
Perdicula asiatica,0.57,1.14,10.85
Perdicula argoondah,0.56,1.11,10.63
Perdicula erythrorhyncha,0.57,1.13,10.73
Perdicula manipurensis,0.64,1.28,12.07
Ophrysia superciliosa,0.47,1.36,13.22
Pternistis hartlaubi,0.63,1.4,13.39
Pternistis bicalcaratus,0.67,1.58,14.61
Pternistis icterorhynchus,0.69,1.62,13.31
Pternistis clappertoni,0.81,1.97,15.72
Pternistis harwoodi,0.72,1.75,16.23
Pternistis adspersus,0.67,1.53,13.32
Pternistis capensis,0.7,1.65,15.01
Pternistis natalensis,0.72,1.75,16.47
Pternistis hildebrandti,0.68,1.64,14.87
Pternistis ahantensis,0.72,1.78,15.82
Pternistis squamatus,0.67,1.58,14.17
Pternistis griseostriatus,0.72,1.65,14.68
Pternistis leucoscepus,0.73,1.84,16.14
Pternistis rufopictus,0.75,1.94,16.81
Pternistis afer,0.67,1.59,14.75
Pternistis swainsonii,0.69,1.68,16.07
Pternistis jacksoni,0.82,2.38,19.59
Pternistis nobilis,0.79,2.04,17.71
Pternistis camerunensis,0.83,2.03,15.88
Pternistis swierstrai,0.75,1.8,16.12
Pternistis castaneicollis,0.76,1.94,15.52
Pternistis atrifrons,0.47,1.36,13.22
Pternistis erckelii,0.69,1.78,16.85
Pternistis ochropectus,0.83,2.13,16.95
Francolinus francolinus,0.52,1.06,9.51
Francolinus pictus,0.73,1.45,9.96
Francolinus pintadeanus,0.67,1.34,10.6
Francolinus pondicerianus,0.57,1.1,9.23
Francolinus gularis,0.77,1.72,13.28
Dendroperdix sephaena,0.69,1.61,11.83
Peliperdix coqui,0.7,1.6,14.36
Peliperdix albogularis,0.69,1.52,12.32
Peliperdix schlegelii,0.73,1.69,14.62
Peliperdix lathami,0.81,2.1,13.55
Scleroptila streptophora,0.76,1.82,13.81
Scleroptila levaillantii,0.61,1.4,13.69
Scleroptila afra,0.68,1.6,15.82
Scleroptila finschi,0.76,1.93,13.65
Scleroptila psilolaema,0.75,1.82,16.04
Scleroptila elgonensis,0.47,1.36,13.22
Scleroptila shelleyi,0.75,1.88,16.9
Scleroptila whytei,0.47,1.36,13.22
Scleroptila gutturalis,0.64,1.47,13.9
Bambusicola fytchii,0.73,1.68,8.59
Bambusicola thoracicus,0.68,1.54,9.09
Bambusicola sonorivox,0.47,1.36,4.5
Gallus gallus,0.73,1.19,20
Gallus sonneratii,0.8,1.42,22.86
Gallus lafayettii,0.86,1.69,24.64
Gallus varius,0.82,1.53,23.18
Tetraophasis obscurus,0.75,2.03,19.11
Tetraophasis szechenyii,0.77,2.11,19.68
Lophophorus impejanus,0.8,2.5,23.6
Lophophorus sclateri,0.78,2.4,22.99
Lophophorus lhuysii,0.83,2.69,25.5
Tragopan melanocephalus,0.77,1.53,22.06
Tragopan satyra,0.83,1.74,23.55
Tragopan blythii,0.84,1.81,21.9
Tragopan temminckii,0.77,1.49,20.92
Tragopan caboti,0.79,1.48,20.57
Ithaginis cruentus,0.71,1.84,17.7
Pucrasia macrolopha,0.81,1.19,19.23
Syrmaticus ellioti,0.7,1.79,13.56
Syrmaticus humiae,0.65,1.61,12.34
Syrmaticus mikado,0.67,1.7,13.02
Syrmaticus soemmerringii,0.73,1.84,12.9
Syrmaticus reevesii,0.67,1.71,13.48
Chrysolophus pictus,0.58,0.95,15.05
Chrysolophus amherstiae,0.72,1.23,16.33
Phasianus colchicus,0.48,1.09,19.36
Phasianus versicolor,0.58,0.89,22.19
Crossoptilon crossoptilon,0.74,2.06,20.58
Crossoptilon harmani,0.74,2.06,20.59
Crossoptilon mantchuricum,0.64,1.66,18.25
Crossoptilon auritum,0.68,1.78,18.83
Catreus wallichii,0.6,1.52,16.48
Lophura leucomelanos,0.7,1.7,15.14
Lophura nycthemera,0.75,1.96,16.86
Lophura edwardsi,0.78,2.07,17.07
Lophura swinhoii,0.72,1.89,18.3
Lophura inornata,0.87,2.71,19.29
Lophura erythrophthalma,0.8,2.17,16.4
Lophura pyronota,0.47,1.36,13.22
Lophura ignita,0.75,2.07,18.36
Lophura rufa,0.47,1.36,13.22
Lophura diardi,0.76,1.99,16.57
Lophura bulweri,0.89,3.07,19.17
Perdix perdix,0.34,0.91,7.57
Perdix dauurica,0.48,0.7,5.45
Perdix hodgsoniae,0.66,1.61,9.28
Meleagris gallopavo,0.48,1.56,17.71
Meleagris ocellata,0.45,1.49,15.9
Bonasa umbellus,0.41,1.05,9.63
Bonasa bonasia,0.48,1.17,10.47
Bonasa sewerzowi,0.56,1.3,9.84
Lagopus lagopus,0.48,1.02,10.26
Lagopus muta,0.58,1.27,12.04
Lagopus leucura,0.6,1.27,11.37
Dendragapus obscurus,0.62,1.42,16.85
Dendragapus fuliginosus,0.62,1.42,16.61
Falcipennis falcipennis,0.62,1.03,14.63
Falcipennis canadensis,0.7,1.16,15.81
Falcipennis franklinii,0.47,1,13
Tetrao urogallus,0.71,2,20.82
Tetrao urogalloides,0.75,2.17,22.03
Lyrurus tetrix,0.64,1.35,15.62
Lyrurus mlokosiewiczi,0.71,1.49,15.58
Centrocercus urophasianus,0.7,1.6,13.06
Centrocercus minimus,0.79,1.65,12.99
Tympanuchus phasianellus,0.39,0.95,11.82
Tympanuchus cupido,0.46,1.06,12.11
Tympanuchus pallidicinctus,0.47,1.07,9.58
Anhima cornuta,0.84,2.71,23.4
Chauna chavaria,0.83,2.35,22.65
Chauna torquata,0.85,2.61,26.71
Anseranas semipalmata,0.77,2.74,22.5
Dendrocygna viduata,0.65,1.35,13.13
Dendrocygna autumnalis,0.41,0.9,9.94
Dendrocygna guttata,0.63,1.21,10.92
Dendrocygna arborea,0.74,1.58,16.44
Dendrocygna bicolor,0.55,1.13,11.58
Dendrocygna eytoni,0.62,1.24,13.27
Dendrocygna arcuata,0.66,1.31,13.77
Dendrocygna javanica,0.68,1.3,13.65
Thalassornis leuconotus,0.66,1.6,15.15
Heteronetta atricapilla,0.8,2.24,20.33
Nomonyx dominicus,0.69,1.71,15.23
Oxyura jamaicensis,0.62,1.51,12.99
Oxyura ferruginea,0.71,1,14.8
Oxyura vittata,0.74,1.94,18.68
Oxyura australis,0.72,1.8,17.67
Oxyura maccoa,0.7,1.68,16.01
Oxyura leucocephala,0.65,1.61,17.08
Biziura lobata,0.9,2.71,24.03
Malacorhynchus membranaceus,0.72,1.71,13.41
Stictonetta naevosa,0.71,1.93,18.13
Cereopsis novaehollandiae,0.85,2.98,28.87
Coscoroba coscoroba,0.82,2.71,24.27
Cygnus melancoryphus,0.82,2.64,23.46
Cygnus atratus,0.9,3.32,26.04
Cygnus olor,0.85,3.1,28.27
Cygnus buccinator,0.85,3.12,29.33
Cygnus cygnus,0.85,3.09,28.01
Cygnus columbianus,0.85,2.98,27.65
Branta bernicla,0.84,2.85,32.28
Branta leucopsis,0.84,2.9,32.86
Branta ruficollis,0.77,2.33,27.75
Branta hutchinsii,0.79,2.7,30.33
Branta canadensis,0.8,2.7,29.02
Branta sandvicensis,0.84,2.85,26.11
Anser canagicus,0.77,2.61,25.5
Anser caerulescens,0.79,2.82,28
Anser rossii,0.72,2.34,22.27
Anser indicus,0.72,2.39,21.24
Anser anser,0.74,2.59,23.87
Anser cygnoid,0.78,2.77,25.76
Anser fabalis,0.73,2.5,24.05
Anser brachyrhynchus,0.81,2.94,28.72
Anser albifrons,0.76,2.59,25.89
Anser erythropus,0.71,2.29,22.51
Clangula hyemalis,0.73,1.97,19.8
Somateria fischeri,0.87,2.79,24.11
Somateria spectabilis,0.87,2.81,24.73
Somateria mollissima,0.87,2.83,24.5
Polysticta stelleri,0.78,2.64,20.16
Melanitta perspicillata,0.79,2.06,18.2
Melanitta fusca,0.77,2.02,18.57
Melanitta stejnegeri,0.78,2.1,17.21
Melanitta deglandi,0.78,2.24,15.6
Melanitta nigra,0.77,1.96,17.95
Melanitta americana,0.77,2.24,16.75
Bucephala albeola,0.64,2.32,16.39
Bucephala clangula,0.65,2.54,18.4
Bucephala islandica,0.65,2.54,18.27
Mergellus albellus,0.68,1.91,13.12
Lophodytes cucullatus,0.64,1.77,12.89
Mergus merganser,0.6,1.96,17.74
Mergus squamatus,0.53,1.73,15.08
Mergus serrator,0.62,1.98,17.86
Mergus australis,0.6,2,18.04
Mergus octosetaceus,0.7,1.87,15.22
Histrionicus histrionicus,0.78,1.99,18.66
Camptorhynchus labradorius,0.71,1.9,20.34
Neochen jubata,0.65,1.66,15.74
Chloephaga melanoptera,0.68,1.9,18.91
Chloephaga picta,0.73,2.2,23.41
Chloephaga hybrida,0.82,2.59,27.04
Chloephaga poliocephala,0.81,2.52,26.16
Chloephaga rubidiceps,0.72,2.06,22.51
Radjah radjah,0.69,1.69,13.57
Alopochen aegyptiaca,0.66,1.91,19.66
Alopochen mauritiana,0.71,2,25.5
Alopochen kervazoi,0.71,2,25.5
Tadorna tadorna,0.69,2.28,14.1
Tadorna ferruginea,0.63,2.03,15.22
Tadorna cana,0.56,1.79,13.21
Tadorna tadornoides,0.74,2.33,15.08
Tadorna variegata,0.74,2.37,15.93
Tadorna cristata,0.73,2.33,14.78
Plectropterus gambensis,0.61,1.78,14.59
Cairina moschata,0.6,1.52,13.97
Sarkidiornis sylvicola,0.71,1.9,4.6
Sarkidiornis melanotos,0.45,1.3,8.71
Nettapus auritus,0.51,1.13,10.86
Nettapus coromandelianus,0.41,1.05,11.2
Nettapus pulchellus,0.54,1.18,12.34
Callonetta leucophrys,0.5,1.06,12.67
Aix sponsa,0.46,0.98,13.99
Aix galericulata,0.52,1.07,14.93
Chenonetta jubata,0.56,1.36,14.61
Chenonetta finschi,0.71,1.9,14.8
Hymenolaimus malacorhynchos,0.76,2,16.26
Merganetta armata,0.79,2.02,14.68
Pteronetta hartlaubii,0.62,1.13,11.49
Cyanochen cyanoptera,0.74,2.03,18.94
Marmaronetta angustirostris,0.51,1.07,14.26
Asarcornis scutulata,0.65,1.75,17.58
Netta rufina,0.57,1.13,10.76
Netta peposaca,0.52,1.02,9.44
Netta erythrophthalma,0.54,0.97,8.35
Aythya ferina,0.68,1.09,20.52
Aythya americana,0.69,1.15,21.18
Aythya valisineria,0.68,1.13,21.79
Aythya australis,0.69,1.06,18.16
Aythya innotata,0.74,1.02,15.62
Aythya baeri,0.65,1.03,18.63
Aythya nyroca,0.65,1.01,18.6
Aythya novaeseelandiae,0.83,1.4,20.74
Aythya collaris,0.61,0.96,17.98
Aythya fuligula,0.67,1.03,17.91
Aythya marila,0.7,1.17,18.5
Aythya affinis,0.63,1.01,19.68
Rhodonessa caryophyllacea,0.71,1.9,20.34
Salvadorina waigiuensis,0.78,1.94,13.12
Tachyeres patachonicus,0.79,2.49,14.81
Tachyeres leucocephalus,0.9,3.19,15.89
Tachyeres pteneres,0.85,2.86,17.1
Tachyeres brachypterus,0.81,2.49,15.34
Lophonetta specularioides,0.76,2.11,17.18
Speculanas specularis,0.75,2.17,22.49
Amazonetta brasiliensis,0.66,1.58,13.44
Spatula querquedula,0.55,0.89,17.48
Spatula hottentota,0.57,0.91,16.02
Spatula puna,0.57,1.01,18.49
Spatula versicolor,0.57,1.01,19.91
Spatula platalea,0.68,1.19,22.6
Spatula smithii,0.68,1.15,17.44
Spatula rhynchotis,0.62,1.04,16.63
Spatula clypeata,0.59,1.03,18.22
Spatula cyanoptera,0.42,0.76,14.48
Spatula discors,0.53,0.9,19.26
Sibirionetta formosa,0.58,1.4,16.49
Mareca falcata,0.69,1.02,20.47
Mareca strepera,0.54,0.82,17.07
Mareca penelope,0.66,0.97,20.63
Mareca americana,0.68,1.01,20.6
Mareca sibilatrix,0.69,1.08,19.9
Anas sparsa,0.79,1.64,21.3
Anas undulata,0.68,1.34,20.67
Anas melleri,0.64,1.26,19.72
Anas superciliosa,0.65,1.26,20.56
Anas luzonica,0.63,1.17,16.81
Anas zonorhyncha,0.58,1.02,21.89
Anas poecilorhyncha,0.59,1.22,19.52
Anas laysanensis,0.59,1.08,16.86
Anas platyrhynchos,0.5,0.99,16.93
Anas rubripes,0.6,1.24,23.13
Anas fulvigula,0.56,1.08,17.02
Anas wyvilliana,0.59,1.08,16.55
Anas theodori,0.58,1.02,21.89
Anas albogularis,0.58,1.02,21.89
Anas gibberifrons,0.6,1.1,16.32
Anas gracilis,0.68,1.25,19.97
Anas castanea,0.63,1.17,19.75
Anas chlorotis,0.77,1.52,19.61
Anas aucklandica,0.72,1.39,18.59
Anas nesiotis,0.72,1.39,18.72
Anas bernieri,0.67,1.29,19.49
Anas capensis,0.65,1.14,16.19
Anas bahamensis,0.58,1.12,18.23
Anas erythrorhyncha,0.56,1.05,16.35
Anas acuta,0.61,1.22,23.32
Anas eatoni,0.62,1.03,21.84
Anas marecula,0.58,1.02,21.89
Anas georgica,0.66,1.32,21.7
Anas crecca,0.45,0.88,16.84
Anas andium,0.55,0.81,14.94
Anas flavirostris,0.6,1.16,18.86
Tachybaptus ruficollis,0.73,1.56,14.53
Tachybaptus novaehollandiae,0.71,1.77,16.49
Tachybaptus pelzelnii,0.76,1.81,16.78
Tachybaptus rufolavatus,0.78,1.49,17.5
Tachybaptus dominicus,0.67,1.31,11.73
Podilymbus podiceps,0.7,1.26,13.16
Podilymbus gigas,0.78,1.1,13.16
Rollandia rolland,0.77,1.28,16.94
Rollandia microptera,0.82,1.49,18.59
Poliocephalus poliocephalus,0.77,1.93,14.81
Poliocephalus rufopectus,0.8,1.99,14.93
Podiceps major,0.81,2.5,15.91
Podiceps grisegena,0.81,2.04,15.51
Podiceps cristatus,0.77,2.13,14.03
Podiceps auritus,0.73,1.87,13.04
Podiceps nigricollis,0.79,1.88,11.84
Podiceps andinus,0.78,1.99,10.29
Podiceps juninensis,0.78,2,12.13
Podiceps occipitalis,0.77,1.76,10.79
Podiceps taczanowskii,0.78,2.01,11.01
Podiceps gallardoi,0.85,2.25,14.04
Aechmophorus occidentalis,0.78,1.58,17.7
Aechmophorus clarkii,0.78,1.57,17.35
Phoenicopterus roseus,0.92,3.45,34.05
Phoenicopterus ruber,0.92,3.45,35.32
Phoenicopterus chilensis,0.92,3.33,32.32
Phoeniconaias minor,0.9,3.07,33.35
Phoenicoparrus andinus,0.9,3.2,30.84
Phoenicoparrus jamesi,0.87,2.68,25.99
Phaethon aethereus,0.87,3.91,23.05
Phaethon rubricauda,0.86,3.83,22.92
Phaethon lepturus,0.84,3.32,19.18
Rhynochetos jubatus,0.86,2.25,22.39
Eurypyga helias,0.77,2.11,14.4
Mesitornis variegatus,0.77,1.77,12.17
Mesitornis unicolor,0.8,2.02,13.52
Monias benschi,0.8,1.91,13.2
Columba livia,0.68,1.09,16.88
Columba rupestris,0.65,1.01,16.39
Columba leuconota,0.63,1.04,16.18
Columba guinea,0.68,1.08,14.91
Columba albitorques,0.66,1.03,14.71
Columba oenas,0.64,1.04,17.35
Columba eversmanni,0.61,0.97,15.59
Columba oliviae,0.71,1.14,15.87
Columba palumbus,0.67,1.16,19.16
Columba trocaz,0.72,1.33,18.27
Columba bollii,0.7,1.24,16.78
Columba junoniae,0.73,1.16,15.45
Columba unicincta,0.71,1.3,15.81
Columba arquatrix,0.71,1.3,16.5
Columba sjostedti,0.71,1.14,15.61
Columba thomensis,0.76,1.31,16.47
Columba pollenii,0.7,1.24,15.77
Columba hodgsonii,0.67,1.24,16.86
Columba albinucha,0.7,1.25,15.22
Columba pulchricollis,0.68,1.21,16.37
Columba elphinstonii,0.71,1.29,16.47
Columba torringtoniae,0.7,1.24,15.47
Columba punicea,0.73,1.22,17.75
Columba argentina,0.7,1.24,15.21
Columba palumboides,0.76,1.36,17.56
Columba janthina,0.7,1.2,17.96
Columba versicolor,0.6,1,17.28
Columba jouyi,0.6,1,17.28
Columba vitiensis,0.74,1.19,14.34
Columba leucomela,0.74,1.28,16.87
Columba pallidiceps,0.78,1.19,15.5
Columba delegorguei,0.61,0.97,12.52
Columba iriditorques,0.64,1.04,12.74
Columba malherbii,0.74,1.23,15.48
Columba thiriouxi,0.6,1,17.28
Aplopelia larvata,0.79,1.85,13.51
Streptopelia turtur,0.58,1.12,11.94
Streptopelia lugens,0.57,1.1,11.35
Streptopelia hypopyrrha,0.57,1.11,11.64
Streptopelia orientalis,0.57,1.19,14.21
Streptopelia dusumieri,0.4,1,13.28
Streptopelia bitorquata,0.57,1.09,11.4
Streptopelia decaocto,0.57,1.09,12.83
Streptopelia xanthocycla,0.4,1,13.28
Streptopelia roseogrisea,0.54,1.1,11.78
Streptopelia reichenowi,0.55,1.13,10.57
Streptopelia decipiens,0.56,1.06,11.01
Streptopelia semitorquata,0.55,1.12,11.54
Streptopelia capicola,0.54,1.08,11.45
Streptopelia vinacea,0.52,1.02,10.81
Streptopelia tranquebarica,0.51,1.01,11.32
Spilopelia chinensis,0.72,1.24,15.08
Spilopelia suratensis,0.46,1,14.45
Spilopelia senegalensis,0.7,1.13,13.33
Nesoenas picturatus,0.77,1.8,15.62
Nesoenas mayeri,0.79,2,17.4
Nesoenas duboisi,0.46,1.1,14.64
Nesoenas cicur,0.46,1.1,14.64
Nesoenas rodericanus,0.46,1.1,14.64
Macropygia unchall,0.76,1.85,13.06
Macropygia rufipennis,0.77,1.96,12.86
Macropygia emiliana,0.78,2.03,11.93
Macropygia tenuirostris,0.79,2.11,12.85
Macropygia magna,0.74,1.76,11.5
Macropygia amboinensis,0.84,2.17,12.52
Macropygia phasianella,0.77,1.73,11.99
Macropygia ruficeps,0.8,1.76,10.24
Macropygia nigrirostris,0.8,1.8,10.39
Macropygia mackinlayi,0.75,1.62,10.93
Turacoena manadensis,0.8,2.18,15.72
Turacoena modesta,0.78,2.07,16.05
Reinwardtoena reinwardti,0.84,2.24,15.83
Reinwardtoena browni,0.78,2.02,15.55
Reinwardtoena crassirostris,0.81,2.27,16.77
Ectopistes migratorius,0.46,1.1,14.64
Patagioenas leucocephala,0.68,1.42,16.4
Patagioenas squamosa,0.76,1.51,16.75
Patagioenas speciosa,0.68,1.44,15.64
Patagioenas corensis,0.7,1.45,17.29
Patagioenas picazuro,0.71,1.46,18.07
Patagioenas maculosa,0.7,1.46,18.92
Patagioenas albipennis,0.62,1.45,18.21
Patagioenas fasciata,0.7,1.48,19.38
Patagioenas albilinea,0.62,1.45,18.21
Patagioenas araucana,0.66,1.46,16.9
Patagioenas caribaea,0.67,1.52,16.7
Patagioenas cayennensis,0.69,1.52,16.32
Patagioenas flavirostris,0.7,1.57,17.62
Patagioenas oenops,0.63,1.26,15.36
Patagioenas inornata,0.73,1.48,18.4
Patagioenas plumbea,0.69,1.28,13.94
Patagioenas subvinacea,0.67,1.42,15
Patagioenas nigrirostris,0.7,1.44,15.91
Patagioenas goodsoni,0.73,1.58,16.71
Starnoenas cyanocephala,0.82,2.06,15.72
Geotrygon purpurata,0.46,1.1,14.64
Geotrygon saphirina,0.79,1.68,13.14
Geotrygon versicolor,0.81,1.99,15.21
Geotrygon caniceps,0.82,2.01,15.31
Geotrygon leucometopia,0.46,1.1,14.64
Geotrygon montana,0.79,1.8,13.12
Geotrygon violacea,0.77,1.68,12.71
Geotrygon chrysia,0.8,1.88,14.53
Geotrygon mystacea,0.82,2.04,15.38
Leptotrygon veraguensis,0.79,1.85,13.54
Leptotila verreauxi,0.76,1.73,11.91
Leptotila jamaicensis,0.76,1.77,12.74
Leptotila cassinii,0.76,1.76,12.29
Leptotila conoveri,0.7,1.48,11.07
Leptotila ochraceiventris,0.67,1.44,10.8
Leptotila plumbeiceps,0.69,1.49,11.49
Leptotila battyi,0.69,1.47,11.1
Leptotila rufaxilla,0.78,1.82,12.45
Leptotila wellsi,0.77,1.84,12.86
Leptotila pallida,0.69,1.4,10.37
Leptotila megalura,0.78,1.87,13.56
Zentrygon carrikeri,0.84,2.22,16.59
Zentrygon costaricensis,0.8,1.79,14.22
Zentrygon lawrencii,0.84,2.14,15.45
Zentrygon albifacies,0.83,2.09,15.67
Zentrygon frenata,0.85,2.29,16.4
Zentrygon linearis,0.79,1.94,16.12
Zentrygon chiriquensis,0.82,2.12,15.63
Zentrygon goldmani,0.72,1.61,14.25
Zenaida asiatica,0.63,1.12,16.33
Zenaida meloda,0.66,1.11,17.16
Zenaida aurita,0.7,1.19,15.03
Zenaida galapagoensis,0.64,1.06,13.97
Zenaida auriculata,0.61,1.05,15.04
Zenaida macroura,0.61,1.07,16.42
Zenaida graysoni,0.54,1.19,20.32
Columbina inca,0.57,1.47,10.75
Columbina squammata,0.58,1.5,10.39
Columbina passerina,0.57,1.46,8.88
Columbina minuta,0.54,1.36,9.33
Columbina buckleyi,0.47,1.44,9.64
Columbina talpacoti,0.54,1.46,9.96
Columbina picui,0.54,1.47,10.61
Columbina cruziana,0.57,1.48,10.14
Columbina cyanopis,0.46,1.38,9.56
Claravis pretiosa,0.69,1.49,12.37
Claravis mondetoura,0.75,1.43,11.22
Claravis geoffroyi,0.69,1.36,12.12
Metriopelia ceciliae,0.68,1.45,11.54
Metriopelia morenoi,0.66,1.36,11.14
Metriopelia melanoptera,0.7,1.74,14.35
Metriopelia aymara,0.7,1.59,12.71
Uropelia campestris,0.55,1.05,9.93
Henicophaps albifrons,0.79,1.74,13.7
Henicophaps foersteri,0.81,2.03,14.76
Gallicolumba luzonica,0.81,1.94,14.69
Gallicolumba crinigera,0.83,2.08,15
Gallicolumba platenae,0.81,1.94,14.54
Gallicolumba keayi,0.78,1.65,13.15
Gallicolumba menagei,0.78,1.67,13.1
Gallicolumba tristigmata,0.8,1.78,13.86
Gallicolumba rufigula,0.82,1.93,13.74
Alopecoenas hoedtii,0.77,1.6,12.74
Alopecoenas jobiensis,0.79,1.8,13.14
Alopecoenas kubaryi,0.82,2.02,14.43
Alopecoenas xanthonurus,0.74,1.78,13.8
Alopecoenas erythropterus,0.74,1.54,11.36
Alopecoenas rubescens,0.71,1.45,12.14
Alopecoenas beccarii,0.79,1.75,12.47
Alopecoenas johannae,0.46,1.1,14.64
Alopecoenas canifrons,0.69,1.47,13.02
Alopecoenas sanctaecrucis,0.79,1.9,15.91
Alopecoenas stairi,0.78,1.86,15.79
Alopecoenas salamonis,0.46,1.1,14.64
Alopecoenas ferrugineus,0.46,1.1,14.64
Leucosarcia melanoleuca,0.84,2.26,14.09
Petrophassa rufipennis,0.78,1.83,15.32
Petrophassa albipennis,0.75,1.68,14.4
Geophaps plumifera,0.73,1.59,13.94
Geophaps ferruginea,0.46,1.1,14.64
Geophaps scripta,0.78,1.88,16.49
Geophaps smithii,0.77,1.83,15.53
Phaps chalcoptera,0.81,2.11,18.61
Phaps elegans,0.78,1.86,17.18
Phaps histrionica,0.79,1.98,17.34
Ocyphaps lophotes,0.79,1.92,16.9
Geopelia cuneata,0.57,1.28,14.32
Geopelia striata,0.61,1.44,14.84
Geopelia placida,0.6,1.39,15.56
Geopelia maugeus,0.55,1.23,15.31
Geopelia humeralis,0.66,1.69,18.61
Trugon terrestris,0.86,2.41,17.08
Otidiphaps aruensis,0.46,1.1,14.64
Otidiphaps nobilis,0.87,2.52,17.69
Otidiphaps cervicalis,0.46,1.1,14.64
Otidiphaps insularis,0.46,1.1,14.64
Microgoura meeki,0.46,1.1,14.64
Goura cristata,0.89,3.13,24.66
Goura sclaterii,0.46,1.1,14.64
Goura scheepmakeri,0.91,3.38,24.18
Goura victoria,0.89,3.52,25.29
Caloenas nicobarica,0.87,2.55,18.83
Caloenas maculata,0.46,1.1,20.5
Raphus cucullatus,0.46,1.1,14.64
Pezophaps solitaria,0.46,1.1,14.64
Didunculus strigirostris,0.74,1.75,15.72
Chalcophaps indica,0.79,1.8,12.85
Chalcophaps longirostris,0.79,1.1,12
Chalcophaps stephani,0.79,1.78,12.38
Turtur chalcospilos,0.82,1.46,12.28
Turtur abyssinicus,0.81,1.47,12.4
Turtur afer,0.81,1.48,12.07
Turtur tympanistria,0.81,1.5,12.35
Turtur brehmeri,0.88,1.82,12.95
Oena capensis,0.66,1.34,10.95
Phapitreron leucotis,0.57,1.77,13.82
Phapitreron nigrorum,0.34,1.1,14.64
Phapitreron brevirostris,0.34,1.1,14.64
Phapitreron amethystinus,0.58,1.57,12.6
Phapitreron maculipectus,0.34,1.1,14.64
Phapitreron frontalis,0.34,1.1,14.64
Phapitreron brunneiceps,0.55,1.58,12.47
Phapitreron cinereiceps,0.64,1.83,13.32
Treron fulvicollis,0.56,1.93,9.43
Treron olax,0.47,1.66,8.12
Treron vernans,0.54,1.84,9.1
Treron bicinctus,0.47,1.74,9.51
Treron phayrei,0.38,1.1,6.96
Treron affinis,0.38,1.1,6.96
Treron pompadora,0.58,2.06,10.34
Treron chloropterus,0.38,1.1,6.96
Treron axillaris,0.38,1.1,6.96
Treron aromaticus,0.38,1.1,6.96
Treron curvirostra,0.51,1.85,9.51
Treron griseicauda,0.57,2.01,9.97
Treron teysmannii,0.54,1.88,9.63
Treron floris,0.54,1.88,9.6
Treron psittaceus,0.54,1.88,9.62
Treron capellei,0.6,2.13,10.68
Treron phoenicopterus,0.58,2.06,10.92
Treron waalia,0.61,2.18,10.91
Treron griveaudi,0.38,1.1,6.96
Treron australis,0.58,2.05,10.76
Treron calvus,0.57,1.99,9.82
Treron delalandii,0.38,1.1,6.96
Treron pembaensis,0.57,2.01,9.99
Treron sanctithomae,0.56,1.88,9.4
Treron apicauda,0.54,2.03,10.82
Treron oxyurus,0.56,1.88,9.41
Treron seimundi,0.48,1.78,9.31
Treron sphenurus,0.56,2.1,11
Treron sieboldii,0.55,2.08,11.27
Treron permagnus,0.38,1.1,6.96
Treron formosae,0.51,1.86,9.95
Ducula poliocephala,0.8,2.27,15.7
Ducula forsteni,0.81,2.23,15.06
Ducula mindorensis,0.8,2.23,15.48
Ducula radiata,0.81,2.33,14.29
Ducula carola,0.81,2.32,14.79
Ducula aenea,0.83,2.53,16.29
Ducula oenothorax,0.46,1.1,13.99
Ducula perspicillata,0.82,2.35,15.79
Ducula neglecta,0.46,1.1,13.99
Ducula concinna,0.82,2.44,16.56
Ducula pacifica,0.83,2.47,15.99
Ducula oceanica,0.82,2.44,15.2
Ducula aurorae,0.8,2.23,15.59
Ducula galeata,0.84,2.59,16.29
Ducula rubricera,0.85,2.73,16.95
Ducula myristicivora,0.81,2.25,15.16
Ducula geelvinkiana,0.46,1.1,13.99
Ducula rufigaster,0.8,2.17,14.75
Ducula basilica,0.81,2.23,15.01
Ducula obiensis,0.46,1.1,13.99
Ducula finschii,0.79,2.07,14.1
Ducula chalconota,0.81,2.23,15.15
Ducula pistrinaria,0.84,2.6,16.18
Ducula rosacea,0.79,2.12,14.53
Ducula whartoni,0.84,2.66,16.77
Ducula pickeringii,0.81,2.23,15.18
Ducula latrans,0.82,2.43,15.79
Ducula brenchleyi,0.79,2.11,14.53
Ducula bakeri,0.78,2.13,14.85
Ducula goliath,0.8,2.31,16.32
Ducula pinon,0.85,2.81,17.36
Ducula salvadorii,0.46,1.1,13.99
Ducula melanochroa,0.83,2.74,16.93
Ducula mullerii,0.84,2.66,16.53
Ducula zoeae,0.81,2.28,15.51
Ducula cuprea,0.46,1.1,13.99
Ducula badia,0.83,2.57,16.34
Ducula lacernulata,0.78,2.04,12.83
Ducula cineracea,0.8,2.23,15.32
Ducula bicolor,0.82,2.43,15.01
Ducula spilorrhoa,0.82,2.59,16.4
Ducula subflavescens,0.83,2.52,15.62
Ducula luctuosa,0.8,2.14,14.47
Megaloprepia magnifica,0.79,2.13,15.96
Megaloprepia formosa,0.77,1.95,14.01
Ramphiculus merrilli,0.77,1.97,15.53
Ramphiculus marchei,0.77,2.05,16.24
Ramphiculus leclancheri,0.79,2.08,15.59
Ramphiculus jambu,0.76,2,14.4
Ramphiculus epius,0.75,1.75,13.36
Ramphiculus subgularis,0.46,1.1,14.64
Ramphiculus mangoliensis,0.46,1.1,14.64
Ramphiculus fischeri,0.79,2.11,15.22
Ramphiculus meridionalis,0.46,1.1,14.64
Ramphiculus occipitalis,0.76,1.93,15.11
Alectroenas nitidissimus,0.46,1.1,14.64
Alectroenas payandeei,0.46,1.1,14.64
Alectroenas madagascariensis,0.77,2.1,16.17
Alectroenas sganzini,0.79,2.06,15.46
Alectroenas pulcherrimus,0.77,2,14.77
Drepanoptila holosericea,0.77,2.03,16.14
Chrysoena victor,0.72,1.62,12.44
Chrysoena luteovirens,0.72,1.62,12.49
Chrysoena viridis,0.72,1.62,12.55
Ptilinopus nainus,0.48,1.42,10.98
Ptilinopus arcanus,0.54,1.69,13.2
Ptilinopus melanospilus,0.57,1.85,13.42
Ptilinopus cinctus,0.63,2.24,16.61
Ptilinopus alligator,0.45,1.1,14.64
Ptilinopus dohertyi,0.54,1.69,13.17
Ptilinopus porphyreus,0.57,1.8,13.89
Ptilinopus temminckii,0.45,1.1,14.64
Ptilinopus superbus,0.58,1.95,14.84
Ptilinopus rivoli,0.55,1.89,14.13
Ptilinopus speciosus,0.45,1.1,14.64
Ptilinopus solomonensis,0.58,1.91,14.12
Ptilinopus tannensis,0.62,2.18,16.58
Ptilinopus hyogastrus,0.55,1.69,12.88
Ptilinopus granulifrons,0.55,1.69,12.9
Ptilinopus wallacii,0.54,1.69,13.07
Ptilinopus aurantiifrons,0.6,2.05,14.98
Ptilinopus ornatus,0.57,1.79,13.69
Ptilinopus gestroi,0.45,1.1,14.64
Ptilinopus perlatus,0.62,2.18,15.94
Ptilinopus iozonus,0.58,1.93,14.16
Ptilinopus insolitus,0.59,2,14.65
Ptilinopus viridis,0.58,1.96,14.28
Ptilinopus eugeniae,0.53,1.67,13.1
Ptilinopus pulchellus,0.55,1.76,12.85
Ptilinopus monacha,0.53,1.58,12.11
Ptilinopus coronulatus,0.55,1.79,13.12
Ptilinopus regina,0.54,1.89,14.55
Ptilinopus mercierii,0.45,1.1,14.64
Ptilinopus dupetithouarsii,0.57,1.88,14.01
Ptilinopus pelewensis,0.57,1.86,13.72
Ptilinopus richardsii,0.57,1.9,14.24
Ptilinopus roseicapilla,0.56,1.85,14.04
Ptilinopus ponapensis,0.45,1.1,14.64
Ptilinopus hernsheimi,0.45,1.1,14.64
Ptilinopus greyi,0.56,1.81,14.02
Ptilinopus porphyraceus,0.57,1.9,14.64
Ptilinopus fasciatus,0.45,1.1,14.64
Ptilinopus perousii,0.54,1.79,13.87
Ptilinopus huttoni,0.52,1.72,14.03
Ptilinopus insularis,0.51,1.64,13.34
Ptilinopus chalcurus,0.53,1.69,13.38
Ptilinopus coralensis,0.61,1.8,12.04
Ptilinopus chrysogaster,0.45,1.1,14.64
Ptilinopus rarotongensis,0.52,1.69,13.54
Ptilinopus purpuratus,0.57,1.87,14.4
Hemiphaga novaeseelandiae,0.85,2.73,22.73
Hemiphaga chathamensis,0.46,1.1,14.64
Cryptophaps poecilorrhoa,0.81,2.2,16.72
Gymnophaps albertisii,0.81,2.27,16.57
Gymnophaps stalkeri,0.46,1.1,14.64
Gymnophaps mada,0.79,2.06,15.77
Gymnophaps solomonensis,0.79,2.06,15.96
Lopholaimus antarcticus,0.84,2.58,20.46
Syrrhaptes paradoxus,0.73,1.19,17.67
Syrrhaptes tibetanus,0.74,1.26,17.76
Pterocles orientalis,0.75,1.15,18.76
Pterocles namaqua,0.71,0.98,15.11
Pterocles exustus,0.74,1.01,15.02
Pterocles senegallus,0.73,1.06,16.28
Pterocles gutturalis,0.74,1.11,16.21
Pterocles personatus,0.75,1.05,15.81
Pterocles coronatus,0.76,1.09,16.81
Pterocles alchata,0.73,1.07,17.3
Pterocles burchelli,0.73,0.98,15.02
Pterocles decoratus,0.73,0.99,13.84
Pterocles bicinctus,0.76,1.08,16.16
Pterocles quadricinctus,0.75,1.02,14.8
Pterocles lichtensteinii,0.76,1.05,15.64
Pterocles indicus,0.75,1.02,15.39
Steatornis caripensis,0.77,2.13,14.22
Rigidipenna inexpectata,0.78,1.68,11.97
Podargus ocellatus,0.81,2.01,13.96
Podargus papuensis,0.84,2.33,16.18
Podargus strigoides,0.82,2.16,16.27
Batrachostomus auritus,0.83,2.15,13.47
Batrachostomus harterti,0.75,1.46,10.33
Batrachostomus septimus,0.79,1.82,11.91
Batrachostomus stellatus,0.74,1.64,10.31
Batrachostomus moniliger,0.71,1.33,9.61
Batrachostomus hodgsoni,0.75,1.57,10.89
Batrachostomus poliolophus,0.79,1.81,11.42
Batrachostomus mixtus,0.75,1.46,10.35
Batrachostomus javensis,0.74,1.54,10
Batrachostomus cornutus,0.75,1.46,10.28
Nyctibius grandis,0.86,2.61,16.5
Nyctibius aethereus,0.82,2,14.24
Nyctibius jamaicensis,0.84,2.27,15.14
Nyctibius griseus,0.8,2.08,13.46
Nyctibius maculosus,0.78,1.67,11.84
Nyctibius leucopterus,0.75,1.46,10.38
Nyctibius bracteatus,0.72,1.32,9.39
Eurostopodus argus,0.77,1.84,12.71
Eurostopodus mystacalis,0.83,2.17,15.15
Eurostopodus nigripennis,0.56,1.33,10.95
Eurostopodus exul,0.56,1.33,10.95
Eurostopodus diabolicus,0.8,1.88,11.84
Eurostopodus archboldi,0.79,1.77,11.35
Eurostopodus papuensis,0.79,1.79,11.46
Lyncornis macrotis,0.81,2,13.27
Lyncornis temminckii,0.78,1.78,11.33
Gactornis enarratus,0.73,1.52,10.52
Chordeiles nacunda,0.78,1.97,10.81
Chordeiles pusillus,0.74,1.48,8.05
Chordeiles minor,0.78,1.81,11.6
Chordeiles gundlachii,0.72,1.57,9.01
Chordeiles acutipennis,0.72,1.56,8.37
Chordeiles rupestris,0.76,1.61,8.68
Lurocalis semitorquatus,0.76,1.77,11.39
Lurocalis rufiventris,0.75,1.47,10.43
Nyctiprogne leucopyga,0.64,1.12,8.37
Nyctiprogne vielliardi,0.7,1.27,9.22
Nyctipolus nigrescens,0.75,1.53,9.67
Nyctipolus hirundinaceus,0.72,1.35,9.77
Systellura roraimae,0.56,1.33,10.95
Systellura decussata,0.56,1.33,10.95
Systellura longirostris,0.72,1.54,11.01
Nyctidromus albicollis,0.76,1.15,10.48
Nyctidromus anthonyi,0.73,1.05,9.48
Eleothreptus anomalus,0.61,1.23,9.64
Eleothreptus candicans,0.73,1.5,10.34
Uropsalis segmentata,0.71,1.28,9.16
Uropsalis lyra,0.74,1.41,10.07
Setopagis heterura,0.7,1.24,8.95
Setopagis parvula,0.69,1.42,9.8
Setopagis whitelyi,0.71,1.3,9.28
Setopagis maculosa,0.56,1.35,10.95
Hydropsalis climacocerca,0.73,1.48,9.72
Hydropsalis torquata,0.72,1.56,10.73
Hydropsalis cayennensis,0.73,1.47,9.57
Hydropsalis maculicaudus,0.7,1.37,9.19
Macropsalis forcipata,0.75,1.6,11.99
Siphonorhis americana,0.56,1.33,10.95
Siphonorhis brewsteri,0.7,1.32,9.78
Nyctiphrynus rosenbergi,0.72,1.33,9.44
Nyctiphrynus mcleodii,0.71,1.41,9.89
Nyctiphrynus yucatanicus,0.66,1.15,8.52
Nyctiphrynus ocellatus,0.72,1.44,9.74
Phalaenoptilus nuttallii,0.63,1.13,11.11
Antrostomus vociferus,0.73,1.15,10.49
Antrostomus arizonae,0.56,1,9.5
Antrostomus noctitherus,0.73,1.06,8.87
Antrostomus saturatus,0.77,1.19,9.47
Antrostomus ridgwayi,0.73,1.08,9.3
Antrostomus salvini,0.74,1.11,9.61
Antrostomus badius,0.74,1.13,9.6
Antrostomus sericocaudatus,0.73,1.16,10.13
Antrostomus carolinensis,0.75,1.27,11.36
Antrostomus rufus,0.78,1.28,10.54
Antrostomus cubanensis,0.76,1.19,10.03
Antrostomus ekmani,0.74,1.12,9.48
Caprimulgus ruficollis,0.71,1.17,12.24
Caprimulgus indicus,0.73,1.24,12.23
Caprimulgus jotaka,0.55,1,12.57
Caprimulgus phalaena,0.55,1,12.57
Caprimulgus europaeus,0.71,1.16,12.73
Caprimulgus fraenatus,0.73,1.14,10.45
Caprimulgus rufigena,0.7,1.11,11
Caprimulgus aegyptius,0.72,1.2,12.54
Caprimulgus mahrattensis,0.77,1.14,12.57
Caprimulgus centralasicus,0.55,1.04,12.57
Caprimulgus nubicus,0.72,1.09,10.27
Caprimulgus eximius,0.72,1.12,10.92
Caprimulgus atripennis,0.74,1.05,10.93
Caprimulgus macrurus,0.74,1.16,10.92
Caprimulgus meesi,0.75,1.07,10.93
Caprimulgus andamanicus,0.55,1,12.57
Caprimulgus manillensis,0.74,1.17,11.22
Caprimulgus celebensis,0.75,1.04,10.42
Caprimulgus concretus,0.75,1.17,10.6
Caprimulgus pulchellus,0.73,1.13,10.5
Caprimulgus donaldsoni,0.67,0.95,8.89
Caprimulgus pectoralis,0.72,1.1,10.57
Caprimulgus poliocephalus,0.69,1.02,9.63
Caprimulgus asiaticus,0.71,0.98,10.33
Caprimulgus madagascariensis,0.69,1.02,10.14
Caprimulgus natalensis,0.78,1.26,11.98
Caprimulgus solala,0.75,1.04,10.55
Caprimulgus inornatus,0.68,1.06,10.29
Caprimulgus stellatus,0.71,1,10.58
Caprimulgus affinis,0.78,1.24,12.2
Caprimulgus tristigma,0.73,1.16,10.98
Caprimulgus prigoginei,0.75,1.04,10.5
Caprimulgus batesi,0.77,1.31,11.83
Caprimulgus climacurus,0.67,1.04,9.99
Caprimulgus clarus,0.69,1.02,9.54
Caprimulgus fossii,0.7,1.13,10.85
Caprimulgus longipennis,0.69,1.09,10.29
Caprimulgus vexillarius,0.72,1.18,11.31
Veles binotatus,0.69,1.32,9.76
Aegotheles savesi,0.71,1.36,10.14
Aegotheles insignis,0.74,1.44,10.24
Aegotheles tatei,0.72,1.33,9.52
Aegotheles crinifrons,0.77,1.6,11.23
Aegotheles cristatus,0.66,1.3,9.59
Aegotheles affinis,0.56,1.33,10.95
Aegotheles bennettii,0.73,1.36,9.75
Aegotheles wallacii,0.72,1.32,9.41
Aegotheles archboldi,0.69,1.2,8.55
Aegotheles albertisi,0.7,1.23,8.83
Hemiprocne coronata,0.62,1.14,8.81
Hemiprocne longipennis,0.68,1.23,9.01
Hemiprocne comata,0.63,1.07,7.91
Hemiprocne mystacea,0.78,1.74,11.14
Cypseloides cherriei,0.72,1.02,10.33
Cypseloides cryptus,0.75,1.11,11.48
Cypseloides storeri,0.69,1.05,11.8
Cypseloides niger,0.73,1.14,12.92
Cypseloides lemosi,0.69,0.98,10.62
Cypseloides rothschildi,0.69,1.07,12.23
Cypseloides fumigatus,0.73,1.15,12.43
Cypseloides senex,0.7,1.21,13.52
Streptoprocne rutila,0.65,1.26,8.37
Streptoprocne phelpsi,0.67,1.12,8.01
Streptoprocne zonaris,0.74,1.68,11.11
Streptoprocne biscutata,0.71,1.49,11.04
Streptoprocne semicollaris,0.77,1.93,13.41
Mearnsia picina,0.7,1.28,9.2
Mearnsia novaeguineae,0.69,1.21,8.69
Zoonavena grandidieri,0.6,0.97,7.26
Zoonavena thomensis,0.6,1.01,6.64
Zoonavena sylvatica,0.57,0.99,7.34
Telacanthura ussheri,0.63,1.19,8.06
Telacanthura melanopygia,0.68,1.27,9.44
Rhaphidura leucopygialis,0.65,1.02,7.26
Rhaphidura sabini,0.64,1.16,7.66
Neafrapus cassini,0.67,1.21,8.94
Neafrapus boehmi,0.62,1.09,7.57
Chaetura fumosa,0.66,0.96,8.51
Chaetura spinicaudus,0.67,0.96,8.35
Chaetura martinica,0.64,1.01,8.4
Chaetura cinereiventris,0.65,1.03,8.29
Chaetura egregia,0.68,1.04,9.23
Chaetura vauxi,0.59,1,9.17
Chaetura pelagica,0.59,1.02,9.67
Chaetura chapmani,0.72,1.24,9.53
Chaetura meridionalis,0.63,1.09,9.29
Chaetura brachyura,0.6,0.97,7.98
Hirundapus caudacutus,0.54,1.41,11.5
Hirundapus cochinchinensis,0.56,1.45,10.91
Hirundapus giganteus,0.61,1.55,10.77
Hirundapus celebensis,0.66,1.69,12.14
Collocalia troglodytes,0.45,0.82,10.25
Collocalia linchi,0.51,0.87,10.19
Collocalia esculenta,0.55,1.04,10.06
Hydrochous gigas,0.66,1.18,8.74
Aerodramus papuensis,0.66,1.1,9.41
Aerodramus whiteheadi,0.63,1.03,9
Aerodramus nuditarsus,0.64,1.02,8.75
Aerodramus orientalis,0.64,1.02,8.77
Aerodramus infuscatus,0.64,1.02,8.68
Aerodramus hirundinaceus,0.68,1.19,8.47
Aerodramus terraereginae,0.62,1,8.83
Aerodramus brevirostris,0.53,0.98,9.24
Aerodramus vulcanorum,0.65,1.16,8.56
Aerodramus maximus,0.66,1.07,9.06
Aerodramus vanikorensis,0.66,1.16,8.24
Aerodramus sawtelli,0.63,1.07,8.25
Aerodramus leucophaeus,0.63,1.02,8.85
Aerodramus inquietus,0.67,1.21,8.77
Aerodramus pelewensis,0.69,1.26,9.03
Aerodramus bartschi,0.59,0.91,7.99
Aerodramus mearnsi,0.62,0.99,8.61
Aerodramus spodiopygius,0.64,1.09,8.08
Aerodramus unicolor,0.62,0.98,8.56
Aerodramus francicus,0.63,1.07,8.33
Aerodramus elaphrus,0.68,1.2,8.56
Aerodramus fuciphagus,0.63,0.98,8.29
Aerodramus salangana,0.66,1.17,8.28
Schoutedenapus myoptilus,0.64,1.09,8.08
Schoutedenapus schoutedeni,0.68,1.16,8.27
Aeronautes saxatalis,0.57,1.14,9.32
Aeronautes montivagus,0.67,1.1,8.13
Aeronautes andecolus,0.63,1.08,8.37
Tachornis phoenicobia,0.55,0.94,6.94
Tachornis furcata,0.59,0.89,6.46
Tachornis squamata,0.6,1.04,7.01
Panyptila sanctihieronymi,0.7,1.31,9.63
Panyptila cayennensis,0.66,1.22,8.09
Cypsiurus parvus,0.63,1.12,7.41
Cypsiurus balasiensis,0.63,1.08,7.4
Tachymarptis melba,0.76,2.22,16.29
Tachymarptis aequatorialis,0.78,2.36,15.93
Apus acuticauda,0.61,1.95,11.76
Apus pacificus,0.66,2.16,13.69
Apus caffer,0.62,1.92,10.33
Apus batesi,0.68,2.11,11.38
Apus horus,0.64,1.93,11.14
Apus nipalensis,0.63,1.89,10.94
Apus affinis,0.62,1.93,10.48
Apus niansae,0.65,2.08,11.32
Apus bradfieldi,0.69,2.19,12.72
Apus barbatus,0.68,2.28,12.9
Apus sladeniae,0.71,2.28,12.5
Apus balstoni,0.76,2.5,14.18
Apus berliozi,0.71,2.35,13.17
Apus unicolor,0.68,2.12,12.64
Apus alexandri,0.68,2.11,11.92
Apus pallidus,0.7,2.3,13.99
Apus apus,0.64,2.05,13.3
Topaza pella,0.6,1.15,8.56
Topaza pyra,0.6,1.15,8.66
Florisuga mellivora,0.57,0.99,7.65
Florisuga fusca,0.54,1.06,8.66
Eutoxeres aquila,0.59,1.12,8.38
Eutoxeres condamini,0.59,1.12,8.59
Ramphodon naevius,0.55,1,8.18
Glaucis dohrnii,0.55,0.99,7.89
Glaucis aeneus,0.54,0.96,7.38
Glaucis hirsutus,0.56,1.03,7.74
Threnetes ruckeri,0.54,0.97,7.47
Threnetes leucurus,0.55,0.99,7.44
Threnetes niger,0.55,0.99,7.38
Anopetia gounellei,0.5,0.83,6.57
Phaethornis squalidus,0.51,0.9,7.26
Phaethornis rupurumii,0.53,0.86,6.73
Phaethornis longuemareus,0.5,0.87,6.67
Phaethornis aethopygus,0.56,1.33,10.95
Phaethornis idaliae,0.49,0.85,6.83
Phaethornis nattereri,0.5,0.84,6.62
Phaethornis atrimentalis,0.5,0.81,6.28
Phaethornis striigularis,0.5,0.87,6.78
Phaethornis griseogularis,0.5,0.79,6.13
Phaethornis porcullae,0.56,1.33,10.95
Phaethornis ruber,0.49,0.84,6.41
Phaethornis stuarti,0.49,0.82,6.6
Phaethornis subochraceus,0.51,0.87,7
Phaethornis augusti,0.55,1,7.66
Phaethornis pretrei,0.55,0.99,7.83
Phaethornis eurynome,0.54,0.98,7.96
Phaethornis anthophilus,0.55,1,7.67
Phaethornis hispidus,0.54,0.97,7.34
Phaethornis yaruqui,0.51,0.98,7.38
Phaethornis guy,0.56,1.01,7.59
Phaethornis syrmatophorus,0.55,0.99,7.43
Phaethornis koepckeae,0.54,0.97,7.48
Phaethornis philippii,0.54,0.92,7.2
Phaethornis bourcieri,0.53,0.94,7
Phaethornis mexicanus,0.56,1.33,10.95
Phaethornis longirostris,0.55,1,7.8
Phaethornis baroni,0.56,1.33,10.95
Phaethornis superciliosus,0.56,1.01,7.53
Phaethornis malaris,0.55,1,7.58
Doryfera ludovicae,0.52,1,7.52
Doryfera johannae,0.54,0.96,7.18
Schistes albogularis,0.56,1.33,10.95
Schistes geoffroyi,0.52,0.91,6.86
Augastes scutatus,0.5,0.87,6.97
Augastes lumachella,0.52,0.92,7.22
Colibri delphinae,0.53,0.96,7.46
Colibri thalassinus,0.52,1,7.6
Colibri coruscans,0.53,0.97,7.64
Colibri serrirostris,0.56,1.02,8.15
Androdon aequatorialis,0.57,0.99,7.68
Heliactin bilophus,0.5,0.94,7.39
Heliothryx barroti,0.55,0.98,7.6
Heliothryx auritus,0.55,0.98,7.43
Polytmus guainumbi,0.54,0.97,7.52
Polytmus milleri,0.53,0.93,7.05
Polytmus theresiae,0.52,0.92,6.83
Chrysolampis mosquitus,0.49,0.92,7.01
Avocettula recurvirostris,0.53,0.93,7.01
Anthracothorax viridigula,0.57,1.05,7.83
Anthracothorax prevostii,0.56,1.01,8.01
Anthracothorax nigricollis,0.53,1.03,7.95
Anthracothorax veraguensis,0.56,0.98,7.69
Anthracothorax dominicus,0.55,0.99,7.94
Anthracothorax aurulentus,0.56,1.33,10.95
Anthracothorax viridis,0.53,1.02,8.13
Anthracothorax mango,0.54,1.07,8.5
Eulampis holosericeus,0.55,0.99,7.83
Eulampis jugularis,0.58,1.08,8.51
Heliangelus mavors,0.53,0.93,7.15
Heliangelus spencei,0.56,1.33,10.95
Heliangelus clarisse,0.56,1.33,10.95
Heliangelus amethysticollis,0.54,0.97,7.52
Heliangelus strophianus,0.55,0.98,7.34
Heliangelus exortis,0.53,0.95,7.16
Heliangelus micraster,0.52,0.92,6.96
Heliangelus viola,0.55,0.98,7.43
Heliangelus regalis,0.52,0.91,6.89
Heliangelus zusii,0.56,1.33,10.95
Sephanoides sephaniodes,0.51,0.97,8.57
Sephanoides fernandensis,0.54,1.02,8.55
Discosura conversii,0.51,0.83,6.47
Discosura popelairii,0.5,0.8,6.28
Discosura langsdorffi,0.5,0.86,6.57
Discosura letitiae,0.56,0.82,10.95
Discosura longicaudus,0.51,0.9,6.67
Lophornis ornatus,0.55,0.81,5.95
Lophornis gouldii,0.49,0.84,6.44
Lophornis magnificus,0.56,0.83,6.47
Lophornis brachylophus,0.48,0.81,6.56
Lophornis delattrei,0.5,0.82,6.47
Lophornis stictolophus,0.5,0.81,6.33
Lophornis chalybeus,0.5,0.87,7.1
Lophornis verreauxii,0.56,1.33,10.95
Lophornis pavoninus,0.5,0.87,6.65
Lophornis helenae,0.48,0.81,6.49
Lophornis adorabilis,0.5,0.86,6.61
Phlogophilus hemileucurus,0.5,0.86,6.47
Phlogophilus harterti,0.49,0.81,6.48
Adelomyia melanogenys,0.54,0.96,7.3
Aglaiocercus kingii,0.51,0.96,7.2
Aglaiocercus coelestis,0.55,0.99,7.4
Aglaiocercus berlepschi,0.54,0.91,7.24
Sappho sparganurus,0.54,0.98,8.04
Taphrolesbia griseiventris,0.58,1.02,8.05
Polyonymus caroli,0.53,0.91,7.23
Oreotrochilus chimborazo,0.54,1.07,7.94
Oreotrochilus estella,0.57,1.06,8.49
Oreotrochilus stolzmanni,0.56,1.33,10.95
Oreotrochilus leucopleurus,0.57,1.06,8.97
Oreotrochilus melanogaster,0.58,1.09,8.45
Oreotrochilus adela,0.55,1,8.07
Opisthoprora euryptera,0.56,0.94,7.31
Lesbia victoriae,0.54,0.92,7.18
Lesbia nuna,0.52,0.91,6.98
Ramphomicron dorsale,0.48,0.86,6.79
Ramphomicron microrhynchum,0.52,0.91,6.81
Chalcostigma ruficeps,0.51,0.9,6.98
Chalcostigma olivaceum,0.58,1.07,8.38
Chalcostigma stanleyi,0.52,0.99,7.69
Chalcostigma heteropogon,0.55,1,7.65
Chalcostigma herrani,0.55,0.99,7.41
Oxypogon cyanolaemus,0.56,1.33,10.95
Oxypogon lindenii,0.56,1.33,10.95
Oxypogon guerinii,0.54,0.96,7.3
Oxypogon stuebelii,0.56,1.33,10.95
Oreonympha albolimbata,0.56,1.33,10.95
Oreonympha nobilis,0.56,1,7.94
Metallura iracunda,0.52,0.87,6.9
Metallura tyrianthina,0.49,0.92,6.95
Metallura williami,0.53,0.95,7.05
Metallura baroni,0.53,0.94,7.06
Metallura odomae,0.54,0.97,7.36
Metallura theresiae,0.54,0.96,7.37
Metallura eupogon,0.53,0.95,7.39
Metallura aeneocauda,0.54,0.97,7.67
Metallura phoebe,0.55,0.98,7.66
Haplophaedia aureliae,0.51,0.97,7.31
Haplophaedia assimilis,0.53,0.91,7.22
Haplophaedia lugens,0.56,1.03,7.67
Eriocnemis nigrivestis,0.53,0.94,7.03
Eriocnemis isabellae,0.53,0.88,6.8
Eriocnemis vestita,0.53,0.95,7.09
Eriocnemis derbyi,0.51,0.97,7.28
Eriocnemis godini,0.54,0.97,10.95
Eriocnemis cupreoventris,0.54,0.98,7.45
Eriocnemis luciani,0.55,1,7.47
Eriocnemis sapphiropygia,0.56,1.33,10.95
Eriocnemis mosquera,0.51,0.98,7.3
Eriocnemis glaucopoides,0.52,0.91,7.35
Eriocnemis mirabilis,0.55,0.92,7.12
Eriocnemis aline,0.54,0.89,6.9
Loddigesia mirabilis,0.51,0.83,6.52
Aglaeactis cupripennis,0.54,1.05,7.92
Aglaeactis castelnaudii,0.55,0.97,7.7
Aglaeactis aliciae,0.57,1,7.84
Aglaeactis pamela,0.5,0.93,7.51
Coeligena coeligena,0.56,1.03,7.69
Coeligena prunellei,0.56,0.98,7.63
Coeligena wilsoni,0.56,1.02,7.64
Coeligena conradii,0.56,1.33,10.95
Coeligena torquata,0.56,1.02,7.64
Coeligena eisenmanni,0.56,1.33,10.95
Coeligena inca,0.56,1.33,10.95
Coeligena dichroura,0.56,1.33,10.95
Coeligena albicaudata,0.56,1.33,10.95
Coeligena osculans,0.56,1.33,10.95
Coeligena violifer,0.55,0.99,7.94
Coeligena iris,0.56,0.97,7.62
Coeligena phalerata,0.55,0.95,7.54
Coeligena orina,0.56,0.96,7.53
Coeligena lutetiae,0.57,1.04,7.74
Coeligena consita,0.56,1.33,10.95
Coeligena bonapartei,0.56,0.96,7.53
Coeligena eos,0.56,1.33,10.95
Coeligena helianthea,0.56,0.97,7.58
Lafresnaya lafresnayi,0.51,0.98,7.36
Ensifera ensifera,0.57,1.07,8.33
Pterophanes cyanopterus,0.58,1.09,8.27
Boissonneaua flavescens,0.57,1.07,8.05
Boissonneaua matthewsii,0.57,1.05,8.04
Boissonneaua jardini,0.58,1.09,8.16
Ocreatus underwoodii,0.47,0.87,6.58
Urochroa bougueri,0.6,1.14,8.52
Urochroa leucura,0.56,1.33,10.95
Urosticte benjamini,0.49,0.92,6.92
Urosticte ruficrissa,0.53,0.94,7.05
Heliodoxa xanthogonys,0.56,1.03,7.8
Heliodoxa gularis,0.57,0.96,7.38
Heliodoxa branickii,0.54,0.92,7.32
Heliodoxa schreibersii,0.58,1.09,8.11
Heliodoxa whitelyana,0.56,1.33,10.95
Heliodoxa aurescens,0.56,1.01,7.69
Heliodoxa rubinoides,0.57,1.05,7.89
Heliodoxa jacula,0.55,1,7.8
Heliodoxa imperatrix,0.58,1.02,7.91
Heliodoxa leadbeateri,0.57,1.04,7.8
Clytolaema rubricauda,0.57,1.06,8.55
Patagona gigas,0.6,1.27,10.23
Chlorostilbon auriceps,0.49,0.85,6.83
Chlorostilbon forficatus,0.49,0.85,6.85
Chlorostilbon canivetii,0.49,0.85,6.76
Chlorostilbon assimilis,0.49,0.85,6.55
Chlorostilbon gibsoni,0.49,0.85,6.55
Chlorostilbon mellisugus,0.49,0.85,6.4
Chlorostilbon olivaresi,0.53,0.86,6.67
Chlorostilbon bracei,0.56,1.33,10.95
Chlorostilbon elegans,0.56,1.33,10.95
Chlorostilbon ricordii,0.51,0.88,7.17
Chlorostilbon swainsonii,0.53,0.94,7.5
Chlorostilbon maugaeus,0.51,0.88,7.03
Chlorostilbon lucidus,0.48,0.9,7.24
Chlorostilbon russatus,0.51,0.9,6.95
Chlorostilbon stenurus,0.51,0.9,6.92
Chlorostilbon poortmani,0.52,0.9,6.9
Chlorostilbon notatus,0.56,1.33,10.95
Cynanthus sordidus,0.52,1.01,8.11
Cynanthus latirostris,0.48,0.96,7.91
Cynanthus doubledayi,0.56,1,9.08
Cynanthus lawrencei,0.56,1,9.08
Cyanophaia bicolor,0.53,0.95,7.46
Klais guimeti,0.49,0.85,6.36
Abeillia abeillei,0.5,0.86,6.76
Orthorhyncus cristatus,0.51,0.87,6.92
Stephanoxis lalandi,0.52,0.92,7.47
Stephanoxis loddigesii,0.56,1.33,10.95
Aphantochroa cirrochloris,0.57,1.05,8.37
Anthocephala floriceps,0.53,0.89,6.94
Campylopterus cuvierii,0.56,1.33,10.95
Campylopterus curvipennis,0.53,0.95,7.67
Campylopterus largipennis,0.57,1.07,8.07
Campylopterus rufus,0.56,1.04,8.13
Campylopterus hyperythrus,0.56,0.96,7.5
Campylopterus hemileucurus,0.54,1.04,8.33
Campylopterus ensipennis,0.58,1.1,8.48
Campylopterus falcatus,0.56,0.98,7.71
Campylopterus phainopeplus,0.53,0.99,7.87
Campylopterus villaviscensio,0.57,0.99,7.65
Campylopterus duidae,0.56,0.95,7.4
Eupetomena macroura,0.58,1.08,8.52
Eupherusa eximia,0.49,0.89,7.13
Eupherusa cyanophrys,0.54,0.96,7.58
Eupherusa poliocerca,0.52,0.91,7.34
Eupherusa nigriventris,0.48,0.9,6.95
Elvira chionura,0.5,0.83,6.56
Elvira cupreiceps,0.47,0.87,6.78
Microchera albocoronata,0.46,0.81,6.49
Chalybura buffonii,0.56,0.97,7.64
Chalybura urochrysia,0.56,0.96,7.55
Thalurania ridgwayi,0.5,0.87,7.06
Thalurania colombica,0.53,0.9,7.07
Thalurania furcata,0.53,0.89,6.99
Thalurania watertonii,0.53,0.95,7.33
Thalurania glaucopis,0.54,0.96,7.8
Taphrospilus hypostictus,0.56,1.03,7.99
Leucochloris albicollis,0.53,1.01,8.28
Leucippus fallax,0.55,1,7.76
Leucippus baeri,0.54,0.9,7.01
Leucippus taczanowskii,0.56,0.96,7.54
Leucippus chlorocercus,0.53,0.95,7.17
Amazilia chionogaster,0.54,1,7.82
Amazilia viridicauda,0.55,1.04,7.98
Amazilia tzacatl,0.54,0.99,7.58
Amazilia castaneiventris,0.51,1,7.53
Amazilia yucatanensis,0.49,0.95,7.55
Amazilia rutila,0.54,1,7.91
Amazilia amazilia,0.53,0.97,7.3
Amazilia leucogaster,0.54,0.98,7.26
Amazilia versicolor,0.53,0.96,7.36
Amazilia brevirostris,0.53,0.97,7.3
Amazilia franciae,0.54,1,7.35
Amazilia candida,0.52,0.94,7.43
Amazilia luciae,0.54,0.99,7.71
Amazilia boucardi,0.53,0.98,7.46
Amazilia amabilis,0.53,0.97,7.31
Amazilia decora,0.53,0.98,7.47
Amazilia cyanocephala,0.54,1,7.84
Amazilia beryllina,0.53,0.98,7.75
Amazilia cyanura,0.51,0.94,7.33
Amazilia saucerottei,0.53,0.98,7.43
Amazilia cyanifrons,0.51,1,7.45
Amazilia alfaroana,0.56,1,8.08
Amazilia violiceps,0.51,1,8.07
Amazilia viridifrons,0.56,1.04,8.18
Amazilia wagneri,0.56,1,8.08
Amazilia fimbriata,0.54,0.99,7.5
Amazilia lactea,0.53,0.98,7.7
Amazilia bartletti,0.56,1,8.08
Amazilia rosenbergi,0.52,0.94,7.02
Amazilia edward,0.54,0.98,7.49
Amazilia viridigaster,0.52,0.94,7.11
Amazilia cupreicauda,0.56,1,8.08
Amazilia tobaci,0.54,0.98,7.48
Amazilia sapphirina,0.53,0.97,7.29
Amazilia humboldtii,0.55,1.01,7.67
Amazilia grayi,0.55,1.01,7.64
Trochilus polytmus,0.51,0.96,7.66
Trochilus scitulus,0.49,0.92,7.38
Chrysuronia oenone,0.54,0.92,7.15
Goethalsia bella,0.51,0.85,6.7
Goldmania violiceps,0.52,0.88,6.96
Lepidopyga coeruleogularis,0.53,0.93,7.19
Lepidopyga lilliae,0.53,0.89,7.05
Lepidopyga goudoti,0.52,0.88,6.92
Juliamyia julie,0.51,0.89,6.79
Hylocharis eliciae,0.52,0.91,7.09
Hylocharis cyanus,0.51,0.89,6.78
Hylocharis chrysura,0.53,0.95,7.69
Basilinna xantusii,0.51,0.96,7.35
Basilinna leucotis,0.51,0.96,7.24
Sternoclyta cyanopectus,0.57,1.06,8.17
Hylonympha macrocerca,0.6,1.1,8.69
Eugenes fulgens,0.54,1.02,9.51
Panterpe insignis,0.52,0.99,7.65
Heliomaster constantii,0.55,0.99,7.98
Heliomaster longirostris,0.56,1.02,7.66
Heliomaster squamosus,0.55,1,7.88
Heliomaster furcifer,0.51,0.98,7.97
Lampornis viridipallens,0.53,0.93,8.17
Lampornis sybillae,0.54,0.96,8.35
Lampornis amethystinus,0.54,0.94,8.26
Lampornis clemenciae,0.54,1.01,9.1
Lampornis hemileucus,0.51,0.94,8.1
Lampornis calolaemus,0.51,0.94,7.98
Lampornis cinereicauda,0.56,1,9.96
Lampornis castaneoventris,0.51,0.94,7.95
Lamprolaima rhami,0.54,1.05,8.19
Myrtis fanny,0.49,0.83,6.43
Eulidia yarrellii,0.51,0.88,7.08
Rhodopis vesper,0.52,0.92,7.3
Thaumastura cora,0.47,0.8,6.24
Chaetocercus mulsant,0.53,0.87,6.84
Chaetocercus bombus,0.56,0.96,7.47
Chaetocercus heliodor,0.51,0.83,6.5
Chaetocercus astreans,0.5,0.84,6.68
Chaetocercus berlepschi,0.52,0.83,6.44
Chaetocercus jourdanii,0.51,0.84,6.67
Myrmia micrura,0.48,0.82,6.25
Microstilbon burmeisteri,0.47,0.8,6.55
Calliphlox amethystina,0.47,0.86,6.67
Nesophlox lyrura,0.49,0.84,6.76
Nesophlox evelynae,0.49,0.84,6.85
Calliphlox bryantae,0.51,0.85,6.69
Calliphlox mitchellii,0.48,0.88,6.63
Doricha enicura,0.48,0.8,6.39
Doricha eliza,0.49,0.84,6.81
Tilmatura dupontii,0.47,0.78,6.32
Calothorax lucifer,0.48,0.89,5.75
Calothorax pulcher,0.5,0.86,5.38
Mellisuga minima,0.49,0.96,7.41
Mellisuga helenae,0.48,0.94,7.37
Calypte anna,0.5,0.98,8.6
Calypte costae,0.48,0.92,7.91
Archilochus alexandri,0.43,0.99,9.02
Archilochus colubris,0.43,0.97,9.03
Selasphorus platycercus,0.49,1.01,7.73
Selasphorus calliope,0.47,0.95,7.67
Selasphorus rufus,0.49,1,8.28
Selasphorus sasin,0.49,1,7.81
Selasphorus flammula,0.49,0.95,6.9
Selasphorus scintilla,0.51,0.92,6.64
Selasphorus ardens,0.53,0.98,7.06
Atthis heloisa,0.46,0.78,6.37
Atthis ellioti,0.49,0.82,6.62
Opisthocomus hoazin,0.83,2.79,13.37
Crotophaga major,0.75,1.34,13.16
Crotophaga ani,0.71,1.43,11.86
Crotophaga sulcirostris,0.7,1.12,10.35
Guira guira,0.67,1.7,13.2
Tapera naevia,0.68,1.31,9.44
Dromococcyx phasianellus,0.74,1.46,10.5
Dromococcyx pavoninus,0.71,1.3,9.42
Morococcyx erythropygus,0.74,1.59,10.87
Geococcyx velox,0.73,1.14,10.34
Geococcyx californianus,0.68,1.23,12.43
Neomorphus geoffroyi,0.85,2.35,16.8
Neomorphus radiolosus,0.82,1.97,13.8
Neomorphus rufipennis,0.81,1.94,13.77
Neomorphus pucheranii,0.81,1.89,13.4
Coua delalandei,0.62,1.12,7.87
Coua gigas,0.8,2.13,15.02
Coua coquereli,0.79,1.9,13.03
Coua serriana,0.78,2.15,16.79
Coua reynaudii,0.79,1.88,12.95
Coua cursor,0.77,1.76,12.37
Coua ruficeps,0.8,1.94,13.3
Coua olivaceiceps,0.62,1.12,7.87
Coua cristata,0.79,1.87,12.79
Coua pyropyga,0.62,1.12,7.87
Coua verreauxi,0.77,1.73,12.87
Coua caerulea,0.84,2.23,14.94
Carpococcyx radiceus,0.83,2.05,14.34
Carpococcyx viridis,0.83,2.07,14.58
Carpococcyx renauldi,0.82,2.24,15.47
Centropus milo,0.84,2.23,11.19
Centropus ateralbus,0.82,2.2,10.2
Centropus menbeki,0.81,2.28,11.43
Centropus chalybeus,0.8,1.79,8.83
Centropus unirufus,0.77,1.69,8.68
Centropus chlororhynchos,0.79,1.98,9.38
Centropus melanops,0.79,1.75,8.83
Centropus steerii,0.78,1.72,8.75
Centropus rectunguis,0.8,1.78,8.77
Centropus celebensis,0.8,1.79,8.85
Centropus anselli,0.76,1.67,8.57
Centropus leucogaster,0.82,2.16,10.04
Centropus senegalensis,0.71,1.8,8.81
Centropus monachus,0.73,1.93,9.38
Centropus cupreicaudus,0.75,2.07,10.34
Centropus superciliosus,0.73,1.57,8.63
Centropus nigrorufus,0.81,2.06,9.65
Centropus sinensis,0.79,1.92,10.71
Centropus andamanensis,0.79,1.97,9.47
Centropus goliath,0.83,2.05,10.09
Centropus toulou,0.78,1.8,9.99
Centropus grillii,0.69,1.48,7.27
Centropus viridis,0.75,1.71,8.39
Centropus bengalensis,0.75,1.73,8.56
Centropus violaceus,0.81,2.2,10.43
Centropus bernsteini,0.79,1.9,8.83
Centropus phasianinus,0.78,2,10.11
Centropus spilopterus,0.8,1.79,8.93
Rhinortha chlorophaea,0.71,1.46,9.55
Ceuthmochares aereus,0.7,1.33,9.78
Ceuthmochares australis,0.62,1.12,7.87
Taccocua leschenaultii,0.78,1.86,13.05
Zanclostomus javanicus,0.76,1.53,10.77
Phaenicophaeus pyrrhocephalus,0.72,1.71,13.1
Phaenicophaeus viridirostris,0.75,1.6,10.86
Phaenicophaeus diardi,0.73,1.37,9.7
Phaenicophaeus sumatranus,0.76,1.7,10.96
Phaenicophaeus tristis,0.74,1.65,11.65
Phaenicophaeus curvirostris,0.77,1.81,11.77
Phaenicophaeus oeneicaudus,0.62,1.12,7.87
Dasylophus superciliosus,0.75,1.57,11.44
Lepidogrammus cumingi,0.77,1.67,12.18
Rhamphococcyx calyorhynchus,0.76,1.54,10.85
Clamator jacobinus,0.72,1.02,10.21
Clamator levaillantii,0.7,1.06,11.08
Clamator coromandus,0.69,1.01,10.65
Clamator glandarius,0.62,0.92,6.5
Coccycua minuta,0.72,1.44,9.42
Coccycua pumila,0.7,1.37,9.18
Coccycua cinerea,0.65,1.34,9.85
Piaya mexicana,0.62,1.12,7.87
Piaya cayana,0.75,1.67,11.23
Piaya melanogaster,0.76,1.51,10.71
Coccyzus americanus,0.64,1.06,6.73
Coccyzus euleri,0.71,1.19,6.46
Coccyzus minor,0.72,1.23,6.9
Coccyzus ferrugineus,0.7,1.08,6.34
Coccyzus melacoryphus,0.67,1.09,6.12
Coccyzus erythropthalmus,0.65,1.05,6.8
Coccyzus lansbergi,0.69,1.13,6.22
Coccyzus pluvialis,0.7,1.45,8.54
Coccyzus rufigularis,0.75,1.49,8.61
Coccyzus merlini,0.78,1.41,9.1
Coccyzus bahamensis,0.65,1,5.86
Coccyzus vetula,0.68,1.26,7.71
Coccyzus longirostris,0.75,1.3,7.44
Coccyzus vieilloti,0.75,1.22,7.81
Nannococcyx psix,0.62,1.12,7.87
Pachycoccyx audeberti,0.75,1.51,10.91
Microdynamis parva,0.69,1.41,10.95
Eudynamys scolopaceus,0.78,2.15,16.58
Eudynamys orientalis,0.73,1.86,12.27
Urodynamis taitensis,0.78,1.93,14.11
Scythrops novaehollandiae,0.77,2.36,12.75
Chalcites megarhynchus,0.69,1.2,8.58
Chalcites basalis,0.75,1.54,10.72
Chalcites osculans,0.72,1.48,10.27
Chalcites ruficollis,0.67,1.11,7.99
Chalcites lucidus,0.7,1.42,10
Chalcites meyerii,0.66,1.1,7.86
Chalcites minutillus,0.69,1.34,8.79
Chalcites crassirostris,0.58,1.04,7.84
Chrysococcyx maculatus,0.63,1.17,8.81
Chrysococcyx xanthorhynchus,0.64,1.13,8.15
Chrysococcyx flavigularis,0.69,1.19,8.41
Chrysococcyx klaas,0.62,1.13,8.33
Chrysococcyx cupreus,0.64,1.2,8.84
Chrysococcyx caprius,0.63,1.17,8.63
Cacomantis castaneiventris,0.74,1.5,9.66
Cacomantis flabelliformis,0.74,1.63,11.41
Cacomantis sonneratii,0.66,1.22,8.92
Cacomantis merulinus,0.64,1.15,8.45
Cacomantis passerinus,0.63,1.15,8.61
Cacomantis variolosus,0.69,1.23,8.92
Cacomantis aeruginosus,0.7,1.22,8.67
Heteroscenes pallidus,0.77,1.82,12.58
Caliechthrus leucolophus,0.76,1.53,10.85
Cercococcyx mechowi,0.69,1.29,9.52
Cercococcyx olivinus,0.7,1.33,9.81
Cercococcyx montanus,0.69,1.36,9.79
Surniculus dicruroides,0.62,1.12,7.87
Surniculus lugubris,0.66,1.19,8.51
Surniculus velutinus,0.69,1.23,8.97
Surniculus musschenbroeki,0.62,1.12,7.87
Hierococcyx bocki,0.62,1.12,7.87
Hierococcyx sparverioides,0.72,1.63,12.26
Hierococcyx varius,0.71,1.51,11.26
Hierococcyx vagans,0.7,1.35,9.59
Hierococcyx nisicolor,0.69,1.44,10.76
Hierococcyx fugax,0.62,1.12,7.87
Hierococcyx hyperythrus,0.62,1.12,7.87
Hierococcyx pectoralis,0.62,1.12,7.87
Cuculus crassirostris,0.72,1.04,10.48
Cuculus solitarius,0.68,0.98,10.44
Cuculus clamosus,0.68,0.99,10.52
Cuculus micropterus,0.7,1.05,11.29
Cuculus canorus,0.63,1.05,12.58
Cuculus gularis,0.7,1.04,10.98
Cuculus saturatus,0.66,1.05,12.07
Cuculus lepidus,0.75,1.05,10.61
Cuculus poliocephalus,0.65,0.93,10.17
Cuculus rochii,0.69,0.98,10.41
Podica senegalensis,0.84,2.32,16.76
Heliopais personatus,0.72,1.72,14.49
Heliornis fulica,0.77,1.72,12.68
Sarothrura pulchra,0.73,1.48,9.53
Sarothrura elegans,0.62,1.27,8.86
Sarothrura rufa,0.7,1.37,9.27
Sarothrura lugens,0.64,1.12,9.25
Sarothrura boehmi,0.61,1.18,9.34
Sarothrura affinis,0.59,1.15,8.5
Sarothrura insularis,0.64,1.17,9.35
Sarothrura ayresi,0.6,1.19,10.02
Sarothrura watersi,0.62,1.12,8.65
Himantornis haematopus,0.82,2.22,16.29
Canirallus oculeus,0.81,2.11,13.61
Mentocrex kioloides,0.81,2.03,15.46
Mentocrex beankaensis,0.55,2.21,18.53
Rallicula rubra,0.79,1.79,11.42
Rallicula leucospila,0.77,1.56,10.98
Rallicula forbesi,0.67,1.38,9.63
Rallicula mayri,0.77,1.57,11.1
Rallina tricolor,0.7,1.51,9.12
Rallina canningi,0.71,1.53,8.35
Rallina fasciata,0.65,1.42,7.63
Rallina eurizonoides,0.55,1.2,8.83
Coturnicops exquisitus,0.59,1.21,12.11
Coturnicops noveboracensis,0.46,1,8.93
Coturnicops notatus,0.48,0.82,10.02
Micropygia schomburgkii,0.7,1.37,9.36
Rufirallus castaneiceps,0.76,1.57,11.21
Rufirallus viridis,0.74,1.59,10.47
Laterallus melanophaius,0.72,1.66,10.07
Laterallus levraudi,0.66,1.09,9.06
Laterallus ruber,0.63,1.37,8.93
Laterallus albigularis,0.63,1.4,10.76
Laterallus exilis,0.67,1.46,8.8
Laterallus jamaicensis,0.4,0.95,6.47
Laterallus tuerosi,0.64,1.03,8.59
Laterallus spilonota,0.62,1.35,8.22
Laterallus leucopyrrhus,0.71,1.61,10.43
Laterallus xenopterus,0.66,1.15,9.85
Rallus longirostris,0.71,1.24,9.68
Rallus tenuirostris,0.58,1,7.94
Rallus obsoletus,0.54,1,7.94
Rallus elegans,0.52,0.97,9.04
Rallus crepitans,0.5,1,7.5
Rallus wetmorei,0.77,1.15,10.1
Rallus limicola,0.55,0.91,8.21
Rallus semiplumbeus,0.65,1.13,9.12
Rallus antarcticus,0.57,0.9,7.41
Rallus aquaticus,0.57,0.96,8.8
Rallus indicus,0.58,1,7.94
Rallus caerulescens,0.79,1.46,10.6
Rallus madagascariensis,0.63,0.96,7.99
Aramidopsis plateni,0.79,1.7,12
Lewinia striata,0.54,1.12,10.89
Lewinia mirifica,0.73,1.42,11.48
Lewinia pectoralis,0.69,1.35,11.77
Lewinia muelleri,0.76,1.7,13.28
Habroptila wallacii,0.83,2.19,17.64
Gallirallus calayanensis,0.78,0.91,10.7
Gallirallus lafresnayanus,0.55,1,13.8
Gallirallus australis,0.87,1.33,18.48
Diaphorapteryx hawkinsi,0.55,2.21,18.53
Aphanapteryx bonasia,0.55,2.21,18.53
Erythromachus leguati,0.55,2.21,18.53
Eulabeornis castaneoventris,0.82,2.28,16.35
Cabalus modestus,0.55,2.21,18.53
Hypotaenidia okinawae,0.82,1.22,16.7
Hypotaenidia torquata,0.82,1.14,14.86
Hypotaenidia insignis,0.81,1.06,14.48
Hypotaenidia poeciloptera,0.55,1,15.1
Hypotaenidia tertia,0.55,1,15.1
Hypotaenidia immaculata,0.55,1,15.1
Hypotaenidia woodfordi,0.82,1.23,15.98
Hypotaenidia rovianae,0.82,1.17,14.97
Hypotaenidia owstoni,0.77,0.99,15.1
Hypotaenidia wakensis,0.55,1,15.1
Hypotaenidia dieffenbachii,0.55,1,15.1
Hypotaenidia sylvestris,0.82,1.28,15.96
Hypotaenidia philippensis,0.7,0.88,12.67
Hypotaenidia pacifica,0.55,1,15.1
Dryolimnas cuvieri,0.79,1.9,13.66
Dryolimnas augusti,0.55,2.21,18.53
Crex egregia,0.61,1.29,8.09
Crex crex,0.44,1,8.29
Rougetius rougetii,0.72,1.59,12.52
Mundia elpenor,0.55,2.21,18.53
Atlantisia podarces,0.55,2.21,18.53
Atlantisia rogersi,0.72,1.44,10.67
Aramides ypecaha,0.79,2.05,16.78
Aramides wolfi,0.83,2.01,14.13
Aramides mangle,0.84,1.86,13.62
Aramides cajaneus,0.74,1.76,13.96
Aramides axillaris,0.72,1.69,12.13
Aramides calopterus,0.79,1.91,14.15
Aramides saracura,0.77,1.99,14.82
Amaurolimnas concolor,0.71,1.57,10.64
Cyanolimnas cerverai,0.77,1.75,13.97
Neocrex colombiana,0.69,1.32,9.82
Neocrex erythrops,0.59,1.23,8.83
Pardirallus maculatus,0.68,1.58,11.32
Pardirallus nigricans,0.77,1.86,13.08
Pardirallus sanguinolentus,0.68,1.62,12.62
Gymnocrex rosenbergii,0.78,1.79,13.03
Gymnocrex talaudensis,0.77,1.78,13.12
Gymnocrex plumbeiventris,0.84,2.3,14.64
Hapalocrex flaviventer,0.61,1.13,7.89
Porzana fasciata,0.64,1.09,7.65
Porzana spiloptera,0.53,1.01,9.98
Porzana albicollis,0.75,1.81,10.12
Porzana carolina,0.31,0.82,8.17
Porzana porzana,0.4,0.97,8.46
Porzana fluminea,0.69,1.45,10.36
Zapornia fusca,0.51,1.07,8.89
Zapornia paykullii,0.55,1.22,8.8
Zapornia akool,0.63,1.39,9.96
Zapornia flavirostra,0.78,1.7,10.65
Zapornia parva,0.45,0.96,7.33
Zapornia pusilla,0.51,1.03,7.01
Zapornia astrictocarpus,0.55,1,5.88
Zapornia palmeri,0.55,1,5.88
Zapornia olivieri,0.8,1.89,12.17
Zapornia bicolor,0.62,1.36,8.99
Zapornia sandwichensis,0.55,1,5.88
Zapornia nigra,0.55,1,5.88
Zapornia atra,0.74,1.61,9.66
Zapornia tabuensis,0.71,1.37,9.6
Zapornia monasa,0.55,1,5.88
Amaurornis isabellina,0.74,1.53,12.43
Amaurornis olivacea,0.69,1.54,12.64
Amaurornis magnirostris,0.78,1.66,11.81
Amaurornis moluccana,0.68,1.46,11.83
Amaurornis phoenicurus,0.67,1.47,12.7
Amaurornis cinerea,0.68,1.3,10.2
Amaurornis marginalis,0.61,1.25,8.91
Megacrex inepta,0.85,2.36,18.48
Gallicrex cinerea,0.7,1.73,11.9
Porphyrio porphyrio,0.8,1.25,14.81
Porphyrio albus,0.55,1,9.96
Porphyrio paepae,0.55,1,9.96
Porphyrio kukwiedei,0.55,1,9.96
Porphyrio caerulescens,0.55,1,9.96
Porphyrio mantelli,0.55,1,9.96
Porphyrio hochstetteri,0.79,1.2,15.86
Porphyrio alleni,0.59,0.75,9.12
Porphyrio martinicus,0.55,1,7.33
Porphyrio flavirostris,0.65,0.8,8.56
Pareudiastes silvestris,0.75,1.79,15.95
Pareudiastes pacificus,0.55,2.21,18.53
Gallinula nesiotis,0.62,1.14,14.21
Gallinula comeri,0.62,1,14.21
Gallinula chloropus,0.6,1.09,14.82
Gallinula galeata,0.62,1,9.83
Gallinula tenebrosa,0.52,0.96,15.39
Gallinula angulata,0.67,1.12,14.52
Gallinula melanops,0.61,1.1,15.27
Tribonyx ventralis,0.66,1.54,12.09
Tribonyx hodgenorum,0.55,2.21,11.42
Tribonyx mortierii,0.72,1.88,15.72
Fulica newtonii,0.58,1,17.94
Fulica cristata,0.73,1.32,17.42
Fulica atra,0.71,1.34,18.78
Fulica alai,0.61,0.99,14.03
Fulica americana,0.49,0.89,14.42
Fulica leucoptera,0.41,0.78,12.42
Fulica ardesiaca,0.72,1.4,17.74
Fulica armillata,0.7,1.36,18.94
Fulica rufifrons,0.65,1.19,16.56
Fulica gigantea,0.77,1.61,20.64
Fulica cornuta,0.79,1.69,21.8
Psophia crepitans,0.81,2.55,19.2
Psophia ochroptera,0.55,2.21,18.53
Psophia leucoptera,0.82,2.68,20.68
Psophia viridis,0.83,2.58,19.93
Psophia dextralis,0.55,2.21,18.53
Psophia obscura,0.55,2.21,18.53
Aramus guarauna,0.74,1.23,14.31
Balearica regulorum,0.9,3.88,18.55
Balearica pavonina,0.89,3.85,18.23
Leucogeranus leucogeranus,0.88,5.13,36.83
Antigone canadensis,0.9,3.68,34.22
Antigone vipio,0.9,3.88,39.18
Antigone antigone,0.88,3.57,31.97
Antigone rubicunda,0.91,3.89,34.95
Bugeranus carunculatus,0.9,4.88,31.2
Anthropoides paradiseus,0.91,3.33,26.85
Anthropoides virgo,0.86,2.78,27.2
Grus japonensis,0.91,4.38,33.75
Grus americana,0.87,4.34,31.3
Grus grus,0.87,3.78,34.17
Grus monacha,0.86,3.5,31.42
Grus nigricollis,0.87,3.71,26.9
Tetrax tetrax,0.76,2.03,21.2
Otis tarda,0.9,3.57,30.49
Chlamydotis undulata,0.87,2.21,17.52
Chlamydotis macqueenii,0.87,1.49,12.5
Lissotis hartlaubii,0.86,2.36,18.4
Lissotis melanogaster,0.88,2.91,18.3
Neotis ludwigii,0.89,3.37,26.38
Neotis denhami,0.9,3.64,25.58
Neotis heuglinii,0.91,3.53,25.48
Neotis nuba,0.91,3.73,28.08
Ardeotis arabs,0.92,3.21,27.69
Ardeotis kori,0.92,3.27,28.82
Ardeotis nigriceps,0.93,3.47,30.58
Ardeotis australis,0.91,2.99,26.89
Houbaropsis bengalensis,0.88,3.19,24.52
Sypheotides indicus,0.78,2.08,16.99
Lophotis savilei,0.88,2.85,21
Lophotis gindiana,0.84,2.5,20.09
Lophotis ruficrista,0.87,2.6,19.72
Heterotetrax vigorsii,0.9,3.2,24.78
Heterotetrax rueppelii,0.89,2.94,22.02
Heterotetrax humilis,0.85,2.49,18.22
Afrotis afra,0.87,2.58,20.51
Afrotis afraoides,0.86,2.67,18.49
Eupodotis senegalensis,0.85,2.4,17.24
Eupodotis caerulescens,0.88,2.84,22.47
Corythaeola cristata,0.84,2.72,20.01
Criniferoides leucogaster,0.76,1.8,14.85
Crinifer zonurus,0.8,2.33,17.67
Crinifer piscator,0.78,2.17,16.71
Corythaixoides personatus,0.76,2.01,9.59
Corythaixoides leopoldi,0.76,2.01,5.04
Corythaixoides concolor,0.75,1.94,9.78
Gallirex porphyreolophus,0.76,2.02,15.86
Gallirex johnstoni,0.79,2.15,15.73
Tauraco schalowi,0.77,2.01,12.96
Tauraco hartlaubi,0.77,2.04,12.63
Tauraco schuettii,0.77,2.06,12.78
Tauraco livingstonii,0.78,2.09,13.59
Tauraco fischeri,0.78,2.09,12.98
Tauraco corythaix,0.77,2.09,14.63
Tauraco persa,0.79,2.17,13.65
Tauraco leucotis,0.78,2.11,13.46
Tauraco ruspolii,0.78,1.97,12.91
Tauraco bannermani,0.77,2.04,12.89
Tauraco erythrolophus,0.77,1.96,13.02
Tauraco leucolophus,0.77,2.03,12.84
Tauraco macrorhynchus,0.78,2.08,12.97
Musophaga rossae,0.81,2.33,17.29
Musophaga violacea,0.81,2.33,17.54
Gavia stellata,0.87,2.42,23.52
Gavia arctica,0.88,2.63,25.09
Gavia pacifica,0.88,2.63,25.44
Gavia immer,0.9,3.07,28.83
Gavia adamsii,0.9,3.07,30.1
Aptenodytes patagonicus,0.93,4.67,27.5
Aptenodytes forsteri,0.94,5.74,36.31
Pygoscelis papua,0.86,3.87,30.19
Pygoscelis adeliae,0.86,3.53,28.66
Pygoscelis antarcticus,0.86,3.42,26.88
Eudyptes schlegeli,0.91,5.18,17.32
Eudyptes chrysolophus,0.9,5.23,17.49
Eudyptes moseleyi,0.89,4.62,14.13
Eudyptes chrysocome,0.88,4.6,15.3
Eudyptes sclateri,0.91,5.52,18.1
Eudyptes pachyrhynchus,0.9,5,18.01
Eudyptes robustus,0.89,4.85,15.83
Megadyptes antipodes,0.9,2.95,26.64
Eudyptula minor,0.86,2.69,24.35
Spheniscus demersus,0.86,4.02,25.4
Spheniscus magellanicus,0.86,4.24,28.61
Spheniscus humboldti,0.86,4.29,26.29
Spheniscus mendiculus,0.85,3.65,20.56
Oceanites oceanicus,0.84,3.32,15.55
Oceanites gracilis,0.84,3.01,12.72
Oceanites pincoyae,0.91,4.5,21
Garrodia nereis,0.78,1.69,12.91
Pelagodroma marina,0.79,1.77,14.63
Fregetta grallaria,0.79,1.79,12.51
Fregetta tropica,0.8,1.77,15.22
Fregetta maoriana,0.73,1.32,10.34
Nesofregetta fuliginosa,0.8,1.91,12.65
Hydrobates pelagicus,0.82,3.61,18.89
Hydrobates jabejabe,0.88,4.5,27.02
Hydrobates castro,0.84,4.14,19.53
Hydrobates monteiroi,0.84,4.22,21.43
Hydrobates matsudairae,0.85,4.39,21.61
Hydrobates melania,0.85,4.39,21.79
Hydrobates homochroa,0.84,3.89,22.07
Hydrobates microsoma,0.81,3.53,16.77
Hydrobates tethys,0.81,3.6,16.28
Hydrobates socorroensis,0.88,4.5,27.02
Hydrobates cheimomnestes,0.88,4.5,27.02
Hydrobates leucorhous,0.84,3.89,21.26
Hydrobates monorhis,0.83,4.03,18.98
Hydrobates macrodactylus,0.88,4.5,27.02
Hydrobates tristrami,0.87,4.63,25.97
Hydrobates markhami,0.85,4.26,19.61
Hydrobates furcatus,0.85,4.36,23.17
Hydrobates hornbyi,0.83,4.12,19.77
Diomedea sanfordi,0.94,9.29,48.66
Diomedea epomophora,0.95,9.48,47.94
Diomedea exulans,0.94,9.03,45.41
Diomedea antipodensis,0.94,9.03,45.57
Diomedea amsterdamensis,0.94,8.68,46.74
Diomedea dabbenena,0.94,9.03,43.97
Phoebetria fusca,0.95,7.19,34.03
Phoebetria palpebrata,0.95,7.5,36.91
Phoebastria irrorata,0.94,7.23,40.17
Phoebastria nigripes,0.93,7.53,43.86
Phoebastria immutabilis,0.94,7.13,44.06
Phoebastria albatrus,0.93,7.56,37.63
Thalassarche chlororhynchos,0.93,7.25,36.98
Thalassarche carteri,0.93,7.49,37.58
Thalassarche chrysostoma,0.94,8.15,41.01
Thalassarche melanophris,0.94,7.86,42.62
Thalassarche impavida,0.94,7.86,41.83
Thalassarche bulleri,0.94,7.79,36.91
Thalassarche cauta,0.94,8.32,38.26
Thalassarche steadi,0.93,8.65,39.68
Thalassarche eremita,0.94,8.32,38.97
Thalassarche salvini,0.94,8.32,39.64
Macronectes halli,0.92,6.57,38.87
Macronectes giganteus,0.91,6.36,38.25
Fulmarus glacialis,0.92,7.68,37.83
Fulmarus glacialoides,0.94,7.53,38.93
Thalassoica antarctica,0.89,3.01,19.55
Daption capense,0.91,4.18,23.54
Pagodroma nivea,0.9,4.06,28.02
Halobaena caerulea,0.86,2.35,21.24
Pachyptila vittata,0.87,5.08,20.42
Pachyptila salvini,0.85,4.87,20.09
Pachyptila macgillivrayi,0.85,5.4,23
Pachyptila desolata,0.85,4.8,20.05
Pachyptila belcheri,0.85,4.79,19.7
Pachyptila turtur,0.84,4.73,19.37
Pachyptila crassirostris,0.84,4.74,19.77
Aphrodroma brevirostris,0.87,2.63,20.05
Pterodroma rupinarum,0.88,6.6,23.27
Pterodroma leucoptera,0.86,4.78,18.44
Pterodroma brevipes,0.87,4.78,16.18
Pterodroma defilippiana,0.86,4.91,17.65
Pterodroma longirostris,0.86,4.75,16.14
Pterodroma cookii,0.87,4.96,18.25
Pterodroma pycrofti,0.86,4.85,16.01
Pterodroma hypoleuca,0.84,5.21,19.25
Pterodroma nigripennis,0.86,4.94,17.29
Pterodroma axillaris,0.87,4.79,20.17
Pterodroma ultima,0.9,5.79,19.12
Pterodroma solandri,0.89,6,20.98
Pterodroma neglecta,0.9,6.08,20.02
Pterodroma arminjoniana,0.89,5.8,19.54
Pterodroma heraldica,0.89,5.8,19.75
Pterodroma atrata,0.89,5.89,20.36
Pterodroma alba,0.88,5.34,18.16
Pterodroma baraui,0.89,5.82,20.71
Pterodroma inexpectata,0.89,5.45,24.21
Pterodroma sandwichensis,0.89,5.71,22.94
Pterodroma phaeopygia,0.89,5.71,20.88
Pterodroma cervicalis,0.89,5.94,19.92
Pterodroma externa,0.9,5.78,21.18
Pterodroma mollis,0.88,5.54,21.27
Pterodroma cahow,0.88,5.29,19.36
Pterodroma hasitata,0.88,5.31,20.91
Pterodroma caribbaea,0.88,5.36,23.27
Pterodroma feae,0.9,5.43,21.9
Pterodroma deserta,0.88,6.6,23.27
Pterodroma madeira,0.87,5.08,17.68
Pterodroma magentae,0.89,5.99,23.46
Pterodroma incerta,0.9,6.13,23.21
Pterodroma lessonii,0.9,6.49,25.63
Pterodroma macroptera,0.9,6.15,23.7
Pterodroma gouldi,0.88,6.6,23.27
Procellaria cinerea,0.94,7.24,33.97
Procellaria aequinoctialis,0.94,7.49,31.39
Procellaria conspicillata,0.94,7.38,29.32
Procellaria westlandica,0.94,7.47,31.18
Procellaria parkinsoni,0.93,6.72,24.53
Ardenna pacifica,0.89,4.79,21.78
Ardenna bulleri,0.91,4.6,20.65
Ardenna tenuirostris,0.9,5.15,23.37
Ardenna grisea,0.91,5.51,29.22
Ardenna gravis,0.91,5.59,25.87
Ardenna carneipes,0.92,4.88,24.32
Ardenna creatopus,0.92,5.08,25.93
Calonectris leucomelas,0.91,6.23,25.84
Calonectris diomedea,0.89,6.58,24.95
Calonectris borealis,0.92,8.35,28.82
Calonectris edwardsii,0.89,6.58,25.11
Puffinus nativitatis,0.92,5.21,25.09
Puffinus subalaris,0.92,5.65,19
Puffinus gavia,0.91,4.78,26.58
Puffinus huttoni,0.92,5.24,28.54
Puffinus opisthomelas,0.9,5.75,27.68
Puffinus bryani,0.92,5.65,24.69
Puffinus myrtae,0.91,5.3,25.18
Puffinus newelli,0.9,5.5,7
Puffinus auricularis,0.92,5.2,26.36
Puffinus bailloni,0.92,5.65,19
Puffinus persicus,0.92,5.65,19
Puffinus bannermani,0.92,5.65,19
Puffinus puffinus,0.9,5.87,25.81
Puffinus yelkouan,0.91,5.97,30.16
Puffinus mauretanicus,0.91,5.97,31.08
Puffinus elegans,0.92,5.65,24.69
Puffinus assimilis,0.9,4.86,24.06
Puffinus lherminieri,0.9,4.71,22.21
Puffinus heinrothi,0.92,6.04,26.37
Pseudobulweria macgillivrayi,0.8,1.77,13.32
Pseudobulweria aterrima,0.84,1.95,14.73
Pseudobulweria becki,0.85,2.17,15.72
Pseudobulweria rostrata,0.87,2.7,17.46
Bulweria bulwerii,0.9,3.81,17.51
Bulweria fallax,0.91,4.38,18.78
Bulweria bifax,0.95,5,22.92
Pelecanoides garnotii,0.84,2.4,20.02
Pelecanoides magellani,0.83,2.22,18.57
Pelecanoides georgicus,0.83,2.18,18.35
Pelecanoides urinatrix,0.82,2.28,18.7
Leptoptilos crumenifer,0.89,3.98,33.26
Leptoptilos dubius,0.86,3.68,33.74
Leptoptilos javanicus,0.88,3.98,34.52
Mycteria americana,0.85,3.8,20.39
Mycteria ibis,0.87,3.38,19.63
Mycteria leucocephala,0.88,3.97,22.08
Mycteria cinerea,0.87,4.05,20.58
Anastomus oscitans,0.83,2.48,17.82
Anastomus lamelligerus,0.81,2.46,16.42
Ciconia nigra,0.8,3.13,28.41
Ciconia abdimii,0.84,2.89,22.19
Ciconia microscelis,0.79,3.45,30.14
Ciconia episcopus,0.86,3.47,28.16
Ciconia stormi,0.85,3.7,27.28
Ciconia maguari,0.84,3.6,29.1
Ciconia ciconia,0.81,3.24,29.7
Ciconia boyciana,0.85,3.8,35.36
Jabiru mycteria,0.85,3.63,28.24
Ephippiorhynchus asiaticus,0.88,3.69,29.53
Ephippiorhynchus senegalensis,0.88,3.79,30.06
Platalea flavipes,0.85,3.08,20.78
Platalea ajaja,0.85,2.93,20.61
Platalea alba,0.9,3.23,21.79
Platalea leucorodia,0.87,3.17,22.83
Platalea minor,0.81,2.6,19.25
Platalea regia,0.89,3.31,24.31
Threskiornis solitarius,0.65,2.99,28.46
Threskiornis aethiopicus,0.85,2.79,23.08
Threskiornis bernieri,0.89,3.06,27.05
Threskiornis melanocephalus,0.84,3.02,28.39
Threskiornis moluccus,0.89,3.11,32.16
Threskiornis spinicollis,0.82,2.53,23.49
Pseudibis papillosa,0.82,2.28,25.99
Pseudibis davisoni,0.84,2.46,24.51
Thaumatibis gigantea,0.86,2.87,21.47
Geronticus eremita,0.83,2.86,21.59
Geronticus calvus,0.88,3.43,22.33
Nipponia nippon,0.84,3.01,20.15
Bostrychia olivacea,0.84,2.55,14.5
Bostrychia bocagei,0.84,2.55,14.43
Bostrychia rara,0.86,2.65,14.66
Bostrychia hagedash,0.86,2.73,15.31
Bostrychia carunculata,0.85,2.65,15.35
Theristicus caerulescens,0.86,2.84,23.97
Theristicus caudatus,0.86,2.8,23.04
Theristicus branickii,0.65,2.32,30.25
Theristicus melanopis,0.85,2.85,25.64
Cercibis oxycerca,0.87,2.63,18.61
Mesembrinibis cayennensis,0.81,2.13,15.82
Phimosus infuscatus,0.78,2.16,17.04
Eudocimus albus,0.82,2.18,23.81
Eudocimus ruber,0.85,2.03,20.25
Plegadis falcinellus,0.62,2.45,16.97
Plegadis chihi,0.6,2.4,16.53
Plegadis ridgwayi,0.64,2.56,17.75
Lophotibis cristata,0.79,2.03,15.51
Zonerodius heliosylus,0.8,2.38,17.65
Tigriornis leucolopha,0.86,3,19.13
Tigrisoma lineatum,0.81,2.81,16.35
Tigrisoma fasciatum,0.81,2.75,17.66
Tigrisoma mexicanum,0.84,3.43,20.55
Agamia agami,0.79,2.37,16.03
Cochlearius cochlearius,0.82,2.09,15.4
Zebrilus undulatus,0.73,1.46,11.94
Botaurus stellaris,0.72,1.42,13.6
Botaurus poiciloptilus,0.8,1.56,13.94
Botaurus lentiginosus,0.71,1.31,12.28
Botaurus pinnatus,0.78,1.57,12.32
Ixobrychus involucris,0.68,1.21,10.69
Ixobrychus exilis,0.65,1.32,12.06
Ixobrychus minutus,0.61,1.09,9.93
Ixobrychus dubius,0.65,1.5,9.97
Ixobrychus novaezelandiae,0.65,1.5,6
Ixobrychus sinensis,0.62,1.12,10.19
Ixobrychus eurhythmus,0.68,1.45,14.31
Ixobrychus cinnamomeus,0.64,1.35,12.05
Ixobrychus sturmii,0.71,1.36,10.96
Ixobrychus flavicollis,0.73,1.7,14.94
Gorsachius magnificus,0.75,1.95,15.24
Gorsachius goisagi,0.78,2.14,16.1
Gorsachius melanolophus,0.75,1.96,13.99
Calherodius leuconotus,0.74,2.21,15.06
Nycticorax duboisi,0.75,2.5,21.08
Nycticorax mauritianus,0.75,2.5,21.08
Nycticorax megacephalus,0.75,2.5,21.08
Nycticorax nycticorax,0.77,2.37,19.25
Nycticorax caledonicus,0.8,2.59,21.24
Nyctanassa violacea,0.75,2.09,11.52
Nyctanassa carcinocatactes,0.65,2,6.3
Butorides striata,0.71,1.97,12.72
Ardeola ralloides,0.73,2.02,9.87
Ardeola grayii,0.8,1.91,10.86
Ardeola bacchus,0.75,1.87,10.14
Ardeola speciosa,0.73,1.97,9.21
Ardeola idae,0.77,2.24,11.2
Ardeola rufiventris,0.77,2.12,10.15
Bubulcus ibis,0.74,1.95,16.28
Ardea cinerea,0.74,1.81,23.51
Ardea herodias,0.8,2.18,29.33
Ardea cocoi,0.79,2.08,23.81
Ardea pacifica,0.85,1.85,24.52
Ardea melanocephala,0.77,1.91,21.69
Ardea humbloti,0.84,2.25,26.52
Ardea insignis,0.77,1.9,23.62
Ardea sumatrana,0.87,2.53,27.71
Ardea goliath,0.86,2.74,30.09
Ardea purpurea,0.74,1.77,21.57
Ardea alba,0.76,1.76,22.3
Ardea brachyrhyncha,0.74,1.87,26.26
Ardea intermedia,0.73,1.62,19.89
Ardea plumifera,0.74,1.87,26.26
Syrigma sibilatrix,0.77,2.08,14.93
Pilherodius pileatus,0.79,2.37,16.25
Egretta picata,0.6,1.5,18.54
Egretta novaehollandiae,0.68,1.56,22.64
Egretta rufescens,0.63,1.71,22.13
Egretta ardesiaca,0.64,1.56,18.84
Egretta vinaceigula,0.6,1.45,17.98
Egretta tricolor,0.6,1.55,19.73
Egretta caerulea,0.6,1.33,16.31
Egretta thula,0.65,1.44,18.93
Egretta garzetta,0.55,1.24,14.9
Egretta gularis,0.64,1.36,16.33
Egretta sacra,0.65,1.47,19.83
Egretta eulophotes,0.66,1.53,20.68
Scopus umbretta,0.73,2.04,14.28
Balaeniceps rex,0.89,3.28,29.95
Pelecanus crispus,0.89,3.16,45.85
Pelecanus philippensis,0.84,2.48,33.24
Pelecanus rufescens,0.89,2.83,34.17
Pelecanus conspicillatus,0.89,2.95,38.75
Pelecanus onocrotalus,0.89,3.15,42.05
Pelecanus occidentalis,0.85,2.49,32.47
Pelecanus thagus,0.85,2.49,32.62
Pelecanus erythrorhynchos,0.88,2.85,41.46
Fregata ariel,0.88,4.77,22.75
Fregata minor,0.9,5.23,24.77
Fregata andrewsi,0.89,5.38,26.36
Fregata magnificens,0.9,5.39,26.79
Fregata aquila,0.9,5.48,26.64
Papasula abbotti,0.91,3.45,24.96
Morus bassanus,0.91,4.09,33.87
Morus capensis,0.92,3.99,30.56
Morus serrator,0.92,3.9,31.15
Sula sula,0.9,2.93,22.47
Sula leucogaster,0.88,3.16,22.41
Sula nebouxii,0.88,3.14,23.15
Sula variegata,0.87,2.99,23.29
Sula dactylatra,0.89,3.35,23.78
Sula granti,0.89,3.35,24.28
Microcarbo coronatus,0.85,2.86,16.27
Microcarbo africanus,0.81,2.48,13.17
Microcarbo pygmaeus,0.75,2.31,14.68
Microcarbo niger,0.74,2.08,11.83
Microcarbo melanoleucos,0.87,2.54,15.74
Poikilocarbo gaimardi,0.85,2.97,22.62
Leucocarbo magellanicus,0.85,2.98,21.71
Leucocarbo bougainvilliorum,0.89,3.43,21.92
Leucocarbo atriceps,0.89,3.07,24.07
Leucocarbo verrucosus,0.86,3,10.92
Leucocarbo carunculatus,0.92,3.35,14.96
Leucocarbo chalconotus,0.88,3.36,23.58
Leucocarbo onslowi,0.87,3.19,22.45
Leucocarbo campbelli,0.88,2.94,22.15
Leucocarbo ranfurlyi,0.91,3.2,24.64
Leucocarbo colensoi,0.89,2.95,23.25
Nannopterum auritus,0.83,1.61,18.96
Nannopterum brasilianus,0.83,1.49,15.42
Nannopterum harrisi,0.89,1.92,18.54
Urile penicillatus,0.81,2.88,20.69
Urile pelagicus,0.8,2.78,21.29
Urile urile,0.82,2.37,20.25
Phalacrocorax perspicillatus,0.81,2.5,20.6
Gulosus aristotelis,0.85,2.67,27.78
Phalacrocorax carbo,0.8,2.69,19.93
Phalacrocorax capillatus,0.78,2.54,21.38
Phalacrocorax capensis,0.82,2.52,19.51
Phalacrocorax nigrogularis,0.8,2.61,19.73
Phalacrocorax neglectus,0.87,2.73,20.4
Phalacrocorax fuscicollis,0.73,1.94,15.21
Phalacrocorax sulcirostris,0.78,2.24,17.26
Phalacrocorax fuscescens,0.83,2.63,20.95
Phalacrocorax varius,0.82,2.66,20.52
Phalacrocorax punctatus,0.84,2.25,20.17
Phalacrocorax featherstoni,0.83,2.19,19.78
Anhinga anhinga,0.79,2.34,15.35
Anhinga rufa,0.84,2.66,17.37
Anhinga melanogaster,0.84,2.66,18.21
Anhinga novaehollandiae,0.84,2.66,18.75
Burhinus oedicnemus,0.83,2.77,21.72
Burhinus indicus,0.83,1.99,23.96
Burhinus senegalensis,0.8,2.78,17.84
Burhinus vermiculatus,0.86,2.88,18.23
Burhinus capensis,0.87,3.05,18.86
Burhinus bistriatus,0.86,3.45,22.1
Burhinus superciliaris,0.84,2.75,19.25
Burhinus grallarius,0.86,3.14,20.47
Esacus recurvirostris,0.89,2.96,17.94
Esacus magnirostris,0.91,3.23,18.33
Chionis albus,0.8,3.76,24.9
Chionis minor,0.81,3.53,22.22
Pluvianellus socialis,0.78,1.83,14.38
Pluvianus aegyptius,0.79,1.75,11.84
Haematopus leucopodus,0.91,4.19,31.15
Haematopus ater,0.91,4,25.43
Haematopus palliatus,0.9,3.86,24.41
Haematopus meadewaldoi,0.91,3.98,31.9
Haematopus moquini,0.93,4.28,29.5
Haematopus ostralegus,0.88,3.48,27.39
Haematopus longirostris,0.92,4.18,28.49
Haematopus chathamensis,0.91,3.85,28.67
Haematopus unicolor,0.89,3.59,26.27
Haematopus fuliginosus,0.92,4.26,29.53
Ibidorhyncha struthersii,0.73,1.83,14.07
Cladorhynchus leucocephalus,0.8,1.96,13.15
Recurvirostra avosetta,0.78,1.54,18.44
Recurvirostra americana,0.76,1.48,19.08
Recurvirostra novaehollandiae,0.81,1.62,19.62
Recurvirostra andina,0.72,1.4,16.44
Himantopus himantopus,0.77,1.9,12.15
Himantopus novaezelandiae,0.81,2.02,14.24
Pluvialis squatarola,0.8,1.36,18.61
Pluvialis apricaria,0.77,1.27,17.28
Pluvialis fulva,0.75,1.16,16.04
Pluvialis dominica,0.76,1.18,16.25
Oreopholus ruficollis,0.69,1.56,11.86
Phegornis mitchellii,0.6,1.18,9.21
Eudromias morinellus,0.71,1.88,12.89
Charadrius aquilonius,0.73,1.17,15.91
Charadrius obscurus,0.82,1.36,18.36
Charadrius hiaticula,0.74,1.12,16.66
Charadrius semipalmatus,0.72,1.05,15.35
Charadrius placidus,0.72,1.07,14.51
Charadrius dubius,0.71,1.01,13.78
Charadrius wilsonia,0.75,1.13,13.47
Charadrius vociferus,0.74,1.16,15.95
Charadrius melodus,0.71,1.04,14.38
Charadrius thoracicus,0.72,0.89,10.75
Charadrius pecuarius,0.78,1.11,12.42
Charadrius sanctaehelenae,0.78,1.18,13.6
Charadrius tricollaris,0.78,1.09,12.63
Charadrius bifrontatus,0.73,1.17,15.91
Charadrius forbesi,0.71,1.04,11.57
Charadrius marginatus,0.8,1.19,13.41
Charadrius alexandrinus,0.75,1.11,14.52
Charadrius dealbatus,0.73,1.17,15.91
Charadrius nivosus,0.65,1.17,15.08
Charadrius javanicus,0.84,1.19,14.06
Charadrius ruficapillus,0.8,1.17,14.19
Charadrius peronii,0.77,1.11,12.58
Charadrius pallidus,0.78,1.11,13.45
Charadrius collaris,0.77,1.07,12.31
Charadrius alticola,0.69,0.98,12.11
Charadrius falklandicus,0.76,1.16,15.64
Charadrius bicinctus,0.75,1.14,15.16
Charadrius mongolus,0.77,1.21,15.78
Charadrius leschenaultii,0.76,1.2,15.99
Charadrius asiaticus,0.77,1.2,16.13
Charadrius veredus,0.77,1.24,16.88
Charadrius montanus,0.73,1.15,15.05
Charadrius modestus,0.8,1.3,17.45
Thinornis cucullatus,0.86,1.74,14.02
Thinornis novaeseelandiae,0.83,1.52,12.9
Elseyornis melanops,0.69,1.34,9.63
Hoploxypterus cayanus,0.75,1.64,10.83
Vanellus vanellus,0.75,1.7,18.55
Vanellus crassirostris,0.74,1.59,14.26
Vanellus armatus,0.78,1.72,16.14
Vanellus spinosus,0.77,1.78,16.25
Vanellus duvaucelii,0.7,1.42,13.8
Vanellus tectus,0.69,1.38,12.71
Vanellus malabaricus,0.71,1.66,18.36
Vanellus albiceps,0.79,1.79,15.79
Vanellus lugubris,0.7,1.49,13.32
Vanellus melanopterus,0.77,1.77,15.58
Vanellus coronatus,0.76,1.64,14.9
Vanellus senegallus,0.76,1.71,14.9
Vanellus melanocephalus,0.72,1.54,14.25
Vanellus superciliosus,0.71,1.55,13.81
Vanellus cinereus,0.71,1.61,17.04
Vanellus indicus,0.73,1.55,14.93
Vanellus macropterus,0.71,1.66,18.36
Vanellus tricolor,0.72,1.47,16.2
Vanellus miles,0.77,1.8,16.95
Vanellus novaehollandiae,0.71,1.66,18.36
Vanellus gregarius,0.72,1.62,17.22
Vanellus leucurus,0.72,1.54,15.94
Vanellus chilensis,0.72,1.68,15.88
Vanellus resplendens,0.69,1.54,14.64
Erythrogonys cinctus,0.7,1.4,10.23
Peltohyas australis,0.72,1.54,11.4
Anarhynchus frontalis,0.8,2.53,12.99
Pedionomus torquatus,0.68,1.09,11.15
Attagis gayi,0.73,1.72,16.08
Attagis malouinus,0.75,1.85,16.56
Thinocorus orbignyianus,0.64,1.41,13.43
Thinocorus rumicivorus,0.59,1.21,11.85
Rostratula benghalensis,0.77,1.18,11.99
Rostratula australis,0.77,1.06,13.36
Nycticryphes semicollaris,0.78,1.8,13.14
Jacana spinosa,0.7,1.44,10.18
Jacana jacana,0.67,1.5,9.25
Hydrophasianus chirurgus,0.7,1.16,11.96
Actophilornis africanus,0.78,1.84,12.62
Actophilornis albinucha,0.74,1.76,12.58
Metopidius indicus,0.69,1.5,13.69
Irediparra gallinacea,0.73,1.6,11.03
Microparra capensis,0.74,1.47,10.17
Bartramia longicauda,0.7,1.62,11.21
Numenius tahitiensis,0.8,2.16,20.54
Numenius phaeopus,0.8,2.25,18.96
Numenius minutus,0.7,1.7,14.72
Numenius borealis,0.76,1.99,22.02
Numenius tenuirostris,0.78,2.09,17.41
Numenius americanus,0.81,2.37,18.76
Numenius arquata,0.84,2.57,23.47
Numenius madagascariensis,0.82,2.52,20.87
Limosa lapponica,0.84,2.29,21.96
Limosa fedoa,0.84,2.29,20.66
Limosa haemastica,0.82,2.14,20.36
Limosa limosa,0.83,2.2,20.26
Arenaria interpres,0.82,1.96,15.45
Arenaria melanocephala,0.78,1.79,13.92
Calidris tenuirostris,0.79,2.04,20.46
Calidris canutus,0.77,1.96,18.36
Calidris virgata,0.77,2.02,18.31
Calidris pugnax,0.76,1.82,18.49
Calidris falcinellus,0.68,1.45,13.44
Calidris acuminata,0.71,1.62,15.17
Calidris himantopus,0.65,1.44,13.22
Calidris ferruginea,0.7,1.62,15.17
Calidris temminckii,0.65,1.32,12.3
Calidris subminuta,0.69,1.45,12.84
Calidris pygmaea,0.67,1.4,12.8
Calidris ruficollis,0.68,1.41,12.98
Calidris alba,0.72,1.61,15.13
Calidris alpina,0.7,1.55,14.34
Calidris ptilocnemis,0.72,1.69,15.25
Calidris maritima,0.71,1.62,14.98
Calidris bairdii,0.68,1.48,13.85
Calidris minuta,0.64,1.3,12.19
Calidris minutilla,0.65,1.32,11.96
Calidris fuscicollis,0.69,1.49,13.93
Calidris subruficollis,0.67,1.52,13.99
Calidris melanotos,0.72,1.68,15.68
Calidris pusilla,0.66,1.37,12.54
Calidris mauri,0.66,1.37,12.54
Prosobonia leucoptera,0.79,2.49,20.2
Prosobonia ellisi,0.79,2.49,20.2
Prosobonia cancellata,0.76,1.55,20.2
Prosobonia parvirostris,0.79,2.49,20.2
Limnodromus semipalmatus,0.82,1.72,16.85
Limnodromus griseus,0.73,1.3,13.52
Limnodromus scolopaceus,0.73,1.28,14.03
Scolopax rusticola,0.59,1.13,16.96
Scolopax mira,0.68,1.31,17.28
Scolopax saturata,0.68,1.22,14.19
Scolopax rosenbergii,0.68,1.22,14.41
Scolopax bukidnonensis,0.68,1.25,15.34
Scolopax celebensis,0.65,1.09,14.27
Scolopax rochussenii,0.65,1.09,14.24
Scolopax minor,0.56,1.03,14.74
Coenocorypha pusilla,0.76,1.66,12.59
Coenocorypha iredalei,0.79,2.49,20.2
Coenocorypha huegeli,0.79,2.49,20.2
Coenocorypha aucklandica,0.77,1.76,13.68
Coenocorypha barrierensis,0.79,2.49,20.2
Gallinago imperialis,0.74,1.17,12.63
Gallinago jamesoni,0.76,1.39,12.89
Gallinago stricklandii,0.76,1.51,16.47
Gallinago solitaria,0.65,1.15,13.23
Gallinago hardwickii,0.66,1.17,13.02
Gallinago nemoricola,0.68,1.17,13.4
Gallinago stenura,0.66,1.14,13.73
Gallinago megala,0.66,1.16,13.47
Gallinago nigripennis,0.75,1.35,13.31
Gallinago macrodactyla,0.71,1.26,15.91
Gallinago media,0.66,1.19,14.27
Gallinago gallinago,0.66,1.14,13.58
Gallinago delicata,0.58,1.25,10.82
Gallinago paraguaiae,0.68,1.18,11.75
Gallinago andina,0.68,1.18,11.83
Gallinago nobilis,0.77,1.43,13.12
Gallinago undulata,0.76,1.45,14.12
Lymnocryptes minimus,0.68,1.11,12.28
Steganopus tricolor,0.69,1.12,11.11
Phalaropus lobatus,0.68,1.02,9.65
Phalaropus fulicarius,0.71,1.1,10.62
Xenus cinereus,0.71,1.55,14.64
Actitis hypoleucos,0.65,1.67,13.6
Actitis macularius,0.63,1.65,11.87
Tringa ochropus,0.71,1.14,11.61
Tringa solitaria,0.68,1.05,10.77
Tringa brevipes,0.78,1.39,14.56
Tringa incana,0.78,1.35,14.2
Tringa semipalmata,0.81,1.59,15.36
Tringa flavipes,0.76,1.27,13.16
Tringa erythropus,0.79,1.46,15.54
Tringa nebularia,0.8,1.5,15.57
Tringa melanoleuca,0.8,1.46,14.85
Tringa totanus,0.79,1.4,13.82
Tringa glareola,0.72,1.15,11.71
Tringa stagnatilis,0.76,1.27,12.78
Tringa guttifer,0.79,1.46,14.72
Turnix sylvaticus,0.63,1.01,8.23
Turnix maculosus,0.63,0.99,10.25
Turnix tanki,0.58,0.97,10.86
Turnix nanus,0.69,1.03,8.9
Turnix hottentottus,0.62,1.04,11.61
Turnix ocellatus,0.69,1.19,11.06
Turnix suscitator,0.58,0.92,10.01
Turnix nigricollis,0.67,1.06,10.1
Turnix melanogaster,0.7,1.2,10.44
Turnix novaecaledoniae,0.69,1.03,8.9
Turnix varius,0.68,1.19,11.66
Turnix olivii,0.7,1.12,10.32
Turnix castanotus,0.69,1.12,10.51
Turnix pyrrhothorax,0.69,1.08,10.25
Turnix everetti,0.68,1.02,9.06
Turnix worcesteri,0.69,1.09,9.75
Turnix velox,0.62,0.98,10.7
Ortyxelos meiffrenii,0.65,1.2,9.08
Dromas ardeola,0.86,2.58,17.67
Smutsornis africanus,0.79,1.82,12.15
Rhinoptilus cinctus,0.77,1.75,11.45
Rhinoptilus chalcopterus,0.75,1.8,11.84
Rhinoptilus bitorquatus,0.78,1.8,12.19
Cursorius cursor,0.76,1.17,13.28
Cursorius somalensis,0.77,1.09,11.41
Cursorius rufus,0.75,1.03,11.61
Cursorius temminckii,0.75,1.02,10.51
Cursorius coromandelicus,0.75,1.04,11.63
Stiltia isabella,0.74,1.65,11.49
Glareola pratincola,0.75,1.17,12.63
Glareola maldivarum,0.76,1.19,12.92
Glareola nordmanni,0.69,1.05,12.34
Glareola ocularis,0.79,1.28,12.93
Glareola nuchalis,0.77,1.19,11.28
Glareola cinerea,0.78,1.12,10.54
Glareola lactea,0.73,1.05,10.85
Anous stolidus,0.83,2.33,21.6
Anous tenuirostris,0.81,2.13,19.75
Anous minutus,0.81,2.13,19.68
Anous ceruleus,0.78,1.84,16.83
Anous albivittus,0.78,1.75,17.47
Gygis alba,0.81,3.35,21.32
Gygis microrhyncha,0.81,3.35,21.33
Rynchops niger,0.74,2.74,17.29
Rynchops flavirostris,0.74,2.63,15.81
Rynchops albicollis,0.68,2.42,15.98
Saundersilarus saundersi,0.79,2.01,15.28
Hydrocoloeus minutus,0.78,1.6,17.39
Rhodostethia rosea,0.79,1.99,17.31
Creagrus furcatus,0.92,4.27,20.49
Xema sabini,0.83,2.38,13.79
Pagophila eburnea,0.85,2.58,24.15
Rissa brevirostris,0.81,3.79,24.34
Rissa tridactyla,0.84,3.6,25.7
Larus philadelphia,0.82,2.57,19.96
Larus genei,0.85,2.83,20.29
Larus brunnicephalus,0.83,3.36,21.82
Larus ridibundus,0.85,3.01,20.09
Larus serranus,0.8,3.08,18.5
Larus maculipennis,0.85,3,19.14
Larus hartlaubii,0.85,3.18,19.73
Larus cirrocephalus,0.83,3.22,19.14
Larus novaehollandiae,0.86,2.92,19.9
Larus bulleri,0.85,2.83,20.1
Larus modestus,0.86,3.12,18.45
Larus scoresbii,0.84,3.43,23.33
Larus pipixcan,0.83,2.72,20.55
Larus atricilla,0.82,3.09,19.17
Larus fuliginosus,0.86,3.35,18.59
Larus ichthyaetus,0.88,4.32,28.62
Larus relictus,0.84,3.39,22.69
Larus melanocephalus,0.81,2.98,19.87
Larus hemprichii,0.85,3.47,20.56
Larus leucophthalmus,0.84,3.13,18.73
Larus audouinii,0.83,3.32,21.68
Larus heermanni,0.86,3.68,22.3
Larus pacificus,0.87,3.95,25.43
Larus crassirostris,0.84,3.48,22.71
Larus belcheri,0.85,3.44,20.76
Larus atlanticus,0.88,3.58,22.91
Larus delawarensis,0.83,3.3,22.57
Larus canus,0.85,2.94,22.87
Larus livens,0.88,4.12,25.62
Larus occidentalis,0.85,3.69,23.92
Larus californicus,0.87,3.25,24.45
Larus dominicanus,0.86,3.72,24.23
Larus fuscus,0.85,3.7,26.59
Larus argentatus,0.86,3.97,28.06
Larus armenicus,0.85,3.65,23.89
Larus michahellis,0.87,3.97,26.36
Larus cachinnans,0.87,3.98,26.52
Larus smithsonianus,0.86,4,32.08
Larus glaucoides,0.86,3.75,27.6
Larus schistisagus,0.86,3.97,27.46
Larus glaucescens,0.86,3.94,27.45
Larus hyperboreus,0.88,4.24,31.25
Larus marinus,0.89,3.86,29.82
Onychoprion aleuticus,0.77,3.3,27.25
Onychoprion fuscatus,0.81,3.74,24.67
Onychoprion anaethetus,0.8,3.56,23.28
Onychoprion lunatus,0.83,3.7,24.19
Sternula albifrons,0.83,2.32,20.33
Sternula saundersi,0.86,2.12,17.84
Sternula antillarum,0.86,2.15,19.4
Sternula superciliaris,0.8,2.03,15.69
Sternula lorata,0.86,2.48,19.33
Sternula nereis,0.87,2.62,21.62
Sternula balaenarum,0.86,2.63,21.09
Phaetusa simplex,0.8,2.27,15.75
Gelochelidon nilotica,0.79,3.81,18.07
Gelochelidon macrotarsa,0.77,5,20
Hydroprogne caspia,0.86,2.97,23.44
Larosterna inca,0.79,2.33,19.89
Chlidonias albostriatus,0.63,2.16,18.29
Chlidonias hybrida,0.6,2.02,15.5
Chlidonias leucopterus,0.62,1.76,15.27
Chlidonias niger,0.58,1.93,16.99
Sterna aurantia,0.87,2.32,22.43
Sterna dougallii,0.85,2.59,20.63
Sterna striata,0.85,2.66,24.47
Sterna sumatrana,0.83,2.46,19.83
Sterna hirundinacea,0.84,2.65,24.81
Sterna hirundo,0.84,2.56,24.8
Sterna repressa,0.81,2.29,19.86
Sterna paradisaea,0.82,2.39,24.87
Sterna vittata,0.86,2.7,26.06
Sterna virgata,0.89,2.47,25.53
Sterna forsteri,0.83,2.53,24.34
Sterna trudeaui,0.82,2.45,22.76
Sterna acuticauda,0.81,2.27,20
Thalasseus bengalensis,0.9,2.35,19.37
Thalasseus bernsteini,0.87,2.58,21.69
Thalasseus elegans,0.89,2.63,22.35
Thalasseus sandvicensis,0.87,2.4,18.52
Thalasseus maximus,0.9,2.88,22.76
Thalasseus bergii,0.88,2.55,20.09
Stercorarius longicaudus,0.84,3.15,21.28
Stercorarius parasiticus,0.86,3.43,23.02
Stercorarius pomarinus,0.87,3.74,25.27
Catharacta skua,0.91,5.26,29.09
Catharacta maccormicki,0.91,5.27,29.56
Catharacta antarctica,0.92,5.48,28.53
Catharacta chilensis,0.92,5.28,27.4
Cerorhinca monocerata,0.85,2.98,16.21
Fratercula cirrhata,0.89,4.37,18.54
Fratercula arctica,0.89,4.15,18.46
Fratercula corniculata,0.9,4.07,17.45
Ptychoramphus aleuticus,0.83,2.78,16.91
Aethia psittacula,0.89,3.31,16.66
Aethia pusilla,0.85,2.63,13.34
Aethia pygmaea,0.86,2.78,13.87
Aethia cristatella,0.89,3.28,16.53
Brachyramphus perdix,0.88,2.44,12.35
Brachyramphus marmoratus,0.88,2.44,12.34
Brachyramphus brevirostris,0.86,2.6,13.82
Cepphus grylle,0.84,3.1,21.75
Cepphus columba,0.84,3.19,21.57
Cepphus carbo,0.85,3.26,21.24
Synthliboramphus antiquus,0.81,2.41,9.83
Synthliboramphus wumizusume,0.81,2.36,9.1
Synthliboramphus scrippsi,0.77,2,18.92
Synthliboramphus hypoleucus,0.77,2.4,9.29
Synthliboramphus craveri,0.76,2.36,8.99
Alca torda,0.89,4.06,31.55
Pinguinus impennis,0.79,2.49,20.2
Alle alle,0.87,3.97,17.94
Uria lomvia,0.9,4.07,31.14
Uria aalge,0.9,4.09,30.18
Phodilus badius,0.72,1.91,13.67
Phodilus assimilis,0.74,1.36,18.23
Phodilus prigoginei,0.77,1.89,13.44
Tyto capensis,0.56,1.04,17.04
Tyto longimembris,0.53,0.99,16.57
Tyto tenebricosa,0.74,1.53,23.17
Tyto multipunctata,0.49,1,23.14
Tyto novaehollandiae,0.68,1.35,22.19
Tyto aurantia,0.65,1.15,19.94
Tyto almae,0.49,1,23.14
Tyto nigrobrunnea,0.66,1.15,19.75
Tyto inexspectata,0.66,1.15,19.68
Tyto rosenbergii,0.66,1.15,19.77
Tyto soumagnei,0.6,1.02,18.32
Tyto alba,0.61,1.15,17.71
Tyto glaucops,0.58,1.12,18.74
Ninox rufa,0.85,2.94,21.63
Ninox strenua,0.85,3.04,24.89
Ninox connivens,0.82,2.57,20.51
Ninox rudolfi,0.81,1.91,14.8
Ninox boobook,0.78,1.84,14.79
Ninox leucopsis,0.62,1.36,17.25
Ninox novaeseelandiae,0.77,1.8,15.48
Ninox japonica,0.62,1.36,17.25
Ninox scutulata,0.75,1.75,13.74
Ninox randi,0.62,1.36,17.25
Ninox obscura,0.62,1.36,17.25
Ninox affinis,0.8,1.91,14.89
Ninox philippensis,0.75,1.54,13.33
Ninox spilocephala,0.62,1.36,17.25
Ninox leventisi,0.62,1.36,17.25
Ninox reyi,0.62,1.36,17.25
Ninox rumseyi,0.62,1.36,17.25
Ninox spilonotus,0.62,1.36,17.25
Ninox mindorensis,0.62,1.36,17.25
Ninox sumbaensis,0.74,1.47,11.45
Ninox burhani,0.76,1.5,11.39
Ninox ochracea,0.81,1.91,14.5
Ninox ios,0.75,1.46,11.1
Ninox hypogramma,0.62,1.36,17.25
Ninox hantu,0.62,1.36,17.25
Ninox squamipila,0.8,2,14.47
Ninox forbesi,0.62,1.36,17.25
Ninox natalis,0.8,1.95,14.5
Ninox meeki,0.79,1.73,13.17
Ninox theomacha,0.78,1.81,13.16
Ninox punctulata,0.78,1.63,12.39
Ninox odiosa,0.79,1.69,14.3
Ninox variegata,0.81,1.91,14.57
Ninox jacquinoti,0.79,1.72,13.23
Ninox granti,0.62,1.36,17.25
Ninox malaitae,0.62,1.36,17.25
Ninox roseoaxillaris,0.62,1.36,17.25
Uroglaux dimorpha,0.8,1.79,14
Sceloglaux albifacies,0.62,1.36,18.23
Mascarenotus grucheti,0.62,1.36,18.23
Mascarenotus murivorus,0.62,1.36,18.23
Mascarenotus sauzieri,0.62,1.36,18.23
Surnia ulula,0.56,1.11,14.65
Glaucidium passerinum,0.55,0.94,8.6
Glaucidium brodiei,0.57,1.02,8.03
Glaucidium perlatum,0.72,1.15,7.87
Glaucidium tephronotum,0.73,1.17,8.03
Glaucidium sjostedti,0.78,1.39,9.2
Glaucidium cuculoides,0.71,1.27,9.68
Glaucidium castanopterum,0.68,1.05,7.57
Glaucidium radiatum,0.73,1.2,8.85
Glaucidium castanotum,0.75,1.07,7.75
Glaucidium capense,0.76,1.3,9.19
Glaucidium castaneum,0.76,1.04,8.2
Glaucidium albertinum,0.74,1.01,7.2
Glaucidium gnoma,0.62,0.97,7.51
Glaucidium californicum,0.63,1.09,8.79
Glaucidium cobanense,0.62,1,6
Glaucidium hoskinsii,0.62,1,6
Glaucidium costaricanum,0.71,1.11,7.82
Glaucidium nubicola,0.74,0.99,7.84
Glaucidium jardinii,0.74,0.96,7.59
Glaucidium bolivianum,0.69,0.95,7.79
Glaucidium palmarum,0.65,1.08,8.2
Glaucidium sanchezi,0.71,1.05,8.68
Glaucidium griseiceps,0.65,1.11,8.14
Glaucidium parkeri,0.71,1.07,7.83
Glaucidium hardyi,0.72,0.96,6.97
Glaucidium minutissimum,0.7,0.93,7.03
Glaucidium mooreorum,0.71,0.94,6.84
Glaucidium brasilianum,0.7,1.09,7.74
Glaucidium tucumanum,0.62,1,6
Glaucidium peruanum,0.68,0.91,7.67
Glaucidium nana,0.61,1.1,9.33
Glaucidium siju,0.69,1.08,8.05
Xenoglaux loweryi,0.71,1.31,9.34
Micrathene whitneyi,0.65,1.09,7.43
Athene cunicularia,0.44,0.92,9.4
Athene brama,0.71,1.21,11.55
Athene noctua,0.7,1.22,12.72
Athene superciliaris,0.71,1.34,12.81
Heteroglaux blewitti,0.76,1.97,14.65
Aegolius funereus,0.65,1.38,13.68
Aegolius gradyi,0.67,1.25,12.65
Aegolius acadicus,0.56,1.16,11.44
Aegolius ridgwayi,0.6,1.15,9.97
Aegolius harrisii,0.77,1.41,12.87
Otus sagittatus,0.58,1.11,8.33
Otus rufescens,0.58,0.97,8.84
Otus thilohoffmanni,0.6,1.04,9.61
Otus icterorhynchus,0.58,0.96,8.79
Otus ireneae,0.55,0.89,8.24
Otus gurneyi,0.65,1.22,11.3
Otus semitorques,0.47,1.01,10.7
Otus lettia,0.51,1.04,10.52
Otus lempiji,0.55,1.04,9.93
Otus bakkamoena,0.54,1.1,8.82
Otus megalotis,0.65,1.29,9.68
Otus nigrorum,0.5,1,10.93
Otus everetti,0.5,1,14.5
Otus fuliginosus,0.6,1.06,9.9
Otus mentawi,0.61,1.06,9.7
Otus silvicola,0.6,1.06,9.87
Otus enganensis,0.6,1.03,9.5
Otus umbra,0.59,1.01,9.26
Otus alius,0.6,1.03,10.58
Otus balli,0.6,1.2,8.89
Otus alfredi,0.6,1.06,9.87
Otus spilocephalus,0.56,1.06,8.16
Otus angelinae,0.62,1.15,8.29
Otus brookii,0.65,1.24,8.78
Otus pamelae,0.5,1,10.93
Otus pembaensis,0.61,1.06,9.79
Otus senegalensis,0.57,1.02,7.37
Otus feae,0.5,1,10.93
Otus hartlaubi,0.58,0.97,8.88
Otus scops,0.51,1.01,8.83
Otus brucei,0.46,0.92,7.93
Otus longicornis,0.6,1.11,8.37
Otus mirus,0.56,0.92,8.64
Otus mindorensis,0.6,1.06,9.99
Otus rutilus,0.53,0.99,7.9
Otus mayottensis,0.58,1.02,9.61
Otus capnodes,0.59,1.05,9.9
Otus pauliani,0.56,0.95,8.93
Otus moheliensis,0.59,1.03,9.67
Otus socotranus,0.5,1,10.93
Otus insularis,0.6,1.03,10.52
Otus sunia,0.48,0.94,7.88
Otus elegans,0.58,1.11,8.89
Otus siaoensis,0.63,1.12,10.28
Otus manadensis,0.59,0.99,9.12
Otus mendeni,0.5,1,10.93
Otus sulaensis,0.5,1,10.93
Otus collari,0.58,0.98,9.02
Otus mantananensis,0.59,1.03,9.67
Otus magicus,0.58,1.07,10.31
Otus jolandae,0.5,1,10.93
Otus tempestatis,0.5,1,10.93
Otus beccarii,0.63,1.12,10.23
Pyrroglaux podargina,0.76,1.57,11.22
Ptilopsis leucotis,0.75,2.02,13.89
Ptilopsis granti,0.75,1.67,12.69
Asio stygius,0.84,1.76,24.53
Asio otus,0.65,1.14,20.13
Asio abyssinicus,0.79,1.17,19.97
Asio madagascariensis,0.78,1.17,20.73
Asio clamator,0.8,1.55,22.22
Asio flammeus,0.59,1.03,18.81
Asio capensis,0.82,1.67,23.45
Pseudoscops grammicus,0.82,2.19,15.02
Nesasio solomonensis,0.84,2.66,18.98
Psiloscops flammeolus,0.67,1.12,9.63
Megascops kennicottii,0.58,0.99,15.96
Megascops seductus,0.68,1.07,16.48
Megascops cooperi,0.64,1.1,14.11
Megascops asio,0.68,1.16,18.06
Megascops trichopsis,0.63,1.03,13.53
Megascops choliba,0.7,1.2,14.77
Megascops roboratus,0.69,1.05,14.13
Megascops koepckeae,0.68,1.03,14.15
Megascops clarkii,0.7,1.1,14.93
Megascops barbarus,0.57,0.91,11.96
Megascops colombianus,0.71,1.08,16.03
Megascops ingens,0.7,1.1,15
Megascops petersoni,0.68,1,13.42
Megascops marshalli,0.66,1,13.85
Megascops watsonii,0.69,1.05,14.18
Megascops guatemalae,0.67,1.13,14.54
Megascops vermiculatus,0.58,1,19.84
Megascops hoyi,0.63,1.02,14.4
Megascops atricapilla,0.66,1.04,14.62
Megascops sanctaecatarinae,0.67,1.09,17.28
Megascops nudipes,0.72,1.26,15.72
Megascops albogularis,0.68,1.1,14.7
Margarobyas lawrencii,0.76,1.71,11.93
Pulsatrix perspicillata,0.84,2.86,21.32
Pulsatrix koeniswaldiana,0.81,2.48,19.8
Pulsatrix melanota,0.82,2.41,19.98
Strix seloputo,0.85,2.5,21.58
Strix ocellata,0.83,2.22,20.19
Strix leptogrammica,0.87,2.68,23.4
Strix aluco,0.8,1.99,20.66
Strix nivicolum,0.82,1,21.5
Strix hadorami,0.78,1.78,16.45
Strix butleri,0.82,2,22.12
Strix occidentalis,0.82,2.24,21.48
Strix varia,0.81,2.16,21.88
Strix fulvescens,0.85,2.06,19.37
Strix hylophila,0.81,2.02,18.73
Strix chacoensis,0.79,1.78,18.06
Strix rufipes,0.82,2.06,20.46
Strix uralensis,0.83,2.28,24.05
Strix nebulosa,0.77,2,22.51
Strix woodfordii,0.85,2,16.55
Jubula lettii,0.75,1.62,11.88
Lophostrix cristata,0.83,2.08,14.68
Bubo scandiacus,0.79,1.84,33.5
Bubo virginianus,0.83,2.04,30.63
Bubo magellanicus,0.83,1.83,27.15
Bubo bubo,0.85,2.09,34.17
Bubo ascalaphus,0.86,2.16,31.65
Bubo bengalensis,0.8,1.69,25.4
Bubo capensis,0.84,1.91,27.64
Bubo africanus,0.82,1.52,21.3
Bubo cinerascens,0.79,1.49,21.68
Bubo poensis,0.82,1.42,20.11
Bubo lacteus,0.87,2.25,29.92
Bubo shelleyi,0.86,1.86,25.29
Bubo sumatranus,0.87,1.75,23.49
Bubo nipalensis,0.87,2.15,30.26
Bubo coromandus,0.85,1.99,28.97
Bubo leucostictus,0.81,1.37,19.29
Bubo philippensis,0.85,1.89,26.41
Bubo blakistoni,0.83,1.84,29.64
Ketupa zeylonensis,0.84,2.92,20.56
Ketupa flavipes,0.88,3.51,24.88
Ketupa ketupu,0.86,3.13,20.69
Scotopelia peli,0.9,3.72,24.25
Scotopelia ussheri,0.8,2.37,17.64
Scotopelia bouvieri,0.83,2.72,17.65
Ciccaba virgata,0.8,2.32,15.17
Ciccaba nigrolineata,0.85,2.43,15.98
Ciccaba huhula,0.81,1.94,13.76
Ciccaba albitarsis,0.83,2.04,15.92
Cathartes aura,0.81,3.03,19.02
Cathartes burrovianus,0.77,2.59,17
Cathartes melambrotus,0.82,2.9,17.97
Coragyps atratus,0.88,6.12,23.05
Sarcoramphus papa,0.9,3.94,30.86
Gymnogyps californianus,0.92,6.22,38.19
Vultur gryphus,0.93,5.13,51
Sagittarius serpentarius,0.9,3.58,21.08
Pandion haliaetus,0.83,3.08,28.36
Elanus caeruleus,0.71,1.86,7.89
Elanus axillaris,0.75,2.03,9.12
Elanus leucurus,0.75,2.16,9.37
Elanus scriptus,0.74,2.01,9.05
Gampsonyx swainsonii,0.71,1.73,11.85
Chelictinia riocourii,0.68,1.51,10.74
Leptodon cayanensis,0.83,2.22,16.37
Leptodon forbesi,0.83,2.05,16.23
Chondrohierax uncinatus,0.83,2.21,14.2
Chondrohierax wilsonii,0.83,2.21,15.09
Elanoides forficatus,0.83,2.8,15.37
Pernis apivorus,0.85,2.43,24.94
Pernis ptilorhynchus,0.86,2.63,24.9
Pernis celebensis,0.86,2.4,20.29
Pernis steerei,0.86,2.49,29
Hamirostra melanosternon,0.84,3.08,21.65
Lophoictinia isura,0.8,2.57,17.94
Henicopernis longicauda,0.83,2.11,14.91
Henicopernis infuscatus,0.84,2.15,16.82
Aviceda cuculoides,0.76,2.22,14.75
Aviceda madagascariensis,0.77,2.04,15.06
Aviceda jerdoni,0.81,2.14,14.23
Aviceda subcristata,0.81,2.06,15.62
Aviceda leuphotes,0.76,1.9,13.42
Eutriorchis astur,0.88,3.47,23.42
Polyboroides typus,0.82,2.88,17.33
Polyboroides radiatus,0.84,2.68,16.7
Gypohierax angolensis,0.86,3.76,24.75
Gypaetus barbatus,0.9,4.75,34.13
Neophron percnopterus,0.85,4.42,28.53
Spilornis cheela,0.84,2.8,18.96
Spilornis holospilus,0.85,2.89,19.22
Spilornis klossi,0.83,2.56,18.26
Spilornis kinabaluensis,0.86,3.06,19.75
Spilornis rufipectus,0.84,2.56,18.01
Spilornis elgini,0.8,2.43,18.34
Dryotriorchis spectabilis,0.8,2.32,17.04
Terathopius ecaudatus,0.89,3.62,32.95
Pithecophaga jefferyi,0.91,5.43,34.71
Circaetus gallicus,0.86,3.67,17.26
Circaetus beaudouini,0.87,3.6,15.14
Circaetus pectoralis,0.87,3.58,15.02
Circaetus cinereus,0.87,3.81,15.54
Circaetus fasciolatus,0.86,3.32,13.92
Circaetus cinerascens,0.86,3.38,13.66
Sarcogyps calvus,0.9,4.16,28.77
Trigonoceps occipitalis,0.89,3.85,24.44
Necrosyrtes monachus,0.88,3.56,22.98
Gyps himalayensis,0.91,6,28.35
Gyps bengalensis,0.9,5.12,23.25
Gyps africanus,0.91,5.34,22.3
Gyps indicus,0.91,5.36,24.22
Gyps tenuirostris,0.91,5.36,24.32
Gyps coprotheres,0.91,5.79,26.57
Gyps rueppelli,0.92,5.68,24.39
Gyps fulvus,0.91,5.68,26.98
Aegypius monachus,0.91,4.94,34.09
Torgos tracheliotos,0.91,5.52,28.91
Macheiramphus alcinus,0.88,3.12,20.23
Harpyopsis novaeguineae,0.88,3.47,25.36
Morphnus guianensis,0.86,3.2,21.38
Harpia harpyja,0.89,4.65,21.72
Stephanoaetus coronatus,0.89,4.62,21.15
Nisaetus nipalensis,0.88,3.84,26.91
Nisaetus bartelsi,0.87,3.3,21.55
Nisaetus nanus,0.84,2.76,17.59
Nisaetus alboniger,0.85,2.98,19.13
Nisaetus lanceolatus,0.87,3.3,21.12
Nisaetus philippensis,0.84,2.67,19.45
Nisaetus pinskeri,0.75,3.27,22.69
Nisaetus cirrhatus,0.87,3.34,22.28
Nisaetus floris,0.85,2.79,19.96
Lophotriorchis kienerii,0.85,2.96,19.5
Polemaetus bellicosus,0.9,4.7,23.08
Spizaetus tyrannus,0.86,3.1,20.03
Spizaetus melanoleucus,0.83,2.51,17.91
Spizaetus ornatus,0.87,3.21,20.81
Spizaetus isidori,0.89,3.87,25.08
Ictinaetus malaiensis,0.86,3.11,20.56
Lophaetus occipitalis,0.85,3.02,19.39
Clanga pomarina,0.83,3.39,25
Clanga hastata,0.87,3.66,23.68
Clanga clanga,0.85,3.71,27.9
Aquila rapax,0.88,4.17,29.79
Aquila nipalensis,0.88,4.33,35.99
Aquila adalberti,0.88,4.24,35.01
Aquila heliaca,0.87,4.29,36.87
Aquila gurneyi,0.91,4.56,32.85
Aquila chrysaetos,0.89,4.73,40.56
Aquila audax,0.9,4.72,36.15
Aquila verreauxii,0.9,4.72,34.39
Aquila fasciata,0.89,4.22,32.54
Aquila spilogaster,0.87,3.84,27.35
Aquila africana,0.87,3.73,26.23
Hieraaetus wahlbergi,0.83,2.53,15.49
Hieraaetus pennatus,0.81,2.46,17.79
Hieraaetus weiskei,0.83,2.51,14.34
Hieraaetus morphnoides,0.84,2.53,16.94
Hieraaetus ayresii,0.84,2.65,16.23
Kaupifalco monogrammicus,0.81,2.03,11.24
Melierax metabates,0.84,2.76,17.91
Melierax canorus,0.82,2.64,18.95
Melierax poliopterus,0.83,2.72,17.7
Micronisus gabar,0.76,2.02,13.38
Harpagus bidentatus,0.8,2.01,13.02
Harpagus diodon,0.78,1.98,13.65
Circus aeruginosus,0.74,2.59,17.81
Circus spilonotus,0.76,2.61,18.46
Circus spilothorax,0.73,2.3,16.87
Circus approximans,0.82,3.1,19.64
Circus ranivorus,0.78,2.62,15.38
Circus maillardi,0.82,2.98,17.51
Circus macrosceles,0.85,3.27,19.15
Circus buffoni,0.76,2.62,15.84
Circus assimilis,0.81,2.88,17.19
Circus maurus,0.76,2.62,16.37
Circus cyaneus,0.71,2.31,16.38
Circus hudsonius,0.73,1.6,16.42
Circus cinereus,0.74,2.5,15.97
Circus macrourus,0.71,2.3,15.88
Circus melanoleucos,0.7,2.24,15.36
Circus pygargus,0.71,2.29,15.58
Accipiter poliogaster,0.82,2.49,17.75
Accipiter trivirgatus,0.78,2.02,14.09
Accipiter griseiceps,0.77,1.8,12.7
Accipiter toussenelii,0.74,1.72,12.72
Accipiter tachiro,0.78,2.09,14.66
Accipiter castanilius,0.72,1.58,11.58
Accipiter badius,0.68,1.63,11.42
Accipiter butleri,0.78,1.9,13.61
Accipiter brevipes,0.66,1.62,13.34
Accipiter soloensis,0.65,1.58,12.38
Accipiter francesiae,0.75,1.56,11.15
Accipiter trinotatus,0.75,1.62,11.45
Accipiter sylvestris,0.55,1.89,15.19
Accipiter hiogaster,0.55,1.89,11.06
Accipiter novaehollandiae,0.77,2.03,14.99
Accipiter poliocephalus,0.8,2.1,13.81
Accipiter princeps,0.8,1.67,13.09
Accipiter fasciatus,0.78,2.07,15.15
Accipiter melanochlamys,0.77,1.82,12.93
Accipiter albogularis,0.77,1.79,12.87
Accipiter haplochrous,0.73,1.77,13
Accipiter rufitorques,0.75,1.86,13.28
Accipiter henicogrammus,0.79,1.9,13.35
Accipiter luteoschistaceus,0.76,1.74,12.43
Accipiter imitator,0.76,1.76,12.56
Accipiter erythropus,0.73,1.7,11.45
Accipiter minullus,0.72,1.63,11.2
Accipiter gularis,0.66,1.54,12.77
Accipiter virgatus,0.65,1.53,11.46
Accipiter nanus,0.8,1.72,12.03
Accipiter erythrauchen,0.75,1.64,11.58
Accipiter cirrocephalus,0.7,1.64,12.33
Accipiter brachyurus,0.74,1.61,11.5
Accipiter rhodogaster,0.75,1.67,11.82
Accipiter madagascariensis,0.72,1.74,12.66
Accipiter ovampensis,0.73,1.76,12.34
Accipiter nisus,0.65,1.61,13.91
Accipiter rufiventris,0.73,1.77,12.3
Accipiter striatus,0.62,1.45,11.6
Accipiter cooperii,0.69,1.83,15
Accipiter gundlachi,0.78,2.16,16.05
Accipiter bicolor,0.76,2.06,14.11
Accipiter henstii,0.84,2.65,18.72
Accipiter melanoleucus,0.79,2.27,15.6
Accipiter gentilis,0.77,2.27,19.15
Accipiter meyerianus,0.8,2.31,15.83
Accipiter collaris,0.79,1.9,13.4
Accipiter superciliosus,0.73,1.67,11.32
Erythrotriorchis buergersi,0.82,2.33,16.58
Erythrotriorchis radiatus,0.85,2.91,20.01
Megatriorchis doriae,0.84,2.59,18.4
Urotriorchis macrourus,0.78,2.17,15.92
Haliaeetus leucogaster,0.91,4.46,22.95
Haliaeetus sanfordi,0.91,4.13,21.84
Haliaeetus vocifer,0.91,4.62,22.99
Haliaeetus vociferoides,0.91,4.51,23.85
Haliaeetus leucoryphus,0.86,3.93,21.72
Haliaeetus albicilla,0.91,4.93,30.63
Haliaeetus leucocephalus,0.91,4.93,29.97
Haliaeetus pelagicus,0.92,5.44,33.55
Icthyophaga humilis,0.82,2.63,18.06
Icthyophaga ichthyaetus,0.88,3.44,23.55
Haliastur sphenurus,0.86,2.52,23.31
Haliastur indus,0.84,2.18,19.58
Milvus milvus,0.74,2.54,27.5
Milvus migrans,0.75,2.49,25.12
Busarellus nigricollis,0.85,2.94,19.27
Geranospiza caerulescens,0.79,2.26,15.19
Butastur rufipennis,0.8,2.03,10.88
Butastur teesa,0.76,1.97,11.49
Butastur liventer,0.78,2.06,11.41
Butastur indicus,0.75,2.07,13.05
Ictinia mississippiensis,0.79,2.03,13.46
Ictinia plumbea,0.8,2.07,12.26
Rostrhamus sociabilis,0.83,2.04,15.5
Helicolestes hamatus,0.83,2.3,14.86
Rupornis magnirostris,0.8,2.3,15.36
Parabuteo unicinctus,0.77,3.19,16.6
Parabuteo leucorrhous,0.73,2.68,14.27
Cryptoleucopteryx plumbea,0.81,2.25,15.99
Buteogallus schistaceus,0.75,2.25,13.5
Buteogallus anthracinus,0.82,2.6,16.99
Buteogallus gundlachii,0.79,2.22,15.35
Buteogallus aequinoctialis,0.86,2.38,14.14
Buteogallus meridionalis,0.84,2.71,16.79
Buteogallus lacernulatus,0.81,2.1,13.83
Buteogallus urubitinga,0.85,2.79,17.25
Buteogallus solitarius,0.89,3.5,20.97
Buteogallus coronatus,0.75,2.25,13.5
Morphnarchus princeps,0.84,2.59,18.29
Geranoaetus albicaudatus,0.82,2.94,16.29
Geranoaetus polyosoma,0.75,3,24.25
Geranoaetus melanoleucus,0.87,3.57,20.92
Pseudastur albicollis,0.85,2.89,18.64
Pseudastur occidentalis,0.82,2.39,16.93
Pseudastur polionotus,0.8,2.34,17.33
Leucopternis semiplumbeus,0.78,2.03,14.62
Leucopternis melanops,0.76,1.98,14.61
Leucopternis kuhli,0.79,2.12,15.18
Bermuteo avivorus,0.75,3.27,22.69
Buteo plagiatus,0.81,1.99,20.91
Buteo nitidus,0.82,2.28,16.87
Buteo ridgwayi,0.86,2.52,19.53
Buteo lineatus,0.78,2.09,18.06
Buteo platypterus,0.8,2.14,18.35
Buteo solitarius,0.82,2.18,17.14
Buteo albigula,0.83,2.17,17.55
Buteo brachyurus,0.84,2.26,16.63
Buteo swainsoni,0.83,2.47,21.02
Buteo galapagoensis,0.89,2.92,21.14
Buteo albonotatus,0.84,2.45,17.67
Buteo jamaicensis,0.84,2.55,22.02
Buteo ventralis,0.87,2.69,23.17
Buteo lagopus,0.79,2.2,21.48
Buteo regalis,0.82,2.48,21.8
Buteo auguralis,0.82,2.3,17.29
Buteo augur,0.88,2.75,19.96
Buteo rufofuscus,0.88,2.82,22.56
Buteo buteo,0.81,2.28,20.54
Buteo japonicus,0.81,2.49,25.34
Buteo refectus,0.81,2.49,25.34
Buteo oreophilus,0.84,2.33,17.04
Buteo trizonatus,0.81,2.36,20.91
Buteo brachypterus,0.84,2.27,17.65
Buteo rufinus,0.83,2.48,21.31
Buteo socotraensis,0.81,1.99,8.5
Buteo hemilasius,0.83,2.55,22.08
Colius striatus,0.67,1.31,11.29
Colius leucocephalus,0.63,1.17,10.14
Colius castanotus,0.66,1.28,11.51
Colius colius,0.64,1.21,11.5
Urocolius macrourus,0.66,1.1,11.12
Urocolius indicus,0.61,1.01,11.08
Leptosomus discolor,0.73,1.71,12.54
Apaloderma narina,0.7,1.54,10.2
Apaloderma aequatoriale,0.74,1.55,10.03
Apaloderma vittatum,0.72,1.48,9.75
Apalharpactes reinwardtii,0.77,1.69,11
Apalharpactes mackloti,0.79,1.86,11.8
Harpactes oreskios,0.72,1.49,11.49
Harpactes orrhophaeus,0.73,1.52,11.07
Harpactes duvaucelii,0.72,1.44,10.4
Harpactes fasciatus,0.71,1.46,11.4
Harpactes diardii,0.76,1.5,12.28
Harpactes erythrocephalus,0.72,1.53,12.29
Harpactes wardi,0.71,1.56,13.62
Harpactes whiteheadi,0.72,1.33,10.99
Harpactes kasumba,0.77,1.72,12.38
Harpactes ardens,0.73,1.59,12.22
Pharomachrus pavoninus,0.75,1.79,13.79
Pharomachrus auriceps,0.76,1.83,14.03
Pharomachrus fulgidus,0.75,1.79,13.97
Pharomachrus mocinno,0.76,2.08,15.97
Pharomachrus antisianus,0.72,1.77,13.66
Euptilotis neoxenus,0.74,1.52,12.61
Priotelus temnurus,0.67,1.45,11.68
Temnotrogon roseigaster,0.73,1.63,11.25
Trogon clathratus,0.71,1.88,13.4
Trogon massena,0.71,1.7,13.68
Trogon comptus,0.73,1.53,11.66
Trogon mesurus,0.74,1.83,12.81
Trogon melanurus,0.72,1.7,12.97
Trogon viridis,0.71,1.62,12.46
Trogon chionurus,0.72,1.75,12.36
Trogon melanocephalus,0.73,1.5,11.9
Trogon citreolus,0.73,1.48,11.83
Trogon bairdii,0.71,1.63,12.79
Trogon violaceus,0.67,1.42,10.8
Trogon curucui,0.72,1.45,9.97
Trogon aurantius,0.72,1.5,13
Trogon surrucura,0.72,1.55,10.58
Trogon rufus,0.74,1.51,10.06
Trogon elegans,0.74,1.5,11.65
Trogon ambiguus,0.74,1.5,13
Trogon mexicanus,0.73,1.53,10.91
Trogon collaris,0.73,1.51,10.03
Trogon personatus,0.75,1.53,11.24
Bucorvus leadbeateri,0.9,3.65,43.47
Bucorvus abyssinicus,0.91,3.63,47.32
Lophoceros pallidirostris,0.73,1.68,11.97
Lophoceros nasutus,0.75,1.73,11.55
Lophoceros semifasciatus,0.41,2.34,30.03
Lophoceros fasciatus,0.77,1.69,13.63
Lophoceros hemprichii,0.79,1.98,13.42
Lophoceros camurus,0.72,1.45,10.71
Lophoceros alboterminatus,0.77,1.77,13.68
Lophoceros bradfieldi,0.77,1.71,12.6
Tockus flavirostris,0.79,1.27,15.4
Tockus leucomelas,0.73,1.1,14.71
Tockus jacksoni,0.77,1.14,15.5
Tockus deckeni,0.77,1.14,15.37
Tockus monteiri,0.72,1.11,15.07
Tockus damarensis,0.41,1,16.5
Tockus erythrorhynchus,0.7,0.98,13.77
Berenicornis comatus,0.88,2.88,20.54
Horizocerus albocristatus,0.82,2.13,13.99
Horizocerus cassini,0.41,2.34,30.03
Horizocerus granti,0.41,2.34,30.03
Horizocerus hartlaubi,0.72,1.44,10.66
Ceratogymna elata,0.83,2.77,21.81
Ceratogymna atrata,0.86,2.95,20.46
Bycanistes brevis,0.86,2.97,25.62
Bycanistes subcylindricus,0.84,2.84,24.94
Bycanistes cylindricus,0.83,2.5,23.87
Bycanistes albotibialis,0.81,2.4,23.46
Bycanistes bucinator,0.79,2.33,21.63
Bycanistes fistulator,0.81,2.4,21.45
Bycanistes sharpii,0.41,2.34,31.8
Rhinoplax vigil,0.88,3.51,25.36
Buceros hydrocorax,0.86,3.41,23.13
Buceros mindanensis,0.41,4.5,31
Buceros bicornis,0.86,4.17,28.65
Buceros rhinoceros,0.88,4.36,27.58
Anorrhinus galeritus,0.83,2.19,20.2
Anorrhinus austeni,0.8,2,20.26
Anorrhinus tickelli,0.82,1.96,19.11
Ocyceros birostris,0.75,2.01,16.6
Ocyceros griseus,0.75,1.99,15.83
Ocyceros gingalensis,0.75,2.07,15.62
Anthracoceros malayanus,0.83,2.1,16.12
Anthracoceros montani,0.82,2.02,15.63
Anthracoceros coronatus,0.8,1.92,16
Anthracoceros albirostris,0.83,2.11,16.88
Anthracoceros marchei,0.82,1.96,14.95
Aceros nipalensis,0.88,3.38,26.66
Rhabdotorrhinus corrugatus,0.84,2.89,21.36
Rhabdotorrhinus exarhatus,0.76,2.09,15.79
Rhabdotorrhinus leucocephalus,0.84,2.79,20.95
Rhabdotorrhinus waldeni,0.85,2.95,22.67
Penelopides panini,0.79,2.28,24.68
Penelopides affinis,0.82,2.14,22.66
Penelopides mindorensis,0.79,2.19,25.48
Penelopides manillae,0.72,1.94,22.54
Rhyticeros cassidix,0.86,3.13,23.21
Rhyticeros everetti,0.85,2.83,21.91
Rhyticeros undulatus,0.86,3.21,24.25
Rhyticeros subruficollis,0.86,3.16,24.27
Rhyticeros narcondami,0.82,2.56,19.66
Rhyticeros plicatus,0.87,3.17,23.25
Upupa epops,0.49,1.05,9.98
Upupa marginata,0.41,1,11.1
Upupa antaios,0.41,1,11.1
Phoeniculus purpureus,0.7,2.42,9.75
Phoeniculus damarensis,0.72,2.57,10.62
Phoeniculus somaliensis,0.61,1.9,7.95
Phoeniculus bollei,0.74,2.56,9.99
Rhinopomastus castaneiceps,0.68,1.15,8.2
Rhinopomastus aterrimus,0.68,1.17,8.42
Rhinopomastus cyanomelas,0.66,1.24,8.69
Rhinopomastus minor,0.66,1.23,8.12
Nyctyornis amictus,0.68,1.39,9.44
Nyctyornis athertoni,0.73,1.46,10.79
Meropogon forsteni,0.73,1.34,9.48
Merops bullockoides,0.78,1.34,7.23
Merops bulocki,0.77,1.28,6.76
Merops breweri,0.82,1.55,7.78
Merops albicollis,0.66,1.08,6.19
Merops revoilii,0.81,1.14,6.22
Merops malimbicus,0.82,1.62,8
Merops nubicus,0.77,1.39,7.43
Merops nubicoides,0.77,1.39,7.59
Merops viridissimus,0.8,1.17,6.47
Merops cyanophrys,0.8,1.17,6.47
Merops orientalis,0.61,0.93,5.54
Merops leschenaulti,0.65,1.05,6.11
Merops viridis,0.77,1.36,7.5
Merops americanus,0.8,1.17,6.47
Merops philippinus,0.66,1.1,6.43
Merops superciliosus,0.76,1.33,7.37
Merops persicus,0.74,1.3,8.06
Merops apiaster,0.65,1.12,7.29
Merops ornatus,0.69,1.15,6.76
Merops boehmi,0.76,1.2,6.35
Merops hirundineus,0.77,1.27,6.63
Merops lafresnayii,0.8,1.17,6.47
Merops oreobates,0.79,1.34,6.75
Merops variegatus,0.79,1.33,6.73
Merops pusillus,0.68,1.01,5.42
Merops gularis,0.81,1.43,7.13
Merops muelleri,0.78,1.15,6.07
Merops mentalis,0.8,1.17,6.47
Coracias naevius,0.74,2.09,10.3
Coracias benghalensis,0.73,1.91,10.47
Coracias affinis,0.55,2,9.09
Coracias temminckii,0.76,2.1,9.26
Coracias spatulatus,0.73,1.89,8.73
Coracias caudatus,0.75,1.93,9.86
Coracias abyssinicus,0.65,1.72,8.17
Coracias garrulus,0.67,1.85,9.93
Coracias cyanogaster,0.73,1.83,9.15
Eurystomus gularis,0.75,1.65,10.81
Eurystomus glaucurus,0.73,1.69,11.05
Eurystomus orientalis,0.69,1.59,11.3
Eurystomus azureus,0.77,1.57,11.02
Brachypteracias leptosomus,0.81,2.03,13.74
Geobiastes squamiger,0.8,1.96,13.27
Uratelornis chimaera,0.78,1.88,13.42
Atelornis pittoides,0.73,1.57,11.07
Atelornis crossleyi,0.76,1.65,11.34
Todus multicolor,0.58,0.91,8.35
Todus angustirostris,0.6,0.96,8.66
Todus subulatus,0.61,0.98,8.91
Todus todus,0.63,1,8.83
Todus mexicanus,0.62,0.99,8.69
Hylomanes momotula,0.67,1.19,8.72
Aspatha gularis,0.71,1.46,10.19
Momotus mexicanus,0.72,1.51,10.35
Momotus coeruliceps,0.55,1.15,10.4
Momotus lessonii,0.55,1.15,10.4
Momotus subrufescens,0.55,1.15,10.4
Momotus bahamensis,0.55,1.15,10.4
Momotus momota,0.71,1.49,11.05
Momotus aequatorialis,0.78,1.64,10.92
Baryphthengus martii,0.77,1.61,12.72
Baryphthengus ruficapillus,0.77,1.78,12.54
Electron carinatum,0.68,1.33,10.12
Electron platyrhynchum,0.73,1.56,10.4
Eumomota superciliosa,0.67,1.35,9.7
Ispidina lecontei,0.59,1.01,6.72
Ispidina picta,0.51,0.95,6.54
Corythornis madagascariensis,0.54,1.11,8.23
Corythornis leucogaster,0.72,1.27,9.27
Corythornis cristatus,0.57,1.14,8.18
Corythornis thomensis,0.55,1.15,9.36
Corythornis nais,0.55,1.15,9.36
Corythornis vintsioides,0.58,1.17,8.9
Ceyx sangirensis,0.55,1.15,9.36
Ceyx fallax,0.66,1.08,7.69
Ceyx melanurus,0.61,1.09,8.32
Ceyx mindanensis,0.55,1.15,9.36
Ceyx erithaca,0.51,0.98,7.02
Ceyx margarethae,0.55,1.15,9.36
Ceyx lepidus,0.68,1.28,8.26
Ceyx wallacii,0.55,1.15,9.36
Ceyx cajeli,0.55,1.15,9.36
Ceyx solitarius,0.55,1.15,9.36
Ceyx dispar,0.55,1.15,9.36
Ceyx mulcatus,0.55,1.15,9.36
Ceyx sacerdotis,0.55,1.15,9.36
Ceyx meeki,0.55,1.15,9.36
Ceyx collectoris,0.55,1.15,9.36
Ceyx nigromaxilla,0.55,1.15,9.36
Ceyx gentianus,0.55,1.15,9.36
Ceyx cyanopectus,0.61,1.05,8.86
Ceyx nigrirostris,0.55,1.15,9.36
Ceyx flumenicola,0.55,1.15,9.36
Ceyx argentatus,0.61,1.01,8.38
Ceyx pusillus,0.57,1,6.98
Ceyx azureus,0.58,1.24,9.66
Ceyx websteri,0.69,1.28,10.5
Alcedo peninsulae,0.33,1,21
Alcedo euryzona,0.52,1.22,12.96
Alcedo meninting,0.48,1.07,11.87
Alcedo hercules,0.44,1.03,11.96
Alcedo quadribrachys,0.52,1.19,12.73
Alcedo semitorquata,0.59,1.36,14.92
Alcedo atthis,0.41,1.03,13.28
Alcedo coerulescens,0.57,1.12,11.82
Megaceryle lugubris,0.72,1.35,14.4
Megaceryle maxima,0.77,1.71,15.07
Megaceryle torquata,0.75,1.7,15.53
Megaceryle alcyon,0.54,1.1,12.29
Ceryle rudis,0.6,1.15,7.76
Chloroceryle amazona,0.78,1.73,10.24
Chloroceryle aenea,0.61,1.2,6.44
Chloroceryle americana,0.62,1.33,7.31
Chloroceryle inda,0.61,1.37,7.39
Lacedo pulchella,0.67,1.33,9.2
Lacedo melanops,0.55,1.15,9.36
Pelargopsis capensis,0.76,1.99,14.32
Pelargopsis melanorhyncha,0.82,1.8,13.55
Pelargopsis amauroptera,0.79,1.82,14.57
Halcyon coromanda,0.53,1.28,7.12
Halcyon smyrnensis,0.56,1.5,7.97
Halcyon gularis,0.5,1.15,6.5
Halcyon cyanoventris,0.61,1.46,6.93
Halcyon badia,0.64,1.49,6.68
Halcyon pileata,0.61,1.51,7.97
Halcyon leucocephala,0.52,1.25,5.77
Halcyon albiventris,0.61,1.41,6.82
Halcyon chelicuti,0.56,1.26,5.86
Halcyon malimbica,0.65,1.57,7.19
Halcyon senegalensis,0.61,1.51,6.79
Halcyon senegaloides,0.66,1.57,8.38
Caridonax fulgidus,0.79,1.92,12.73
Actenoides monachus,0.76,1.52,14.77
Actenoides capucinus,0.55,1.15,20
Actenoides princeps,0.7,1.5,13.21
Actenoides regalis,0.55,1.15,20
Actenoides bougainvillei,0.78,1.65,17.98
Actenoides excelsus,0.55,1.15,20
Actenoides lindsayi,0.74,1.48,14.93
Actenoides hombroni,0.76,1.55,15.34
Actenoides concretus,0.75,1.63,13.71
Syma torotoro,0.66,1.27,8.68
Syma megarhyncha,0.72,1.44,9.5
Todiramphus nigrocyaneus,0.66,1.42,8.88
Todiramphus winchelli,0.73,1.39,8.42
Todiramphus diops,0.72,1.3,7.71
Todiramphus lazuli,0.67,1.36,8.12
Todiramphus macleayii,0.58,1.17,7.52
Todiramphus albonotatus,0.69,1.33,7.72
Todiramphus leucopygius,0.69,1.38,8.19
Todiramphus farquhari,0.68,1.33,8.11
Todiramphus funebris,0.76,1.52,8.98
Todiramphus chloris,0.74,1.56,9.12
Todiramphus enigma,0.69,1.33,8.28
Todiramphus pelewensis,0.55,1.15,8.59
Todiramphus cinnamominus,0.74,1.57,8.59
Todiramphus reichenbachii,0.55,1.15,8.59
Todiramphus saurophagus,0.8,1.8,11.73
Todiramphus sanctus,0.67,1.38,9.13
Todiramphus recurvirostris,0.69,1.38,8.7
Todiramphus australasia,0.73,1.39,8.38
Todiramphus tutus,0.65,1.22,7.87
Todiramphus ruficollaris,0.65,1.36,8.53
Todiramphus youngi,0.55,1.15,8.59
Todiramphus veneratus,0.67,1.55,9.73
Todiramphus gambieri,0.68,1.23,7.58
Todiramphus godeffroyi,0.69,1.32,8.34
Todiramphus pyrrhopygius,0.59,1.32,8.84
Cittura sanghirensis,0.55,1.15,9.36
Cittura cyanotis,0.78,1.62,11.4
Tanysiptera galatea,0.63,0.95,7.11
Tanysiptera ellioti,0.75,1.1,6.61
Tanysiptera riedelii,0.73,1.11,6.94
Tanysiptera carolinae,0.75,1.1,6.61
Tanysiptera hydrocharis,0.75,1.1,6.73
Tanysiptera nigriceps,0.7,1,5.58
Tanysiptera sylvia,0.68,1.1,8.27
Tanysiptera nympha,0.75,1.23,8.48
Tanysiptera danae,0.74,1.07,6.57
Melidora macrorrhina,0.75,1.65,10.96
Dacelo novaeguineae,0.79,1.23,14.96
Dacelo leachii,0.78,1.15,15.08
Dacelo tyro,0.77,1.01,11.94
Dacelo gaudichaud,0.78,1.13,12.27
Clytoceyx rex,0.79,1.74,13.64
Galbalcyrhynchus leucotis,0.68,1.25,9.22
Galbalcyrhynchus purusianus,0.67,1.26,9.49
Brachygalba albogularis,0.61,1.03,7.77
Brachygalba lugubris,0.62,1.11,7.52
Brachygalba goeringi,0.58,1.04,7.33
Brachygalba salmoni,0.61,1.03,7.75
Jacamaralcyon tridactyla,0.64,1.08,8.11
Galbula albirostris,0.68,1.28,8.34
Galbula chalcocephala,0.55,1.03,10.35
Galbula cyanicollis,0.69,1.3,8.58
Galbula ruficauda,0.66,1.23,8.4
Galbula galbula,0.63,1.09,8.06
Galbula tombacea,0.64,1.09,8.05
Galbula cyanescens,0.63,1.11,8.33
Galbula pastazae,0.7,1.21,8.56
Galbula chalcothorax,0.63,1.1,8.17
Galbula leucogastra,0.7,1.3,8.33
Galbula dea,0.64,1.13,8.36
Jacamerops aureus,0.69,1.32,9.75
Notharchus hyperrhynchus,0.72,1.43,10.58
Notharchus macrorhynchos,0.75,1.49,10.57
Notharchus swainsoni,0.71,1.37,10.19
Notharchus pectoralis,0.71,1.49,10.05
Notharchus ordii,0.72,1.33,9.45
Notharchus subtectus,0.55,1.03,10.35
Notharchus tectus,0.7,1.33,8.7
Cyphos macrodactylus,0.64,1.11,8.21
Nystactes noanamae,0.7,1.25,8.93
Nystactes tamatia,0.71,1.41,9.17
Bucco capensis,0.67,1.41,10.52
Nystalus radiatus,0.69,1.31,9.76
Nystalus striolatus,0.65,1.28,8.94
Nystalus chacuru,0.7,1.41,9.87
Nystalus maculatus,0.7,1.4,9.71
Hypnelus ruficollis,0.69,1.39,9.53
Hypnelus bicinctus,0.55,1.03,10.35
Malacoptila fusca,0.68,1.24,9.11
Malacoptila semicincta,0.71,1.28,9.27
Malacoptila minor,0.55,1.03,10.35
Malacoptila striata,0.69,1.29,9.57
Malacoptila rufa,0.67,1.25,9.36
Malacoptila panamensis,0.7,1.41,9.5
Malacoptila fulvogularis,0.72,1.35,9.77
Malacoptila mystacalis,0.71,1.31,9.4
Micromonacha lanceolata,0.68,1.26,8.26
Nonnula rubecula,0.61,1.04,7.84
Nonnula sclateri,0.65,1.06,7.64
Nonnula brunnea,0.65,1.04,7.38
Nonnula frontalis,0.64,1.05,7.62
Nonnula ruficapilla,0.62,1.08,8.12
Nonnula amaurocephala,0.65,1.05,7.49
Hapaloptila castanea,0.76,1.66,10.75
Monasa atra,0.75,1.48,10.45
Monasa nigrifrons,0.72,1.53,10.45
Monasa morphoeus,0.74,1.62,10.78
Monasa flavirostris,0.73,1.38,9.83
Chelidoptera tenebrosa,0.73,1.47,9.52
Ramphastos toco,0.79,2.31,17.51
Ramphastos ambiguus,0.79,2.33,16.84
Ramphastos cuvieri,0.55,1.03,16.2
Ramphastos tucanus,0.81,2.43,17.07
Ramphastos sulfuratus,0.79,2.21,16.44
Ramphastos brevis,0.8,2.14,15.46
Ramphastos citreolaemus,0.55,1.03,16.2
Ramphastos culminatus,0.55,1.03,16.2
Ramphastos vitellinus,0.76,2.08,14.92
Ramphastos ariel,0.55,1.03,16.2
Ramphastos dicolorus,0.74,2.04,15.89
Aulacorhynchus wagleri,0.55,1.03,10.35
Aulacorhynchus prasinus,0.77,1.74,13.59
Aulacorhynchus caeruleogularis,0.55,1.03,10.35
Aulacorhynchus albivitta,0.55,1.03,10.35
Aulacorhynchus cyanolaemus,0.55,1.03,10.35
Aulacorhynchus atrogularis,0.55,1.03,10.35
Aulacorhynchus haematopygus,0.69,1.7,13.29
Aulacorhynchus huallagae,0.79,1.77,14
Aulacorhynchus coeruleicinctis,0.78,1.69,13.58
Aulacorhynchus calorhynchus,0.55,1.03,10.35
Aulacorhynchus sulcatus,0.77,1.62,12.88
Aulacorhynchus derbianus,0.78,1.69,13.44
Aulacorhynchus whitelianus,0.55,1.03,10.35
Andigena hypoglauca,0.79,2.03,15.64
Andigena laminirostris,0.77,2.1,15.56
Andigena cucullata,0.77,2.03,16.06
Andigena nigrirostris,0.78,1.79,14.58
Selenidera spectabilis,0.71,1.88,14.74
Selenidera piperivora,0.73,1.81,13.58
Selenidera reinwardtii,0.76,1.79,13.69
Selenidera langsdorffii,0.55,1.03,10.35
Selenidera gouldii,0.76,1.83,14.2
Selenidera maculirostris,0.74,1.85,14.99
Selenidera nattereri,0.76,1.78,13.62
Pteroglossus bailloni,0.73,1.81,14.69
Pteroglossus viridis,0.71,1.71,13.03
Pteroglossus humboldti,0.55,1.03,10.35
Pteroglossus inscriptus,0.74,1.71,13.29
Pteroglossus torquatus,0.72,1.81,14.51
Pteroglossus sanguineus,0.55,1.03,10.35
Pteroglossus erythropygius,0.55,1.03,10.35
Pteroglossus frantzii,0.78,2.09,15.89
Pteroglossus aracari,0.74,1.93,14.84
Pteroglossus castanotis,0.78,2.1,16.07
Pteroglossus pluricinctus,0.78,1.96,14.94
Pteroglossus azara,0.71,1.73,13.22
Pteroglossus beauharnaisii,0.76,1.89,14.72
Pteroglossus sturmii,0.55,1.03,10.35
Pteroglossus bitorquatus,0.71,1.68,13.45
Capito aurovirens,0.7,1.46,11.24
Capito dayi,0.7,1.51,11.83
Capito maculicoronatus,0.69,1.44,11.23
Capito squamatus,0.62,1.35,10.44
Capito hypoleucus,0.71,1.53,11.84
Capito wallacei,0.71,1.52,11.82
Capito fitzpatricki,0.55,1.03,10.35
Capito quinticolor,0.7,1.48,11.39
Capito brunneipectus,0.73,1.35,9.64
Capito niger,0.64,1.39,10.73
Capito auratus,0.7,1.47,11.3
Eubucco richardsoni,0.67,1.32,10.16
Eubucco aurantiicollis,0.55,1.03,10.35
Eubucco tucinkae,0.63,1.32,10.86
Eubucco bourcierii,0.58,1.28,9.89
Eubucco steerii,0.55,1.03,10.35
Eubucco glaucogularis,0.55,1.03,10.35
Eubucco versicolor,0.65,1.32,10.46
Semnornis frantzii,0.69,1.47,11.48
Semnornis ramphastinus,0.73,1.62,12.46
Caloramphus hayii,0.55,1.03,10.35
Caloramphus fuliginosus,0.66,1.42,10.63
Psilopogon haemacephalus,0.64,1.38,11.14
Psilopogon rubricapillus,0.65,1.38,10.64
Psilopogon malabaricus,0.55,1.03,10.35
Psilopogon cyanotis,0.62,1.3,10.57
Psilopogon duvaucelii,0.55,1.03,10.35
Psilopogon australis,0.55,1.03,10.35
Psilopogon eximius,0.73,1.61,12.35
Psilopogon lagrandieri,0.73,1.44,11.69
Psilopogon virens,0.69,1.78,14.9
Psilopogon pyrolophus,0.74,1.83,13.52
Psilopogon mystacophanos,0.68,1.53,11.64
Psilopogon javensis,0.74,1.79,13.56
Psilopogon rafflesii,0.74,1.8,13.29
Psilopogon armillaris,0.71,1.62,12.3
Psilopogon henricii,0.72,1.54,11.78
Psilopogon pulcherrimus,0.71,1.5,11.6
Psilopogon faiostrictus,0.73,1.72,13.45
Psilopogon lineatus,0.72,1.75,14.1
Psilopogon zeylanicus,0.7,1.67,13.62
Psilopogon viridis,0.68,1.55,12.28
Psilopogon flavifrons,0.68,1.51,11.56
Psilopogon franklinii,0.64,1.42,11.84
Psilopogon auricularis,0.55,1.03,10.35
Psilopogon corvinus,0.74,1.84,13.87
Psilopogon chrysopogon,0.75,1.89,13.99
Psilopogon monticola,0.73,1.61,12.37
Psilopogon nuchalis,0.67,1.59,12.9
Psilopogon faber,0.7,1.59,12.91
Psilopogon incognitus,0.71,1.61,12.81
Psilopogon asiaticus,0.72,1.48,12.03
Psilopogon chersonesus,0.55,1.03,10.35
Psilopogon annamensis,0.55,1.03,10.35
Psilopogon oorti,0.68,1.57,11.92
Trachyphonus vaillantii,0.7,1.41,11.04
Trachyphonus erythrocephalus,0.68,1.33,10.1
Trachyphonus margaritatus,0.71,1.4,11.36
Trachyphonus darnaudii,0.68,1.28,9.53
Trachyphonus usambiro,0.68,1.28,9.53
Trachyphonus emini,0.55,1.03,10.35
Buccanodon duchaillui,0.68,1.38,10.58
Cryptolybia olivacea,0.58,1.25,10.23
Gymnobucco bonapartei,0.62,1.36,10.57
Gymnobucco cinereiceps,0.55,1.03,10.35
Gymnobucco sladeni,0.71,1.48,11.35
Gymnobucco peli,0.68,1.24,10.14
Gymnobucco calvus,0.66,1.43,10.96
Gymnobucco vernayi,0.55,1.03,10.35
Stactolaema leucotis,0.61,1.33,10.97
Stactolaema leucogrammica,0.55,1.03,10.35
Stactolaema whytii,0.64,1.38,11.08
Stactolaema anchietae,0.63,1.34,10.68
Pogoniulus scolopaceus,0.62,1.07,7.9
Pogoniulus simplex,0.57,1.02,8.08
Pogoniulus leucomystax,0.58,1.1,8.42
Pogoniulus coryphaea,0.52,1.04,7.99
Pogoniulus atroflavus,0.61,1.2,9.04
Pogoniulus subsulphureus,0.57,1.08,8.12
Pogoniulus bilineatus,0.56,1.08,8.29
Pogoniulus makawai,0.56,1.08,8.63
Pogoniulus pusillus,0.54,1.02,7.75
Pogoniulus chrysoconus,0.57,1.08,8.13
Tricholaema hirsuta,0.72,1.31,10.2
Tricholaema diademata,0.67,1.24,9.17
Tricholaema frontata,0.68,1.26,9.61
Tricholaema leucomelas,0.7,1.31,10.41
Tricholaema lacrymosa,0.6,1.21,9.25
Tricholaema melanocephala,0.66,1.22,8.08
Lybius undatus,0.81,1.17,9.73
Lybius vieilloti,0.79,1.37,10.7
Lybius leucocephalus,0.8,1.47,11.35
Lybius senex,0.9,1.03,10.35
Lybius leucogaster,0.9,1.03,10.35
Lybius chaplini,0.8,1.5,12.03
Lybius rubrifacies,0.84,1.48,11.35
Lybius guifsobalito,0.84,1.24,9.87
Lybius torquatus,0.79,1.42,11.33
Pogonornis melanopterus,0.69,1.33,10.29
Pogonornis minor,0.62,1.34,10.49
Pogonornis macclounii,0.55,1.03,10.35
Pogonornis bidentatus,0.73,1.5,11.18
Pogonornis dubius,0.72,1.71,13.12
Pogonornis rolleti,0.75,1.81,13.67
Trachylaemus goffinii,0.55,1.03,10.35
Trachylaemus togoensis,0.55,1.03,10.35
Trachylaemus purpuratus,0.73,1.49,10.92
Prodotiscus insignis,0.64,1.11,7.22
Prodotiscus zambesiae,0.64,1.1,7.46
Prodotiscus regulus,0.5,0.9,6.65
Melignomon zenkeri,0.64,1.09,8.1
Melignomon eisentrauti,0.67,1.11,8.85
Indicator pumilio,0.64,1.02,7.25
Indicator willcocksi,0.65,1.05,7.5
Indicator meliphilus,0.63,1.03,7.5
Indicator exilis,0.63,1.17,9.02
Indicator minor,0.61,1.26,9.64
Indicator maculatus,0.65,1.35,10.89
Indicator variegatus,0.68,1.42,11.16
Indicator xanthonotus,0.61,1.15,9.08
Indicator archipelagicus,0.67,1.31,10.09
Indicator indicator,0.65,1.37,11.03
Melichneutes robustus,0.7,1.45,11.1
Jynx torquilla,0.43,0.96,8.91
Jynx ruficollis,0.68,1.47,9.9
Verreauxia africana,0.63,1.09,7.05
Sasia abnormis,0.61,1.04,6.99
Sasia ochracea,0.59,1.01,7.39
Picumnus innominatus,0.59,1.02,7.42
Picumnus aurifrons,0.61,0.94,6.85
Picumnus pumilus,0.62,0.96,6.8
Picumnus lafresnayi,0.63,1.09,7.11
Picumnus exilis,0.62,0.95,6.79
Picumnus nigropunctatus,0.62,0.99,7.18
Picumnus sclateri,0.63,0.98,7.03
Picumnus squamulatus,0.62,0.97,7.01
Picumnus spilogaster,0.64,1.02,7.31
Picumnus minutissimus,0.63,1.12,7.47
Picumnus pygmaeus,0.62,0.98,7.13
Picumnus steindachneri,0.62,0.96,6.94
Picumnus varzeae,0.63,0.99,7.05
Picumnus cirratus,0.59,1.02,7.32
Picumnus dorbignyanus,0.6,0.96,7.08
Picumnus temminckii,0.6,0.99,7.52
Picumnus albosquamatus,0.61,1,7.39
Picumnus fuscus,0.62,0.99,7.24
Picumnus rufiventris,0.62,1.07,8.04
Picumnus fulvescens,0.62,0.99,7.15
Picumnus limae,0.63,0.99,7.08
Picumnus nebulosus,0.6,0.99,7.58
Picumnus castelnau,0.63,0.99,7.13
Picumnus subtilis,0.61,0.97,7.12
Picumnus olivaceus,0.62,1.07,7.21
Picumnus granadensis,0.64,1,7.18
Picumnus cinnamomeus,0.62,0.99,7.19
Nesoctites micromegas,0.67,1.28,9.08
Hemicircus sordidus,0.55,1.03,10.35
Hemicircus concretus,0.68,1.19,8.55
Hemicircus canente,0.7,1.41,9.77
Campephilus pollens,0.81,1.83,12.8
Campephilus splendens,0.55,1.03,10.35
Campephilus haematogaster,0.79,1.78,12.65
Campephilus rubricollis,0.83,2.16,13.75
Campephilus robustus,0.77,1.72,12.73
Campephilus guatemalensis,0.81,2.06,14.09
Campephilus melanoleucos,0.8,2,13.25
Campephilus gayaquilensis,0.8,1.78,12.55
Campephilus leucopogon,0.78,1.79,13.37
Campephilus magellanicus,0.81,2.1,16.19
Campephilus principalis,0.55,2.06,10.35
Campephilus imperialis,0.55,1.83,10.35
Blythipicus rubiginosus,0.71,1.39,10.22
Blythipicus pyrrhotis,0.76,1.76,12.47
Chrysocolaptes validus,0.8,1.94,12.33
Chrysocolaptes guttacristatus,0.55,1.03,10.35
Chrysocolaptes stricklandi,0.55,1.03,10.35
Chrysocolaptes strictus,0.55,1.03,10.35
Chrysocolaptes erythrocephalus,0.55,1.03,10.35
Chrysocolaptes haematribon,0.55,1.03,10.35
Chrysocolaptes lucidus,0.73,1.65,11.32
Chrysocolaptes xanthocephalus,0.55,1.03,10.35
Chrysocolaptes festivus,0.8,2.01,13.82
Dinopium rafflesii,0.76,1.51,10.77
Dinopium shorii,0.75,1.67,11.75
Dinopium javanense,0.73,1.56,10.58
Dinopium everetti,0.55,1.03,10.5
Dinopium benghalense,0.75,1.66,11.72
Dinopium psarodes,0.55,1.03,10.5
Gecinulus grantia,0.72,1.52,10.8
Gecinulus viridis,0.72,1.4,10.26
Micropternus brachyurus,0.74,1.61,11.2
Meiglyptes grammithorax,0.55,1.03,5.25
Meiglyptes tristis,0.71,1.38,9.12
Meiglyptes jugularis,0.71,1.33,7.33
Meiglyptes tukki,0.73,1.53,9.86
Chrysophlegma miniaceum,0.75,1.65,10.8
Chrysophlegma humii,0.55,1.03,10.35
Chrysophlegma mentale,0.75,1.66,11.12
Chrysophlegma flavinucha,0.76,1.79,12.67
Geocolaptes olivaceus,0.74,1.66,12.22
Campethera punctuligera,0.73,1.56,10.51
Campethera bennettii,0.71,1.49,10.46
Campethera scriptoricauda,0.72,1.35,9.83
Campethera nubica,0.72,1.5,10.01
Campethera abingoni,0.73,1.54,10.58
Campethera mombassica,0.73,1.36,9.66
Campethera notata,0.71,1.46,10.89
Campethera cailliautii,0.7,1.4,9.37
Campethera maculosa,0.73,1.34,9.43
Campethera tullbergi,0.72,1.32,9.43
Campethera taeniolaema,0.55,1.03,10.35
Campethera nivosa,0.72,1.43,9.21
Campethera caroli,0.71,1.42,9.25
Picus puniceus,0.74,1.23,10.5
Picus chlorolophus,0.69,1.09,10.29
Picus awokera,0.57,0.94,10.32
Picus rabieri,0.75,0.99,10.74
Picus xanthopygaeus,0.7,1.14,10.95
Picus vittatus,0.72,1.21,11.06
Picus viridanus,0.7,1.17,10.96
Picus canus,0.61,1,11.46
Picus guerini,0.55,1,12.58
Picus dedemi,0.55,1,12.58
Picus erythropygius,0.72,1.23,11.33
Picus viridis,0.63,1.05,11.96
Picus sharpei,0.55,1,15.08
Picus vaillantii,0.63,1.05,11.27
Picus squamatus,0.69,1.18,12.03
Piculus simplex,0.7,1.42,9.84
Piculus callopterus,0.73,1.39,10.02
Piculus leucolaemus,0.73,1.4,10.09
Piculus litae,0.73,1.39,9.91
Piculus flavigula,0.72,1.34,9.57
Piculus chrysochloros,0.71,1.41,10.5
Piculus aurulentus,0.71,1.42,10.7
Colaptes fernandinae,0.71,1.31,10
Colaptes oceanicus,0.56,1,9.19
Colaptes cafer,0.56,1,8.75
Colaptes mexicanoides,0.56,1,9.19
Colaptes auratus,0.57,1.08,9.71
Colaptes chrysoides,0.7,1.26,9.95
Colaptes melanochloros,0.7,1.3,9.71
Colaptes melanolaimus,0.56,1,9.19
Colaptes rivolii,0.7,1.05,8.71
Colaptes atriceps,0.56,1,9.19
Colaptes cinereicapillus,0.56,1,9.19
Colaptes rupicola,0.76,1.49,10.88
Colaptes pitius,0.68,1.26,10.53
Colaptes campestris,0.7,1.3,9.79
Colaptes campestroides,0.56,1,9.19
Colaptes punctigula,0.67,0.95,7.97
Colaptes auricularis,0.65,0.94,9.12
Colaptes aeruginosus,0.56,1,9.19
Colaptes rubiginosus,0.69,1.19,8.3
Colaptes atricollis,0.67,0.99,8.47
Celeus loricatus,0.74,1.43,10.23
Celeus torquatus,0.77,1.55,12.05
Celeus occidentalis,0.55,1.03,10.35
Celeus tinnunculus,0.55,1.03,10.35
Celeus flavus,0.77,1.62,11.54
Celeus spectabilis,0.8,1.92,12.41
Celeus obrieni,0.75,1.54,11.14
Celeus castaneus,0.71,1.49,10.59
Celeus grammicus,0.74,1.38,10.87
Celeus undatus,0.7,1.33,9.77
Celeus ochraceus,0.55,1.03,10.35
Celeus flavescens,0.76,1.6,11.79
Celeus elegans,0.75,1.7,11.31
Celeus lugubris,0.75,1.6,11.77
Hylatomus galeatus,0.74,0.98,11.17
Hylatomus pileatus,0.79,1.2,14.32
Hylatomus lineatus,0.78,1.14,11.61
Hylatomus fuscipennis,0.55,0.97,13
Hylatomus schulzii,0.8,1.2,13.06
Mulleripicus fulvus,0.81,2.08,13.56
Mulleripicus funebris,0.77,1.66,12.09
Mulleripicus fuliginosus,0.55,1.03,10.35
Mulleripicus pulverulentus,0.81,2.15,14.78
Dryocopus javensis,0.78,1.26,12.73
Dryocopus hodgei,0.79,1.22,12.15
Dryocopus martius,0.76,1.2,14.86
Sphyrapicus thyroideus,0.49,1.02,7.09
Sphyrapicus varius,0.47,0.99,7.31
Sphyrapicus nuchalis,0.49,1.03,7.18
Sphyrapicus ruber,0.47,1.03,6.74
Xiphidiopicus percussus,0.69,1.4,10.11
Melanerpes candidus,0.6,1.4,11.33
Melanerpes lewis,0.48,1.09,9.12
Melanerpes herminieri,0.63,1.28,9.41
Melanerpes portoricensis,0.6,1.16,8.58
Melanerpes erythrocephalus,0.5,1.09,8.83
Melanerpes formicivorus,0.52,1.08,10.25
Melanerpes cruentatus,0.61,1.13,8.87
Melanerpes flavifrons,0.59,1.12,9.26
Melanerpes chrysauchen,0.6,1.2,8.2
Melanerpes pulcher,0.6,1.13,8.14
Melanerpes pucherani,0.63,1.29,8.77
Melanerpes cactorum,0.55,1.02,8.51
Melanerpes striatus,0.56,1.14,8.4
Melanerpes radiolatus,0.63,1.31,10.41
Melanerpes hypopolius,0.56,1.23,9.83
Melanerpes pygmaeus,0.57,1.07,7.94
Melanerpes rubricapillus,0.6,1.2,8.19
Melanerpes hoffmannii,0.67,1.36,10.16
Melanerpes chrysogenys,0.6,1.19,8.81
Melanerpes uropygialis,0.6,1.18,9.82
Melanerpes superciliaris,0.58,1.2,8.8
Melanerpes carolinus,0.56,1.11,9.73
Melanerpes aurifrons,0.59,1.19,9.77
Picoides tridactylus,0.65,1.31,8.66
Picoides funebris,0.55,1.03,8.06
Picoides arcticus,0.69,1.43,9.12
Picoides temminckii,0.74,1.39,7.53
Picoides kizuki,0.5,0.92,5.96
Picoides maculatus,0.67,1.15,6.39
Picoides ramsayi,0.68,1.15,6.29
Picoides canicapillus,0.54,1.01,6.13
Picoides nanus,0.64,1.16,6.38
Picoides moluccensis,0.62,1.12,5.78
Dendropicos elachus,0.6,1.04,7.98
Dendropicos poecilolaemus,0.69,1.18,8.41
Dendropicos abyssinicus,0.67,1.15,8.3
Dendropicos fuscescens,0.67,1.28,8.58
Dendropicos lugubris,0.7,1.26,9.02
Dendropicos gabonensis,0.69,1.16,8.2
Dendropicos stierlingi,0.7,1.35,9.13
Dendropicos namaquus,0.72,1.54,10.48
Dendropicos xantholophus,0.75,1.45,10.19
Dendropicos pyrrhogaster,0.73,1.4,10.03
Dendropicos johnstoni,0.55,1.03,10.35
Dendropicos elliotii,0.7,1.24,8.82
Dendropicos goertae,0.69,1.36,9.35
Dendropicos spodocephalus,0.67,1.25,9.3
Dendropicos griseocephalus,0.7,1.39,9.6
Dendropicos obsoletus,0.68,1.28,8.54
Dendropicos dorae,0.64,1.1,8.18
Leiopicus mahrattensis,0.67,1.15,8.49
Leiopicus auriceps,0.61,1.09,8.54
Leiopicus medius,0.6,1.05,9.11
Dryobates minor,0.51,0.9,7.85
Dryobates cathpharius,0.58,1,8.68
Dryobates pernyii,0.65,1.19,8.72
Dryobates pubescens,0.57,1.02,8.48
Dryobates scalaris,0.61,1.11,8.37
Dryobates nuttallii,0.6,1.1,8.75
Leuconotopicus villosus,0.67,0.91,14.27
Leuconotopicus arizonae,0.67,0.84,12.06
Leuconotopicus stricklandi,0.69,0.87,12.09
Leuconotopicus borealis,0.68,0.86,12.76
Leuconotopicus albolarvatus,0.62,0.84,13.18
Leuconotopicus fumigatus,0.64,0.79,10.7
Veniliornis kirkii,0.68,1.3,8.73
Veniliornis cassini,0.7,1.23,8.73
Veniliornis spilogaster,0.68,1.26,9.51
Veniliornis mixtus,0.6,1.14,9.42
Veniliornis lignarius,0.6,1.2,9.32
Veniliornis sanguineus,0.71,1.38,9.02
Veniliornis passerinus,0.69,1.21,8.71
Veniliornis frontalis,0.68,1.24,9.24
Veniliornis callonotus,0.68,1.16,8.3
Veniliornis dignus,0.71,1.25,8.81
Veniliornis nigriceps,0.71,1.28,9.22
Veniliornis affinis,0.7,1.23,8.81
Veniliornis chocoensis,0.69,1.19,8.51
Veniliornis maculifrons,0.68,1.25,9.29
Dendrocopos hyperythrus,0.6,1.09,9.99
Dendrocopos atratus,0.63,1.09,9.65
Dendrocopos macei,0.67,1.17,10.26
Dendrocopos analis,0.55,1,13.17
Dendrocopos noguchii,0.8,1.77,14.91
Dendrocopos leucotos,0.71,1.36,13.32
Dendrocopos owstoni,0.55,1,13.17
Dendrocopos assimilis,0.68,1.21,10.68
Dendrocopos syriacus,0.67,1.18,12.63
Dendrocopos darjellensis,0.69,1.33,11.58
Dendrocopos major,0.6,1.05,12.02
Dendrocopos leucopterus,0.63,1.13,10.94
Dendrocopos himalayensis,0.67,1.22,11.12
Cariama cristata,0.86,2.8,19.37
Chunga burmeisteri,0.87,2.81,21.94
Herpetotheres cachinnans,0.84,2.82,18.34
Micrastur ruficollis,0.86,1.96,13.37
Micrastur plumbeus,0.89,1.65,12.89
Micrastur gilvicollis,0.89,1.91,13.57
Micrastur mintoni,0.88,1.91,13.77
Micrastur mirandollei,0.91,2.31,16.32
Micrastur semitorquatus,0.9,2.51,17
Micrastur buckleyi,0.91,2.23,15.92
Spiziapteryx circumcincta,0.72,1.86,13.98
Caracara cheriway,0.83,2.8,22.03
Caracara lutosa,0.7,1.83,23.8
Caracara plancus,0.83,2.8,23.1
Ibycter americanus,0.83,2.39,15.65
Phalcoboenus chimango,0.73,2.82,15.97
Phalcoboenus carunculatus,0.84,3.92,18.14
Phalcoboenus megalopterus,0.83,3.7,19.22
Phalcoboenus albogularis,0.82,3.58,20.97
Phalcoboenus australis,0.88,4.4,26.02
Milvago chimachima,0.8,2.37,15.86
Daptrius ater,0.78,2.24,15.06
Microhierax caerulescens,0.62,1.18,8.69
Microhierax fringillarius,0.62,1.21,8.27
Microhierax latifrons,0.71,1.27,9.07
Microhierax erythrogenys,0.71,1.32,9.56
Microhierax melanoleucos,0.66,1.33,10.39
Polihierax semitorquatus,0.66,1.13,13.73
Polihierax insignis,0.72,1.19,16.14
Falco naumanni,0.61,1.21,10.34
Falco tinnunculus,0.6,1.37,11.46
Falco newtoni,0.64,1.21,9.26
Falco punctatus,0.66,1.46,11.19
Falco araeus,0.64,1.31,9.37
Falco duboisi,0.66,1.65,13.79
Falco moluccensis,0.64,1.42,10.54
Falco cenchroides,0.75,1.52,11.73
Falco sparverius,0.57,1.1,8.74
Falco rupicoloides,0.71,1.45,10.93
Falco alopex,0.71,1.67,12.18
Falco ardosiaceus,0.64,1.44,10.7
Falco dickinsoni,0.68,1.52,11.42
Falco zoniventris,0.65,1.4,11.33
Falco chicquera,0.65,1.46,11.51
Falco ruficollis,0.66,1.65,13.79
Falco vespertinus,0.65,1.31,11.36
Falco amurensis,0.65,1.29,10.87
Falco eleonorae,0.75,1.67,14.66
Falco concolor,0.68,1.64,12.65
Falco columbarius,0.64,1.46,13.47
Falco rufigularis,0.66,1.45,10.54
Falco deiroleucus,0.76,1.92,13.71
Falco femoralis,0.74,1.62,13.26
Falco subbuteo,0.69,1.45,12.18
Falco cuvierii,0.71,1.41,9.83
Falco severus,0.62,1.45,10.95
Falco longipennis,0.71,1.64,12.66
Falco novaeseelandiae,0.72,1.75,14.52
Falco berigora,0.81,2.21,16.83
Falco hypoleucos,0.74,1.85,14.15
Falco subniger,0.73,1.9,14.91
Falco biarmicus,0.72,1.81,13.06
Falco jugger,0.73,1.89,14.84
Falco cherrug,0.75,2.09,18.12
Falco rusticolus,0.79,2.35,21.85
Falco mexicanus,0.71,1.8,15.13
Falco peregrinus,0.79,2.24,19
Falco fasciinucha,0.69,1.58,11.57
Strigops habroptila,0.87,6.94,37.65
Nestor notabilis,0.81,3.38,20.43
Nestor productus,0.8,4,17.2
Nestor meridionalis,0.78,2.88,15.71
Nymphicus hollandicus,0.61,1.07,18.94
Calyptorhynchus banksii,0.89,3.46,32.07
Calyptorhynchus lathami,0.87,3.08,32.94
Zanda funerea,0.85,3.55,32.22
Zanda baudinii,0.82,3.31,34.25
Zanda latirostris,0.82,3.43,34.83
Probosciger aterrimus,0.86,3.54,31.69
Callocephalon fimbriatum,0.8,2.98,17.05
Eolophus roseicapilla,0.75,2.22,19.78
Cacatua leadbeateri,0.81,3.58,36.82
Cacatua tenuirostris,0.85,4.15,42.91
Cacatua pastinator,0.86,4.24,42.95
Cacatua sanguinea,0.84,3.94,39.59
Cacatua goffiniana,0.81,3.55,32.57
Cacatua ducorpsii,0.88,4.15,34.01
Cacatua haematuropygia,0.86,3.84,31.9
Cacatua galerita,0.85,4.19,41.56
Cacatua ophthalmica,0.88,4.44,35.71
Cacatua sulphurea,0.86,3.88,31.53
Cacatua moluccensis,0.9,4.92,39.22
Cacatua alba,0.85,4.16,37.62
Psittacus timneh,0.8,2.12,49.7
Psittacus erithacus,0.81,2.07,24.53
Poicephalus gulielmi,0.76,1.81,28.71
Poicephalus flavifrons,0.75,1.82,30.28
Poicephalus robustus,0.73,1.9,31.48
Poicephalus fuscicollis,0.8,2.12,32.1
Poicephalus meyeri,0.71,1.53,24.83
Poicephalus rueppellii,0.71,1.5,23.05
Poicephalus cryptoxanthus,0.74,1.65,27.39
Poicephalus crassus,0.7,1.49,28.2
Poicephalus senegalus,0.72,1.6,26.45
Poicephalus rufiventris,0.76,1.52,25.47
Touit batavicus,0.61,1.15,9.18
Touit huetii,0.7,1.48,11.44
Touit costaricensis,0.67,1.6,12.41
Touit dilectissimus,0.68,1.5,11.57
Touit purpuratus,0.62,1.35,10.48
Touit melanonotus,0.68,1.51,12.21
Touit surdus,0.69,1.51,12
Touit stictopterus,0.74,1.4,10.98
Psilopsiagon aymara,0.51,1,9.16
Psilopsiagon aurifrons,0.54,1.07,9.44
Bolborhynchus lineola,0.63,1.2,10.19
Bolborhynchus ferrugineifrons,0.63,1.18,9.92
Bolborhynchus orbygnesius,0.67,1.25,9.65
Nannopsittaca panychlora,0.68,1.39,10.8
Nannopsittaca dachilleae,0.69,1.24,9.95
Myiopsitta luchsi,0.8,2,19.95
Myiopsitta monachus,0.59,1.73,14.95
Brotogeris sanctithomae,0.66,1.9,15.37
Brotogeris tirica,0.63,1.69,14.26
Brotogeris versicolurus,0.66,1.76,12.4
Brotogeris chiriri,0.69,2,15.87
Brotogeris pyrrhoptera,0.54,1.51,12.35
Brotogeris jugularis,0.61,1.59,11.78
Brotogeris cyanoptera,0.57,1.66,12.28
Brotogeris chrysoptera,0.63,1.86,13.08
Pionopsitta pileata,0.75,1.66,15.61
Triclaria malachitacea,0.73,1.54,12.25
Pyrilia haematotis,0.65,1.45,13.07
Pyrilia pyrilia,0.76,1.55,12.24
Pyrilia pulchra,0.75,1.76,13.51
Pyrilia barrabandi,0.77,1.56,12.28
Pyrilia caica,0.69,1.42,12.39
Pyrilia aurantiocephala,0.69,1.44,12.68
Pyrilia vulturina,0.75,1.75,13.52
Hapalopsittaca amazonina,0.75,1.48,11.66
Hapalopsittaca fuertesi,0.61,1.21,9.38
Hapalopsittaca pyrrhops,0.71,1.62,13.23
Hapalopsittaca melanotis,0.74,1.78,14.08
Pionus fuscus,0.7,1.72,15.2
Pionus sordidus,0.75,1.96,16.81
Pionus maximiliani,0.71,1.64,17.1
Pionus seniloides,0.8,2.12,18.4
Pionus tumultuosus,0.71,1.77,16.45
Pionus menstruus,0.72,1.65,16.19
Pionus reichenowi,0.8,2.12,18.4
Pionus senilis,0.73,1.62,14.93
Pionus chalcopterus,0.77,2.02,17.02
Graydidascalus brachyurus,0.75,1.78,13.46
Alipiopsitta xanthops,0.8,1.84,14.77
Amazona bodini,0.86,5,37.09
Amazona festiva,0.87,5.21,34.2
Amazona vinacea,0.81,3.63,31.42
Amazona tucumana,0.75,3.38,29.73
Amazona pretrei,0.78,4,31.94
Amazona agilis,0.8,3.51,29.62
Amazona albifrons,0.76,3.23,27.88
Amazona collaria,0.78,3.29,28.12
Amazona leucocephala,0.77,3.31,29.01
Amazona ventralis,0.83,3.71,27.73
Amazona vittata,0.81,3.7,31.22
Amazona finschi,0.86,4.29,31.69
Amazona autumnalis,0.81,4.18,31.77
Amazona lilacina,0.86,5,37.09
Amazona diadema,0.86,5,27
Amazona viridigenalis,0.8,3.65,31.62
Amazona xantholora,0.76,3.54,27.99
Amazona dufresniana,0.85,4.58,32.35
Amazona rhodocorytha,0.8,4.13,32.71
Amazona arausiaca,0.84,4.48,33.16
Amazona martinicana,0.86,5,37.09
Amazona versicolor,0.89,5.03,35.87
Amazona oratrix,0.82,4.37,34.06
Amazona auropalliata,0.84,4.28,34.92
Amazona ochrocephala,0.84,4.28,33.39
Amazona barbadensis,0.79,3.54,29.4
Amazona aestiva,0.84,4.3,32.06
Amazona mercenarius,0.86,4.98,32.78
Amazona guatemalae,0.86,5,37.09
Amazona farinosa,0.87,4.59,32.23
Amazona kawalli,0.86,4.94,32.76
Amazona imperialis,0.87,4.36,31.36
Amazona violacea,0.86,5,37.09
Amazona brasiliensis,0.83,3.88,30.05
Amazona amazonica,0.8,4.09,30.13
Amazona guildingii,0.89,4.99,35.47
Forpus modestus,0.64,0.97,10.54
Forpus cyanopygius,0.74,1.27,12
Forpus passerinus,0.59,0.96,10.04
Forpus spengeli,0.68,1,10.92
Forpus xanthopterygius,0.61,1.03,9.97
Forpus conspicillatus,0.66,1.11,11.19
Forpus coelestis,0.65,1.04,9.54
Forpus xanthops,0.62,1.03,10.68
Pionites melanocephalus,0.75,1.89,19.01
Pionites xanthomerius,0.8,2.12,24.3
Pionites xanthurus,0.8,2.12,24.3
Pionites leucogaster,0.76,1.75,19.87
Deroptyus accipitrinus,0.77,1.84,17.63
Pyrrhura cruentata,0.73,1.26,15.03
Pyrrhura devillei,0.72,1.11,15.25
Pyrrhura frontalis,0.6,1.01,14.57
Pyrrhura lepida,0.71,1.23,15.94
Pyrrhura perlata,0.61,1.15,14.18
Pyrrhura molinae,0.65,1.29,15.9
Pyrrhura pfrimeri,0.64,1.01,15.36
Pyrrhura griseipectus,0.65,1.01,15
Pyrrhura emma,0.8,1,18.5
Pyrrhura leucotis,0.51,0.87,13.06
Pyrrhura eisenmanni,0.8,1,17.1
Pyrrhura subandina,0.8,1,17.1
Pyrrhura caeruleiceps,0.8,1,17.1
Pyrrhura picta,0.66,1.07,12.61
Pyrrhura amazonum,0.8,1,17.1
Pyrrhura snethlageae,0.8,1,17.1
Pyrrhura lucianii,0.8,1,17.1
Pyrrhura peruviana,0.8,1,17.1
Pyrrhura parvifrons,0.8,1,17.1
Pyrrhura roseifrons,0.8,1,17.1
Pyrrhura viridicata,0.71,1.23,16.26
Pyrrhura egregia,0.7,1.2,15.63
Pyrrhura pacifica,0.8,1,17.1
Pyrrhura melanura,0.63,1.18,13.92
Pyrrhura orcesi,0.71,1.22,15.74
Pyrrhura albipectus,0.73,1.31,16.95
Pyrrhura rupicola,0.5,0.94,12.49
Pyrrhura calliptera,0.71,1.23,16
Pyrrhura hoematotis,0.67,1.21,15.93
Pyrrhura rhodocephala,0.71,1.23,16.17
Pyrrhura hoffmanni,0.61,1.01,12.59
Enicognathus ferrugineus,0.58,1.29,15.01
Enicognathus leptorhynchus,0.67,1.57,16.97
Cyanoliseus patagonus,0.73,1.82,18.17
Anodorhynchus hyacinthinus,0.82,2.79,30.74
Anodorhynchus leari,0.83,2.71,29.27
Anodorhynchus glaucus,0.8,2.12,38.55
Rhynchopsitta pachyrhyncha,0.82,3.23,22.8
Rhynchopsitta terrisi,0.81,3.53,23.37
Eupsittula astec,0.8,1,16.2
Eupsittula nana,0.64,1.11,13.64
Eupsittula canicularis,0.69,1.1,13.11
Eupsittula aurea,0.69,1.12,14.53
Eupsittula pertinax,0.6,1,13.08
Eupsittula cactorum,0.6,0.98,13.5
Conuropsis carolinensis,0.8,1,30
Aratinga weddellii,0.68,1.58,14.1
Aratinga nenday,0.68,1.44,15.17
Aratinga solstitialis,0.66,1.55,13.74
Aratinga maculata,0.8,2.12,19.55
Aratinga jandaya,0.69,1.58,13.89
Aratinga auricapillus,0.75,1.54,16.41
Cyanopsitta spixii,0.79,1.87,27
Orthopsittaca manilatus,0.77,2.26,16.94
Primolius couloni,0.79,1.75,19.81
Primolius auricollis,0.77,1.8,18.4
Primolius maracana,0.78,1.93,21.42
Ara ararauna,0.85,2.59,34.3
Ara glaucogularis,0.81,2.52,31.68
Ara militaris,0.81,2.71,32.62
Ara ambiguus,0.86,2.7,32.31
Ara macao,0.83,2.44,32.29
Ara chloropterus,0.84,2.53,33.71
Ara tricolor,0.8,2.12,36.26
Ara rubrogenys,0.81,2.18,30.28
Ara severus,0.8,2.05,27.02
Leptosittaca branickii,0.65,1.24,10.9
Ognorhynchus icterotis,0.72,1.69,14.6
Guaruba guarouba,0.75,1.91,17.56
Diopsittaca nobilis,0.73,1.58,15.74
Diopsittaca cumanensis,0.8,2.12,22.9
Psittacara acuticaudatus,0.8,1.89,21.37
Psittacara holochlorus,0.72,1.55,18.7
Psittacara rubritorquis,0.76,1.89,22.88
Psittacara wagleri,0.68,1.53,20.64
Psittacara frontatus,0.8,2.12,23.68
Psittacara mitratus,0.78,1.95,22.44
Psittacara erythrogenys,0.69,1.75,19.78
Psittacara finschi,0.74,1.7,19.27
Psittacara leucophthalmus,0.71,1.56,20.39
Psittacara euops,0.69,1.66,20.35
Psittacara chloropterus,0.73,1.76,21.55
Psittacara labati,0.8,2.12,23.68
Psittrichas fulgidus,0.83,2.67,21.86
Mascarinus mascarin,0.8,2.12,25.25
Coracopsis vasa,0.78,2.24,31.47
Coracopsis nigra,0.75,1.9,26.48
Coracopsis barklyi,0.8,2.12,44
Coracopsis sibilans,0.8,2.12,44
Psephotus haematonotus,0.54,1.02,13.24
Northiella haematogaster,0.59,1.05,13.16
Psephotellus varius,0.56,1.71,14.89
Psephotellus dissimilis,0.59,1.74,14.05
Psephotellus chrysopterygius,0.57,1.68,13.8
Psephotellus pulcherrimus,0.8,1.83,16.93
Purpureicephalus spurius,0.61,1.07,14.58
Platycercus caledonicus,0.64,1.65,26.27
Platycercus elegans,0.61,1.57,24.38
Platycercus venustus,0.69,1.79,24.51
Platycercus adscitus,0.6,1.53,23.07
Platycercus eximius,0.55,1.4,22.43
Platycercus icterotis,0.59,1.43,21.99
Barnardius zonarius,0.6,1.46,14.34
Lathamus discolor,0.59,1.79,10.8
Prosopeia splendens,0.73,1.75,15.18
Prosopeia personata,0.8,1.87,13.2
Prosopeia tabuensis,0.76,1.98,14.48
Eunymphicus cornutus,0.71,2.23,17.05
Eunymphicus uvaeensis,0.71,2.23,17
Cyanoramphus zealandicus,0.8,2.12,16.28
Cyanoramphus ulietanus,0.8,2.12,16.28
Cyanoramphus unicolor,0.72,1.61,18.67
Cyanoramphus forbesi,0.7,1.44,13.12
Cyanoramphus auriceps,0.48,0.93,11.71
Cyanoramphus malherbi,0.7,1.35,13.57
Cyanoramphus novaezelandiae,0.52,1.07,12.56
Pezoporus wallicus,0.63,1.68,14.34
Pezoporus occidentalis,0.68,1.82,14.96
Neopsephotus bourkii,0.59,1.04,13.74
Neophema chrysostoma,0.58,0.96,16.89
Neophema elegans,0.63,0.99,16.66
Neophema petrophila,0.7,1.13,19.21
Neophema chrysogaster,0.6,1,17.55
Neophema pulchella,0.62,0.98,16.53
Neophema splendida,0.64,1,16.61
Psittacella brehmii,0.67,1.36,11.99
Psittacella lorentzi,0.8,2.12,25.25
Psittacella picta,0.73,1.34,10.6
Psittacella modesta,0.71,1.25,9.89
Psittacella madaraszi,0.61,1.12,9.91
Oreopsittacus arfaki,0.63,1.2,9.31
Charmosyna palmarum,0.66,1.26,10.85
Charmosyna rubrigularis,0.7,1.13,9.67
Charmosyna meeki,0.64,1.16,9.78
Charmosyna toxopei,0.67,1.26,10.52
Charmosyna multistriata,0.7,1.13,9.69
Charmosyna wilhelminae,0.67,1.26,10.59
Charmosyna rubronotata,0.67,1.23,10.26
Charmosyna placentis,0.72,1.18,9.86
Charmosyna diadema,0.65,1.26,11.02
Charmosyna amabilis,0.56,0.95,8.27
Charmosyna margarethae,0.68,1.33,11.25
Charmosyna pulchella,0.69,1.27,10.73
Charmosyna josefinae,0.71,1.44,12.01
Charmosyna papou,0.76,1.41,11.56
Charmosyna stellae,0.8,1.33,11.3
Vini australis,0.71,1.38,14.93
Vini kuhlii,0.74,1.29,14.07
Vini stepheni,0.67,1.32,15.01
Vini peruviana,0.66,1.17,12.88
Vini ultramarina,0.68,1.24,13.38
Phigys solitarius,0.72,1.68,13.23
Neopsittacus musschenbroekii,0.74,1.94,10.88
Neopsittacus pullicauda,0.67,1.84,10.57
Glossopsitta concinna,0.76,0.98,17.04
Glossopsitta pusilla,0.59,0.77,14.27
Glossopsitta porphyrocephala,0.62,0.82,15.15
Lorius garrulus,0.75,3.16,19.23
Lorius domicella,0.76,3.31,20.34
Lorius lory,0.76,3.29,20.39
Lorius hypoinochrous,0.76,3.47,20.83
Lorius albidinucha,0.74,3.24,19.4
Lorius chlorocercus,0.75,3.42,20.72
Chalcopsitta atra,0.76,3.14,15.8
Chalcopsitta duivenbodei,0.77,3.21,16.26
Chalcopsitta scintillata,0.72,2.89,16.92
Chalcopsitta cardinalis,0.76,2.99,16.85
Pseudeos fuscata,0.73,2.3,13.83
Psitteuteles versicolor,0.65,1.43,14.46
Psitteuteles iris,0.7,1.57,15.06
Psitteuteles goldiei,0.7,1.57,14.89
Eos histrio,0.74,3.33,15.55
Eos squamata,0.73,3.25,14.96
Eos bornea,0.75,3.61,17.6
Eos reticulata,0.74,3.33,15.75
Eos cyanogenia,0.76,3.59,16.56
Eos semilarvata,0.7,3.27,15.99
Trichoglossus ornatus,0.74,1.43,18.6
Trichoglossus forsteni,0.8,1.31,19.76
Trichoglossus weberi,0.8,1.31,19.76
Trichoglossus capistratus,0.8,1.31,19.76
Trichoglossus haematodus,0.74,1.41,18.65
Trichoglossus rosenbergii,0.8,1.31,19.76
Trichoglossus moluccanus,0.8,1.5,20.6
Trichoglossus rubritorquis,0.8,1,19.76
Trichoglossus euteles,0.67,1.2,16.47
Trichoglossus meyeri,0.8,1.31,19.76
Trichoglossus flavoviridis,0.77,1.31,16.64
Trichoglossus johnstoniae,0.7,1.22,16.32
Trichoglossus rubiginosus,0.75,1.41,18.35
Trichoglossus chlorolepidotus,0.7,1.29,18.51
Melopsittacus undulatus,0.56,1.01,13.49
Psittaculirostris desmarestii,0.74,1.68,13.13
Psittaculirostris godmani,0.8,2.12,12.97
Psittaculirostris cervicalis,0.8,2.12,12.97
Psittaculirostris edwardsii,0.73,1.65,12.94
Psittaculirostris salvadorii,0.68,1.39,12.36
Cyclopsitta gulielmitertii,0.6,0.91,11.24
Cyclopsitta nigrifrons,0.8,1,14.4
Cyclopsitta amabilis,0.8,1,14.4
Cyclopsitta melanogenia,0.8,1,14.4
Cyclopsitta diophthalma,0.71,1.1,11.76
Cyclopsitta coxeni,0.8,1,14.4
Bolbopsittacus lunulatus,0.7,1.51,11.92
Loriculus vernalis,0.6,1.9,11.51
Loriculus beryllinus,0.69,1.85,10.33
Loriculus philippensis,0.63,1.89,11.16
Loriculus galgulus,0.61,1.81,10.26
Loriculus stigmatus,0.6,1.85,10.9
Loriculus sclateri,0.67,1.93,10.89
Loriculus amabilis,0.64,1.74,9.83
Loriculus catamene,0.67,2.03,11.34
Loriculus aurantiifrons,0.53,1.49,8.81
Loriculus tener,0.6,1.58,9.02
Loriculus exilis,0.7,1.73,9.97
Loriculus pusillus,0.67,2.03,11.51
Loriculus flosculus,0.66,1.93,11.08
Agapornis canus,0.61,0.98,13.13
Agapornis pullarius,0.57,1.01,14.4
Agapornis taranta,0.63,1.07,14
Agapornis swindernianus,0.71,1.04,13.58
Agapornis roseicollis,0.58,1,15.42
Agapornis fischeri,0.55,0.94,13.75
Agapornis personatus,0.55,0.95,14.13
Agapornis lilianae,0.53,0.89,13.53
Agapornis nigrigenis,0.53,0.91,14.01
Polytelis swainsonii,0.62,1.3,21.23
Polytelis anthopeplus,0.65,1.32,21.47
Polytelis alexandrae,0.62,1.2,18.91
Alisterus amboinensis,0.76,2.43,19.26
Alisterus chloropterus,0.77,2.29,17.81
Alisterus scapularis,0.66,2.17,20.32
Aprosmictus jonquillaceus,0.76,1.85,17.16
Aprosmictus erythropterus,0.7,1.83,17.05
Prioniturus mada,0.74,1.68,12.93
Prioniturus platurus,0.71,1.51,11.58
Prioniturus waterstradti,0.73,1.69,13.1
Prioniturus montanus,0.72,1.69,13.42
Prioniturus platenae,0.73,1.67,13.04
Prioniturus mindorensis,0.8,2.12,25.25
Prioniturus verticalis,0.68,1.4,10.85
Prioniturus flavicans,0.74,1.68,12.84
Prioniturus luconensis,0.72,1.66,13.16
Prioniturus discurus,0.72,1.74,13.61
Eclectus roratus,0.81,3.34,25.21
Eclectus infectus,0.8,4,40.8
Geoffroyus geoffroyi,0.73,1.64,13.85
Geoffroyus simplex,0.7,1.47,12.96
Geoffroyus heteroclitus,0.75,1.81,13.99
Geoffroyus hyacinthinus,0.8,2.12,25.25
Tanygnathus megalorynchos,0.79,2.05,17.41
Tanygnathus lucionensis,0.78,1.7,15.02
Tanygnathus sumatranus,0.78,1.98,16.9
Tanygnathus gramineus,0.77,1.93,16.37
Psittinus cyanurus,0.61,1.03,8.61
Psittinus abbotti,0.8,2.12,10.2
Psittacula finschii,0.62,2.3,19.99
Psittacula himalayana,0.69,2.58,23.22
Psittacula roseata,0.74,2.86,22.66
Psittacula cyanocephala,0.6,2.26,18.21
Psittacula alexandri,0.7,2.87,22.21
Psittacula derbiana,0.77,2.8,23.09
Psittacula longicauda,0.76,2.83,19.38
Psittacula caniceps,0.77,3.05,23.42
Psittacula columboides,0.63,2.2,18.83
Psittacula calthrapae,0.72,3.03,22.14
Psittacula eupatria,0.72,3.09,24.12
Psittacula wardi,0.8,2.99,30
Psittacula krameri,0.68,2.74,21.05
Psittacula eques,0.73,2.8,23.66
Psittacula exsul,0.8,2.78,25.36
Lophopsittacus bensoni,0.8,2.12,25.25
Lophopsittacus mauritianus,0.8,2.12,25.25
Necropsittacus rodricanus,0.8,2.12,25.25
Micropsitta keiensis,0.53,0.89,7.96
Micropsitta geelvinkiana,0.54,0.9,7.87
Micropsitta pusio,0.6,1.05,8.82
Micropsitta meeki,0.51,0.91,7.98
Micropsitta finschii,0.54,0.93,8.31
Micropsitta bruijnii,0.51,0.91,8.1
Acanthisitta chloris,0.52,0.87,6.56
Xenicus longipes,0.59,1.14,9.97
Xenicus gilviventris,0.63,1.14,8.89
Traversia lyalli,0.59,1.14,9.97
Erythropitta erythrogaster,0.59,1.14,9.97
Erythropitta inspeculata,0.59,1.14,9.97
Erythropitta caeruleitorques,0.59,1.14,9.97
Erythropitta palliceps,0.59,1.14,9.97
Erythropitta celebensis,0.59,1.14,9.97
Erythropitta dohertyi,0.69,1.31,9.65
Erythropitta rufiventris,0.59,1.14,9.97
Erythropitta rubrinucha,0.59,1.14,9.97
Erythropitta macklotii,0.59,1.14,9.97
Erythropitta meeki,0.59,1.14,9.97
Erythropitta gazellae,0.59,1.14,9.97
Erythropitta splendida,0.59,1.14,9.97
Erythropitta novaehibernicae,0.59,1.14,9.97
Erythropitta kochi,0.75,1.55,11.35
Erythropitta venusta,0.75,1.65,10.73
Erythropitta arquata,0.74,1.53,9.95
Erythropitta granatina,0.74,1.57,10.13
Erythropitta ussheri,0.72,1.34,9.59
Hydrornis phayrei,0.7,1.48,10.68
Hydrornis oatesi,0.71,1.54,11.11
Hydrornis nipalensis,0.71,1.55,11.39
Hydrornis soror,0.74,1.64,11.58
Hydrornis caeruleus,0.79,1.91,12.6
Hydrornis schneideri,0.76,1.49,10.5
Hydrornis cyaneus,0.64,1.34,10.11
Hydrornis gurneyi,0.67,1.34,9.45
Hydrornis elliotii,0.73,1.58,11.08
Hydrornis guajanus,0.7,1.48,10.13
Hydrornis schwaneri,0.59,1.14,9.97
Hydrornis irena,0.59,1.14,9.97
Hydrornis baudii,0.75,1.59,10.26
Pitta reichenowi,0.75,1.65,9.02
Pitta angolensis,0.68,1.46,8.31
Pitta brachyura,0.59,1.22,7.78
Pitta moluccensis,0.61,1.3,7.99
Pitta megarhyncha,0.74,1.62,9.18
Pitta nympha,0.62,1.34,8.63
Pitta elegans,0.72,1.49,8.42
Pitta sordida,0.66,1.41,8.32
Pitta novaeguineae,0.59,1.14,7.3
Pitta rosenbergii,0.59,1.14,7.3
Pitta steerii,0.75,1.49,8.49
Pitta versicolor,0.68,1.5,9.22
Pitta maxima,0.83,2.12,11.15
Pitta morotaiensis,0.59,1.14,7.3
Pitta anerythra,0.74,1.46,8.3
Pitta superba,0.77,1.78,9.66
Pitta iris,0.67,1.35,8.07
Philepitta castanea,0.63,1.31,10.65
Philepitta schlegeli,0.64,1.28,10.19
Neodrepanis coruscans,0.56,1.02,8.09
Neodrepanis hypoxantha,0.56,1.04,8.22
Pseudocalyptomena graueri,0.69,1.17,9.24
Psarisomus dalhousiae,0.59,1.17,8.91
Corydon sumatranus,0.75,1.71,11.52
Cymbirhynchus macrorhynchos,0.7,1.44,7.34
Cymbirhynchus affinis,0.59,1.14,5
Serilophus lunatus,0.61,1.15,8.42
Serilophus rubropygius,0.59,1.14,9.97
Eurylaimus javanicus,0.74,1.58,10.6
Eurylaimus harterti,0.59,1.14,9.97
Eurylaimus ochromalus,0.69,1.34,8.79
Sarcophanops samarensis,0.67,1.17,8.51
Sarcophanops steerii,0.75,1.55,10.03
Sapayoa aenigma,0.62,1.04,8.58
Smithornis capensis,0.67,1.25,8.4
Smithornis sharpei,0.72,1.43,9.2
Smithornis rufolateralis,0.68,1.25,8.12
Calyptomena viridis,0.7,1.57,11.64
Calyptomena hosii,0.69,1.59,12.08
Calyptomena whiteheadi,0.77,1.98,14.5
Euchrepomis sharpei,0.59,0.91,6.73
Euchrepomis callinota,0.6,0.9,6.43
Euchrepomis spodioptila,0.6,0.89,6.34
Euchrepomis humeralis,0.6,0.91,6.57
Myrmorchilus strigilatus,0.69,1.29,8.86
Aprositornis disjuncta,0.65,1.04,7.43
Ammonastes pelzelni,0.66,1.08,7.65
Myrmophylax atrothorax,0.61,1.02,7.58
Microrhopias quixensis,0.62,1.05,6.89
Neoctantes niger,0.65,1.16,8.6
Epinecrophylla fulviventris,0.7,1.11,7.38
Epinecrophylla gutturalis,0.7,1.08,7.05
Epinecrophylla leucophthalma,0.7,0.95,6.91
Epinecrophylla haematonota,0.7,0.95,6.78
Epinecrophylla amazonica,0.71,1.14,9.97
Epinecrophylla spodionota,0.71,0.98,7.05
Epinecrophylla ornata,0.66,0.92,6.92
Epinecrophylla hoffmannsi,0.71,1.14,9.97
Epinecrophylla erythrura,0.71,0.99,7.09
Clytoctantes alixii,0.69,1.2,8.64
Clytoctantes atrogularis,0.69,1.2,8.67
Formicivora iheringi,0.69,0.93,9.91
Formicivora erythronotos,0.71,1.11,7.81
Formicivora grisea,0.71,1.11,7.33
Formicivora intermedia,0.78,1.14,16.2
Formicivora serrana,0.72,1.16,8.08
Formicivora melanogaster,0.71,0.97,10.36
Formicivora rufa,0.71,1.12,7.63
Formicivora grantsaui,0.78,1.14,16.2
Formicivora acutirostris,0.65,0.93,10.59
Formicivora paludicola,0.78,1.14,16.2
Myrmochanes hemileucus,0.63,1.01,7.24
Myrmotherula brachyura,0.69,0.89,6.35
Myrmotherula ignota,0.65,0.87,6.44
Myrmotherula ambigua,0.69,0.89,6.36
Myrmotherula sclateri,0.7,0.93,6.76
Myrmotherula surinamensis,0.66,1.06,6.96
Myrmotherula multostriata,0.7,0.92,6.67
Myrmotherula pacifica,0.67,1.1,7.28
Myrmotherula cherriei,0.7,0.93,6.64
Myrmotherula klagesi,0.66,0.88,6.57
Myrmotherula longicauda,0.7,0.93,6.76
Myrmotherula luctuosa,0.74,1.14,9.97
Myrmotherula axillaris,0.67,0.91,6.77
Myrmotherula schisticolor,0.67,1.09,7.18
Myrmotherula sunensis,0.71,0.94,6.73
Myrmotherula minor,0.62,0.85,6.67
Myrmotherula longipennis,0.67,1.09,7.09
Myrmotherula urosticta,0.69,0.94,7
Myrmotherula iheringi,0.69,0.92,6.69
Myrmotherula grisea,0.69,0.93,6.89
Myrmotherula unicolor,0.69,0.99,7.5
Myrmotherula snowi,0.7,0.96,6.95
Myrmotherula behni,0.7,0.92,6.63
Myrmotherula menetriesii,0.7,0.94,6.71
Myrmotherula assimilis,0.67,0.91,6.84
Terenura sicki,0.59,0.89,6.44
Terenura maculata,0.57,0.89,6.68
Dichrozona cincta,0.65,1.06,7.58
Rhopias gularis,0.56,0.95,6.18
Isleria hauxwelli,0.73,1.11,7.39
Isleria guttata,0.73,1.12,7.31
Thamnomanes ardesiacus,0.71,1.23,7.95
Thamnomanes saturninus,0.72,1.11,7.98
Thamnomanes caesius,0.7,1.2,7.87
Thamnomanes schistogynus,0.71,1.22,8.17
Megastictus margaritatus,0.68,1.26,8.25
Dysithamnus stictothorax,0.63,1.06,9.22
Dysithamnus mentalis,0.66,1.19,8.97
Dysithamnus striaticeps,0.65,1.14,8.64
Dysithamnus puncticeps,0.66,1.19,8.74
Dysithamnus xanthopterus,0.67,1.21,9.54
Dysithamnus occidentalis,0.66,1.06,8.74
Dysithamnus leucostictus,0.67,1.11,9.13
Dysithamnus plumbeus,0.68,1.27,9.75
Herpsilochmus sellowi,0.6,0.91,6.64
Herpsilochmus pileatus,0.6,0.94,6.96
Herpsilochmus atricapillus,0.61,0.96,7.09
Herpsilochmus praedictus,0.59,1.14,9.97
Herpsilochmus stotzi,0.59,1.14,9.97
Herpsilochmus motacilloides,0.63,1.01,7.35
Herpsilochmus parkeri,0.63,0.99,7.14
Herpsilochmus dugandi,0.63,0.97,6.92
Herpsilochmus sticturus,0.62,0.96,6.86
Herpsilochmus stictocephalus,0.61,0.94,6.75
Herpsilochmus gentryi,0.63,0.98,6.99
Herpsilochmus dorsimaculatus,0.63,0.96,6.87
Herpsilochmus roraimae,0.63,0.98,7.03
Herpsilochmus pectoralis,0.62,0.98,7.11
Herpsilochmus longirostris,0.62,1.01,7.47
Herpsilochmus axillaris,0.63,0.99,7.12
Herpsilochmus scapularis,0.59,1.14,9.97
Herpsilochmus rufimarginatus,0.59,1.14,9.97
Cymbilaimus lineatus,0.71,1.41,9.22
Cymbilaimus sanctaemariae,0.68,1.18,8.58
Taraba major,0.72,1.5,10.05
Hypoedaleus guttatus,0.68,1.25,9.37
Batara cinerea,0.76,1.75,12.55
Mackenziaena leachii,0.71,1.41,10.56
Mackenziaena severa,0.7,1.33,9.91
Frederickena viridis,0.75,1.64,10.64
Frederickena unduliger,0.74,1.45,10.35
Sakesphorus canadensis,0.67,1.26,8.37
Sakesphorus pulchellus,0.59,1.14,9.97
Sakesphorus cristatus,0.65,1.08,7.83
Sakesphorus luctuosus,0.65,1.16,8.64
Thamnophilus doliatus,0.74,1.34,8.84
Thamnophilus ruficapillus,0.71,1.22,8.8
Thamnophilus subfasciatus,0.74,1.14,9.97
Thamnophilus torquatus,0.71,1.22,8.43
Thamnophilus zarumae,0.75,1.13,8.09
Thamnophilus multistriatus,0.76,1.17,8.39
Thamnophilus tenuepunctatus,0.75,1.14,8.07
Thamnophilus palliatus,0.74,1.3,8.72
Thamnophilus bernardi,0.74,1.14,9.97
Thamnophilus shumbae,0.74,1.14,9.97
Thamnophilus bridgesi,0.73,1.29,8.67
Thamnophilus atrinucha,0.74,1.3,8.66
Thamnophilus schistaceus,0.73,1.26,8.39
Thamnophilus murinus,0.73,1.25,8.13
Thamnophilus nigriceps,0.74,1.13,8.17
Thamnophilus praecox,0.72,1.09,8.05
Thamnophilus cryptoleucus,0.72,1.13,8.38
Thamnophilus nigrocinereus,0.75,1.36,8.8
Thamnophilus punctatus,0.73,1.25,8.18
Thamnophilus stictocephalus,0.74,1.12,8.07
Thamnophilus sticturus,0.72,1.08,8.01
Thamnophilus pelzelni,0.73,1.11,8.13
Thamnophilus ambiguus,0.73,1.14,8.45
Thamnophilus caerulescens,0.71,1.22,8.72
Thamnophilus unicolor,0.75,1.14,8.1
Thamnophilus aethiops,0.74,1.32,8.72
Thamnophilus aroyae,0.73,1.1,8.12
Thamnophilus melanonotus,0.74,1.32,8.87
Thamnophilus melanothorax,0.73,1.16,8.59
Thamnophilus amazonicus,0.72,1.24,8.17
Thamnophilus insignis,0.75,1.15,8.22
Thamnophilus divisorius,0.74,1.13,8.11
Biatas nigropectus,0.68,1.27,9.55
Xenornis setifrons,0.69,1.31,8.75
Cercomacra manu,0.61,1.04,7.86
Cercomacra brasiliana,0.64,1.07,7.93
Cercomacra cinerascens,0.65,1.03,7.4
Cercomacra melanaria,0.68,1.25,8.58
Cercomacra ferdinandi,0.6,1,7.58
Cercomacra carbonaria,0.61,1,7.37
Cercomacra nigricans,0.67,1.21,8.05
Sciaphylax hemimelaena,0.66,1.21,8.07
Sciaphylax castanea,0.65,1.06,7.53
Cercomacroides nigrescens,0.73,1.14,9.97
Cercomacroides fuscicauda,0.73,1.14,9.97
Cercomacroides laeta,0.69,1.2,7.83
Cercomacroides parkeri,0.7,1.07,7.67
Cercomacroides tyrannina,0.7,1.21,7.94
Cercomacroides serva,0.65,1.03,7.7
Drymophila ferruginea,0.6,0.98,7.3
Drymophila rubricollis,0.59,0.97,7.29
Drymophila genei,0.6,0.98,7.37
Drymophila ochropyga,0.6,0.97,7.3
Drymophila malura,0.61,1.02,7.67
Drymophila squamata,0.64,1.12,7.77
Drymophila devillei,0.62,0.97,7.04
Drymophila klagesi,0.59,1.14,9.97
Drymophila hellmayri,0.59,1.14,9.97
Drymophila caudata,0.59,1.14,9.97
Drymophila striaticeps,0.59,1.14,9.97
Hypocnemis hypoxantha,0.63,0.99,7.09
Hypocnemis subflava,0.62,1,7.36
Hypocnemis flavescens,0.64,1,7.17
Hypocnemis cantator,0.65,1.14,7.46
Hypocnemis peruviana,0.63,1,7.22
Hypocnemis ochrogyna,0.62,1,7.35
Hypocnemis rondoni,0.59,1.14,9.97
Hypocnemis striata,0.63,1,7.23
Phaenostictus mcleannani,0.74,1.57,10.78
Pithys albifrons,0.74,1.25,8.11
Pithys castaneus,0.76,1.19,8.52
Willisornis poecilinotus,0.61,1.24,8.11
Willisornis vidua,0.52,1.14,9.97
Willisornis nigrigula,0.52,1.14,9.97
Phlegopsis nigromaculata,0.65,1.48,9.77
Phlegopsis borbae,0.64,1.32,9.41
Phlegopsis erythroptera,0.64,1.34,9.53
Oneillornis salvini,0.69,1.33,8.81
Oneillornis lunulatus,0.68,1.14,8.15
Gymnopithys bicolor,0.61,1.14,11.5
Gymnopithys leucaspis,0.61,1.14,11.5
Gymnopithys rufigula,0.63,1.36,8.83
Rhegmatorhina gymnops,0.68,1.18,8.45
Rhegmatorhina berlepschi,0.7,1.23,8.75
Rhegmatorhina hoffmannsi,0.68,1.2,8.71
Rhegmatorhina cristata,0.7,1.23,8.69
Rhegmatorhina melanosticta,0.7,1.37,9.06
Myrmoderus ferrugineus,0.69,1.33,8.56
Myrmoderus ruficauda,0.7,1.36,9.36
Myrmoderus loricatus,0.7,1.36,9.42
Myrmoderus squamosus,0.63,1.09,8.2
Hylophylax naevioides,0.7,1.23,10.4
Hylophylax naevius,0.68,1.18,9.79
Hylophylax punctulatus,0.68,1.15,9.58
Hypocnemoides melanopogon,0.66,1.18,7.62
Hypocnemoides maculicauda,0.58,0.96,7.23
Sclateria naevia,0.69,1.31,8.59
Myrmelastes saturatus,0.67,1.16,8.3
Myrmelastes schistaceus,0.63,1.12,8.32
Myrmelastes hyperythrus,0.69,1.45,9.6
Myrmelastes rufifacies,0.62,1.11,8.3
Myrmelastes brunneiceps,0.61,1.11,8.45
Myrmelastes humaythae,0.62,1.11,8.3
Myrmelastes leucostigma,0.63,1.11,8.2
Myrmelastes caurensis,0.69,1.26,8.98
Poliocrania maculifer,0.59,1.14,10.7
Poliocrania exsul,0.59,1.14,10.7
Ampelornis griseiceps,0.65,1.04,7.48
Sipia berlepschi,0.69,1.19,8.49
Sipia nigricauda,0.68,1.14,8.11
Sipia palliata,0.59,1.14,9.97
Sipia laemosticta,0.69,1.32,8.78
Myrmeciza longipes,0.7,1.34,8.88
Myrmoborus melanurus,0.58,1.06,7.92
Myrmoborus lophotes,0.64,1.18,8.56
Myrmoborus myotherinus,0.63,1.24,8.22
Myrmoborus leucophrys,0.64,1.28,8.4
Myrmoborus lugubris,0.63,1.12,7.97
Gymnocichla nudiceps,0.7,1.37,9.16
Pyriglena leuconota,0.73,1.44,9.5
Pyriglena leucoptera,0.7,1.35,9.5
Pyriglena atra,0.68,1.21,8.8
Rhopornis ardesiacus,0.67,1.16,8.51
Percnostola rufifrons,0.71,1.36,8.69
Percnostola arenarum,0.67,1.13,8.1
Akletos melanoceps,0.72,1.43,9.35
Akletos goeldii,0.74,1.52,10.03
Hafferia fortis,0.73,1.48,9.74
Hafferia zeledoni,0.59,1.14,9.97
Hafferia immaculata,0.59,1.14,9.97
Myrmornis torquata,0.64,1.61,10.13
Myrmornis stictoptera,0.45,1.14,9.97
Pygiptila stellaris,0.68,1.14,8.16
Thamnistes anabatinus,0.68,1.27,8.55
Thamnistes aequatorialis,0.59,1.14,9.97
Conopophaga aurita,0.69,1.33,6.13
Conopophaga snethlageae,0.59,1.14,4
Conopophaga melanops,0.68,1.26,6.17
Conopophaga lineata,0.69,1.32,6.54
Conopophaga cearae,0.59,1.14,4
Conopophaga roberti,0.67,1.11,5.57
Conopophaga peruviana,0.67,1.13,5.71
Conopophaga ardesiaca,0.66,1.16,6
Conopophaga castaneiceps,0.69,1.17,5.81
Conopophaga melanogaster,0.7,1.28,6.43
Pittasoma michleri,0.77,1.76,11.65
Pittasoma rufopileatum,0.75,1.49,10.6
Melanopareia torquata,0.64,1.07,7.87
Melanopareia maximiliani,0.63,1.08,8.15
Melanopareia maranonica,0.67,1.13,8.12
Melanopareia elegans,0.65,1.06,7.56
Grallaria squamigera,0.77,1.6,7.81
Grallaria gigantea,0.8,1.78,8.56
Grallaria excelsa,0.79,1.78,8.8
Grallaria varia,0.78,1.79,8.3
Grallaria alleni,0.74,1.41,6.83
Grallaria chthonia,0.74,1.46,7.21
Grallaria guatimalensis,0.76,1.71,7.83
Grallaria haplonota,0.76,1.67,7.54
Grallaria dignissima,0.73,1.47,7.46
Grallaria eludens,0.76,1.55,7.63
Grallaria ruficapilla,0.76,1.67,7.54
Grallaria watkinsi,0.74,1.4,6.86
Grallaria bangsi,0.72,1.37,6.84
Grallaria kaestneri,0.72,1.3,6.4
Grallaria andicolus,0.72,1.35,6.72
Grallaria griseonucha,0.74,1.46,7.22
Grallaria rufocinerea,0.71,1.29,6.3
Grallaria ridgelyi,0.78,1.68,8.22
Grallaria nuchalis,0.77,1.55,7.52
Grallaria carrikeri,0.76,1.53,7.54
Grallaria albigula,0.74,1.49,7.56
Grallaria flavotincta,0.69,1.32,6.73
Grallaria hypoleuca,0.74,1.42,6.88
Grallaria przewalskii,0.73,1.35,7.35
Grallaria capitalis,0.73,1.42,7.05
Grallaria erythroleuca,0.73,1.44,7.21
Grallaria saltuensis,0.59,1.14,5
Grallaria rufula,0.59,1.14,5
Grallaria blakei,0.7,1.27,6.31
Grallaria quitensis,0.7,1.33,6.72
Grallaria alticola,0.59,1.14,5
Grallaria atuensis,0.59,1.14,5
Grallaria fenwickorum,0.59,1.14,5
Grallaria milleri,0.72,1.33,6.52
Grallaria erythrotis,0.74,1.55,7.41
Hylopezus perspicillatus,0.72,1.46,9.73
Hylopezus macularius,0.71,1.29,9.12
Hylopezus auricularis,0.72,1.45,9.71
Hylopezus dives,0.66,1.23,9.28
Hylopezus fulviventris,0.71,1.27,8.99
Hylopezus berlepschi,0.71,1.31,9.44
Hylopezus ochroleucus,0.68,1.18,8.54
Hylopezus nattereri,0.66,1.21,9.12
Myrmothera campanisona,0.68,1.25,9.23
Myrmothera simplex,0.73,1.52,9.99
Grallaricula flavirostris,0.69,1.28,8.38
Grallaricula loricata,0.66,1.11,8.06
Grallaricula cucullata,0.66,1.08,7.75
Grallaricula peruviana,0.66,1.09,7.77
Grallaricula ochraceifrons,0.67,1.13,8.14
Grallaricula ferrugineipectus,0.67,1.22,8.15
Grallaricula leymebambae,0.59,1.14,9.97
Grallaricula cumanensis,0.59,1.14,9.97
Grallaricula nana,0.67,1.1,7.86
Grallaricula lineifrons,0.67,1.11,7.9
Pteroptochos castaneus,0.79,1.9,13.96
Pteroptochos tarnii,0.79,1.87,14.14
Pteroptochos megapodius,0.77,1.77,12.89
Scelorchilus albicollis,0.71,1.44,10.45
Scelorchilus rubecula,0.72,1.49,11.36
Liosceles thoracicus,0.7,1.26,9.06
Psilorhamphus guttatus,0.6,0.99,7.45
Acropternis orthonyx,0.75,1.47,10.41
Rhinocrypta lanceolata,0.74,1.57,11.37
Teledromas fuscus,0.72,1.43,10.48
Eleoscytalopus psychopompus,0.67,1.23,8.39
Eleoscytalopus indigoticus,0.67,1.21,8.51
Merulaxis ater,0.68,1.23,9.16
Merulaxis stresemanni,0.69,1.24,9.13
Myornis senilis,0.67,1.12,7.9
Eugralla paradoxa,0.71,1.42,10.74
Scytalopus latrans,0.62,1.03,7.66
Scytalopus gettyae,0.59,1.14,9.97
Scytalopus unicolor,0.67,1.23,8.16
Scytalopus parvirostris,0.67,1.23,8.33
Scytalopus petrophilus,0.59,1.14,9.97
Scytalopus diamantinensis,0.59,1.14,9.97
Scytalopus novacapitalis,0.67,1.25,8.6
Scytalopus pachecoi,0.61,1.05,7.96
Scytalopus speluncae,0.59,1.14,9.97
Scytalopus gonzagai,0.59,1.14,9.97
Scytalopus iraiensis,0.65,1.15,8.23
Scytalopus macropus,0.71,1.42,9.47
Scytalopus sanctaemartae,0.67,1.23,8.31
Scytalopus micropterus,0.65,1.14,8.41
Scytalopus femoralis,0.69,1.3,8.64
Scytalopus atratus,0.69,1.32,8.54
Scytalopus bolivianus,0.68,1.27,8.69
Scytalopus argentifrons,0.67,1.22,8.16
Scytalopus panamensis,0.67,1.23,8.22
Scytalopus chocoensis,0.68,1.26,8.23
Scytalopus rodriguezi,0.67,1.12,7.97
Scytalopus stilesi,0.67,1.12,8.08
Scytalopus robbinsi,0.66,1.1,7.81
Scytalopus vicinior,0.69,1.29,8.42
Scytalopus latebricola,0.69,1.29,8.68
Scytalopus meridanus,0.68,1.26,8.4
Scytalopus perijanus,0.59,1.14,9.97
Scytalopus caracae,0.69,1.31,8.76
Scytalopus spillmanni,0.69,1.3,8.47
Scytalopus parkeri,0.67,1.12,7.97
Scytalopus magellanicus,0.63,1.12,8.72
Scytalopus griseicollis,0.67,1.23,8.14
Scytalopus altirostris,0.63,1,7.26
Scytalopus affinis,0.63,1.02,7.35
Scytalopus urubambae,0.63,1.02,7.44
Scytalopus simonsi,0.67,1.21,8.31
Scytalopus zimmeri,0.63,1.06,7.9
Scytalopus acutirostris,0.67,1.23,8.26
Scytalopus superciliaris,0.67,1.23,8.78
Scytalopus fuscus,0.67,1.23,9.05
Scytalopus opacus,0.59,1.14,9.97
Scytalopus canus,0.67,1.24,8.19
Scytalopus schulenbergi,0.66,1.21,8.25
Formicarius colma,0.73,1.49,9.79
Formicarius moniliger,0.42,1.14,9.97
Formicarius analis,0.42,1.14,9.97
Formicarius rufifrons,0.71,1.34,9.77
Formicarius nigricapillus,0.74,1.54,10.05
Formicarius rufipectus,0.74,1.42,10.1
Chamaeza campanisona,0.76,1.7,7.84
Chamaeza nobilis,0.76,1.57,7.42
Chamaeza meruloides,0.71,1.4,6.94
Chamaeza turdina,0.75,1.5,7.11
Chamaeza ruficauda,0.71,1.41,7.03
Chamaeza mollissima,0.73,1.41,6.76
Sclerurus mexicanus,0.64,1.32,6.56
Sclerurus rufigularis,0.62,1.12,5.99
Sclerurus guatemalensis,0.66,1.4,7.21
Sclerurus caudacutus,0.66,1.42,7.03
Sclerurus albigularis,0.66,1.4,7.07
Sclerurus scansor,0.64,1.37,7.36
Sclerurus cearensis,0.59,1.14,5
Geositta peruviana,0.68,1.27,8.49
Geositta tenuirostris,0.71,1.38,9.5
Geositta cunicularia,0.65,1.3,9.7
Geositta punensis,0.68,1.25,9.89
Geositta poeciloptera,0.63,1.14,8.08
Geositta crassirostris,0.71,1.34,9.82
Geositta rufipennis,0.66,1.33,9.76
Geositta maritima,0.63,1.06,7.89
Geositta antarctica,0.66,1.29,11.54
Geositta saxicolina,0.68,1.21,8.85
Geositta isabellina,0.68,1.35,10.07
Certhiasomus stictolaemus,0.66,1.09,7.77
Deconychura typica,0.59,1.14,9.97
Deconychura longicauda,0.59,1.14,9.97
Deconychura pallida,0.59,1.14,9.97
Sittasomus griseus,0.59,1.14,9.97
Sittasomus griseicapillus,0.59,1.14,9.97
Dendrocincla tyrannina,0.74,1.34,10.69
Dendrocincla merula,0.7,1.26,10.52
Dendrocincla homochroa,0.7,1.38,10.41
Dendrocincla anabatina,0.72,1.4,10.46
Dendrocincla fuliginosa,0.72,1.43,10.19
Dendrocincla turdina,0.72,1.14,11.5
Glyphorynchus spirurus,0.53,1.18,7.72
Dendrexetastes rufigula,0.73,1.55,10.29
Nasica longirostris,0.71,1.42,10.56
Dendrocolaptes sanctithomae,0.75,1.6,10.82
Dendrocolaptes punctipectus,0.59,1.14,6
Dendrocolaptes certhia,0.78,1.74,11.05
Dendrocolaptes hoffmannsi,0.74,1.45,8.2
Dendrocolaptes picumnus,0.75,1.64,10.71
Dendrocolaptes platyrostris,0.71,1.37,7.93
Hylexetastes perrotii,0.8,1.91,12.17
Hylexetastes stresemanni,0.76,1.54,10.96
Xiphocolaptes albicollis,0.78,1.79,12.45
Xiphocolaptes promeropirhynchus,0.75,1.48,10.52
Xiphocolaptes falcirostris,0.75,1.53,11.07
Xiphocolaptes major,0.77,1.82,12.81
Xiphorhynchus obsoletus,0.69,1.39,9.06
Xiphorhynchus atlanticus,0.71,1.14,4.5
Xiphorhynchus fuscus,0.71,1.14,4.5
Xiphorhynchus pardalotus,0.73,1.52,9.62
Xiphorhynchus ocellatus,0.69,1.24,8.89
Xiphorhynchus beauperthuysii,0.71,1.14,4.5
Xiphorhynchus chunchotambo,0.71,1.14,4.5
Xiphorhynchus elegans,0.69,1.4,9.27
Xiphorhynchus spixii,0.68,1.37,9.05
Xiphorhynchus susurrans,0.71,1.49,9.94
Xiphorhynchus guttatus,0.72,1.56,10.05
Xiphorhynchus guttatoides,0.71,1.14,4.5
Xiphorhynchus flavigaster,0.69,1.43,9.99
Xiphorhynchus lachrymosus,0.72,1.54,10.21
Xiphorhynchus erythropygius,0.71,1.49,10.17
Xiphorhynchus aequatorialis,0.71,1.14,4.5
Xiphorhynchus triangularis,0.71,1.3,9.21
Dendroplex picus,0.72,1.45,9.52
Dendroplex kienerii,0.67,1.24,9.2
Campylorhamphus falcularius,0.72,1.46,8.51
Campylorhamphus pusillus,0.71,1.26,7.5
Campylorhamphus trochilirostris,0.72,1.45,8.02
Campylorhamphus procurvoides,0.69,1.34,7.26
Campylorhamphus probatus,0.59,1.14,6.5
Campylorhamphus multostriatus,0.59,1.14,6.5
Drymotoxeres pucheranii,0.74,1.41,10.04
Drymornis bridgesii,0.75,1.64,11.92
Lepidocolaptes angustirostris,0.64,1.21,7.27
Lepidocolaptes albolineatus,0.67,1.11,6.23
Lepidocolaptes duidae,0.59,1.14,6.08
Lepidocolaptes fuscicapillus,0.59,1.14,6.08
Lepidocolaptes fatimalimae,0.59,1.14,6.08
Lepidocolaptes souleyetii,0.69,1.32,7.39
Lepidocolaptes squamatus,0.67,1.18,6.91
Lepidocolaptes falcinellus,0.65,1.18,7.05
Lepidocolaptes lacrymiger,0.69,1.2,6.75
Lepidocolaptes leucogaster,0.68,1.24,7.31
Lepidocolaptes affinis,0.69,1.35,7.85
Lepidocolaptes neglectus,0.59,1.14,6.08
Xenops genibarbis,0.48,1.14,4
Xenops minutus,0.48,1.14,4
Xenops rutilus,0.62,1.08,7.44
Xenops tenuirostris,0.62,0.96,6.88
Berlepschia rikeri,0.66,1.19,8.86
Microxenops milleri,0.64,1,7.16
Pygarrhichas albogularis,0.67,1.26,9.74
Ochetorhynchus andaecola,0.7,1.37,9.57
Ochetorhynchus melanurus,0.63,1.29,9.71
Ochetorhynchus ruficaudus,0.71,1.42,10.21
Ochetorhynchus phoenicurus,0.66,1.26,9.86
Pseudocolaptes lawrencii,0.77,1.64,10.64
Pseudocolaptes johnsoni,0.59,1.14,9.97
Pseudocolaptes boissonneauii,0.71,1.28,9.13
Premnornis guttuliger,0.65,1.06,7.5
Tarphonomus harterti,0.66,1.14,8.47
Tarphonomus certhioides,0.62,1.14,8.53
Furnarius torridus,0.68,1.3,8.95
Furnarius figulus,0.72,1.35,9.04
Furnarius leucopus,0.75,1.54,10.25
Furnarius longirostris,0.71,1.14,9.97
Furnarius cinnamomeus,0.71,1.14,9.97
Furnarius minor,0.63,1.13,7.79
Furnarius rufus,0.69,1.32,9.64
Furnarius cristatus,0.63,1.13,8.48
Lochmias nematura,0.68,1.28,8.95
Phleocryptes melanops,0.59,1.1,8.24
Limnornis curvirostris,0.75,1.48,10.91
Geocerthia serrana,0.73,1.5,10.01
Upucerthia saturatior,0.64,1.31,10.21
Upucerthia dumetaria,0.67,1.39,10.49
Upucerthia albigula,0.69,1.26,9.28
Upucerthia validirostris,0.71,1.42,9.88
Cinclodes pabsti,0.69,1.33,10.08
Cinclodes fuscus,0.71,1.44,11.13
Cinclodes maculirostris,0.59,1.14,9.97
Cinclodes antarcticus,0.59,1.14,9.97
Cinclodes comechingonus,0.67,1.35,9.8
Cinclodes albidiventris,0.69,1.19,8.46
Cinclodes olrogi,0.7,1.35,9.8
Cinclodes albiventris,0.67,1.19,8.8
Cinclodes oustaleti,0.66,1.32,10.03
Cinclodes excelsior,0.74,1.58,10.19
Cinclodes aricomae,0.67,1.26,9.6
Cinclodes palliatus,0.71,1.46,10.97
Cinclodes atacamensis,0.71,1.53,10.63
Cinclodes patagonicus,0.68,1.32,10.17
Cinclodes taczanowskii,0.79,1.52,11.34
Cinclodes nigrofumosus,0.74,1.55,11.64
Anabazenops dorsalis,0.65,1.18,8.87
Anabazenops fuscus,0.68,1.26,9.33
Megaxenops parnaguae,0.67,1.15,8.37
Cichlocolaptes leucophrus,0.7,1.32,9.75
Cichlocolaptes holti,0.59,1.14,9.97
Cichlocolaptes mazarbarnetti,0.59,1.14,9.97
Heliobletus contaminatus,0.61,1.03,7.78
Philydor novaesi,0.71,1.25,9.02
Philydor atricapillus,0.67,1.13,8.42
Philydor pyrrhodes,0.67,1.15,8.52
Philydor fuscipenne,0.7,1.16,8.37
Philydor erythrocercum,0.7,1.32,8.69
Philydor erythropterum,0.7,1.19,8.56
Philydor rufum,0.68,1.27,8.87
Anabacerthia striaticollis,0.69,1.31,8.53
Anabacerthia amaurotis,0.63,1.09,8.26
Anabacerthia lichtensteini,0.64,1.11,8.32
Anabacerthia variegaticeps,0.7,1.34,9.06
Anabacerthia ruficaudata,0.69,1.19,8.51
Syndactyla rufosuperciliata,0.65,1.22,8.93
Syndactyla dimidiata,0.67,1.19,8.79
Syndactyla roraimae,0.68,1.17,8.39
Syndactyla subalaris,0.65,1.14,8.38
Syndactyla ruficollis,0.65,1.15,8.58
Syndactyla guttulata,0.69,1.24,8.95
Syndactyla ucayalae,0.67,1.26,9.53
Syndactyla striata,0.69,1.27,9.33
Ancistrops strigilatus,0.7,1.24,8.85
Clibanornis rectirostris,0.7,1.31,9.65
Clibanornis dendrocolaptoides,0.65,1.25,9.84
Clibanornis erythrocephalus,0.71,1.3,9.26
Clibanornis rubiginosus,0.72,1.44,9.29
Clibanornis rufipectus,0.59,1.14,9.97
Thripadectes ignobilis,0.72,1.3,9.23
Thripadectes flammulatus,0.73,1.35,9.52
Thripadectes scrutator,0.73,1.39,10.06
Thripadectes holostictus,0.7,1.27,9.1
Thripadectes virgaticeps,0.75,1.59,10.41
Thripadectes melanorhynchus,0.69,1.36,9.2
Thripadectes rufobrunneus,0.74,1.54,10.29
Automolus rufipileatus,0.65,1.18,8.75
Automolus melanopezus,0.68,1.2,8.66
Automolus virgatus,0.69,1.14,9.97
Automolus subulatus,0.69,1.14,9.97
Automolus ochrolaemus,0.68,1.39,9.15
Automolus infuscatus,0.69,1.21,8.61
Automolus paraensis,0.69,1.14,9.97
Automolus lammi,0.69,1.14,9.97
Automolus leucophthalmus,0.63,1.25,9.08
Premnoplex brunnescens,0.65,1.06,7.56
Premnoplex tatei,0.65,1.09,7.93
Premnoplex pariae,0.59,1.14,9.97
Margarornis rubiginosus,0.65,1.08,7.82
Margarornis stellatus,0.67,1.12,7.97
Margarornis squamiger,0.66,1.07,7.66
Margarornis bellulus,0.66,1.09,7.85
Aphrastura spinicauda,0.58,1.01,8.01
Aphrastura masafucrae,0.55,0.96,7.75
Sylviorthorhynchus desmurii,0.54,0.99,7.89
Sylviorthorhynchus yanacensis,0.59,0.94,7.01
Leptasthenura xenothorax,0.61,0.97,7.15
Leptasthenura setaria,0.6,0.98,7.44
Leptasthenura platensis,0.6,1.03,7.72
Leptasthenura striolata,0.59,0.97,7.39
Leptasthenura pileata,0.61,0.97,7.08
Leptasthenura striata,0.6,0.94,6.95
Leptasthenura fuliginiceps,0.6,1.11,7.95
Leptasthenura berlepschi,0.59,1.14,9.97
Leptasthenura aegithaloides,0.59,1.14,9.97
Leptasthenura pallida,0.59,1.14,9.97
Leptasthenura andicola,0.66,1.2,7.93
Phacellodomus inornatus,0.59,1.14,9.97
Phacellodomus rufifrons,0.59,1.14,9.97
Phacellodomus striaticeps,0.59,1.16,8.49
Phacellodomus sibilatrix,0.6,1.07,7.93
Phacellodomus dorsalis,0.7,1.24,8.89
Phacellodomus maculipectus,0.64,1.12,8.45
Phacellodomus striaticollis,0.63,1.18,8.88
Phacellodomus ruber,0.64,1.24,9
Phacellodomus erythrophthalmus,0.65,1.21,8.62
Phacellodomus ferrugineigula,0.6,1.1,8.66
Hellmayrea gularis,0.64,1.01,7.15
Anumbius annumbi,0.64,1.25,9.4
Coryphistera alaudina,0.62,1.17,8.84
Asthenes usheri,0.59,1.14,9.97
Asthenes huancavelicae,0.59,1.14,9.97
Asthenes arequipae,0.59,1.14,9.97
Asthenes dorbignyi,0.59,1.14,9.97
Asthenes berlepschi,0.65,1.09,8.05
Asthenes baeri,0.59,1.05,8.06
Asthenes luizae,0.67,1.18,8.71
Asthenes anthoides,0.58,1.13,9
Asthenes hudsoni,0.58,1.11,8.52
Asthenes urubambensis,0.64,1.06,7.74
Asthenes flammulata,0.67,1.13,8.03
Asthenes virgata,0.66,1.12,8.21
Asthenes maculicauda,0.64,1.09,8.1
Asthenes modesta,0.63,1.13,8.45
Asthenes humilis,0.66,1.11,8.13
Asthenes wyatti,0.66,1.22,8.48
Asthenes moreirae,0.6,0.97,7.3
Asthenes pyrrholeuca,0.64,1.18,9.15
Asthenes harterti,0.65,1.16,7.95
Asthenes coryi,0.65,1.07,7.72
Asthenes perijana,0.65,1.09,7.88
Asthenes fuliginosa,0.67,1.24,7.99
Asthenes griseomurina,0.66,1.08,7.7
Asthenes helleri,0.64,1.05,7.68
Asthenes ottonis,0.63,1.02,7.44
Asthenes palpebralis,0.65,1.07,7.79
Asthenes heterura,0.62,1.02,7.65
Asthenes pudibunda,0.63,1.04,7.64
Asthenes vilcabambae,0.65,1.11,8.07
Asthenes ayacuchensis,0.59,1.14,9.97
Acrobatornis fonsecai,0.63,1.03,7.56
Metopothrix aurantiaca,0.58,0.95,7.11
Xenerpestes minlosi,0.62,0.98,7.09
Xenerpestes singularis,0.63,0.99,7.1
Siptornis striaticollis,0.64,1.02,7.23
Roraimia adusta,0.65,1.06,7.6
Thripophaga gutturata,0.6,1,7.48
Thripophaga cherriei,0.61,1.02,7.62
Thripophaga amacurensis,0.59,1.14,9.97
Thripophaga macroura,0.64,1.18,8.29
Thripophaga fusciceps,0.67,1.13,8.19
Limnoctites rectirostris,0.65,1.19,8.84
Cranioleuca sulphurifera,0.58,1.08,8.14
Cranioleuca marcapatae,0.65,1.1,8.05
Cranioleuca weskei,0.59,1.14,9.97
Cranioleuca albiceps,0.64,1.08,7.93
Cranioleuca vulpecula,0.62,1.05,7.82
Cranioleuca berlepschi,0.68,1.15,8.28
Cranioleuca vulpina,0.64,1.16,7.82
Cranioleuca dissita,0.59,1.14,9.97
Cranioleuca muelleri,0.65,1.04,7.37
Cranioleuca albicapilla,0.66,1.12,8.15
Cranioleuca obsoleta,0.61,1.02,7.75
Cranioleuca pallida,0.61,0.99,7.39
Cranioleuca pyrrhophia,0.64,1.14,8.37
Cranioleuca henricae,0.64,1.06,7.85
Cranioleuca erythrops,0.65,1.07,7.65
Cranioleuca baroni,0.66,1.12,8.07
Cranioleuca antisiensis,0.65,1.07,7.7
Cranioleuca curtata,0.65,1.08,7.75
Cranioleuca demissa,0.65,1.05,7.51
Cranioleuca semicinerea,0.64,1.04,7.59
Cranioleuca hellmayri,0.64,1.04,7.59
Cranioleuca subcristata,0.64,1.04,7.54
Pseudasthenes humicola,0.62,1.13,8.54
Pseudasthenes patagonica,0.6,1.08,8.45
Pseudasthenes steinbachi,0.66,1.21,8.85
Pseudasthenes cactorum,0.64,1.07,7.88
Spartonoica maluroides,0.55,1,7.64
Pseudoseisura unirufa,0.65,1.24,9.5
Pseudoseisura cristata,0.71,1.31,9.53
Pseudoseisura lophotes,0.72,1.5,11.07
Pseudoseisura gutturalis,0.68,1.38,10.84
Mazaria propinqua,0.62,1.06,7.89
Schoeniophylax phryganophilus,0.57,1.02,7.69
Certhiaxis cinnamomeus,0.6,1.06,7.49
Certhiaxis mustelinus,0.6,1,7.48
Synallaxis scutata,0.64,1.15,7.92
Synallaxis cinerascens,0.61,1.07,7.83
Synallaxis gujanensis,0.65,1.19,7.93
Synallaxis maranonica,0.64,1.02,7.29
Synallaxis simoni,0.59,1.14,9.97
Synallaxis albilora,0.59,1.14,9.97
Synallaxis kollari,0.65,1.06,7.59
Synallaxis candei,0.6,1.06,7.42
Synallaxis erythrothorax,0.63,1.13,8.01
Synallaxis tithys,0.65,1.05,7.53
Synallaxis unirufa,0.66,1.08,7.67
Synallaxis castanea,0.64,1.04,7.59
Synallaxis fuscorufa,0.64,1.06,7.69
Synallaxis cinnamomea,0.63,1.15,7.82
Synallaxis rutilans,0.6,1.08,7.35
Synallaxis cherriei,0.65,1.06,7.65
Synallaxis hypochondriaca,0.67,1.15,8.26
Synallaxis zimmeri,0.65,1.16,7.76
Synallaxis stictothorax,0.62,0.97,6.96
Synallaxis chinchipensis,0.59,1.14,9.97
Synallaxis brachyura,0.65,1.19,7.98
Synallaxis subpudica,0.65,1.06,7.62
Synallaxis hellmayri,0.67,1.16,8.37
Synallaxis ruficapilla,0.63,1.13,8.05
Synallaxis cinerea,0.64,1.06,7.78
Synallaxis infuscata,0.67,1.24,8.24
Synallaxis moesta,0.63,1.08,8
Synallaxis cabanisi,0.66,1.13,8.26
Synallaxis macconnelli,0.66,1.1,7.85
Synallaxis hypospodia,0.64,1.07,7.81
Synallaxis spixi,0.56,0.98,7.41
Synallaxis albigularis,0.65,1.05,7.53
Synallaxis beverlyae,0.59,1.14,9.97
Synallaxis albescens,0.57,1.04,7.22
Synallaxis frontalis,0.56,1.05,7.52
Synallaxis azarae,0.63,1.13,7.72
Synallaxis courseni,0.64,1.07,7.82
Neopelma pallescens,0.65,1.08,5.45
Neopelma chrysocephalum,0.65,1.02,5.55
Neopelma aurifrons,0.59,1.12,6.16
Neopelma chrysolophum,0.62,1.03,5.87
Neopelma sulphureiventer,0.6,1.01,5.27
Tyranneutes stolzmanni,0.57,0.98,7.67
Tyranneutes virescens,0.57,0.98,7.61
Xenopipo uniformis,0.63,1.17,9.11
Xenopipo atronitens,0.62,1.14,8.78
Heterocercus aurantiivertex,0.64,1.29,9.65
Heterocercus flavivertex,0.67,1.09,8.53
Heterocercus linteatus,0.66,1.09,8.67
Manacus candei,0.56,1.27,9.95
Manacus aurantiacus,0.55,1.21,9.24
Manacus vitellinus,0.56,1.25,9.48
Manacus manacus,0.59,1.02,11.04
Pipra filicauda,0.69,1.21,8.96
Pipra aureola,0.69,1.22,9.07
Pipra fasciicauda,0.69,1.21,9.46
Machaeropterus deliciosus,0.57,1.16,8.67
Machaeropterus striolatus,0.59,1.14,9.97
Machaeropterus regulus,0.59,1.14,9.97
Machaeropterus pyrocephalus,0.58,1.1,8.45
Pseudopipra pipra,0.59,1.13,8.45
Ceratopipra cornuta,0.71,1.25,10.45
Ceratopipra mentalis,0.67,1.2,9.86
Ceratopipra erythrocephala,0.67,1.17,9.26
Ceratopipra rubrocapilla,0.66,1.15,9.26
Ceratopipra chloromeros,0.68,1.15,9.8
Cryptopipo litae,0.59,1.14,9.97
Cryptopipo holochlora,0.59,1.14,9.97
Chloropipo flavicapilla,0.63,1.17,9.04
Chloropipo unicolor,0.61,1.14,8.92
Lepidothrix suavissima,0.54,1.01,7.91
Lepidothrix serena,0.57,1.14,8.47
Lepidothrix coronata,0.54,1.07,8.05
Lepidothrix nattereri,0.53,1.01,7.98
Lepidothrix vilasboasi,0.51,0.95,7.44
Lepidothrix iris,0.53,1,7.83
Lepidothrix isidorei,0.54,1,7.76
Lepidothrix coeruleocapilla,0.54,1.04,8.24
Ilicura militaris,0.61,0.98,8.14
Masius chrysopterus,0.65,1.11,8.04
Corapipo leucorrhoa,0.6,1.14,8.79
Corapipo gutturalis,0.61,0.9,7.15
Antilophia bokermanni,0.63,1.19,9.34
Antilophia galeata,0.64,1.29,10.15
Chiroxiphia linearis,0.62,1.24,9.63
Chiroxiphia lanceolata,0.63,1.25,9.6
Chiroxiphia pareola,0.68,1.19,8.76
Chiroxiphia boliviana,0.64,1.04,8.49
Chiroxiphia caudata,0.7,1.3,10.2
Ampelioides tschudii,0.74,1.4,11.01
Pipreola chlorolepidota,0.64,1.29,10
Pipreola squamipectus,0.66,1.14,9.97
Pipreola frontalis,0.66,1.14,9.97
Pipreola formosa,0.66,1.41,11.09
Pipreola whitelyi,0.67,1.43,11.07
Pipreola lubomirskii,0.68,1.46,11.17
Pipreola jucunda,0.68,1.55,11.47
Pipreola pulchra,0.67,1.47,11.55
Pipreola aureopectus,0.66,1.4,10.94
Pipreola arcuata,0.72,1.68,12.97
Pipreola intermedia,0.66,1.43,11.34
Pipreola riefferii,0.67,1.52,11.28
Snowornis subalaris,0.74,1.41,11.11
Snowornis cryptolophus,0.74,1.38,10.86
Carpornis cucullata,0.69,1.54,12.55
Carpornis melanocephala,0.68,1.5,12.07
Rupicola peruvianus,0.74,1.86,10.66
Rupicola rupicola,0.78,2.07,11.01
Phoenicircus carnifex,0.72,1.57,12.03
Phoenicircus nigricollis,0.73,1.62,12.49
Zaratornis stresemanni,0.62,1.42,11.18
Phytotoma rara,0.63,1.28,12.49
Phytotoma raimondii,0.64,1.24,10.55
Phytotoma rutila,0.62,1.24,11.68
Phibalura flavirostris,0.64,1.44,11.78
Phibalura boliviana,0.59,1.14,9.97
Doliornis sclateri,0.69,1.48,11.6
Doliornis remseni,0.71,1.49,11.43
Ampelion rubrocristatus,0.71,1.51,11.63
Ampelion rufaxilla,0.71,1.54,11.94
Haematoderus militaris,0.77,1.91,14.58
Querula purpurata,0.85,1.86,13.19
Pyroderus scutatus,0.82,2.42,18.5
Cephalopterus glabricollis,0.81,2.45,18.15
Cephalopterus penduliger,0.82,2.39,17.17
Cephalopterus ornatus,0.86,2.38,16.9
Perissocephalus tricolor,0.82,2.4,17.28
Lipaugus unirufus,0.8,1.76,12.86
Lipaugus ater,0.69,1.56,12.63
Lipaugus conditus,0.69,1.56,12.63
Lipaugus lanioides,0.76,1.86,14.57
Lipaugus streptophorus,0.7,1.47,11.35
Lipaugus vociferans,0.74,1.39,10.92
Lipaugus weberi,0.71,1.53,11.91
Lipaugus fuscocinereus,0.75,1.74,13.28
Lipaugus uropygialis,0.72,1.68,13.32
Procnias albus,0.74,2.54,14.46
Procnias tricarunculatus,0.74,2.54,14.71
Procnias nudicollis,0.77,2.46,16.29
Procnias averano,0.78,2.38,14.79
Cotinga maynana,0.71,1.12,11.77
Cotinga cayana,0.7,1.1,11.46
Cotinga amabilis,0.7,1.13,12.16
Cotinga nattererii,0.7,1.17,12.05
Cotinga ridgwayi,0.7,1.14,11.92
Cotinga maculata,0.69,1.11,11.97
Cotinga cotinga,0.7,1.07,11.08
Porphyrolaema porphyrolaema,0.7,1.48,11.48
Conioptilon mcilhennyi,0.68,1.53,12.54
Gymnoderus foetidus,0.81,2.3,16.89
Xipholena punicea,0.7,1.75,12.68
Xipholena lamellipennis,0.64,1.48,10.85
Xipholena atropurpurea,0.69,1.71,13.19
Carpodectes hopkei,0.73,1.64,12.61
Carpodectes antoniae,0.76,1.88,13.92
Carpodectes nitidus,0.77,1.89,14.27
Oxyruncus cristatus,0.68,1.47,11.28
Onychorhynchus mexicanus,0.66,1.21,8.19
Onychorhynchus occidentalis,0.61,1.03,7.61
Onychorhynchus coronatus,0.66,1.17,7.68
Onychorhynchus swainsoni,0.58,1.03,8.05
Terenotriccus erythrurus,0.57,1.04,6.78
Myiobius villosus,0.47,0.99,7.4
Myiobius sulphureipygius,0.53,1.13,7.67
Myiobius barbatus,0.53,1.14,7.47
Myiobius atricaudus,0.52,1.1,7.29
Iodopleura isabellae,0.66,1.1,7.9
Iodopleura fusca,0.65,1.05,7.51
Iodopleura pipra,0.63,1.2,9.44
Tityra inquisitor,0.64,1.37,10.64
Tityra cayana,0.64,1.5,11.32
Tityra braziliensis,0.59,1.14,9.97
Tityra semifasciata,0.7,1.6,12.18
Tityra leucura,0.59,1.14,9.97
Xenopsaris albinucha,0.56,1.02,7.16
Pachyramphus versicolor,0.62,1.15,7.58
Pachyramphus xanthogenys,0.58,1.14,9.97
Pachyramphus griseigularis,0.58,1.14,9.97
Pachyramphus viridis,0.58,1.14,9.97
Pachyramphus spodiurus,0.62,1.08,7.7
Pachyramphus rufus,0.59,1.11,7.42
Pachyramphus minor,0.66,1.21,9.53
Pachyramphus aglaiae,0.6,1.19,9.56
Pachyramphus niger,0.67,1.31,10.34
Pachyramphus homochrous,0.66,1.21,9.59
Pachyramphus validus,0.59,1.25,9
Pachyramphus surinamus,0.63,1.1,7.8
Pachyramphus cinnamomeus,0.59,1.12,7.82
Pachyramphus castaneus,0.57,1.05,7.98
Pachyramphus uropygialis,0.58,1.14,9.97
Pachyramphus major,0.58,1.14,9.97
Pachyramphus marginatus,0.62,1.06,8.36
Pachyramphus polychopterus,0.59,1.15,8.82
Pachyramphus albogriseus,0.62,1.04,8.19
Schiffornis major,0.69,1.17,9.24
Schiffornis virescens,0.7,1.3,10.15
Schiffornis olivacea,0.72,1.14,9.97
Schiffornis stenorhyncha,0.72,1.14,9.97
Schiffornis turdina,0.72,1.14,9.97
Schiffornis aenea,0.72,1.14,9.97
Schiffornis veraepacis,0.72,1.14,9.97
Laniocera rufescens,0.64,1.36,11.14
Laniocera hypopyrra,0.73,1.51,9.88
Laniisoma buckleyi,0.59,1.14,9.97
Laniisoma elegans,0.59,1.14,9.97
Calyptura cristata,0.55,0.82,6.84
Neopipo cinnamomea,0.61,0.92,6.58
Platyrinchus saturatus,0.58,0.98,6.95
Platyrinchus cancrominus,0.58,1.08,7.44
Platyrinchus albogularis,0.51,1.14,4
Platyrinchus mystaceus,0.51,1.14,4
Platyrinchus coronatus,0.58,1.08,7.06
Platyrinchus flavigularis,0.57,0.97,6.92
Platyrinchus platyrhynchos,0.58,1,7.15
Platyrinchus leucoryphus,0.61,1.21,8.54
Piprites griseiceps,0.64,1.03,8.33
Piprites chloris,0.65,1.06,7.57
Piprites pileata,0.59,1.04,7.89
Tachuris rubrigastra,0.52,0.93,7.13
Pseudotriccus pelzelni,0.63,0.98,6.98
Pseudotriccus simplex,0.6,0.96,7.05
Pseudotriccus ruficeps,0.63,0.99,7.12
Corythopis torquatus,0.66,1.18,7.73
Corythopis delalandi,0.64,1.14,8.06
Phylloscartes flavovirens,0.61,0.94,6.83
Phylloscartes ventralis,0.58,0.98,7.16
Phylloscartes virescens,0.62,0.94,6.66
Phylloscartes beckeri,0.6,0.94,6.9
Phylloscartes kronei,0.53,0.89,7.07
Phylloscartes gualaquizae,0.61,0.92,6.59
Phylloscartes nigrifrons,0.62,0.95,6.81
Phylloscartes ceciliae,0.6,0.92,6.64
Phylloscartes superciliaris,0.6,0.92,6.64
Phylloscartes flaviventris,0.6,0.92,6.74
Phylloscartes parkeri,0.6,0.93,6.79
Phylloscartes roquettei,0.57,0.87,6.48
Phylloscartes paulista,0.57,0.91,6.89
Phylloscartes oustaleti,0.6,0.97,7.25
Phylloscartes difficilis,0.57,0.9,6.8
Phylloscartes sylviolus,0.58,0.92,6.98
Pogonotriccus poecilotis,0.61,0.92,6.59
Pogonotriccus chapmani,0.61,0.93,6.65
Pogonotriccus ophthalmicus,0.62,0.95,6.81
Pogonotriccus venezuelanus,0.61,0.95,6.89
Pogonotriccus lanyoni,0.61,0.92,6.67
Pogonotriccus orbitalis,0.59,0.9,6.58
Pogonotriccus eximius,0.58,0.91,6.88
Mionectes striaticollis,0.66,1.12,8.68
Mionectes olivaceus,0.58,1.16,9.32
Mionectes galbinus,0.56,1.14,8.5
Mionectes oleagineus,0.54,1.01,8.1
Mionectes macconnelli,0.63,1.08,7.47
Mionectes roraimae,0.56,1.14,8.5
Mionectes rufiventris,0.63,1.06,8.83
Leptopogon amaurocephalus,0.62,1.09,7.42
Leptopogon superciliaris,0.64,1.13,7.37
Leptopogon albidiventer,0.59,1.14,9.97
Leptopogon rufipectus,0.64,1.02,7.32
Leptopogon taczanowskii,0.62,0.99,7.21
Taeniotriccus andrei,0.62,0.96,6.78
Cnipodectes subbrunneus,0.68,1.14,8.1
Cnipodectes superrufus,0.69,1.24,8.98
Rhynchocyclus brevirostris,0.64,1.26,8.72
Rhynchocyclus aequinoctialis,0.57,1.14,9.97
Rhynchocyclus olivaceus,0.57,1.14,9.97
Rhynchocyclus pacificus,0.68,1.15,8.21
Rhynchocyclus fulvipectus,0.67,1.25,8.41
Tolmomyias sulphurescens,0.64,1.13,7.62
Tolmomyias traylori,0.63,0.99,7.09
Tolmomyias assimilis,0.66,1.07,7.63
Tolmomyias flavotectus,0.59,1.14,9.97
Tolmomyias poliocephalus,0.64,1.12,7.31
Tolmomyias viridiceps,0.59,1.14,9.97
Tolmomyias flaviventris,0.59,1.14,9.97
Myiornis auricularis,0.55,0.85,6.44
Myiornis albiventris,0.57,0.86,6.32
Myiornis atricapillus,0.6,0.98,6.53
Myiornis ecaudatus,0.59,0.97,6.38
Oncostoma cinereigulare,0.61,1.01,6.93
Oncostoma olivaceum,0.61,1.01,6.77
Lophotriccus pileatus,0.62,1.04,6.76
Lophotriccus vitiosus,0.61,1.02,6.62
Lophotriccus eulophotes,0.58,0.87,6.37
Lophotriccus galeatus,0.59,0.97,6.41
Atalotriccus pilaris,0.59,0.9,6.49
Hemitriccus minor,0.6,0.91,6.59
Hemitriccus cohnhafti,0.59,1.14,9.97
Hemitriccus spodiops,0.58,0.91,6.69
Hemitriccus flammulatus,0.61,0.97,7.07
Hemitriccus diops,0.6,0.97,7.25
Hemitriccus obsoletus,0.64,1.13,8.1
Hemitriccus josephinae,0.63,0.98,6.98
Hemitriccus zosterops,0.62,0.94,6.68
Hemitriccus griseipectus,0.61,0.94,6.84
Hemitriccus orbitatus,0.59,0.96,7.21
Hemitriccus iohannis,0.62,0.97,6.98
Hemitriccus striaticollis,0.63,1.07,7.18
Hemitriccus nidipendulus,0.62,1.04,7.25
Hemitriccus margaritaceiventer,0.62,1.06,7.28
Hemitriccus inornatus,0.62,0.93,6.62
Hemitriccus minimus,0.59,0.9,6.53
Hemitriccus granadensis,0.62,1.05,6.81
Hemitriccus cinnamomeipectus,0.6,0.91,6.57
Hemitriccus mirandae,0.61,0.94,6.76
Hemitriccus kaempferi,0.53,0.9,7.12
Hemitriccus rufigularis,0.63,1.09,7.34
Hemitriccus furcatus,0.59,0.94,7.04
Poecilotriccus ruficeps,0.62,0.94,6.73
Poecilotriccus luluae,0.6,0.91,6.55
Poecilotriccus albifacies,0.6,0.92,6.78
Poecilotriccus capitalis,0.56,0.89,6.63
Poecilotriccus senex,0.6,0.9,6.49
Poecilotriccus russatus,0.56,0.89,6.65
Poecilotriccus plumbeiceps,0.58,0.95,6.79
Poecilotriccus fumifrons,0.6,0.89,6.39
Poecilotriccus latirostris,0.55,0.89,6.75
Poecilotriccus sylvia,0.61,1.03,6.81
Poecilotriccus calopterus,0.61,0.91,6.52
Poecilotriccus pulchellus,0.59,0.9,6.61
Todirostrum maculatum,0.64,1.07,6.98
Todirostrum poliocephalum,0.57,0.9,6.75
Todirostrum cinereum,0.58,0.96,6.51
Todirostrum viridanum,0.59,0.9,6.58
Todirostrum nigriceps,0.65,1.09,7.08
Todirostrum pictum,0.6,0.9,6.41
Todirostrum chrysocrotaphum,0.61,1.02,6.8
Myiotriccus phoenicurus,0.59,1.14,9.97
Myiotriccus ornatus,0.59,1.14,9.97
Nephelomyias pulcher,0.62,0.96,6.79
Nephelomyias lintoni,0.62,0.96,6.88
Nephelomyias ochraceiventris,0.61,0.97,7.12
Pyrrhomyias cinnamomeus,0.63,1.1,7.25
Hirundinea bellicosa,0.59,1.14,9.97
Hirundinea ferruginea,0.59,1.14,9.97
Zimmerius cinereicapilla,0.63,1,7.24
Zimmerius villarejoi,0.56,0.96,7.53
Zimmerius chicomendesi,0.59,1.14,9.97
Zimmerius vilissimus,0.61,1.07,8.2
Zimmerius parvus,0.59,1.14,9.97
Zimmerius petersi,0.59,1.14,9.97
Zimmerius improbus,0.59,1.14,9.97
Zimmerius chrysops,0.63,0.97,6.95
Zimmerius albigularis,0.63,0.97,6.9
Zimmerius viridiflavus,0.61,0.96,6.93
Zimmerius gracilipes,0.61,1.03,6.78
Zimmerius acer,0.6,0.9,6.45
Zimmerius bolivianus,0.61,0.98,7.24
Stigmatura napensis,0.58,0.92,6.88
Stigmatura bahiae,0.59,1.14,9.97
Stigmatura budytoides,0.61,1.12,7.97
Inezia tenuirostris,0.57,0.84,6.18
Inezia inornata,0.54,0.96,7.43
Inezia subflava,0.61,0.93,6.67
Inezia caudata,0.6,0.91,6.62
Euscarthmus meloryphus,0.58,1.02,7.01
Euscarthmus fulviceps,0.59,1.14,9.97
Euscarthmus rufomarginatus,0.57,0.87,6.47
Ornithion semiflavum,0.58,0.89,6.58
Ornithion brunneicapillus,0.6,0.9,6.52
Ornithion inerme,0.6,0.9,6.47
Camptostoma imberbe,0.57,0.96,6.41
Camptostoma obsoletum,0.57,1.01,6.44
Elaenia ruficeps,0.7,1.24,9.5
Elaenia cristata,0.7,1.21,10.43
Elaenia gigas,0.68,1.12,11.35
Elaenia dayi,0.7,1.1,9.63
Elaenia sordida,0.72,1.14,13.58
Elaenia obscura,0.72,1.14,13.58
Elaenia strepera,0.67,1.25,10.29
Elaenia flavogaster,0.72,1.29,11.11
Elaenia parvirostris,0.63,1.13,9.55
Elaenia pelzelni,0.66,1.03,10.35
Elaenia spectabilis,0.7,1.31,11.83
Elaenia ridleyana,0.73,1.22,10.57
Elaenia brachyptera,0.72,1.14,13.58
Elaenia chiriquensis,0.72,1.14,13.58
Elaenia mesoleuca,0.65,1.16,10.75
Elaenia pallatangae,0.7,1.21,10.41
Elaenia olivina,0.72,1.14,13.58
Elaenia albiceps,0.65,1.13,10.82
Elaenia frantzii,0.66,1.26,11.27
Elaenia martinica,0.69,1.2,10.9
Elaenia cherriei,0.72,1.14,13.58
Elaenia fallax,0.72,1.14,13.58
Tyrannulus elatus,0.63,1.06,6.87
Myiopagis caniceps,0.61,1.11,7.67
Myiopagis cinerea,0.59,1.14,9.97
Myiopagis parambae,0.59,1.14,9.97
Myiopagis olallai,0.64,1,7.15
Myiopagis gaimardii,0.65,1.14,7.5
Myiopagis subplacens,0.65,1.06,7.53
Myiopagis flavivertex,0.64,1,7.08
Myiopagis viridicata,0.61,1.13,7.52
Myiopagis cotta,0.6,1.05,7.44
Suiriri suiriri,0.59,1.09,7.81
Suiriri affinis,0.66,1.13,8.31
Capsiempis flaveola,0.62,1.04,6.92
Phyllomyias fasciatus,0.61,1.11,7.59
Phyllomyias weedeni,0.6,0.94,6.89
Phyllomyias burmeisteri,0.57,0.96,7.98
Phyllomyias zeledoni,0.59,1.14,9.97
Phyllomyias virescens,0.62,1.06,7.52
Phyllomyias reiseri,0.59,0.91,6.75
Phyllomyias urichi,0.61,0.95,6.9
Phyllomyias sclateri,0.59,0.95,7.08
Phyllomyias griseocapilla,0.58,0.92,6.95
Phyllomyias griseiceps,0.6,0.91,6.49
Phyllomyias plumbeiceps,0.61,0.92,7.31
Phyllomyias nigrocapillus,0.62,0.96,6.79
Phyllomyias cinereiceps,0.62,0.96,6.84
Phyllomyias uropygialis,0.61,0.95,6.86
Phaeomyias tumbezana,0.59,1.14,9.97
Phaeomyias murina,0.59,1.14,9.97
Nesotriccus ridgwayi,0.68,1.21,7.8
Pseudelaenia leucospodia,0.62,1.09,7.31
Mecocerculus poecilocercus,0.61,0.92,6.57
Mecocerculus hellmayri,0.59,0.92,6.89
Mecocerculus stictopterus,0.62,0.95,6.85
Mecocerculus leucophrys,0.64,1.12,7.4
Mecocerculus calopterus,0.6,0.9,6.48
Mecocerculus minor,0.63,0.98,7.03
Anairetes nigrocristatus,0.55,0.86,6.5
Anairetes reguloides,0.57,0.87,6.42
Anairetes alpinus,0.61,0.95,6.89
Anairetes flavirostris,0.55,0.96,6.98
Anairetes parulus,0.55,0.96,7.23
Anairetes fernandezianus,0.55,0.9,6.94
Polystictus pectoralis,0.53,0.93,6.67
Polystictus superciliaris,0.62,1.03,7.09
Culicivora caudacuta,0.54,0.89,6.9
Pseudocolopteryx sclateri,0.59,1.05,7.5
Pseudocolopteryx acutipennis,0.54,0.95,6.75
Pseudocolopteryx dinelliana,0.55,0.97,7.22
Pseudocolopteryx flaviventris,0.54,0.96,7.24
Pseudocolopteryx citreola,0.59,1.14,9.97
Serpophaga cinerea,0.62,1.06,6.93
Serpophaga hypoleuca,0.6,1,6.54
Serpophaga nigricans,0.55,0.98,7.25
Serpophaga subcristata,0.55,0.96,6.89
Serpophaga griseicapilla,0.59,1.14,9.97
Uromyias agilis,0.63,0.97,6.87
Uromyias agraphia,0.61,0.96,7.01
Muscigralla brevicauda,0.56,0.98,6.93
Attila phoenicurus,0.64,1.21,6.1
Attila cinnamomeus,0.71,1.35,9.93
Attila torridus,0.71,1.26,6.6
Attila citriniventris,0.7,1.22,5.8
Attila bolivianus,0.72,1.44,9.59
Attila rufus,0.69,1.28,6.36
Attila spadiceus,0.69,1.3,9.66
Legatus leucophaius,0.57,1.2,9.31
Ramphotrigon megacephalum,0.66,1.18,7.88
Ramphotrigon ruficauda,0.63,1.15,7.71
Ramphotrigon fuscicauda,0.67,1.24,8.34
Deltarhynchus flammulatus,0.63,1.13,8.07
Pitangus sulphuratus,0.65,1.33,8.77
Philohydor lictor,0.67,1.27,8.45
Machetornis rixosa,0.67,1.33,9.49
Tyrannopsis sulphurea,0.74,1.53,9.95
Megarynchus pitangua,0.71,1.55,10.33
Myiodynastes hemichrysus,0.69,1.08,9.96
Myiodynastes chrysocephalus,0.72,1.14,10.57
Myiodynastes bairdii,0.6,1.03,10.07
Myiodynastes luteiventris,0.67,1.09,10.74
Myiodynastes solitarius,0.59,1,9.97
Myiodynastes maculatus,0.59,1,9.97
Myiozetetes cayanensis,0.67,1.27,8.48
Myiozetetes similis,0.64,1.22,9.16
Myiozetetes granadensis,0.66,1.26,8.4
Myiozetetes luteiventris,0.62,1.02,8.4
Conopias albovittatus,0.69,1.31,8.72
Conopias parvus,0.68,1.27,8.25
Conopias trivirgatus,0.66,1.15,8.41
Conopias cinchoneti,0.68,1.12,8.84
Phelpsia inornata,0.7,1.36,9.04
Empidonomus varius,0.65,1.29,8.79
Griseotyrannus aurantioatrocristatus,0.64,1.29,9.17
Tyrannus niveigularis,0.66,1.05,8.81
Tyrannus albogularis,0.65,0.99,8.31
Tyrannus melancholicus,0.63,1.05,8.13
Tyrannus couchii,0.63,1.06,8.61
Tyrannus vociferans,0.64,1.09,9.1
Tyrannus crassirostris,0.66,1.14,9.26
Tyrannus verticalis,0.63,1.06,9.28
Tyrannus tyrannus,0.61,1.02,9.22
Tyrannus dominicensis,0.67,1.14,8.99
Tyrannus caudifasciatus,0.69,1.12,8.93
Tyrannus cubensis,0.76,1.33,11.71
Tyrannus forficatus,0.59,0.98,8.54
Tyrannus savana,0.66,1.1,8.55
Rhytipterna holerythra,0.69,1.24,9
Rhytipterna simplex,0.69,1.21,8.62
Rhytipterna immunda,0.68,1.17,8.42
Casiornis rufus,0.58,1.1,8.55
Casiornis fuscus,0.66,1.1,7.92
Sirystes albogriseus,0.59,1.14,9.97
Sirystes albocinereus,0.59,1.14,9.97
Sirystes sibilator,0.59,1.14,9.97
Sirystes subcanescens,0.59,1.14,9.97
Myiarchus semirufus,0.75,0.99,9.32
Myiarchus swainsoni,0.71,1.07,10.67
Myiarchus barbirostris,0.67,0.95,9.6
Myiarchus tuberculifer,0.69,1,9.47
Myiarchus phaeocephalus,0.76,1.02,9.54
Myiarchus panamensis,0.78,1.19,12.58
Myiarchus ferox,0.78,1.16,12.26
Myiarchus venezuelensis,0.76,1.02,10.69
Myiarchus cephalotes,0.76,1.02,9.55
Myiarchus validus,0.75,1.11,12.67
Myiarchus sagrae,0.7,0.98,10.17
Myiarchus stolidus,0.72,1.03,10.48
Myiarchus antillarum,0.71,1.02,10.41
Myiarchus oberi,0.76,1.12,12.49
Myiarchus crinitus,0.62,0.93,10.85
Myiarchus yucatanensis,0.73,0.97,9.4
Myiarchus tyrannulus,0.71,1.1,10.8
Myiarchus nugator,0.77,1.2,11.75
Myiarchus apicalis,0.76,1.02,10.5
Myiarchus cinerascens,0.68,1.02,11.16
Myiarchus nuttingi,0.72,0.99,11.42
Myiarchus magnirostris,0.74,1.02,9.81
Colonia colonus,0.65,1.19,8.14
Myiophobus crypterythrus,0.59,1.14,9.97
Myiophobus fasciatus,0.59,1.14,9.97
Myiophobus rufescens,0.59,1.14,9.97
Myiophobus cryptoxanthus,0.62,0.96,6.89
Myiophobus flavicans,0.64,1.01,7.17
Myiophobus phoenicomitra,0.63,0.98,6.98
Myiophobus inornatus,0.61,0.99,7.26
Myiophobus roraimae,0.64,1.02,7.34
Silvicultrix frontalis,0.62,0.97,6.95
Silvicultrix jelskii,0.58,0.95,7.18
Silvicultrix pulchella,0.62,1,7.32
Silvicultrix diadema,0.56,0.97,6.67
Colorhamphus parvirostris,0.57,1.03,8.15
Ochthoeca cinnamomeiventris,0.59,0.96,7.14
Ochthoeca nigrita,0.59,1.14,9.97
Ochthoeca thoracica,0.59,1.14,9.97
Ochthoeca rufipectoralis,0.62,0.97,6.93
Ochthoeca fumicolor,0.65,1.06,7.61
Ochthoeca superciliosa,0.59,1.14,9.97
Ochthoeca oenanthoides,0.59,1.03,7.98
Ochthoeca piurae,0.59,0.97,7.29
Ochthoeca leucophrys,0.69,1.25,8.48
Ochthoeca salvini,0.63,1,7.22
Sublegatus arenarum,0.65,1.14,7.63
Sublegatus obscurior,0.4,0.76,5.71
Sublegatus modestus,0.63,1.17,8.18
Pyrocephalus rubinus,0.59,1.04,6.61
Pyrocephalus nanus,0.56,1,5.5
Pyrocephalus dubius,0.56,1,5.5
Fluvicola pica,0.63,1.1,7.39
Fluvicola albiventer,0.59,1.09,7.53
Fluvicola nengeta,0.61,1.07,8.17
Arundinicola leucocephala,0.61,1.08,7.42
Gubernetes yetapa,0.68,1.34,10.36
Muscipipra vetula,0.63,1.24,8.99
Alectrurus tricolor,0.6,1.06,7.85
Alectrurus risora,0.62,1.22,8.9
Lessonia rufa,0.64,1.18,9.29
Lessonia oreas,0.56,1.04,7.54
Hymenops perspicillatus,0.69,1.2,9.03
Knipolegus orenocensis,0.66,1.09,7.8
Knipolegus sclateri,0.59,1.14,9.97
Knipolegus poecilocercus,0.61,0.99,7.34
Knipolegus poecilurus,0.65,1.04,7.37
Knipolegus franciscanus,0.65,1.11,8.14
Knipolegus lophotes,0.67,1.21,8.99
Knipolegus nigerrimus,0.65,1.11,8.2
Knipolegus signatus,0.67,1.23,8.18
Knipolegus cabanisi,0.59,1.14,9.97
Knipolegus cyanirostris,0.63,1.2,8.53
Knipolegus striaticeps,0.61,1.12,7.93
Knipolegus hudsoni,0.57,1.03,7.98
Knipolegus aterrimus,0.63,1.21,8.98
Knipolegus heterogyna,0.59,1.14,9.97
Satrapa icterophrys,0.61,1.18,8.41
Muscisaxicola fluviatilis,0.66,1.19,7.98
Muscisaxicola maculirostris,0.59,1.09,8.05
Muscisaxicola griseus,0.59,1.08,7.71
Muscisaxicola juninensis,0.61,1.08,8.34
Muscisaxicola cinereus,0.65,1.24,8.79
Muscisaxicola albifrons,0.64,1.17,8.96
Muscisaxicola flavinucha,0.65,1.31,9.91
Muscisaxicola rufivertex,0.61,1.17,8.45
Muscisaxicola occipitalis,0.59,1.14,9.97
Muscisaxicola maclovianus,0.7,1.37,10.8
Muscisaxicola albilora,0.64,1.24,9.36
Muscisaxicola alpinus,0.69,1.16,8.23
Muscisaxicola capistratus,0.63,1.23,9.83
Muscisaxicola frontalis,0.62,1.18,9.1
Cnemarchus erythropygius,0.7,1.27,9.14
Polioxolmis rufipennis,0.68,1.23,8.99
Xolmis pyrope,0.67,1.35,10.48
Xolmis cinereus,0.69,1.49,10.35
Xolmis coronatus,0.68,1.43,10.68
Xolmis velatus,0.7,1.31,9.58
Xolmis irupero,0.61,1.2,8.85
Xolmis salinarum,0.68,1.31,9.97
Xolmis rubetra,0.69,1.42,10.61
Xolmis dominicanus,0.69,1.43,10.75
Agriornis montanus,0.71,1.49,12.15
Agriornis albicauda,0.69,1.47,10.83
Agriornis lividus,0.67,1.68,13.34
Agriornis micropterus,0.62,1.5,11.62
Agriornis murinus,0.59,1.33,10.4
Neoxolmis rufiventris,0.71,1.58,12.35
Myiotheretes striaticollis,0.72,1.33,10.64
Myiotheretes pernix,0.71,1.31,9.47
Myiotheretes fumigatus,0.7,1.22,8.61
Myiotheretes fuscorufus,0.68,1.21,8.82
Ochthornis littoralis,0.59,1.04,7.05
Cnemotriccus fuscatus,0.58,1.08,7.39
Aphanotriccus capitalis,0.58,0.96,7.25
Aphanotriccus audax,0.58,0.95,7.15
Lathrotriccus euleri,0.59,1.08,7.43
Lathrotriccus griseipectus,0.63,0.98,7.04
Mitrephanes phaeocercus,0.62,1.07,7.41
Mitrephanes olivaceus,0.61,0.97,7.04
Sayornis nigricans,0.52,1.05,7.3
Sayornis phoebe,0.48,0.98,7.85
Sayornis saya,0.49,0.99,8.06
Empidonax virescens,0.54,1.09,8.24
Empidonax flaviventris,0.46,0.96,7.99
Empidonax flavescens,0.57,1.09,7.56
Empidonax difficilis,0.5,1.02,8.14
Empidonax occidentalis,0.48,1,7.72
Empidonax albigularis,0.52,1.04,7.33
Empidonax traillii,0.49,1.02,8.07
Empidonax alnorum,0.49,1.01,8.37
Empidonax fulvifrons,0.46,0.92,6.76
Empidonax atriceps,0.53,1.06,7.14
Empidonax wrightii,0.49,1.01,7.86
Empidonax minimus,0.45,0.93,7.7
Empidonax hammondii,0.48,0.98,7.96
Empidonax oberholseri,0.48,0.97,7.75
Empidonax affinis,0.57,1.02,7.45
Contopus cooperi,0.61,1.08,9.43
Contopus pertinax,0.64,1.13,8.63
Contopus lugubris,0.7,1.05,7.98
Contopus fumigatus,0.7,1.04,7.74
Contopus ochraceus,0.66,1.03,8.07
Contopus sordidulus,0.59,0.98,8.17
Contopus virens,0.59,0.99,8.09
Contopus bogotensis,0.6,1,8.59
Contopus punensis,0.6,1,8.59
Contopus cinereus,0.6,1,8.59
Contopus caribaeus,0.6,0.93,7.15
Contopus pallidus,0.63,0.9,6.96
Contopus hispaniolensis,0.61,0.96,7.22
Contopus latirostris,0.65,1.02,7.5
Contopus albogularis,0.66,0.9,6.74
Contopus nigrescens,0.61,0.86,6.76
Xenotriccus callizonus,0.6,1.04,7.34
Xenotriccus mexicanus,0.63,1.13,7.88
Menura alberti,0.88,5.08,21.47
Menura novaehollandiae,0.88,5.13,22
Atrichornis rufescens,0.69,1.54,8.1
Atrichornis clamosus,0.76,1.86,9.69
Ailuroedus buccoides,0.8,1.95,14.48
Ailuroedus melanotis,0.74,1.94,15.49
Ailuroedus crassirostris,0.75,2,17.2
Scenopoeetes dentirostris,0.84,2,18.56
Archboldia papuensis,0.79,2.11,15.39
Amblyornis macgregoriae,0.77,1.94,14.25
Amblyornis subalaris,0.77,1.92,14.24
Amblyornis inornata,0.74,1.7,13.01
Amblyornis flavifrons,0.74,1.69,12.97
Prionodura newtoniana,0.82,1.66,16.21
Sericulus chrysocephalus,0.8,3.12,17.39
Sericulus ardens,0.87,4,23
Sericulus aureus,0.87,4,23
Sericulus bakeri,0.85,3.69,18.05
Ptilonorhynchus violaceus,0.88,3.66,19.47
Chlamydera maculata,0.85,1.81,10.02
Chlamydera guttata,0.81,1.85,10.5
Chlamydera lauterbachi,0.87,1.91,9.51
Chlamydera nuchalis,0.83,2,10.96
Chlamydera cerviniventris,0.86,1.93,9.8
Cormobates leucophaea,0.73,1.42,11.48
Cormobates placens,0.76,1.42,10
Climacteris erythrops,0.76,1.8,11.17
Climacteris affinis,0.76,1.78,10.83
Climacteris rufus,0.78,1.93,11.88
Climacteris picumnus,0.74,1.74,10.88
Climacteris melanurus,0.76,1.84,10.9
Sipodotus wallacii,0.62,1.04,6.89
Clytomyias insignis,0.65,1.15,7.56
Chenorhamphus grayi,0.64,1.01,7.19
Malurus cyanocephalus,0.64,2.23,11.24
Malurus coronatus,0.64,2.18,11.34
Malurus elegans,0.63,2.12,11.74
Malurus pulcherrimus,0.61,2.02,11.27
Malurus amabilis,0.6,2,10.43
Malurus lamberti,0.57,1.9,10.42
Malurus cyaneus,0.61,2.07,11.54
Malurus splendens,0.61,2.03,11.15
Malurus alboscapulatus,0.61,2.03,10.22
Malurus melanocephalus,0.57,1.89,10.16
Malurus leucopterus,0.57,1.86,10.31
Stipiturus malachurus,0.57,0.96,7.22
Stipiturus mallee,0.55,0.9,6.87
Stipiturus ruficeps,0.57,0.92,6.61
Amytornis barbatus,0.66,1.17,9.44
Amytornis woodwardi,0.68,1.31,11.15
Amytornis dorotheae,0.7,1.27,9.85
Amytornis striatus,0.67,1.18,9.52
Amytornis merrotsyi,0.62,1.07,9.07
Amytornis housei,0.71,1.33,10.14
Amytornis goyderi,0.61,1.09,9.88
Amytornis ballarae,0.64,1.08,8.93
Amytornis purnelli,0.67,1.2,9.56
Amytornis textilis,0.69,1.27,10.26
Amytornis modestus,0.59,1.14,9.97
Dasyornis brachypterus,0.75,1.54,8.07
Dasyornis longirostris,0.74,1.46,7.77
Dasyornis broadbenti,0.77,1.72,8.28
Myza celebensis,0.64,1.2,9.22
Myza sarasinorum,0.65,1.22,9.44
Cissomela pectoralis,0.59,1.11,8.75
Trichodere cockerelli,0.61,1.19,9.33
Phylidonyris pyrrhopterus,0.59,1.06,11.49
Phylidonyris niger,0.63,1.08,11.38
Phylidonyris novaehollandiae,0.61,1.06,11.56
Lichmera lombokia,0.59,1.05,10.07
Lichmera argentauris,0.62,1.12,10.47
Lichmera indistincta,0.59,1.12,10.59
Lichmera incana,0.58,1.1,10.87
Lichmera alboauricularis,0.66,1.14,9.78
Lichmera squamata,0.59,1.05,10.04
Lichmera deningeri,0.62,1.15,10.9
Lichmera monticola,0.56,0.95,8.98
Lichmera flavicans,0.55,0.95,9.12
Lichmera notabilis,0.59,1.05,10.05
Entomyzon cyanotis,0.68,1.44,10.12
Entomyzon albipennis,0.59,1.14,9.13
Melithreptus chloropsis,0.7,1.14,9.46
Melithreptus lunatus,0.7,1.14,12.3
Melithreptus affinis,0.62,1.1,8.83
Melithreptus albogularis,0.64,1.12,8.01
Melithreptus validirostris,0.65,1.22,9.73
Melithreptus laetior,0.7,1.14,9.96
Melithreptus gularis,0.7,1.14,10
Melithreptus brevirostris,0.62,1.04,8.99
Nesoptilotis leucotis,0.69,1.3,7.99
Nesoptilotis flavicollis,0.69,1.28,9.18
Meliarchus sclateri,0.73,1.39,10.07
Guadalcanaria inexpectata,0.7,1.25,9.97
Meliphacator provocator,0.7,1.52,11.75
Gymnomyza viridis,0.76,1.84,14.05
Gymnomyza brunneirostris,0.59,1.14,9.97
Gymnomyza samoensis,0.72,1.63,12.86
Gymnomyza aubryana,0.74,1.86,14.91
Foulehaio procerior,0.59,1.14,9.97
Foulehaio taviunensis,0.59,1.14,9.97
Foulehaio carunculatus,0.59,1.14,9.97
Xanthotis polygrammus,0.66,1.1,7.66
Xanthotis macleayanus,0.7,1.37,8.86
Xanthotis flaviventer,0.72,1.44,8.92
Plectorhyncha lanceolata,0.66,1.4,7.84
Grantiella picta,0.61,1.29,10.82
Melitograis gilolensis,0.72,1.3,10.16
Philemon meyeri,0.69,1.44,10.28
Philemon brassi,0.68,1.52,11.24
Philemon citreogularis,0.69,1.42,10.43
Philemon kisserensis,0.59,1.14,10.22
Philemon inornatus,0.71,1.58,11.42
Philemon fuscicapillus,0.72,1.58,11.22
Philemon subcorniculatus,0.76,1.85,13.12
Philemon moluccensis,0.72,1.58,11.25
Philemon plumigenis,0.59,1.14,10.22
Philemon buceroides,0.67,1.57,11.44
Philemon cockerelli,0.77,1.59,11.56
Philemon eichhorni,0.73,1.64,11.62
Philemon albitorques,0.72,1.58,11.21
Philemon argenticeps,0.75,1.56,10.98
Philemon corniculatus,0.7,1.51,11.37
Philemon diemenensis,0.68,1.51,11.2
Sugomel nigrum,0.61,1.08,8.57
Vosea whitemanensis,0.69,1.42,10.99
Myzomela blasii,0.62,1.13,9.08
Myzomela albigula,0.6,1.13,9.23
Myzomela cineracea,0.59,1.14,9.85
Myzomela eques,0.59,1.14,9.85
Myzomela simplex,0.59,1.14,9.85
Myzomela rubrotincta,0.59,1.14,9.85
Myzomela rubrobrunnea,0.59,1.14,9.85
Myzomela obscura,0.59,1.14,12.02
Myzomela erythrina,0.59,1.14,9.85
Myzomela cruentata,0.59,1.14,9.85
Myzomela nigrita,0.58,1.03,8.35
Myzomela pulchella,0.59,1.05,8.44
Myzomela kuehni,0.59,1.06,8.66
Myzomela erythrocephala,0.55,1.01,8.18
Myzomela dammermani,0.59,1.06,8.7
Myzomela adolphinae,0.57,0.99,8.01
Myzomela chermesina,0.61,0.95,8.01
Myzomela chloroptera,0.6,1.06,8.52
Myzomela batjanensis,0.59,1.14,9.85
Myzomela wakoloensis,0.58,1,8.06
Myzomela boiei,0.59,1.06,8.65
Myzomela sanguinolenta,0.52,1.03,8.78
Myzomela caledonica,0.54,0.98,8.23
Myzomela cardinalis,0.58,0.98,8.07
Myzomela rubratra,0.6,1.12,9.13
Myzomela sclateri,0.59,1.06,8.54
Myzomela pammelaena,0.65,1.03,8.39
Myzomela lafargei,0.63,0.99,8.15
Myzomela eichhorni,0.59,1.06,8.66
Myzomela malaitae,0.59,1.06,8.68
Myzomela melanocephala,0.59,1.08,8.86
Myzomela tristrami,0.6,1.11,9.06
Myzomela jugularis,0.58,1.08,8.75
Myzomela erythromelas,0.57,1,8.12
Myzomela vulnerata,0.59,1.06,8.68
Myzomela rosenbergii,0.59,1.11,8.63
Myzomela longirostris,0.59,1.14,9.85
Acanthorhynchus superciliosus,0.6,1.14,9.86
Acanthorhynchus tenuirostris,0.61,1.05,8.97
Certhionyx variegatus,0.63,1.29,10.67
Prosthemadera novaeseelandiae,0.66,1.51,13.54
Anthornis melanura,0.61,1.25,11.07
Anthornis melanocephala,0.59,1.14,9.97
Pycnopygius ixoides,0.65,1.27,9.87
Pycnopygius cinereus,0.68,1.4,10.84
Pycnopygius stictocephalus,0.67,1.36,10.53
Gliciphila undulata,0.6,1.15,8.4
Gliciphila melanops,0.63,1.25,9.34
Gliciphila notabilis,0.64,1.27,9.15
Glycichaera fallax,0.62,1.08,7.23
Ptiloprora plumbea,0.64,1,7.98
Ptiloprora meekiana,0.66,1.09,7.8
Ptiloprora erythropleura,0.67,1.12,7.96
Ptiloprora guisei,0.68,1.16,8.33
Ptiloprora mayri,0.69,1.2,8.51
Ptiloprora perstriata,0.73,1.44,9.23
Stresemannia bougainvillei,0.69,1.2,9.54
Ramsayornis fasciatus,0.66,1.13,7.49
Ramsayornis modestus,0.63,1.12,7.31
Conopophila albogularis,0.65,1.14,9.22
Conopophila rufogularis,0.62,1.07,9.06
Conopophila whitei,0.63,1.09,9.36
Ashbyia lovensis,0.63,1.14,8.31
Epthianura crocea,0.56,0.96,6.86
Epthianura tricolor,0.54,0.99,7.21
Epthianura albifrons,0.67,1.18,8.66
Epthianura aurifrons,0.62,1.07,7.54
Melilestes megarhynchus,0.71,1.25,8.55
Timeliopsis griseigula,0.69,1.18,9.28
Timeliopsis fulvigula,0.71,1.34,8.6
Macgregoria pulchra,0.8,2.21,16.15
Melipotes gymnops,0.69,1.43,10.95
Melipotes fumigatus,0.74,1.7,12.46
Melipotes carolae,0.59,1.14,9.97
Melipotes ater,0.69,1.44,11.15
Oreornis chrysogenys,0.73,1.35,10.64
Meliphaga aruensis,0.67,1.39,13.39
Meliphaga notata,0.68,1.26,12.46
Meliphaga lewinii,0.62,1.3,14.13
Microptilotis albonotatus,0.66,1.35,10.08
Microptilotis orientalis,0.63,1.17,9.12
Microptilotis analogus,0.67,1.09,8.64
Microptilotis montanus,0.68,1.15,9.05
Microptilotis mimikae,0.65,1.27,9.88
Microptilotis cinereifrons,0.59,1.14,15.9
Microptilotis gracilis,0.59,1.14,15.9
Microptilotis vicina,0.64,1.23,9.75
Microptilotis flavirictus,0.63,1.18,9.16
Microptilotis reticulatus,0.64,1.23,9.7
Microptilotis fordianus,0.59,1.14,15.9
Microptilotis albilineatus,0.59,1.14,15.9
Stomiopera unicolor,0.73,1.4,11.21
Stomiopera flava,0.66,1.34,11.09
Bolemoreus frenatus,0.7,1.41,8.01
Bolemoreus hindwoodi,0.67,1.3,7.5
Acanthagenys rufogularis,0.72,1.41,12.23
Anthochaera lunulata,0.67,1.49,11.57
Anthochaera chrysoptera,0.73,1.68,12.7
Anthochaera phrygia,0.68,1.46,11.15
Anthochaera carunculata,0.73,1.76,13.36
Anthochaera paradoxa,0.73,1.8,14.32
Gavicalis versicolor,0.72,1.39,9.39
Gavicalis virescens,0.69,1.3,8.34
Gavicalis fasciogularis,0.72,1.36,9.55
Ptilotula penicillata,0.66,1.2,9.75
Ptilotula ornata,0.68,1.21,11.01
Ptilotula flavescens,0.62,1.2,10.51
Ptilotula fusca,0.67,1.23,9.98
Ptilotula keartlandi,0.66,1.19,9.4
Ptilotula plumula,0.67,1.19,10.55
Purnella albifrons,0.62,1.24,7.04
Caligavis chrysops,0.59,1.23,11.27
Caligavis obscura,0.65,1.34,11.11
Caligavis subfrenata,0.66,1.29,11.48
Lichenostomus cratitius,0.72,1.68,11.1
Lichenostomus melanops,0.74,1.84,12.04
Manorina melanophrys,0.7,1.74,10.65
Manorina melanocephala,0.71,1.81,12.43
Manorina melanotis,0.72,1.87,11.61
Manorina flavigula,0.7,1.81,11.03
Melidectes fuscus,0.72,1.61,11.82
Melidectes nouhuysi,0.73,1.34,10.52
Melidectes princeps,0.7,1.24,9.81
Melidectes ochromelas,0.73,1.34,10.56
Melidectes leucostephes,0.74,1.39,10.83
Melidectes belfordi,0.74,1.42,10.11
Melidectes rufocrissalis,0.74,1.41,10.08
Melidectes foersteri,0.72,1.34,10.58
Melidectes torquatus,0.71,1.29,9.22
Pardalotus punctatus,0.54,0.91,6.44
Pardalotus quadragintus,0.55,0.95,6.98
Pardalotus rubricatus,0.6,1.03,6.86
Pardalotus striatus,0.55,1,6.86
Pachycare flavogriseum,0.67,1.21,7.97
Oreoscopus gutturalis,0.68,1.26,8.49
Gerygone mouki,0.72,0.93,9.96
Gerygone chrysogaster,0.72,0.97,9.65
Gerygone palpebrosa,0.76,1.04,10.29
Gerygone chloronota,0.73,0.97,9.69
Gerygone inornata,0.74,0.99,9.86
Gerygone olivacea,0.73,0.98,10.25
Gerygone sulphurea,0.72,0.94,9.12
Gerygone hypoxantha,0.82,1.14,11.93
Gerygone magnirostris,0.82,1.14,11.93
Gerygone dorsalis,0.74,0.99,9.79
Gerygone tenebrosa,0.74,1,10.45
Gerygone citrina,0.82,1.14,11.93
Gerygone flavolateralis,0.82,1.14,11.93
Gerygone modesta,0.72,0.96,10.43
Gerygone insularis,0.82,1.14,11.93
Gerygone igata,0.67,0.9,10.34
Gerygone albofrontata,0.74,1.02,11.73
Gerygone ruficollis,0.77,0.9,10.06
Gerygone levigaster,0.73,0.96,9.9
Gerygone fusca,0.71,0.97,10.28
Smicrornis brevirostris,0.55,0.9,6.9
Pycnoptilus floccosus,0.72,1.41,10.94
Pyrrholaemus brunneus,0.65,1.04,9.63
Pyrrholaemus sagittatus,0.62,1.03,8.77
Calamanthus pyrrhopygius,0.7,1.28,8.36
Calamanthus cautus,0.64,1.15,7.42
Calamanthus fuliginosus,0.68,1.24,8.42
Calamanthus montanellus,0.59,1.14,7.35
Calamanthus campestris,0.59,1.14,7.35
Origma solitaria,0.62,1.09,7.68
Crateroscelis murina,0.66,1.19,7.84
Crateroscelis nigrorufa,0.66,1.2,7.93
Crateroscelis robusta,0.66,1.09,7.8
Sericornis citreogularis,0.71,1.7,13.45
Sericornis spilodera,0.71,1.56,11.56
Sericornis papuensis,0.74,1.74,12.2
Sericornis perspicillatus,0.7,1.48,11.01
Sericornis rufescens,0.72,1.57,11.5
Sericornis arfakianus,0.7,1.47,10.94
Sericornis keri,0.71,1.62,12.16
Sericornis humilis,0.72,1.71,14.24
Sericornis frontalis,0.68,1.54,12.52
Sericornis magnirostra,0.64,1.4,11.38
Sericornis beccarii,0.67,1.52,11.24
Sericornis nouhuysi,0.73,1.76,12.55
Acanthornis magna,0.57,0.98,7.73
Aphelocephala leucopsis,0.54,0.95,10.86
Aphelocephala pectoralis,0.59,0.98,9.78
Aphelocephala nigricincta,0.59,1.02,9.08
Acanthiza cinerea,0.69,0.98,11.27
Acanthiza chrysorrhoa,0.65,0.99,12.03
Acanthiza murina,0.7,1.09,11.68
Acanthiza nana,0.62,0.91,11.17
Acanthiza lineata,0.65,0.97,11.79
Acanthiza apicalis,0.68,1.03,12.15
Acanthiza ewingii,0.63,0.93,11.93
Acanthiza pusilla,0.66,0.99,12.04
Acanthiza katherina,0.69,1.06,11.88
Acanthiza robustirostris,0.66,0.98,11.56
Acanthiza iredalei,0.64,0.94,11.47
Acanthiza uropygialis,0.65,0.96,11.47
Acanthiza reguloides,0.64,0.95,11.63
Acanthiza inornata,0.61,0.9,11.25
Orthonyx temminckii,0.76,1.61,10.45
Orthonyx novaeguineae,0.77,1.68,9.75
Orthonyx spaldingii,0.82,2.02,12.3
Garritornis isidorei,0.73,1.4,10.03
Pomatostomus temporalis,0.69,1.8,9.27
Pomatostomus halli,0.75,1.95,9.6
Pomatostomus superciliosus,0.71,1.8,9.19
Pomatostomus ruficeps,0.68,1.71,9.11
Mohoua albicilla,0.63,1.69,9.84
Mohoua ochrocephala,0.66,1.85,10.98
Mohoua novaeseelandiae,0.6,1.57,9.31
Eulacestoma nigropectus,0.66,1.1,7.91
Daphoenositta papuensis,0.59,1.14,7
Daphoenositta chrysoptera,0.59,1.14,7
Daphoenositta miranda,0.65,1.07,7.65
Pitohui cerviniventris,0.59,1.14,9.97
Pitohui kirhocephalus,0.59,1.14,9.97
Pitohui uropygialis,0.59,1.14,9.97
Pitohui dichrous,0.74,1.79,13.24
Sphecotheres vieilloti,0.73,1.77,16.15
Sphecotheres viridis,0.72,1.74,15.36
Sphecotheres hypoleucus,0.71,1.57,14.45
Turnagra tanagra,0.59,1.14,9.97
Turnagra capensis,0.59,1.14,9.97
Oriolus sagittatus,0.66,1.23,11.02
Oriolus phaeochromus,0.74,1.05,9.03
Oriolus szalayi,0.79,1.35,10.49
Oriolus finschi,0.59,1,10.94
Oriolus melanotis,0.59,1,10.94
Oriolus flavocinctus,0.72,1.32,11.18
Oriolus forsteni,0.76,1.14,9.86
Oriolus decipiens,0.59,1,10.94
Oriolus bouroensis,0.59,1,10.94
Oriolus xanthonotus,0.68,1.15,9.2
Oriolus steerii,0.7,1.17,10.07
Oriolus albiloris,0.69,1.17,10.28
Oriolus isabellae,0.67,1.08,9.49
Oriolus hosii,0.71,1.17,9.94
Oriolus consanguineus,0.59,1,10.94
Oriolus cruentus,0.59,1,10.94
Oriolus traillii,0.67,1.22,10.68
Oriolus mellianus,0.67,1.23,11.08
Oriolus xanthornus,0.66,1.11,9.8
Oriolus brachyrynchus,0.74,1.14,8.89
Oriolus crassirostris,0.72,0.98,8.44
Oriolus chlorocephalus,0.73,1.05,9.2
Oriolus monacha,0.73,1.05,9.24
Oriolus larvatus,0.75,1.21,9.76
Oriolus percivali,0.73,1.02,8.78
Oriolus nigripennis,0.72,1.01,8.7
Oriolus oriolus,0.68,1.11,10.8
Oriolus kundoo,0.59,1,10.94
Oriolus auratus,0.68,1.24,10.05
Oriolus chinensis,0.69,1.3,11.48
Oriolus tenuirostris,0.65,1.2,10.57
Oreocharis arfaki,0.63,1.19,9.27
Paramythia olivacea,0.59,1.14,9.97
Paramythia montium,0.59,1.14,9.97
Aleadryas rufinucha,0.72,1.45,9.5
Ornorectes cristatus,0.74,1.44,10.23
Oreoica gutturalis,0.73,1.52,10.95
Ptilorrhoa leucosticta,0.73,1.5,7.81
Ptilorrhoa castanonota,0.77,1.67,8.58
Ptilorrhoa caerulescens,0.73,1.5,7.8
Ptilorrhoa geislerorum,0.59,1.14,5.6
Cinclosoma ajax,0.73,1.39,6.78
Cinclosoma punctatum,0.76,1.7,8.48
Cinclosoma castanotum,0.75,1.63,7.86
Cinclosoma marginatum,0.59,1.14,6.4
Cinclosoma castaneothorax,0.59,1.14,6.4
Cinclosoma alisteri,0.59,1.14,6.4
Cinclosoma cinnamomeum,0.59,1.14,6.4
Falcunculus whitei,0.59,1.14,13.79
Falcunculus leucogaster,0.59,1.14,13.79
Falcunculus frontatus,0.59,1.14,13.79
Melanorectes nigrescens,0.78,1.67,12.09
Coracornis raveni,0.7,1.24,8.77
Coracornis sanghirensis,0.69,1.21,8.62
Pachycephala olivacea,0.82,1.2,10.84
Pachycephala rufogularis,0.82,1.17,10.47
Pachycephala inornata,0.8,1.09,9.77
Pachycephala nudigula,0.83,1.07,9.17
Pachycephala schlegelii,0.81,1.11,8.78
Pachycephala soror,0.83,1.17,9.17
Pachycephala caledonica,0.81,1.11,9.32
Pachycephala richardsi,0.89,1,12.03
Pachycephala implicata,0.89,1,12.03
Pachycephala meyeri,0.83,0.99,8.38
Pachycephala lorentzi,0.82,1,8.48
Pachycephala modesta,0.82,0.99,8.44
Pachycephala tenebrosa,0.85,1.18,10.07
Pachycephala philippinensis,0.8,1.06,8.71
Pachycephala sulfuriventer,0.83,1.02,8.59
Pachycephala hypoxantha,0.84,1.07,9.02
Pachycephala cinerea,0.81,1.09,8.63
Pachycephala albiventris,0.82,1.01,8.88
Pachycephala homeyeri,0.83,1.05,9.05
Pachycephala teysmanni,0.89,1,12.03
Pachycephala fulvotincta,0.89,1,12.03
Pachycephala phaionota,0.82,1.15,8.97
Pachycephala hyperythra,0.82,1.15,9.09
Pachycephala griseiceps,0.89,1,12.03
Pachycephala simplex,0.89,1,12.03
Pachycephala arctitorquis,0.83,1.07,9.14
Pachycephala orpheus,0.83,1.07,9.17
Pachycephala griseonota,0.83,1.03,8.65
Pachycephala monacha,0.84,1.07,9.11
Pachycephala leucogastra,0.82,0.99,8.43
Pachycephala rufiventris,0.78,1.07,9.21
Pachycephala lanioides,0.84,1.28,10.43
Pachycephala orioloides,0.89,1,12.03
Pachycephala feminina,0.89,1,12.03
Pachycephala flavifrons,0.84,1.15,10.03
Pachycephala jacquinoti,0.84,1.31,10.82
Pachycephala vitiensis,0.89,1,12.03
Pachycephala mentalis,0.89,1,12.03
Pachycephala par,0.89,1,12.03
Pachycephala pectoralis,0.89,1,18
Pachycephala melanura,0.84,1.18,9.91
Pachycephala aurea,0.81,1.02,9.09
Pseudorectes ferrugineus,0.8,1.81,12.9
Pseudorectes incertus,0.74,1.41,11.13
Colluricincla tenebrosa,0.82,1.33,11.63
Colluricincla megarhyncha,0.78,1.33,10.64
Colluricincla boweri,0.79,1.41,11.57
Colluricincla harmonica,0.81,1.53,12.92
Colluricincla woodwardi,0.8,1.48,12.02
Androphobus viridis,0.71,1.27,9.04
Psophodes nigrogularis,0.72,0.66,11.17
Psophodes olivaceus,0.74,0.7,11.76
Psophodes occidentalis,0.71,0.61,11.22
Psophodes cristatus,0.71,0.61,11.47
Pteruthius rufiventer,0.68,1.28,9.65
Pteruthius aeralatus,0.59,1.14,9.97
Pteruthius flaviscapis,0.59,1.14,9.97
Pteruthius xanthochlorus,0.59,1.09,8.07
Pteruthius melanotis,0.54,0.96,7.2
Pteruthius aenobarbus,0.7,1.34,9.32
Erpornis zantholeuca,0.62,1.09,7.63
Cyclarhis gujanensis,0.68,1.3,8.83
Cyclarhis nigrirostris,0.69,1.21,8.61
Hylophilus amaurocephalus,0.62,0.99,7.31
Hylophilus poicilotis,0.59,0.97,7.35
Hylophilus olivaceus,0.63,1,7.19
Hylophilus pectoralis,0.62,0.99,7.22
Hylophilus viridiflavus,0.59,1.14,9.97
Hylophilus flavipes,0.59,1.14,9.97
Hylophilus insularis,0.59,1.14,9.97
Hylophilus semicinereus,0.64,1.02,7.27
Hylophilus thoracicus,0.62,1.03,7.66
Hylophilus griseiventris,0.59,1.14,9.97
Hylophilus brunneiceps,0.62,0.96,6.87
Vireolanius melitophrys,0.68,1.23,9.07
Vireolanius pulchellus,0.66,1.14,8.39
Vireolanius eximius,0.68,1.18,8.52
Vireolanius leucotis,0.68,1.16,8.28
Vireolanius mikettae,0.59,1.14,9.97
Tunchiornis ochraceiceps,0.59,1.14,9.97
Tunchiornis luteifrons,0.59,1.14,9.97
Pachysylvia hypochrysea,0.61,1,7.49
Pachysylvia decurtata,0.62,1.06,7.21
Pachysylvia hypoxantha,0.65,1.07,7.68
Pachysylvia muscicapina,0.64,1,7.09
Pachysylvia aurantiifrons,0.61,0.96,6.94
Pachysylvia semibrunnea,0.63,0.99,7.11
Vireo sclateri,0.62,0.96,8.82
Vireo philadelphicus,0.54,0.96,9.79
Vireo leucophrys,0.63,0.98,8.93
Vireo gilvus,0.55,0.98,9.72
Vireo flavoviridis,0.64,1.18,10.12
Vireo magister,0.63,1.2,11.76
Vireo olivaceus,0.56,1.03,9.09
Vireo altiloquus,0.64,1.2,10.37
Vireo gracilirostris,0.65,1.04,9.47
Vireo vicinior,0.55,0.98,9.38
Vireo huttoni,0.57,0.96,8.99
Vireo flavifrons,0.57,1.05,10.16
Vireo carmioli,0.67,1.15,9.49
Vireo masteri,0.62,0.96,8.79
Vireo cassinii,0.56,1.01,10.01
Vireo plumbeus,0.57,1.03,9.79
Vireo solitarius,0.56,1.02,10.3
Vireo osburni,0.64,1.05,10.96
Vireo modestus,0.63,1.05,9
Vireo nanus,0.66,1.08,10.32
Vireo bellii,0.52,0.91,8.65
Vireo latimeri,0.62,1.05,9.15
Vireo brevipennis,0.61,0.97,9.22
Vireo atricapilla,0.52,0.92,8.56
Vireo nelsoni,0.59,0.93,8.84
Vireo pallens,0.63,1.07,9.27
Vireo caribaeus,0.6,1.09,10.39
Vireo bairdi,0.6,0.97,9.3
Vireo griseus,0.54,0.96,9.15
Vireo crassirostris,0.62,1.11,9.76
Vireo gundlachii,0.63,1.05,10.28
Pericrocotus erythropygius,0.6,1.03,5.57
Pericrocotus albifrons,0.59,1.14,3.92
Pericrocotus igneus,0.66,1.19,5.78
Pericrocotus cinnamomeus,0.58,0.99,5.29
Pericrocotus solaris,0.59,1.09,5.91
Pericrocotus montanus,0.59,1.14,3.92
Pericrocotus miniatus,0.66,1.06,5.48
Pericrocotus brevirostris,0.59,1.06,5.83
Pericrocotus lansbergei,0.65,1.06,5.58
Pericrocotus ethologus,0.58,1.11,6.21
Pericrocotus flammeus,0.67,1.25,6.49
Pericrocotus divaricatus,0.59,1.15,6.59
Pericrocotus tegimae,0.61,1.06,5.93
Pericrocotus cantonensis,0.59,1.06,5.86
Pericrocotus roseus,0.58,1.11,6.14
Coracina caeruleogrisea,0.82,1.95,11.76
Coracina longicauda,0.8,1.87,10.14
Coracina temminckii,0.74,1.4,8.46
Coracina bicolor,0.75,1.57,9.62
Coracina maxima,0.76,1.74,10.59
Coracina lineata,0.73,1.72,11.16
Coracina boyeri,0.74,1.74,10.8
Coracina novaehollandiae,0.74,1.69,11.4
Coracina fortis,0.74,1.4,8.5
Coracina personata,0.73,1.4,8.62
Coracina welchmani,0.59,1.14,9
Coracina caledonica,0.59,1.14,9
Coracina striata,0.76,1.54,9.32
Coracina panayensis,0.59,1.14,9
Coracina javensis,0.75,1.6,9.42
Coracina macei,0.73,1.54,9.17
Coracina dobsoni,0.59,1.14,9
Coracina schistacea,0.7,1.3,9.11
Coracina leucopygia,0.7,1.34,8.48
Coracina larvata,0.74,1.4,8.43
Coracina papuensis,0.73,1.49,9.94
Coracina atriceps,0.77,1.6,9.68
Ceblepyris cucullatus,0.59,1.14,9.97
Ceblepyris cinereus,0.59,1.14,9.97
Ceblepyris graueri,0.74,1.4,9.85
Ceblepyris pectoralis,0.75,1.59,10.29
Ceblepyris caesius,0.75,1.55,10.16
Campephaga flava,0.71,1.38,9.32
Campephaga petiti,0.7,1.2,8.51
Campephaga phoenicea,0.67,1.34,8.9
Campephaga quiscalina,0.71,1.4,9.1
Lobotos lobatus,0.69,1.22,8.73
Lobotos oriolinus,0.69,1.2,8.49
Campochaera sloetii,0.68,1.37,10.64
Malindangia mcgregori,0.71,1.28,9.18
Edolisoma anale,0.72,1.45,10.77
Edolisoma ostentum,0.73,1.54,10.44
Edolisoma coerulescens,0.72,1.38,10.09
Edolisoma montanum,0.72,1.56,12.06
Edolisoma dohertyi,0.73,1.4,10.06
Edolisoma dispar,0.73,1.4,10.01
Edolisoma schisticeps,0.69,1.44,11.16
Edolisoma ceramense,0.72,1.31,9.28
Edolisoma mindanense,0.72,1.36,9.86
Edolisoma salomonis,0.59,1.14,6.2
Edolisoma holopolium,0.59,1.14,6.2
Edolisoma pygmaeum,0.59,1.14,6.2
Edolisoma morio,0.73,1.36,9.6
Edolisoma incertum,0.73,1.36,9.68
Edolisoma remotum,0.59,1.14,6.2
Edolisoma sula,0.74,1.4,9.88
Edolisoma tenuirostre,0.59,1.14,6.2
Edolisoma grayi,0.59,1.14,6.2
Edolisoma obiense,0.59,1.14,6.2
Edolisoma meyerii,0.59,1.14,6.2
Edolisoma rostratum,0.59,1.14,6.2
Edolisoma monacha,0.59,1.14,6.2
Edolisoma nesiotis,0.59,1.14,6.2
Edolisoma insperatum,0.59,1.14,6.2
Edolisoma melas,0.73,1.36,9.72
Edolisoma parvulum,0.74,1.4,9.86
Celebesica abbotti,0.74,1.4,9.88
Cyanograucalus azureus,0.72,1.3,9.2
Lalage maculosa,0.72,1.42,5.29
Lalage sharpei,0.74,1.43,5.82
Lalage sueurii,0.69,1.33,4.8
Lalage leucopyga,0.69,1.31,4.98
Lalage tricolor,0.66,1.32,5.14
Lalage aurea,0.7,1.21,4.78
Lalage atrovirens,0.67,1.32,5.7
Lalage leucoptera,0.59,1.14,4.2
Lalage moesta,0.65,1.29,5.64
Lalage leucomela,0.74,1.47,5.38
Lalage conjuncta,0.59,1.14,4.2
Lalage melanoleuca,0.7,1.3,5.34
Lalage minor,0.59,1.14,4.2
Lalage nigra,0.68,1.3,4.7
Lalage leucopygialis,0.69,1.19,4.73
Lalage melaschistos,0.66,1.36,5.44
Lalage melanoptera,0.65,1.31,5.06
Lalage polioptera,0.69,1.36,5.16
Lalage fimbriata,0.7,1.36,4.82
Lalage typica,0.72,1.46,5.59
Lalage newtoni,0.71,1.4,5.81
Rhagologus leucostigma,0.65,1.27,9.83
Peltops blainvillii,0.65,1.15,8.53
Peltops montanus,0.69,1.21,8.62
Strepera fuliginosa,0.78,2.04,21.06
Strepera graculina,0.81,2.02,19.62
Strepera versicolor,0.8,2.14,21.04
Melloria quoyi,0.75,1.67,9.38
Gymnorhina tibicen,0.77,1.61,17.34
Cracticus cassicus,0.77,1.78,15.83
Cracticus louisiadensis,0.76,1.6,16.34
Cracticus nigrogularis,0.75,1.65,17.8
Cracticus torquatus,0.73,1.51,16.54
Cracticus argenteus,0.59,1.14,21.16
Cracticus mentalis,0.72,1.52,14.04
Artamus personatus,0.66,1.77,7.32
Artamus superciliosus,0.67,1.78,7.36
Artamus cyanopterus,0.62,1.64,7.04
Artamus cinereus,0.65,1.72,7.14
Artamus minor,0.62,1.52,6.26
Artamus maximus,0.73,2.05,7.09
Artamus leucoryn,0.63,1.7,6.95
Artamus mentalis,0.7,1.84,7.36
Artamus insignis,0.72,2,6.93
Artamus monachus,0.67,1.86,6.66
Artamus fuscus,0.67,1.82,7.35
Machaerirhynchus flaviventer,0.64,1.11,8.99
Machaerirhynchus nigripectus,0.65,1.14,9.21
Newtonia archboldi,0.58,0.92,6.94
Newtonia brunneicauda,0.6,0.97,7.2
Newtonia fanovanae,0.62,1.01,7.52
Newtonia amphichroa,0.61,1,7.47
Tylas eduardi,0.73,1.49,10.3
Calicalicus madagascariensis,0.67,1.21,8.38
Calicalicus rufocarpalis,0.63,1.07,8.03
Hypositta corallirostris,0.62,1.03,7.66
Leptopterus chabert,0.64,1.16,8.27
Cyanolanius comorensis,0.59,1.14,9.97
Cyanolanius madagascarinus,0.59,1.14,9.97
Mystacornis crossleyi,0.65,1.21,8.61
Pseudobias wardi,0.62,1.01,7.52
Vanga curvirostris,0.73,1.5,11.68
Schetba rufa,0.68,1.24,9.21
Euryceros prevostii,0.74,1.5,10.96
Xenopirostris polleni,0.74,1.57,10.9
Xenopirostris xenopirostris,0.74,1.56,11
Xenopirostris damii,0.72,1.38,10.16
Oriolia bernieri,0.71,1.33,9.73
Falculea palliata,0.7,1.51,10.97
Artamella viridis,0.69,1.39,9.85
Prionops plumatus,0.76,1.2,8.14
Prionops poliolophus,0.86,1.62,10.26
Prionops alberti,0.83,1.37,9.7
Prionops caniceps,0.81,1.31,9.38
Prionops rufiventris,0.84,1.14,9.97
Prionops retzii,0.8,1.34,9.46
Prionops gabela,0.81,1.3,9.4
Prionops scopifrons,0.79,1.26,8.7
Hemipus picatus,0.61,1.03,6.05
Hemipus hirundinaceus,0.64,1.1,5.99
Tephrodornis sylvicola,0.59,1.14,6.25
Tephrodornis virgatus,0.59,1.14,6.25
Tephrodornis pondicerianus,0.64,1.17,7.42
Tephrodornis affinis,0.59,1.14,6.25
Megabyas flammulatus,0.66,1.18,8.33
Bias musicus,0.68,1.75,8.35
Philentoma pyrhoptera,0.71,1.22,5.75
Philentoma velata,0.73,1.33,6.26
Lanioturdus torquatus,0.7,1.35,9.36
Batis diops,0.64,1.8,7.2
Batis margaritae,0.62,1.78,7.28
Batis mixta,0.65,1.75,7.53
Batis reichenowi,0.62,2,10.8
Batis crypta,0.63,1.79,7.28
Batis dimorpha,0.62,2,10.8
Batis capensis,0.62,2,10.8
Batis fratrum,0.63,1.68,7.76
Batis molitor,0.64,1.73,7.71
Batis senegalensis,0.63,1.67,7.38
Batis orientalis,0.62,1.65,7.35
Batis soror,0.63,1.67,7.42
Batis pririt,0.6,1.66,7.71
Batis minor,0.65,1.76,7.53
Batis erlangeri,0.62,2,10.8
Batis perkeo,0.6,1.61,6.43
Batis minulla,0.63,1.68,7.22
Batis minima,0.63,1.72,6.88
Batis ituriensis,0.63,1.74,6.96
Batis occulta,0.62,1.69,6.78
Batis poensis,0.62,1.71,6.85
Dyaphorophyia hormophora,0.59,2.5,9.97
Dyaphorophyia castanea,0.59,2.5,9.97
Dyaphorophyia tonsa,0.64,2.05,7.05
Dyaphorophyia blissetti,0.64,1.12,7.43
Dyaphorophyia chalybea,0.64,1.12,7.32
Dyaphorophyia jamesoni,0.63,2.04,6.99
Dyaphorophyia concreta,0.59,2.5,9.97
Dyaphorophyia ansorgei,0.59,2.5,9.97
Platysteira cyanea,0.69,1.4,7.79
Platysteira albifrons,0.67,1.34,7.29
Platysteira laticincta,0.69,1.38,7.73
Platysteira peltata,0.66,1.38,7.87
Aegithina tiphia,0.6,1.05,7.65
Aegithina nigrolutea,0.62,1.09,8.09
Aegithina viridissima,0.65,1.16,7.8
Aegithina lafresnayei,0.6,1.05,7.64
Pityriasis gymnocephala,0.77,1.58,11.12
Malaconotus cruentus,0.74,1.55,11.39
Malaconotus blanchoti,0.66,1.55,10.67
Malaconotus monteiri,0.72,1.6,11.57
Malaconotus lagdeni,0.73,1.79,12.02
Malaconotus gladiator,0.75,1.5,10.71
Malaconotus alius,0.74,1.45,10.37
Dryoscopus sabini,0.7,1.24,9.19
Dryoscopus angolensis,0.7,1.24,9.12
Dryoscopus senegalensis,0.7,1.36,8.87
Dryoscopus cubla,0.7,1.3,9.94
Dryoscopus gambensis,0.71,1.38,9.21
Dryoscopus pringlii,0.68,1.26,8.16
Bocagia minuta,0.7,1.32,9.69
Tchagra australis,0.57,1.33,7.18
Tchagra jamesi,0.56,1.29,6.79
Tchagra tchagra,0.62,1.51,8.71
Tchagra senegalus,0.6,1.47,7.63
Nilaus afer,0.68,1.25,8.08
Chlorophoneus kupeensis,0.7,1.24,8.9
Chlorophoneus multicolor,0.72,1.32,9.4
Chlorophoneus nigrifrons,0.69,1.23,8.9
Chlorophoneus olivaceus,0.68,1.39,9.99
Chlorophoneus bocagei,0.7,1.34,8.62
Chlorophoneus sulfureopectus,0.7,1.34,8.75
Laniarius leucorhynchus,0.73,1.51,8.86
Laniarius poensis,0.73,1.48,8.84
Laniarius holomelas,0.59,1.14,9
Laniarius fuelleborni,0.73,1.49,8.98
Laniarius funebris,0.72,1.45,8.5
Laniarius luehderi,0.72,1.46,8.58
Laniarius brauni,0.72,1.34,9.07
Laniarius amboimensis,0.7,1.29,8.86
Laniarius ruficeps,0.69,1.33,8.05
Laniarius aethiopicus,0.7,1.37,9.21
Laniarius nigerrimus,0.59,1.14,9
Laniarius sublacteus,0.59,1.14,9
Laniarius ferrugineus,0.73,1.49,9.66
Laniarius bicolor,0.74,1.53,9.47
Laniarius turatii,0.73,1.48,9.01
Laniarius barbarus,0.73,1.49,9.13
Laniarius erythrogaster,0.73,1.5,9.06
Laniarius atrococcineus,0.71,1.44,9.29
Laniarius mufumbiri,0.67,1.22,8.44
Laniarius atroflavus,0.67,1.23,8.63
Rhodophoneus cruentus,0.72,1.47,9.78
Telophorus zeylonus,0.71,1.47,10.79
Telophorus dohertyi,0.67,1.3,8.65
Telophorus viridis,0.71,1.42,9.7
Chaetorhynchus papuensis,0.7,1.24,8.89
Lamprolia klinesmithi,0.59,1.14,9.97
Lamprolia victoriae,0.59,1.14,9.97
Rhipidura atra,0.69,1.23,8.61
Rhipidura nigrocinnamomea,0.63,1.02,8.85
Rhipidura cyaniceps,0.65,1.17,8.68
Rhipidura sauli,0.59,0.55,9.28
Rhipidura albiventris,0.59,0.55,9.28
Rhipidura samarensis,0.59,0.55,9.28
Rhipidura superciliaris,0.59,0.55,9.28
Rhipidura euryura,0.64,1.04,9.08
Rhipidura perlata,0.65,1.16,8.18
Rhipidura fuscorufa,0.64,1.04,9.09
Rhipidura tenkatei,0.59,0.55,9.28
Rhipidura rufiventris,0.59,0.55,9.28
Rhipidura hoedti,0.59,0.55,9.28
Rhipidura bouruensis,0.59,0.55,9.28
Rhipidura obiensis,0.59,0.55,9.28
Rhipidura cinerea,0.59,0.55,9.28
Rhipidura assimilis,0.59,0.55,9.28
Rhipidura kordensis,0.59,0.55,9.28
Rhipidura isura,0.59,0.55,9.28
Rhipidura cockerelli,0.65,1.08,9.36
Rhipidura coultasi,0.59,0.55,9.28
Rhipidura diluta,0.64,1.04,9.11
Rhipidura threnothorax,0.66,1.08,9.31
Rhipidura maculipectus,0.61,1.04,9.36
Rhipidura leucothorax,0.67,1.23,8.76
Rhipidura leucophrys,0.66,1.24,9.72
Rhipidura javanica,0.71,1.26,9.04
Rhipidura nigritorquis,0.59,0.55,9.28
Rhipidura aureola,0.6,1.04,8.1
Rhipidura albogularis,0.59,0.55,9.28
Rhipidura albicollis,0.59,0.55,4.5
Rhipidura phoenicura,0.64,1.04,9.08
Rhipidura brachyrhyncha,0.62,0.97,8.39
Rhipidura rufidorsa,0.63,1.09,7.82
Rhipidura dahli,0.62,0.96,8.35
Rhipidura matthiae,0.65,1.04,8.95
Rhipidura malaitae,0.63,1,8.75
Rhipidura lepida,0.64,1.04,9.08
Rhipidura teysmanni,0.63,0.98,8.4
Rhipidura superflua,0.65,1.04,8.99
Rhipidura dedemi,0.63,0.98,8.47
Rhipidura opistherythra,0.64,1.04,9.08
Rhipidura rufifrons,0.58,1.06,8.32
Rhipidura kubaryi,0.64,1.04,9.07
Rhipidura melanolaema,0.59,0.55,9.28
Rhipidura semirubra,0.65,1.04,8.96
Rhipidura dryas,0.59,0.55,9.28
Rhipidura albolimbata,0.63,0.98,8.51
Rhipidura hyperythra,0.64,1.12,8.03
Rhipidura drownei,0.63,0.99,8.55
Rhipidura ocularis,0.59,0.55,9.28
Rhipidura verreauxi,0.65,1.16,8.78
Rhipidura spilodera,0.59,0.55,9.28
Rhipidura layardi,0.59,0.55,9.28
Rhipidura rufilateralis,0.59,0.55,9.28
Rhipidura tenebrosa,0.65,1.07,9.41
Rhipidura rennelliana,0.64,1.04,9.18
Rhipidura nebulosa,0.69,1.25,11.03
Rhipidura personata,0.64,1.18,11.03
Rhipidura phasiana,0.61,1.02,7.62
Rhipidura albiscapa,0.59,0.55,9.68
Rhipidura fuliginosa,0.59,0.55,9.7
Dicrurus ludwigii,0.68,1.31,6.56
Dicrurus atripennis,0.72,1.44,7.14
Dicrurus adsimilis,0.7,1.39,7.06
Dicrurus modestus,0.59,1.14,6.98
Dicrurus fuscipennis,0.71,1.32,6.65
Dicrurus aldabranus,0.71,1.44,7.46
Dicrurus forficatus,0.69,1.38,7.5
Dicrurus waldenii,0.71,1.32,6.66
Dicrurus macrocercus,0.65,1.31,8.21
Dicrurus leucophaeus,0.63,1.27,7.17
Dicrurus caerulescens,0.7,1.39,7.49
Dicrurus annectens,0.64,1.31,7.29
Dicrurus aeneus,0.65,1.23,6.59
Dicrurus remifer,0.69,1.36,7.36
Dicrurus balicassius,0.73,1.41,7.16
Dicrurus hottentottus,0.68,1.44,8.91
Dicrurus striatus,0.59,1.14,6.98
Dicrurus sumatranus,0.72,1.32,6.46
Dicrurus densus,0.71,1.32,6.6
Dicrurus menagei,0.59,1.14,7.92
Dicrurus montanus,0.73,1.37,6.71
Dicrurus bracteatus,0.68,1.49,8.14
Dicrurus megarhynchus,0.77,1.58,7.79
Dicrurus andamanensis,0.71,1.45,7.6
Dicrurus paradiseus,0.71,1.49,8.07
Dicrurus lophorinus,0.59,1.14,6.98
Ifrita kowaldi,0.74,1.49,9.6
Myiagra freycineti,0.59,1.14,7.17
Myiagra oceanica,0.65,1.08,7.95
Myiagra erythrops,0.65,1.08,7.95
Myiagra pluto,0.65,1.08,7.94
Myiagra galeata,0.63,0.98,7.14
Myiagra atra,0.66,1.08,7.82
Myiagra rubecula,0.6,1.1,7.8
Myiagra ferrocyanea,0.63,1.01,7.47
Myiagra cervinicauda,0.62,0.99,7.37
Myiagra caledonica,0.61,0.98,7.45
Myiagra vanikorensis,0.67,1.19,8.1
Myiagra albiventris,0.68,1.2,8.95
Myiagra castaneigularis,0.59,1.14,7.17
Myiagra azureocapilla,0.59,1.14,7.17
Myiagra ruficollis,0.61,1.06,7.25
Myiagra cyanoleuca,0.6,1.14,8.39
Myiagra alecto,0.67,1.25,8.54
Myiagra hebetior,0.68,1.26,8.17
Myiagra eichhorni,0.59,1.14,7.17
Myiagra cervinicolor,0.59,1.14,7.17
Myiagra nana,0.59,1.14,7.31
Myiagra inquieta,0.59,1.14,4.93
Arses insularis,0.66,1.1,5.82
Arses telescopthalmus,0.59,1.14,4.2
Arses lorealis,0.59,1.14,3.03
Arses kaupi,0.65,1.17,6.03
Grallina cyanoleuca,0.7,1.14,11.56
Grallina bruijnii,0.75,1.14,10.27
Symposiachrus axillaris,0.7,1.3,9.74
Symposiachrus rubiensis,0.76,1.58,11.83
Symposiachrus guttula,0.67,1.21,9.32
Symposiachrus mundus,0.68,1.16,10.16
Symposiachrus sacerdotum,0.7,1.24,10.87
Symposiachrus boanensis,0.66,1.08,9.3
Symposiachrus trivirgatus,0.6,1.11,9.06
Symposiachrus everetti,0.69,1.22,10.6
Symposiachrus loricatus,0.68,1.16,10.06
Symposiachrus leucurus,0.68,1.16,10.11
Symposiachrus julianae,0.69,1.16,10
Symposiachrus brehmii,0.71,1.27,10.87
Symposiachrus manadensis,0.69,1.29,9.87
Symposiachrus infelix,0.68,1.16,10.02
Symposiachrus menckei,0.69,1.16,10
Symposiachrus verticalis,0.59,1.14,11.01
Symposiachrus ateralbus,0.59,1.14,11.01
Symposiachrus barbatus,0.59,1.14,11.01
Symposiachrus malaitae,0.59,1.14,11.01
Symposiachrus browni,0.68,1.16,10.18
Symposiachrus vidua,0.65,1.07,9.44
Carterornis chrysomela,0.65,1.05,6.26
Carterornis leucotis,0.62,1.08,6.44
Carterornis pileatus,0.65,1.03,6.05
Carterornis castus,0.68,1.16,6.95
Chasiempis sclateri,0.83,1,17.8
Chasiempis ibidis,0.83,1,17.8
Chasiempis sandwichensis,0.75,1,11.32
Pomarea pomarea,0.59,1.14,18.1
Pomarea nigra,0.66,1.16,12.18
Pomarea dimidiata,0.65,1.13,12.03
Pomarea fluxa,0.59,1.14,18.1
Pomarea iphis,0.67,1.14,11.78
Pomarea whitneyi,0.7,1.28,13.18
Pomarea nukuhivae,0.59,1.14,18.1
Pomarea mira,0.59,1.14,18.1
Pomarea mendozae,0.68,1.19,12.29
Neolalage banksiana,0.64,1.07,7.86
Mayrornis schistaceus,0.66,1.1,8.05
Mayrornis versicolor,0.67,1.19,8.79
Mayrornis lessoni,0.66,1.17,7.97
Clytorhynchus pachycephaloides,0.66,1.16,8.63
Clytorhynchus vitiensis,0.7,1.36,9.35
Clytorhynchus sanctaecrucis,0.72,1.34,9.74
Clytorhynchus nigrogularis,0.67,1.29,9.9
Clytorhynchus hamlini,0.69,1.23,8.92
Monarcha cinerascens,0.72,1.41,7.14
Monarcha castaneiventris,0.66,1.23,6.58
Monarcha megarhynchus,0.59,1.14,5
Monarcha ugiensis,0.59,1.14,5
Monarcha richardsii,0.68,1.16,6.53
Monarcha frater,0.64,1.23,6.46
Monarcha melanopsis,0.64,1.24,7.07
Metabolus takatsukasae,0.69,1.24,9.06
Metabolus godeffroyi,0.67,1.16,8.42
Metabolus rugensis,0.72,1.33,9.53
Trochocercus bivittatus,0.59,1.14,9.97
Trochocercus cyanomelas,0.59,1.14,9.97
Trochocercus nitens,0.65,1.14,7.37
Hypothymis azurea,0.57,1.04,5.65
Hypothymis puella,0.59,1.14,3.92
Hypothymis helenae,0.61,0.96,5.3
Hypothymis coelestis,0.59,0.98,5.61
Eutrichomyias rowleyi,0.66,1.09,7.8
Terpsiphone unirufa,0.79,1,9.97
Terpsiphone cinnamomea,0.79,1,9.97
Terpsiphone cyanescens,0.76,1.12,8.33
Terpsiphone atrocaudata,0.61,0.92,8.23
Terpsiphone corvina,0.75,1.15,8.54
Terpsiphone bourbonnensis,0.71,0.96,7.32
Terpsiphone paradisi,0.63,0.96,8.24
Terpsiphone incei,0.79,1,9.97
Terpsiphone affinis,0.79,1,9.97
Terpsiphone floris,0.79,1,9.97
Terpsiphone mutata,0.65,0.93,7.66
Terpsiphone atrochalybeia,0.71,1.02,7.59
Terpsiphone viridis,0.63,0.93,7.18
Terpsiphone rufocinerea,0.72,1.07,8.02
Terpsiphone batesi,0.79,1,9.97
Terpsiphone rufiventer,0.68,0.99,7.55
Terpsiphone bedfordi,0.7,1.03,7.74
Platylophus galericulatus,0.77,1.71,6.94
Corvinella corvina,0.67,1.36,9.57
Urolestes melanoleucus,0.68,1.42,10.32
Eurocephalus ruppelli,0.69,1.4,7.59
Eurocephalus anguitimens,0.69,1.43,8.41
Lanius tigrinus,0.49,0.93,7.02
Lanius souzae,0.58,1.02,6.7
Lanius bucephalus,0.49,0.93,7.97
Lanius cristatus,0.49,0.95,7.62
Lanius collurio,0.46,0.89,7.18
Lanius phoenicuroides,0.47,0.99,7.52
Lanius isabellinus,0.47,1,7.78
Lanius collurioides,0.5,0.94,6.61
Lanius gubernator,0.58,0.92,6.26
Lanius vittatus,0.51,0.94,6.59
Lanius schach,0.59,1.17,8
Lanius tephronotus,0.52,1.02,7.47
Lanius validirostris,0.6,1.01,6.96
Lanius mackinnoni,0.64,1.16,7.15
Lanius minor,0.49,0.98,7.72
Lanius ludovicianus,0.55,1.08,8.03
Lanius sphenocercus,0.47,1,8.05
Lanius giganteus,0.47,0.99,7.52
Lanius borealis,0.47,0.99,7.52
Lanius excubitor,0.47,0.96,8.17
Lanius meridionalis,0.47,0.99,7.52
Lanius excubitoroides,0.64,1.22,7.84
Lanius cabanisi,0.65,1.23,8.7
Lanius dorsalis,0.62,1.16,7.33
Lanius somalicus,0.61,1.14,7.34
Lanius collaris,0.6,1.09,7.18
Lanius newtoni,0.59,0.91,6.09
Lanius senator,0.48,0.93,7.12
Lanius nubicus,0.46,0.86,6.46
Platysmurus leucopterus,0.79,1.83,7.9
Platysmurus aterrimus,0.59,1.14,3.75
Temnurus temnurus,0.76,1.62,11.93
Crypsirina temia,0.76,1.72,13.24
Crypsirina cucullata,0.76,1.75,12.45
Dendrocitta vagabunda,0.68,1.4,11.54
Dendrocitta formosae,0.72,1.52,12.42
Dendrocitta occipitalis,0.67,1.33,11.58
Dendrocitta cinerascens,0.59,1.14,9.97
Dendrocitta leucogastra,0.72,1.51,11.74
Dendrocitta frontalis,0.72,1.51,12.42
Dendrocitta bayleii,0.74,1.58,12.11
Pyrrhocorax pyrrhocorax,0.78,3.38,21.02
Pyrrhocorax graculus,0.69,2.81,17.54
Urocissa ornata,0.74,1.66,12.77
Urocissa caerulea,0.7,1.56,13.25
Urocissa flavirostris,0.72,1.63,13.49
Urocissa erythroryncha,0.7,1.58,13.08
Urocissa xanthomelana,0.59,1.14,9.97
Urocissa whiteheadi,0.59,1.14,9.97
Cissa chinensis,0.68,1.41,11.65
Cissa hypoleuca,0.76,1.68,13.33
Cissa thalassina,0.79,1.91,12.55
Cissa jefferyi,0.59,1.14,9.97
Perisoreus canadensis,0.66,1.1,15.61
Perisoreus infaustus,0.67,1.13,16.35
Perisoreus internigrans,0.7,1.14,15.87
Cyanopica cooki,0.59,1,9.97
Cyanopica cyanus,0.59,1,9.97
Garrulus glandarius,0.71,1.83,15.02
Garrulus bispecularis,0.73,2,17
Garrulus leucotis,0.73,2,17
Garrulus lanceolatus,0.73,1.86,13.75
Garrulus lidthi,0.73,1.89,13.94
Zavattariornis stresemanni,0.62,1.29,9.27
Ptilostomus afer,0.68,1.41,11.28
Podoces hendersoni,0.71,1.52,13.21
Podoces biddulphi,0.78,1.73,14.35
Podoces panderi,0.67,1.4,11.16
Podoces pleskei,0.65,1.33,10.42
Pica pica,0.68,1.58,14.95
Pica mauritanica,0.69,1.5,17.21
Pica asirensis,0.69,1.5,17.21
Pica hudsonia,0.69,1.49,20
Pica nutalli,0.67,1.28,12.98
Nucifraga columbiana,0.75,1.47,14.98
Nucifraga caryocatactes,0.72,1.43,17.63
Nucifraga hemispila,0.59,1.5,16.84
Nucifraga multipunctata,0.59,1.5,16.84
Corvus dauuricus,0.69,1.67,12.44
Corvus monedula,0.79,2,16.77
Corvus nasicus,0.79,2.01,15.07
Corvus jamaicensis,0.79,2.1,15.19
Corvus leucognaphalus,0.82,2.18,16.01
Corvus capensis,0.79,2.06,15.22
Corvus ossifragus,0.78,1.98,15.87
Corvus sinaloae,0.8,1.92,14.89
Corvus imparatus,0.72,1.92,13.34
Corvus palmarum,0.79,1.96,14.42
Corvus hawaiiensis,0.74,2.04,25
Corvus frugilegus,0.76,1.98,16.77
Corvus crassirostris,0.84,2.47,17.62
Corvus albicollis,0.81,2.62,17.5
Corvus corax,0.76,2.35,18.79
Corvus cryptoleucus,0.72,1.82,14.79
Corvus ruficollis,0.79,2.07,15.94
Corvus edithae,0.79,2.22,15.42
Corvus albus,0.77,2.27,14.46
Corvus rhipidurus,0.81,2.18,15.91
Corvus brachyrhynchos,0.76,1.98,16.49
Corvus caurinus,0.82,2.11,18.28
Corvus corone,0.78,2.44,19.23
Corvus pectoralis,0.8,2.07,16.04
Corvus florensis,0.83,2.02,14.89
Corvus typicus,0.83,2.08,13.65
Corvus unicolor,0.83,2.02,14.61
Corvus enca,0.81,2.06,13.8
Corvus violaceus,0.74,2.12,18.13
Corvus validus,0.81,2.26,15.95
Corvus moneduloides,0.82,2.1,15.2
Corvus meeki,0.83,2.02,14.8
Corvus woodfordi,0.82,2,14.68
Corvus fuscicapillus,0.81,2.26,16.06
Corvus tristis,0.83,2.64,18.22
Corvus insularis,0.74,2.12,18.13
Corvus orru,0.74,2.12,18.13
Corvus bennetti,0.76,1.85,14.46
Corvus mellori,0.78,2.13,16.71
Corvus tasmanicus,0.8,2.14,17.2
Corvus coronoides,0.86,2.51,19.16
Corvus splendens,0.72,1.95,13.68
Corvus macrorhynchos,0.83,2.23,17.48
Corvus kubaryi,0.79,1.77,13.24
Cyanolyca mirabilis,0.7,1.33,9.77
Cyanolyca nanus,0.7,1.4,9.74
Cyanolyca pumilo,0.7,1.3,9.53
Cyanolyca argentigula,0.78,1.67,13.3
Cyanolyca pulchra,0.76,1.52,10.73
Cyanolyca cucullata,0.77,1.7,12.93
Cyanolyca quindiuna,0.59,1.14,9.97
Cyanolyca armillata,0.59,1.14,9.97
Cyanolyca turcosa,0.76,1.52,10.71
Cyanolyca viridicyanus,0.75,1.56,11.3
Gymnorhinus cyanocephalus,0.73,1.85,13.71
Aphelocoma unicolor,0.75,2.32,14.25
Aphelocoma wollweberi,0.37,2.33,19
Aphelocoma ultramarina,0.73,2.15,15.12
Aphelocoma coerulescens,0.71,1.99,14.49
Aphelocoma californica,0.72,2.1,15.65
Cyanocitta cristata,0.65,1.34,14.49
Cyanocitta stelleri,0.72,1.5,15.93
Cyanocorax violaceus,0.86,2.1,16.12
Cyanocorax cyanomelas,0.88,2.26,17.85
Cyanocorax cristatellus,0.89,2.28,17.51
Cyanocorax coeruleus,0.91,2.67,20.99
Cyanocorax morio,0.88,2.25,17.68
Cyanocorax colliei,0.86,2.06,17.16
Cyanocorax formosus,0.88,2.26,17.63
Cyanocorax yncas,0.84,1.79,13.93
Cyanocorax mystacalis,0.88,2.03,16.78
Cyanocorax dickeyi,0.87,2.11,17.18
Cyanocorax affinis,0.85,2.24,17.69
Cyanocorax heilprini,0.9,2.14,16.91
Cyanocorax hafferi,0.94,2,23.79
Cyanocorax cyanopogon,0.89,2.09,16.9
Cyanocorax chrysops,0.85,2.04,14.94
Cyanocorax cayanus,0.9,2.16,17.11
Cyanocorax melanocyaneus,0.86,2,13.94
Cyanocorax yucatanicus,0.83,1.8,14.76
Cyanocorax sanblasianus,0.86,1.99,15.72
Cyanocorax beecheii,0.86,2.06,17.06
Melampitta lugubris,0.76,1.58,10.15
Megalampitta gigantea,0.79,1.73,12.29
Corcorax melanorhamphos,0.79,1.95,15.54
Struthidea cinerea,0.68,1.42,10.83
Lycocorax pyrrhopterus,0.81,2.31,16.61
Lycocorax obiensis,0.59,1.14,9.97
Phonygammus keraudrenii,0.77,1.97,20.49
Manucodia ater,0.77,2.05,15.41
Manucodia jobiensis,0.77,2,14.94
Manucodia chalybatus,0.77,2.03,15.28
Manucodia comrii,0.82,2.42,18.13
Pteridophora alberti,0.75,1.81,13.26
Parotia carolae,0.75,1.79,13.83
Parotia sefilata,0.78,1.64,12.78
Parotia wahnesi,0.8,1.86,13.56
Parotia lawesii,0.79,2.07,15.21
Parotia berlepschi,0.59,1.14,9.97
Seleucidis melanoleucus,0.83,2.05,14.51
Drepanornis albertisi,0.79,1.83,11.91
Drepanornis bruijnii,0.78,1.63,11.55
Semioptera wallacii,0.75,1.76,13.43
Lophorina paradisea,0.74,1.81,13.19
Lophorina victoriae,0.78,1.78,10.75
Lophorina superba,0.72,1.65,11.08
Lophorina magnifica,0.75,1.89,12.59
Lophorina intercedens,0.74,1.82,12.27
Epimachus fastosus,0.79,1.72,13.53
Epimachus meyeri,0.84,2.14,15.22
Paradigalla carunculata,0.76,1.81,13.8
Paradigalla brevicauda,0.83,2.03,14.41
Astrapia nigra,0.79,1.66,12.89
Astrapia splendidissima,0.74,1.72,13.24
Astrapia rothschildi,0.79,2.12,15.54
Astrapia stephaniae,0.78,2.02,14.87
Astrapia mayeri,0.78,2.01,14.74
Cicinnurus regius,0.69,1.53,11.5
Cicinnurus magnificus,0.77,1.66,12.13
Cicinnurus respublica,0.73,1.32,10.3
Paradisornis rudolphi,0.79,2.08,15.25
Paradisaea guilielmi,0.79,2.18,14.88
Paradisaea rubra,0.78,2.03,13.57
Paradisaea decora,0.77,1.93,14.45
Paradisaea minor,0.8,2.18,14.52
Paradisaea apoda,0.79,2.1,14.15
Paradisaea raggiana,0.78,2.1,14.44
Callaeas wilsoni,0.59,1.14,25
Callaeas cinereus,0.59,1.14,25
Philesturnus rufusater,0.59,1.14,21
Philesturnus carunculatus,0.59,1.14,21
Heteralocha acutirostris,0.59,1.14,9.97
Notiomystis cincta,0.65,1.47,13.22
Melanocharis arfakiana,0.62,1.17,9.12
Melanocharis nigra,0.63,1.23,9.21
Melanocharis longicauda,0.6,1.08,8.44
Melanocharis versteri,0.61,1.13,8.77
Melanocharis striativentris,0.62,1.17,9.1
Rhamphocharis crassirostris,0.59,1.14,9.97
Rhamphocharis piperata,0.59,1.14,9.97
Oedistoma iliolophus,0.69,1.19,8.52
Oedistoma pygmaeum,0.58,0.85,6.74
Toxorhamphus novaeguineae,0.63,1,7.14
Toxorhamphus poliopterus,0.69,1.19,8.59
Cnemophilus loriae,0.76,1.82,13.35
Cnemophilus sanguineus,0.59,1.14,9.97
Cnemophilus macgregorii,0.59,1.14,9.97
Loboparadisea sericea,0.74,1.74,12.81
Picathartes gymnocephalus,0.8,1.97,12.97
Picathartes oreas,0.8,2.02,13.01
Eupetes macrocerus,0.77,1.73,11.17
Chaetops frenatus,0.74,1.54,11.23
Chaetops aurantius,0.71,1.53,11.07
Amalocichla sclateriana,0.7,1.22,8.73
Amalocichla incerta,0.74,1.5,9.62
Pachycephalopsis hattamensis,0.7,1.23,8.73
Pachycephalopsis poliosoma,0.75,1.54,9.92
Eugerygone rubra,0.61,0.93,6.71
Petroica bivittata,0.61,1.47,7.65
Petroica archboldi,0.64,1.56,8.09
Petroica rosea,0.57,1.38,8.26
Petroica rodinogaster,0.54,1.33,8.29
Petroica phoenicea,0.56,1.39,8.6
Petroica boodang,0.7,1.33,10.13
Petroica pusilla,0.75,1.33,9.67
Petroica multicolor,0.7,1.33,10.1
Petroica goodenovii,0.58,1.4,8.08
Petroica macrocephala,0.56,1.32,8.34
Petroica dannefaerdi,0.75,1.33,9.67
Petroica traversi,0.69,1.76,10.69
Petroica longipes,0.8,1,9.67
Petroica australis,0.8,1,9.67
Kempiella griseoceps,0.64,1.11,7.37
Kempiella flavovirescens,0.66,1.19,7.85
Devioeca papuana,0.66,1.18,7.78
Cryptomicroeca flaviventris,0.65,1.16,8.11
Monachella muelleriana,0.69,1.31,8.61
Monachella coultasi,0.59,1.14,9.97
Microeca tormenti,0.59,1.14,9.45
Microeca flavigaster,0.59,1.14,13.6
Microeca hemixantha,0.64,1.03,6.17
Microeca fascinans,0.66,1.18,6.96
Drymodes beccarii,0.59,1.14,7.9
Drymodes superciliaris,0.59,1.14,6
Drymodes brunneopygia,0.74,1.5,10.31
Plesiodryas albonotata,0.7,1.25,8.96
Poecilodryas brachyura,0.68,1.15,8.71
Poecilodryas hypoleuca,0.62,1.04,8.22
Poecilodryas superciliosa,0.68,1.26,8.78
Poecilodryas cerviniventris,0.65,1.1,8.61
Heteromyias albispecularis,0.75,1.47,12.25
Heteromyias armiti,0.78,1.14,17.8
Heteromyias cinereifrons,0.78,1.14,17.79
Gennaeodryas placens,0.68,1.16,8.28
Eopsaltria australis,0.68,1.21,12.61
Eopsaltria griseogularis,0.7,1.25,12.94
Quoyornis georgianus,0.72,1.25,12.18
Tregellasia leucops,0.6,1.25,11.92
Tregellasia capito,0.57,1.17,12.26
Melanodryas cucullata,0.68,1.07,7.39
Melanodryas vittata,0.68,1.08,7.99
Peneothello sigillata,0.72,1.4,8.97
Peneothello cryptoleuca,0.66,1.09,7.79
Peneothello cyanus,0.73,1.42,9.14
Peneothello bimaculata,0.67,1.14,8.16
Peneoenanthe pulverulenta,0.66,1.2,8.23
Hyliota flavigaster,0.65,1.15,7.45
Hyliota usambara,0.63,0.99,7.08
Hyliota australis,0.6,1.04,7.28
Hyliota violacea,0.65,1.05,7.5
Stenostira scita,0.55,0.95,7.06
Chelidorhynx hypoxanthus,0.59,1.1,8
Culicicapa ceylonensis,0.55,0.93,6.67
Culicicapa helianthea,0.61,0.93,6.75
Elminia nigromitrata,0.57,1.08,7.09
Elminia albonotata,0.57,1.08,7.31
Elminia albiventris,0.57,1.07,7.05
Elminia longicauda,0.6,1.14,7.45
Elminia albicauda,0.56,1.06,7.19
Cephalopyrus flammiceps,0.49,0.88,6.69
Sylviparus modestus,0.45,0.81,6.29
Melanochlora sultanea,0.55,1.05,8.01
Pardaliparus venustulus,0.43,0.82,6.56
Pardaliparus elegans,0.63,1.01,7.4
Pardaliparus amabilis,0.58,0.97,7.34
Periparus ater,0.34,0.71,7.33
Periparus rufonuchalis,0.55,1.09,8.48
Periparus rubidiventris,0.65,1.3,9.42
Baeolophus wollweberi,0.51,0.94,8.18
Baeolophus bicolor,0.59,1.08,9.86
Baeolophus atricristatus,0.58,1.04,9.18
Baeolophus ridgwayi,0.53,0.94,8.84
Baeolophus inornatus,0.53,0.94,8.78
Lophophanes dichrous,0.55,1.14,9.14
Lophophanes cristatus,0.44,0.93,8.64
Sittiparus semilarvatus,0.65,1.08,7.89
Sittiparus varius,0.59,1.14,9.97
Sittiparus owstoni,0.59,1.14,9.97
Sittiparus olivaceus,0.59,1.14,9.97
Sittiparus castaneoventris,0.59,1.14,9.97
Poecile superciliosus,0.54,1.02,9.51
Poecile lugubris,0.49,1,10.42
Poecile hyrcanus,0.49,1,10.42
Poecile davidi,0.54,1.01,9.38
Poecile palustris,0.53,1.03,11.21
Poecile hypermelaenus,0.5,0.96,10.18
Poecile montanus,0.43,0.95,9.5
Poecile carolinensis,0.54,1.09,9.58
Poecile atricapillus,0.48,0.98,9.52
Poecile gambeli,0.48,0.99,9.38
Poecile sclateri,0.48,0.97,8.5
Poecile cinctus,0.44,0.92,9.59
Poecile hudsonicus,0.5,1,9.86
Poecile rufescens,0.47,0.96,9.25
Cyanistes caeruleus,0.55,1,14.6
Cyanistes teneriffae,0.54,1,14.6
Cyanistes cyanus,0.41,0.9,6.42
Pseudopodoces humilis,0.61,1.17,9.23
Parus monticolus,0.53,1.07,10.28
Parus major,0.45,0.91,9.86
Machlolophus nuchalis,0.61,1.03,7.73
Machlolophus holsti,0.6,1.08,7.94
Machlolophus xanthogenys,0.52,0.98,7.3
Machlolophus spilonotus,0.51,0.99,7.5
Melaniparus rufiventris,0.59,1.14,8
Melaniparus pallidiventris,0.59,1.14,8
Melaniparus albiventris,0.6,1.09,7.45
Melaniparus carpi,0.59,1.14,8
Melaniparus niger,0.59,1.14,8
Melaniparus leucomelas,0.59,1.14,8
Melaniparus guineensis,0.59,1.14,8
Melaniparus funereus,0.65,1.22,8.09
Melaniparus griseiventris,0.58,1.03,7.3
Melaniparus fasciiventer,0.62,1.1,7.38
Melaniparus thruppi,0.65,1.14,7.44
Melaniparus fringillinus,0.61,1.08,7.29
Melaniparus leuconotus,0.65,1.07,7.85
Melaniparus afer,0.62,1.12,8.48
Melaniparus cinerascens,0.57,1.04,7.78
Remiz pendulinus,0.55,1.19,8.16
Remiz macronyx,0.49,1,6.97
Remiz coronatus,0.4,0.91,6.38
Remiz consobrinus,0.35,0.85,6.21
Anthoscopus punctifrons,0.54,0.87,6.64
Anthoscopus parvulus,0.6,0.99,6.66
Anthoscopus musculus,0.5,0.83,5.73
Anthoscopus flavifrons,0.6,0.9,6.44
Anthoscopus caroli,0.48,0.81,5.93
Anthoscopus sylviella,0.59,1.14,9.97
Anthoscopus minutus,0.5,0.83,6.34
Auriparus flaviceps,0.54,0.97,6.28
Alaemon alaudipes,0.65,1.36,9.87
Alaemon hamertoni,0.66,1.39,9.39
Chersomanes albofasciata,0.67,1.26,9.04
Ammomanopsis grayi,0.65,1.19,10.47
Certhilauda chuana,0.68,1.29,9.67
Certhilauda subcoronata,0.7,1.39,10.03
Certhilauda curvirostris,0.7,1.39,10.23
Certhilauda semitorquata,0.67,1.26,9.6
Pinarocorys nigricans,0.69,1.43,9.59
Pinarocorys erythropygia,0.68,1.36,9.11
Ramphocoris clotbey,0.61,1.2,11.45
Ammomanes cinctura,0.59,0.94,9.8
Ammomanes phoenicura,0.66,1.07,9.58
Ammomanes deserti,0.66,1.05,9.61
Eremopterix australis,0.58,0.94,9.42
Eremopterix leucotis,0.69,1.15,8.82
Eremopterix nigriceps,0.57,0.94,9.02
Eremopterix griseus,0.61,1,9.66
Eremopterix signatus,0.54,0.89,8.3
Eremopterix leucopareia,0.6,0.98,8.87
Eremopterix verticalis,0.61,1.01,9.81
Eremopterix hova,0.68,1.14,9.47
Calendulauda sabota,0.65,1.21,8.79
Calendulauda poecilosterna,0.69,1.31,8.51
Calendulauda alopex,0.66,1.25,8.32
Calendulauda africanoides,0.66,1.18,9.45
Calendulauda albescens,0.66,1.27,9.44
Calendulauda burra,0.7,1.37,10.02
Calendulauda erythrochlamys,0.59,1.14,6
Heteromirafra ruddi,0.68,1.28,9.28
Heteromirafra archeri,0.68,1.18,8.48
Mirafra apiata,0.68,1.28,9.46
Mirafra fasciolata,0.59,1.14,9.97
Mirafra collaris,0.68,1.3,8.63
Mirafra africana,0.69,1.37,9.51
Mirafra sharpii,0.59,1.14,9.97
Mirafra hypermetra,0.72,1.51,9.86
Mirafra somalica,0.67,1.32,9.08
Mirafra ashi,0.7,1.24,8.81
Mirafra angolensis,0.67,1.31,9.04
Mirafra rufocinnamomea,0.68,1.28,8.47
Mirafra williamsi,0.69,1.15,9.07
Mirafra pulpa,0.58,1,8.77
Mirafra cordofanica,0.67,1.15,9.41
Mirafra passerina,0.66,1.19,9.52
Mirafra albicauda,0.69,1.26,9.11
Mirafra cheniana,0.62,1.17,10.81
Mirafra javanica,0.64,1.13,8.47
Mirafra microptera,0.65,1.13,9.34
Mirafra assamica,0.64,1.16,9.55
Mirafra erythrocephala,0.66,1.13,9.19
Mirafra erythroptera,0.65,1.16,9.3
Mirafra affinis,0.66,1.13,9.21
Mirafra rufa,0.67,1.15,9.34
Mirafra gilletti,0.64,1.19,8.1
Chersophilus duponti,0.67,1.07,7.11
Eremalauda dunni,0.62,1.13,9.98
Eremalauda eremodites,0.59,1.14,9.97
Alaudala somalica,0.62,1.13,7.7
Alaudala rufescens,0.59,1,5
Alaudala raytal,0.71,1.31,9.47
Melanocorypha bimaculata,0.62,1.04,11.05
Melanocorypha calandra,0.63,1.07,11.34
Melanocorypha yeltoniensis,0.55,0.97,12.18
Melanocorypha maxima,0.68,1.18,13.25
Melanocorypha mongolica,0.64,1.08,11.47
Calandrella acutirostris,0.62,1.08,9.65
Calandrella cinerea,0.58,1.05,9.99
Calandrella blanfordi,0.59,1,9.97
Calandrella eremica,0.59,1,9.97
Calandrella brachydactyla,0.57,1.03,8.69
Calandrella dukhunensis,0.59,1,9.97
Eremophila bilopha,0.64,1.01,9.67
Eremophila alpestris,0.69,1.09,10.28
Lullula arborea,0.6,1.03,8.17
Spizocorys sclateri,0.72,1.32,10.37
Spizocorys starki,0.61,1.11,10.02
Spizocorys fremantlii,0.59,1.07,9.25
Spizocorys personata,0.57,0.98,8.69
Spizocorys fringillaris,0.66,1.18,9.51
Spizocorys conirostris,0.6,1.05,9.56
Spizocorys obbiensis,0.63,1.12,7.46
Alauda leucoptera,0.59,0.98,9.47
Alauda razae,0.67,1.03,8.24
Alauda arvensis,0.64,1.08,11.59
Alauda gulgula,0.69,1.12,9.56
Galerida modesta,0.72,1.09,9.44
Galerida magnirostris,0.65,1.02,11.34
Galerida theklae,0.66,1.04,9.12
Galerida cristata,0.64,1.04,12.11
Galerida malabarica,0.7,1.1,10.06
Galerida deva,0.65,0.93,8.83
Panurus biarmicus,0.51,0.96,7.2
Nicator chloris,0.76,1.6,10.11
Nicator gularis,0.71,1.42,9.84
Nicator vireo,0.69,1.3,8.43
Sylvietta brachyura,0.7,1.05,7.08
Sylvietta leucopsis,0.8,1.14,9.97
Sylvietta whytii,0.71,1.1,7.33
Sylvietta philippae,0.72,0.94,6.76
Sylvietta rufescens,0.72,1.13,7.92
Sylvietta isabellina,0.71,1.1,7.22
Sylvietta ruficapilla,0.71,1.12,7.53
Sylvietta virens,0.7,1.06,6.89
Sylvietta denti,0.74,1.15,7.32
Sylvietta chapini,0.8,1.14,9.97
Sylvietta leucophrys,0.8,1.14,9.97
Cryptillas victorini,0.61,1.06,7.87
Achaetops pycnopygius,0.68,1.3,9.09
Sphenoeacus afer,0.68,1.32,9.57
Melocichla mentalis,0.69,1.34,8.75
Macrosphenus flavicans,0.65,1.02,7.23
Macrosphenus kempi,0.63,1.01,7.27
Macrosphenus concolor,0.65,1.03,7.31
Macrosphenus pulitzeri,0.62,0.99,7.28
Macrosphenus kretschmeri,0.66,1.1,7.95
Graueria vittata,0.65,1.05,7.48
Neomixis viridis,0.58,0.9,6.71
Neomixis tenella,0.61,1.02,7.12
Neomixis striatigula,0.53,0.91,6.62
Neomixis pallidior,0.59,1.14,9.97
Eremomela icteropygialis,0.62,1.04,6.91
Eremomela flavicrissalis,0.6,0.98,6.36
Eremomela pusilla,0.6,1,6.74
Eremomela canescens,0.59,1.14,9.97
Eremomela scotops,0.63,1.08,7.29
Eremomela gregalis,0.54,0.91,6.84
Eremomela usticollis,0.6,1.02,7.22
Eremomela badiceps,0.63,0.98,6.92
Eremomela turneri,0.61,0.91,6.49
Eremomela atricollis,0.64,1.1,7.46
Drymocichla incana,0.58,0.93,6.95
Schistolais leucopogon,0.64,1.13,7.34
Schistolais leontica,0.59,0.97,7.27
Urolais epichlorus,0.63,0.99,7.11
Artisornis moreaui,0.62,0.95,6.82
Artisornis sousae,0.59,1.14,9.97
Artisornis metopias,0.62,1.06,7.09
Oreolais pulcher,0.6,1.02,6.73
Oreolais ruwenzorii,0.63,1.1,7.15
Oreophilais robertsi,0.61,1.06,7.67
Phragmacia substriata,0.6,1.03,7.68
Apalis fuscigularis,0.61,1.04,8.86
Apalis flavigularis,0.58,1.04,9.31
Apalis lynesi,0.61,1.04,9.34
Apalis thoracica,0.58,1.04,9.5
Apalis ruddi,0.65,1.09,9.86
Apalis flavida,0.59,0.98,8.51
Apalis flavocincta,0.59,1.14,10.75
Apalis binotata,0.66,1.1,8.97
Apalis personata,0.64,0.98,9.13
Apalis jacksoni,0.64,1.07,8.85
Apalis chariessa,0.62,1.04,8.98
Apalis nigriceps,0.62,0.93,8.72
Apalis melanocephala,0.59,1.03,8.89
Apalis chirindensis,0.57,0.94,9.08
Apalis porphyrolaema,0.62,0.93,8.66
Apalis kaboboensis,0.59,1.14,10.75
Apalis chapini,0.61,0.94,8.91
Apalis sharpii,0.6,0.99,8.59
Apalis rufogularis,0.62,0.93,8.62
Apalis argentea,0.59,1.14,10.75
Apalis karamojae,0.63,0.95,8.82
Apalis bamendae,0.62,0.95,8.92
Apalis goslingi,0.58,0.91,8.79
Apalis cinerea,0.61,1.01,8.6
Apalis alticola,0.59,1.14,10.75
Phyllolais pulchella,0.58,0.96,6.43
Spiloptila clamans,0.55,0.91,6.49
Poliolais lopezi,0.67,1.18,7.73
Calamonastes simplex,0.58,1.01,6.91
Calamonastes undosus,0.59,1.14,9.97
Calamonastes stierlingi,0.59,1.14,9.97
Calamonastes fasciolatus,0.63,1.11,7.93
Camaroptera harterti,0.58,1.14,9.5
Camaroptera brachyura,0.6,1.14,10
Camaroptera superciliaris,0.59,1.01,7.31
Camaroptera chloronota,0.64,1.13,8.03
Camaroptera toroensis,0.59,1.14,9.5
Micromacronus leytensis,0.57,0.86,6.3
Micromacronus sordidus,0.58,0.86,6.23
Scepomycter winifredae,0.64,1.04,7.51
Euryptila subcinnamomea,0.62,1.09,7.98
Incana incana,0.57,0.93,7.12
Malcorus pectoralis,0.55,0.94,7.13
Hypergerus atriceps,0.68,1.31,8.85
Eminia lepida,0.66,1.21,7.94
Cisticola erythrops,0.62,1.16,7.79
Cisticola cantans,0.6,1.11,7.54
Cisticola lateralis,0.65,1.24,8.19
Cisticola woosnami,0.63,1.19,8.03
Cisticola anonymus,0.64,1.2,7.85
Cisticola bulliens,0.62,1.18,8.15
Cisticola chubbi,0.65,1.23,8.07
Cisticola hunteri,0.66,1.27,8.26
Cisticola nigriloris,0.66,1.28,8.67
Cisticola aberrans,0.64,1.2,8.2
Cisticola bailunduensis,0.61,1,8.5
Cisticola chiniana,0.6,1.14,8.01
Cisticola bodessa,0.59,1.11,7.73
Cisticola njombe,0.62,1.14,7.73
Cisticola cinereolus,0.59,1.11,7.62
Cisticola restrictus,0.63,1.06,7.73
Cisticola rufilatus,0.6,1.1,7.84
Cisticola subruficapilla,0.59,1.08,7.97
Cisticola lais,0.63,1.26,8.82
Cisticola marginatus,0.61,1,8.5
Cisticola lugubris,0.61,1,8.5
Cisticola haematocephalus,0.61,1,8.5
Cisticola luapula,0.61,1,8.5
Cisticola galactotes,0.61,1,8.5
Cisticola pipiens,0.59,1.1,7.75
Cisticola carruthersi,0.6,1.1,7.35
Cisticola tinniens,0.6,1.11,8.01
Cisticola robustus,0.63,1.22,8.21
Cisticola aberdare,0.69,1.38,8.97
Cisticola natalensis,0.65,1.24,8.21
Cisticola ruficeps,0.57,1.03,7.22
Cisticola guinea,0.6,0.99,7.4
Cisticola nana,0.52,0.9,6.11
Cisticola brachypterus,0.58,1.03,6.85
Cisticola rufus,0.54,0.91,7.06
Cisticola troglodytes,0.58,1,7.72
Cisticola fulvicapilla,0.56,1,7.22
Cisticola angusticauda,0.58,1.08,7.48
Cisticola melanurus,0.6,0.98,7.27
Cisticola juncidis,0.56,0.98,7.06
Cisticola haesitatus,0.67,1.03,7.91
Cisticola cherina,0.55,1,7.32
Cisticola aridulus,0.52,0.94,6.8
Cisticola textrix,0.66,1.19,8.79
Cisticola eximius,0.58,1.07,7.48
Cisticola dambo,0.63,1.14,7.68
Cisticola brunnescens,0.58,1.03,6.94
Cisticola cinnamomeus,0.61,1,8.5
Cisticola ayresii,0.57,1,7.06
Cisticola exilis,0.55,0.97,6.55
Bathmocercus cerviniventris,0.65,1.05,6.31
Bathmocercus rufus,0.66,1.2,6.48
Prinia crinigera,0.51,0.91,7.31
Prinia polychroa,0.54,0.94,7.03
Prinia atrogularis,0.55,0.95,7.47
Prinia khasiana,0.44,0.92,7.17
Prinia superciliaris,0.44,0.92,7.17
Prinia cinereocapilla,0.6,0.95,7.33
Prinia buchanani,0.58,0.88,6.79
Prinia rufescens,0.56,0.88,6.59
Prinia hodgsonii,0.53,0.88,6.63
Prinia gracilis,0.54,0.86,6.73
Prinia sylvatica,0.64,1.04,7.93
Prinia familiaris,0.64,0.95,6.88
Prinia flaviventris,0.56,0.89,6.58
Prinia sonitans,0.44,0.92,7.17
Prinia socialis,0.55,0.88,6.97
Prinia inornata,0.55,0.9,7.1
Prinia subflava,0.58,0.93,6.52
Prinia somalica,0.54,0.87,6.27
Prinia fluviatilis,0.56,0.91,6.83
Prinia flavicans,0.58,0.93,7.1
Prinia maculosa,0.6,0.97,7.58
Prinia hypoxantha,0.58,1,7.7
Prinia molleri,0.66,1.09,7.26
Prinia bairdii,0.65,1.09,7.49
Prinia erythroptera,0.64,1.06,7.35
Prinia rufifrons,0.56,0.88,6.32
Orthotomus sutorius,0.53,0.89,4.89
Orthotomus frontalis,0.6,1.01,5.11
Orthotomus sericeus,0.62,1.07,5.27
Orthotomus atrogularis,0.55,0.93,4.86
Orthotomus ruficeps,0.6,1.01,4.98
Orthotomus chaktomuk,0.59,1.14,4.17
Orthotomus sepium,0.61,0.93,4.95
Orthotomus chloronotus,0.59,1.14,4.17
Orthotomus castaneiceps,0.59,1.14,4.17
Orthotomus samarensis,0.56,0.91,5.06
Orthotomus nigriceps,0.62,0.96,5.11
Orthotomus cinereiceps,0.61,0.95,5.02
Orthotomus derbianus,0.61,0.98,5.28
Nesillas typica,0.68,1.25,8.68
Nesillas lantzii,0.64,1.1,8.26
Nesillas brevicaudata,0.64,1.06,7.72
Nesillas mariae,0.64,1.06,7.72
Nesillas aldabrana,0.59,1.14,9.97
Calamonastides gracilirostris,0.59,1.14,9.97
Calamonastides bensoni,0.59,1.14,9.97
Arundinax aedon,0.53,1.08,9.06
Iduna caligata,0.46,0.91,7.43
Iduna rama,0.49,0.97,7.84
Iduna pallida,0.55,1.07,7.7
Iduna opaca,0.54,1.01,7.67
Iduna natalensis,0.64,1.21,7.71
Iduna similis,0.64,1.2,7.48
Hippolais languida,0.43,0.95,8.42
Hippolais olivetorum,0.5,1.11,9.63
Hippolais polyglotta,0.45,0.97,8.68
Hippolais icterina,0.44,0.97,9.19
Acrocephalus bistrigiceps,0.56,0.92,8.82
Acrocephalus sorghophilus,0.65,1.01,10.24
Acrocephalus paludicola,0.51,0.92,9.63
Acrocephalus melanopogon,0.55,0.98,9.66
Acrocephalus schoenobaenus,0.49,0.88,9.56
Acrocephalus orinus,0.64,1.12,10.52
Acrocephalus dumetorum,0.53,0.94,9.93
Acrocephalus palustris,0.55,0.99,10.13
Acrocephalus scirpaceus,0.56,1,9.29
Acrocephalus agricola,0.52,0.92,9.33
Acrocephalus concinens,0.57,0.91,8.52
Acrocephalus tangorum,0.59,1.04,10.08
Acrocephalus griseldis,0.62,1.04,9.68
Acrocephalus gracilirostris,0.72,1.27,10.95
Acrocephalus rufescens,0.69,1.27,10.32
Acrocephalus brevipennis,0.67,1.18,10.16
Acrocephalus newtoni,0.65,1.15,10.18
Acrocephalus sechellensis,0.71,1.28,10.27
Acrocephalus rodericanus,0.69,1.01,8.79
Acrocephalus arundinaceus,0.6,1.15,11.76
Acrocephalus orientalis,0.65,1,10.24
Acrocephalus stentoreus,0.58,1.1,10.57
Acrocephalus australis,0.65,1.21,10.61
Acrocephalus luscinius,0.82,1.17,10.24
Acrocephalus hiwae,0.65,1,10.24
Acrocephalus nijoi,0.65,1,10.24
Acrocephalus syrinx,0.73,1.12,9.4
Acrocephalus aequinoctialis,0.75,1.17,9.68
Acrocephalus mendanae,0.75,1.22,10.3
Acrocephalus yamashinae,0.65,1,10.24
Acrocephalus astrolabii,0.65,1,10.24
Acrocephalus rehsei,0.74,1.12,9.26
Acrocephalus familiaris,0.71,1.1,9.63
Acrocephalus vaughani,0.72,1.16,10.22
Acrocephalus taiti,0.72,1.16,10.19
Acrocephalus kerearako,0.68,1.1,9.97
Acrocephalus rimitarae,0.69,1.14,10.32
Acrocephalus musae,0.65,1,10.24
Acrocephalus caffer,0.65,1,10.24
Acrocephalus longirostris,0.65,1,10.24
Acrocephalus percernis,0.65,1,10.24
Acrocephalus atyphus,0.74,1.22,10.48
Pnoepyga immaculata,0.56,1.06,8.44
Pnoepyga pusilla,0.55,1.01,7.47
Pnoepyga albiventer,0.58,1.07,8.97
Pnoepyga formosana,0.69,1.25,9.81
Locustella fasciolata,0.61,1.26,9.09
Locustella amnicola,0.59,1,7.36
Locustella pryeri,0.47,0.95,6.89
Locustella certhiola,0.5,1.01,7.49
Locustella ochotensis,0.49,1,7.65
Locustella pleskei,0.56,1.14,7.79
Locustella lanceolata,0.52,1.01,7.5
Locustella luscinioides,0.52,1.02,7.42
Locustella fluviatilis,0.5,1.01,7.62
Locustella luteoventris,0.54,1.05,6.91
Locustella tacsanowskia,0.56,1.05,7.2
Locustella major,0.56,1.04,7.02
Locustella naevia,0.47,0.94,7.11
Locustella caudata,0.66,1.15,7.37
Locustella accentor,0.64,1.05,6.6
Locustella castanea,0.67,1.11,6.93
Locustella davidi,0.48,0.94,6.92
Locustella kashmirensis,0.59,1,7.36
Locustella thoracica,0.59,1,7.36
Locustella alishanensis,0.62,1.07,7.02
Locustella montis,0.59,1,7.36
Locustella mandelli,0.57,1.01,6.65
Locustella chengi,0.59,1,7.36
Locustella seebohmi,0.61,1.01,6.52
Megalurus palustris,0.67,1.31,9.43
Schoenicola platyurus,0.64,1.16,8.03
Schoenicola brevirostris,0.64,1.16,7.78
Bradypterus brunneus,0.6,1.18,7.58
Bradypterus sylvaticus,0.59,1.17,8.05
Bradypterus graueri,0.54,1.03,7.08
Bradypterus grandis,0.55,1.04,7.19
Bradypterus centralis,0.52,1.14,6.8
Bradypterus baboecala,0.52,1.14,6.8
Bradypterus carpalis,0.56,1.08,7.48
Bradypterus barratti,0.59,1.24,8.32
Bradypterus bangwaensis,0.6,1.22,7.61
Bradypterus lopezi,0.6,1.2,7.54
Bradypterus cinnamomeus,0.59,1.18,7.17
Bradypterus alfredi,0.59,1.08,7.15
Cincloramphus cruralis,0.65,1.34,9.94
Cincloramphus mathewsi,0.63,1.26,9.31
Cincloramphus timoriensis,0.59,1.14,6.42
Cincloramphus macrurus,0.59,1.14,6.42
Poodytes gramineus,0.65,1.15,5.8
Poodytes punctatus,0.59,0.75,6.5
Poodytes caudatus,0.59,0.75,4.9
Poodytes rufescens,0.59,0.75,4.9
Poodytes carteri,0.65,1.14,5.39
Poodytes albolimbatus,0.61,1.09,4.99
Megalurulus mariae,0.66,1.15,8.59
Megalurulus grosvenori,0.72,1.34,9.55
Megalurulus llaneae,0.68,1.16,8.3
Megalurulus turipavae,0.59,1.14,9.97
Megalurulus whitneyi,0.59,1.14,9.97
Megalurulus rubiginosus,0.72,1.45,9.55
Megalurulus rufus,0.62,1.11,8.58
Buettikoferella bivittata,0.68,1.19,8.63
Amphilais seebohmi,0.65,1.14,7.95
Elaphrornis palliseri,0.61,0.95,6.83
Chaetornis striata,0.6,1.18,8.84
Malia grata,0.75,1.49,10.52
Robsonius rabori,0.71,1.37,10.09
Robsonius thompsoni,0.59,1.14,9.97
Robsonius sorsogonensis,0.72,1.37,9.98
Donacobius atricapilla,0.7,1.37,9.2
Oxylabes madagascariensis,0.66,1.18,8.15
Bernieria madagascariensis,0.66,1.15,8.55
Hartertula flavoviridis,0.63,1.09,7.6
Thamnornis chloropetoides,0.62,1.09,7.88
Xanthomixis zosterops,0.58,0.99,7.16
Xanthomixis apperti,0.62,1.04,7.79
Xanthomixis cinereiceps,0.63,1.14,8.12
Crossleyia tenebrosa,0.65,1.12,8.24
Crossleyia xanthophrys,0.64,1.16,8.25
Cryptosylvicola randrianasoloi,0.59,0.94,6.97
Randia pseudozosterops,0.61,0.98,7.31
Pseudochelidon eurystomina,0.63,1.23,8.11
Eurochelidon sirintarae,0.59,1.11,8.53
Cheramoeca leucosterna,0.53,0.93,7.19
Pseudhirundo griseopyga,0.61,1.06,7.12
Psalidoprocne nitens,0.63,1.09,7.14
Psalidoprocne fuliginosa,0.65,1.14,7.5
Psalidoprocne albiceps,0.57,1.04,7
Psalidoprocne pristoptera,0.61,1.11,7.27
Psalidoprocne obscura,0.6,1.09,7.25
Delichon urbicum,0.46,0.99,8.95
Delichon lagopodum,0.4,1,10.42
Delichon dasypus,0.5,1.08,9
Delichon nipalense,0.52,1.04,8.36
Petrochelidon rufigula,0.63,1.05,9.66
Petrochelidon preussi,0.63,0.97,9.09
Petrochelidon perdita,0.6,1,11.16
Petrochelidon spilodera,0.6,1.02,10.33
Petrochelidon fuliginosa,0.64,1.03,9.35
Petrochelidon fluvicola,0.53,0.85,8.59
Petrochelidon ariel,0.54,0.87,8.81
Petrochelidon nigricans,0.56,0.93,9.46
Petrochelidon pyrrhonota,0.58,0.99,10.91
Petrochelidon fulva,0.62,1.04,10.35
Petrochelidon rufocollaris,0.67,0.98,9.38
Cecropis abyssinica,0.58,0.93,5.86
Cecropis semirufa,0.63,1.09,6.87
Cecropis senegalensis,0.66,1.18,7.33
Cecropis cucullata,0.63,1.07,7.32
Cecropis daurica,0.59,1,9
Cecropis hyperythra,0.59,1,6.77
Hirundo nigrorufa,0.63,1.03,8.42
Hirundo atrocaerulea,0.62,1.07,8.83
Hirundo javanica,0.57,1,7.08
Hirundo tahitica,0.57,1,9.4
Hirundo neoxena,0.62,1.06,9.55
Hirundo albigularis,0.63,1.12,9.71
Hirundo smithii,0.57,0.97,7.86
Hirundo nigrita,0.72,1.24,9.62
Hirundo rustica,0.55,0.96,9.35
Hirundo angolensis,0.64,1.12,8.86
Hirundo lucida,0.6,0.98,8.03
Hirundo aethiopica,0.66,1.12,9.13
Hirundo leucosoma,0.57,1,8.29
Hirundo megaensis,0.65,0.93,7.78
Hirundo dimidiata,0.61,1.04,8.6
Ptyonoprogne rupestris,0.59,1.04,8.72
Ptyonoprogne obsoleta,0.58,0.98,7.6
Ptyonoprogne rufigula,0.59,1,6.75
Ptyonoprogne fuligula,0.59,1,6.75
Ptyonoprogne concolor,0.61,0.98,7.68
Neophedina cincta,0.6,1.16,6.07
Phedina borbonica,0.65,1.25,9.09
Phedinopsis brazzae,0.61,1.07,7.25
Riparia paludicola,0.51,1.08,6.91
Riparia cowani,0.39,1,7.5
Riparia chinensis,0.39,1,7.5
Riparia congica,0.56,1.05,7.09
Riparia riparia,0.46,0.98,7.69
Riparia diluta,0.39,1,7.5
Tachycineta bicolor,0.46,0.97,9.47
Tachycineta thalassina,0.52,1.03,9.68
Tachycineta euchrysea,0.59,1.13,9.11
Tachycineta cyaneoviridis,0.56,1.14,9.39
Tachycineta stolzmanni,0.59,0.96,8.72
Tachycineta albilinea,0.54,1.04,8.55
Tachycineta albiventer,0.55,1.11,8.96
Tachycineta leucorrhoa,0.5,1,8.77
Tachycineta meyeni,0.54,1.08,9.95
Progne tapera,0.6,1.18,8.5
Progne murphyi,0.7,1.04,10.5
Progne modesta,0.7,1.4,9.16
Progne subis,0.61,1.05,11.86
Progne dominicensis,0.57,1.14,8.49
Progne cryptoleuca,0.58,1.18,8.84
Progne sinaloae,0.66,1.05,10.92
Progne chalybea,0.64,1.3,9.02
Progne elegans,0.63,1.3,9.98
Stelgidopteryx serripennis,0.52,1,7.03
Stelgidopteryx ridgwayi,0.53,1,5.91
Stelgidopteryx ruficollis,0.51,0.99,6.01
Pygochelidon cyanoleuca,0.56,1,7.27
Pygochelidon melanoleuca,0.6,1.02,6.91
Alopochelidon fucata,0.52,0.97,7.26
Atticora fasciata,0.54,0.95,6.65
Atticora pileata,0.56,0.98,7.05
Atticora tibialis,0.58,0.94,7
Orochelidon murina,0.62,1.09,7.32
Orochelidon flavipes,0.62,0.96,6.93
Orochelidon andecola,0.59,1.03,7.9
Stelgidillas gracilirostris,0.67,1.3,10
Calyptocichla serinus,0.68,1.36,10.47
Andropadus importunus,0.62,1.35,10.68
Neolestes torquatus,0.69,1.29,8.56
Bleda syndactylus,0.73,1.48,9.56
Bleda eximius,0.71,1.41,9.32
Bleda ugandae,0.59,1.14,9.97
Bleda notatus,0.59,1.14,9.97
Bleda canicapillus,0.73,1.48,9.82
Atimastillas flavicollis,0.45,1.14,9.97
Atimastillas flavigula,0.45,1.14,9.97
Ixonotus guttatus,0.67,1.42,10.53
Thescelocichla leucopleura,0.75,1.54,11.13
Baeopogon indicator,0.68,1.49,11.03
Baeopogon clamans,0.65,1.35,10.77
Chlorocichla laetissima,0.7,1.43,10.94
Chlorocichla prigoginei,0.68,1.21,9.81
Chlorocichla flaviventris,0.73,1.41,10.68
Chlorocichla falkensteini,0.66,1.39,10.35
Chlorocichla simplex,0.73,1.46,10.53
Arizelocichla striifacies,0.38,1.14,7.9
Arizelocichla milanjensis,0.38,1.14,7.9
Arizelocichla nigriceps,0.38,1.14,7.9
Arizelocichla chlorigula,0.38,1.14,7.9
Arizelocichla neumanni,0.38,1.14,7.9
Arizelocichla fusciceps,0.38,1.14,7.9
Arizelocichla montana,0.47,1.31,8.95
Arizelocichla tephrolaema,0.54,1.44,9.54
Arizelocichla masukuensis,0.57,1.36,8.59
Eurillas latirostris,0.7,1.3,9.42
Eurillas virens,0.62,1.34,9.96
Eurillas gracilis,0.69,1.25,9.05
Eurillas ansorgei,0.66,1.06,8.32
Eurillas curvirostris,0.68,1.12,8.78
Criniger barbatus,0.71,1.28,9.16
Criniger chloronotus,0.73,1.48,9.55
Criniger calurus,0.72,1.43,9.21
Criniger olivaceus,0.68,1.18,8.46
Criniger ndussumensis,0.68,1.13,8.04
Phyllastrephus debilis,0.59,1.18,8.25
Phyllastrephus albigula,0.59,1.14,9.9
Phyllastrephus xavieri,0.62,1.29,8.66
Phyllastrephus icterinus,0.62,1.29,8.66
Phyllastrephus albigularis,0.62,1.31,8.84
Phyllastrephus viridiceps,0.59,1.14,9.9
Phyllastrephus terrestris,0.65,1.35,10.71
Phyllastrephus fischeri,0.64,1.17,9
Phyllastrephus strepitans,0.6,1.09,9.56
Phyllastrephus cerviniventris,0.63,1.34,9.31
Phyllastrephus cabanisi,0.65,1.4,9.64
Phyllastrephus hypochloris,0.6,1.09,8.6
Phyllastrephus flavostriatus,0.63,1.35,9.42
Phyllastrephus poliocephalus,0.68,1.33,10.17
Phyllastrephus fulviventris,0.61,1.17,9.44
Phyllastrephus lorenzi,0.59,1.14,9.9
Phyllastrephus baumanni,0.64,1.17,9.03
Phyllastrephus poensis,0.63,1.35,9.25
Pyrrhurus scandens,0.71,1.39,10.24
Tricholestes criniger,0.66,1.04,6.8
Setornis criniger,0.66,1.29,9.89
Alophoixus finschii,0.68,1.11,6.41
Alophoixus flaveolus,0.6,1.34,8.34
Alophoixus griseiceps,0.59,1.14,5.46
Alophoixus pallidus,0.59,1.14,6.17
Alophoixus ochraceus,0.72,1.45,7.14
Alophoixus ruficrissus,0.59,1.14,5.46
Alophoixus tephrogenys,0.59,1.14,5.46
Alophoixus bres,0.59,1.14,5.46
Alophoixus frater,0.59,1.14,5.46
Alophoixus phaeocephalus,0.71,1.36,7.25
Iole viridescens,0.63,1.28,10.33
Iole propinqua,0.66,1.13,9.24
Iole charlottae,0.7,1.28,9.26
Iole palawanensis,0.67,1.14,9.1
Hemixos flavala,0.65,1.26,10.09
Hemixos castanonotus,0.66,1.3,10.47
Hemixos cinereus,0.59,1.14,9.97
Hemixos connectens,0.59,1.14,9.97
Ixos nicobariensis,0.71,1.29,8.29
Ixos mcclellandii,0.69,1.36,8.53
Ixos malaccensis,0.72,1.4,8.02
Ixos sumatranus,0.59,1.14,6.17
Ixos virescens,0.59,1.14,6.17
Hypsipetes rufigularis,0.7,1.47,11.48
Hypsipetes everetti,0.59,1.14,9.97
Hypsipetes catarmanensis,0.59,1.14,9.97
Hypsipetes haynaldi,0.59,1.14,9.97
Hypsipetes siquijorensis,0.68,1.43,11.24
Hypsipetes philippinus,0.65,1.39,10.87
Hypsipetes amaurotis,0.6,1.4,12.46
Hypsipetes crassirostris,0.76,1.62,11.81
Hypsipetes borbonicus,0.65,1.46,11.74
Hypsipetes olivaceus,0.72,1.39,11.36
Hypsipetes madagascariensis,0.7,1.35,10.66
Hypsipetes parvirostris,0.69,1.48,11.62
Hypsipetes moheliensis,0.59,1.14,9.97
Hypsipetes ganeesa,0.59,1.14,9.97
Hypsipetes leucocephalus,0.59,1.14,9.97
Spizixos canifrons,0.71,1.39,11.04
Spizixos semitorques,0.67,1.25,10.41
Pycnonotus zeylanicus,0.68,1.5,13.04
Pycnonotus striatus,0.58,1.23,13.29
Pycnonotus leucogrammicus,0.54,1.27,12.47
Pycnonotus tympanistrigus,0.54,1.27,12.45
Pycnonotus melanicterus,0.51,1.13,11.85
Pycnonotus gularis,0.41,1.43,13.23
Pycnonotus flaviventris,0.41,1.43,13.23
Pycnonotus dispar,0.41,2.1,13.23
Pycnonotus montis,0.41,1.43,13.23
Pycnonotus squamatus,0.54,1.15,11.53
Pycnonotus cyaniventris,0.52,1.11,11.25
Pycnonotus jocosus,0.57,1.1,11.78
Pycnonotus xanthorrhous,0.53,1.15,12.86
Pycnonotus sinensis,0.53,1.09,12.28
Pycnonotus taivanus,0.52,1.09,11.52
Pycnonotus leucogenys,0.56,1.14,12.72
Pycnonotus leucotis,0.47,1.05,11.76
Pycnonotus cafer,0.62,1.23,13.13
Pycnonotus aurigaster,0.56,1.1,12.07
Pycnonotus xanthopygos,0.53,1.19,13.19
Pycnonotus nigricans,0.52,1.14,12.73
Pycnonotus capensis,0.56,1.24,14.12
Pycnonotus barbatus,0.54,1.19,12.16
Pycnonotus nieuwenhuisii,0.49,1.22,12.55
Pycnonotus snouckaerti,0.41,1.43,13.23
Pycnonotus bimaculatus,0.41,1.43,12.1
Pycnonotus davisoni,0.41,1.43,13.23
Pycnonotus finlaysoni,0.41,1.43,13.23
Pycnonotus xantholaemus,0.6,1.17,12.08
Pycnonotus penicillatus,0.57,1.27,13.01
Pycnonotus flavescens,0.56,1.14,12.07
Pycnonotus leucops,0.41,1.43,13.23
Pycnonotus goiavier,0.51,1.12,11.55
Pycnonotus luteolus,0.57,1.26,13.39
Pycnonotus plumosus,0.57,1.26,12.59
Pycnonotus cinereifrons,0.41,1.43,13.23
Pycnonotus blanfordi,0.6,1.17,12.17
Pycnonotus simplex,0.61,1.15,11.16
Pycnonotus brunneus,0.62,1.18,11.48
Pycnonotus erythropthalmos,0.59,1.09,10.62
Pycnonotus hualon,0.52,1.3,13.28
Euptilotus eutilotus,0.72,1.38,9.98
Microtarsus melanoleucos,0.67,1.3,10
Brachypodius atriceps,0.59,2,11.78
Brachypodius fuscoflavescens,0.59,2,11.78
Brachypodius priocephalus,0.71,1.52,11.5
Poliolophus urostictus,0.6,1.23,10.59
Acritillas indica,0.69,1.29,9.82
Thapsinillas harterti,0.59,1.14,9.97
Thapsinillas longirostris,0.59,1.14,9.97
Thapsinillas aurea,0.59,1.14,9.97
Thapsinillas platenae,0.59,1.14,9.97
Thapsinillas chloris,0.59,1.14,9.97
Thapsinillas lucasi,0.59,1.14,9.97
Thapsinillas mysticalis,0.59,1.14,9.97
Thapsinillas affinis,0.59,1.14,9.97
Cerasophila thompsoni,0.63,1.41,11.39
Phylloscopus orientalis,0.34,1,7.7
Phylloscopus bonelli,0.34,1,7.7
Phylloscopus sibilatrix,0.35,0.96,7.99
Phylloscopus yunnanensis,0.39,0.95,7.05
Phylloscopus subviridis,0.39,0.93,6.89
Phylloscopus inornatus,0.35,0.93,7.86
Phylloscopus humei,0.38,0.95,7.13
Phylloscopus chloronotus,0.41,1.01,7.3
Phylloscopus forresti,0.39,0.93,6.81
Phylloscopus kansuensis,0.4,0.97,7.18
Phylloscopus proregulus,0.37,0.95,7.36
Phylloscopus pulcher,0.44,1.1,7.81
Phylloscopus maculipennis,0.4,0.92,6.65
Phylloscopus fuscatus,0.35,0.98,7.9
Phylloscopus fuligiventer,0.38,0.98,7.48
Phylloscopus subaffinis,0.41,1.04,7.51
Phylloscopus trochilus,0.35,0.95,8.09
Phylloscopus ibericus,0.37,0.98,7.62
Phylloscopus collybita,0.37,0.98,8.02
Phylloscopus tristis,0.34,1,7.7
Phylloscopus canariensis,0.4,0.98,7.27
Phylloscopus sindianus,0.45,1.12,8.26
Phylloscopus neglectus,0.39,0.93,6.84
Phylloscopus tytleri,0.4,0.98,7.27
Phylloscopus griseolus,0.4,0.99,7.46
Phylloscopus affinis,0.41,0.98,7.16
Phylloscopus armandii,0.42,1.04,7.66
Phylloscopus schwarzi,0.36,1.03,8.28
Phylloscopus intermedius,0.4,1.02,7.36
Phylloscopus poliogenys,0.42,1.04,7.32
Phylloscopus burkii,0.41,0.99,7.18
Phylloscopus tephrocephalus,0.41,0.99,7.17
Phylloscopus omeiensis,0.41,0.99,7.22
Phylloscopus soror,0.41,0.99,7.21
Phylloscopus valentini,0.41,0.99,7.21
Phylloscopus whistleri,0.41,0.99,7.17
Phylloscopus cebuensis,0.48,1.03,7.22
Phylloscopus olivaceus,0.5,1.04,7.2
Phylloscopus coronatus,0.41,1.05,7.94
Phylloscopus ijimae,0.42,1.02,7.52
Phylloscopus umbrovirens,0.54,1.24,7.92
Phylloscopus budongoensis,0.51,1.18,7.47
Phylloscopus herberti,0.49,1.03,7.03
Phylloscopus laetus,0.57,1.32,8.16
Phylloscopus laurae,0.48,1.02,7.06
Phylloscopus ruficapilla,0.51,1.17,8
Phylloscopus castaniceps,0.4,1.01,7.1
Phylloscopus sumatrensis,0.34,1,7.7
Phylloscopus grammiceps,0.34,1,7.7
Phylloscopus montis,0.54,1.22,7.53
Phylloscopus emeiensis,0.44,1.06,7.71
Phylloscopus nitidus,0.34,1,7.7
Phylloscopus trochiloides,0.34,1,6
Phylloscopus plumbeitarsus,0.34,1,7.7
Phylloscopus borealis,0.37,0.99,8.49
Phylloscopus examinandus,0.34,1,7.7
Phylloscopus xanthodryas,0.34,1,7.7
Phylloscopus borealoides,0.41,1.04,7.85
Phylloscopus tenellipes,0.42,1.08,8.22
Phylloscopus magnirostris,0.46,1.17,8.5
Phylloscopus calciatilis,0.34,1,7.7
Phylloscopus cantator,0.34,1,7.7
Phylloscopus ricketti,0.44,1.06,7.7
Phylloscopus claudiae,0.41,1,7.35
Phylloscopus reguloides,0.41,1.04,7.46
Phylloscopus occipitalis,0.42,1.03,7.6
Phylloscopus goodsoni,0.42,1,7.2
Phylloscopus trivirgatus,0.56,1.3,8.08
Phylloscopus sarasinorum,0.5,1.04,7.04
Phylloscopus poliocephalus,0.5,1.05,7.17
Phylloscopus misoriensis,0.34,1,7.7
Phylloscopus maforensis,0.34,1,7.7
Phylloscopus presbytes,0.49,1.04,7.17
Phylloscopus amoenus,0.5,1.06,7.3
Phylloscopus hainanus,0.48,1.04,7.35
Phylloscopus xanthoschistos,0.45,1.06,7.63
Phylloscopus intensior,0.42,0.96,6.86
Phylloscopus ogilviegranti,0.41,0.96,6.93
Erythrocercus holochlorus,0.59,0.87,6.26
Erythrocercus mccallii,0.6,0.91,6.48
Erythrocercus livingstonei,0.58,0.95,6.63
Scotocerca inquieta,0.56,0.94,7.14
Tesia olivea,0.49,0.87,6.82
Tesia cyaniventer,0.51,0.94,6.96
Tesia superciliaris,0.54,0.77,5.61
Tesia everetti,0.59,0.88,6.41
Cettia major,0.57,1.03,8.31
Cettia brunnifrons,0.49,0.91,7.27
Cettia castaneocoronata,0.59,1.11,8.3
Cettia cetti,0.51,0.99,8.33
Hemitesia neumanni,0.6,0.99,7.36
Hemitesia pallidipes,0.54,0.98,7.19
Urosphena squameiceps,0.53,0.96,7.59
Urosphena whiteheadi,0.62,0.95,6.75
Urosphena subulata,0.61,0.95,6.87
Abroscopus superciliaris,0.51,0.9,6.29
Abroscopus albogularis,0.5,0.82,6.11
Abroscopus schisticeps,0.47,0.78,5.96
Phyllergates cucullatus,0.5,0.88,6.34
Phyllergates heterolaemus,0.61,0.93,6.74
Tickellia hodgsoni,0.54,0.87,6.36
Horornis fortipes,0.52,0.96,7.27
Horornis brunnescens,0.51,0.85,6.53
Horornis acanthizoides,0.54,0.93,6.87
Horornis flavolivaceus,0.59,1.14,9.97
Horornis seebohmi,0.62,1,7.42
Horornis canturians,0.53,1.02,8.22
Horornis diphone,0.51,0.96,7.61
Horornis annae,0.66,1.09,7.84
Horornis carolinae,0.66,1.1,7.93
Horornis parens,0.63,1.03,7.5
Horornis haddeni,0.68,1.15,8.25
Horornis ruficapilla,0.65,1.15,7.96
Hylia prasina,0.69,1.25,7.95
Pholidornis rushiae,0.6,0.99,6.47
Leptopoecile sophiae,0.52,0.9,6.99
Leptopoecile elegans,0.52,0.88,6.82
Psaltriparus minimus,0.4,0.9,6.97
Aegithalos iredalei,0.44,1,10.8
Aegithalos concinnus,0.44,1,10.8
Aegithalos annamensis,0.44,1,10.8
Aegithalos leucogenys,0.45,1.06,7.76
Aegithalos niveogularis,0.61,1.32,9.08
Aegithalos bonvaloti,0.44,1,10.8
Aegithalos iouschistos,0.44,1,10.8
Aegithalos fuliginosus,0.51,0.91,8.44
Aegithalos caudatus,0.35,0.85,7.28
Aegithalos glaucogularis,0.44,1,10.8
Psaltria exilis,0.55,0.88,5.96
Sylvia atricapilla,0.47,1.01,10.31
Sylvia borin,0.47,1.02,10.6
Sylvia dohrni,0.59,1.23,8.91
Sylvia atriceps,0.82,1,10.22
Sylvia abyssinica,0.82,1,7.9
Sylvia nigricapillus,0.56,1.41,12.77
Sylvia deserti,0.54,1,10.22
Sylvia nana,0.54,1,10.22
Sylvia nisoria,0.48,1.09,9.92
Sylvia layardi,0.55,1.12,9.09
Sylvia boehmi,0.58,1.14,9.1
Sylvia subcoerulea,0.55,1.12,8.94
Sylvia leucomelaena,0.55,1.11,8.63
Sylvia hortensis,0.48,1.08,9.41
Sylvia crassirostris,0.54,1,10.22
Sylvia buryi,0.58,1.22,9.42
Sylvia lugens,0.59,1.22,8.77
Sylvia curruca,0.42,0.93,8.69
Sylvia mystacea,0.49,1.02,8.97
Sylvia melanothorax,0.43,0.95,8.21
Sylvia melanocephala,0.44,0.94,9.13
Sylvia cantillans,0.44,0.96,8.26
Sylvia subalpina,0.54,1,10.22
Sylvia ruppeli,0.44,0.97,8.49
Sylvia communis,0.45,1.01,9.21
Sylvia conspicillata,0.46,0.96,8.43
Sylvia sarda,0.47,1,8.59
Sylvia balearica,0.54,1,10.22
Sylvia undata,0.55,1.07,9.41
Sylvia deserticola,0.44,0.94,7.93
Parophasma galinieri,0.64,1.29,8.03
Myzornis pyrrhoura,0.57,1,7.59
Moupinia poecilotis,0.58,1.05,8.33
Lioparus chrysotis,0.54,0.85,7.1
Chrysomma sinense,0.58,1.05,7.71
Chrysomma altirostre,0.66,1.21,8.74
Rhopophilus albosuperciliaris,0.59,1.14,9.97
Rhopophilus pekinensis,0.59,1.14,9.97
Fulvetta vinipectus,0.57,1.05,7.79
Fulvetta ludlowi,0.56,0.97,7.43
Fulvetta manipurensis,0.59,0.97,7.3
Fulvetta cinereiceps,0.58,0.97,7.41
Fulvetta formosana,0.59,0.97,7.27
Fulvetta striaticollis,0.57,0.99,7.61
Fulvetta ruficapilla,0.6,1.02,7.79
Fulvetta danisi,0.62,1.02,7.55
Chamaea fasciata,0.59,1,10.42
Paradoxornis flavirostris,0.66,1.2,9.82
Paradoxornis guttaticollis,0.65,1.23,8.91
Paradoxornis heudei,0.62,1.13,8.97
Psittiparus ruficeps,0.59,1.14,5.79
Psittiparus bakeri,0.59,1.14,5.79
Psittiparus gularis,0.64,1.21,8.45
Psittiparus margaritae,0.58,1.06,6.87
Conostoma aemodium,0.71,1.49,13.7
Cholornis paradoxus,0.62,1.08,9.18
Cholornis unicolor,0.57,1.09,10.23
Neosuthora davidiana,0.64,1.08,8.94
Suthora fulvifrons,0.45,0.79,9.17
Suthora nipalensis,0.51,0.84,9.09
Suthora verreauxi,0.56,0.92,7.93
Chleuasicus atrosuperciliaris,0.59,1.05,9.59
Sinosuthora conspicillata,0.62,1.24,8.48
Sinosuthora webbiana,0.53,0.98,8.05
Sinosuthora brunnea,0.59,1,7
Sinosuthora ricketti,0.59,1,7
Sinosuthora alphonsiana,0.6,1.15,7.38
Sinosuthora zappeyi,0.64,1.24,7.82
Sinosuthora przewalskii,0.63,1.27,7.88
Yuhina diademata,0.71,1.1,8.92
Yuhina castaniceps,0.64,1.01,8.29
Yuhina torqueola,0.71,1,8.65
Yuhina everetti,0.74,1,8.18
Yuhina brunneiceps,0.64,1.11,10.23
Yuhina nigrimenta,0.64,0.91,8.56
Yuhina gularis,0.66,1.07,9.98
Yuhina flavicollis,0.67,1.06,9.81
Yuhina humilis,0.7,1.12,10.36
Yuhina occipitalis,0.66,1.17,10.7
Yuhina bakeri,0.67,1.07,9.87
Zosterornis hypogrammicus,0.64,1.06,7.65
Zosterornis latistriatus,0.68,1.19,8.64
Zosterornis nigrorum,0.66,1.09,8.73
Zosterornis striatus,0.63,1.03,7.59
Zosterornis whiteheadi,0.65,1.12,8.28
Heleia superciliaris,0.63,1.21,9.46
Heleia wallacei,0.62,0.96,7.67
Heleia squamifrons,0.6,0.87,6.91
Heleia goodfellowi,0.63,1.2,9.36
Heleia squamiceps,0.62,1.12,8.68
Heleia javanica,0.63,1.21,9.43
Heleia pinaiae,0.68,1.14,8.99
Heleia dohertyi,0.63,1.21,9.46
Heleia muelleri,0.66,1.09,7.91
Heleia crassirostris,0.65,1.06,8.5
Cleptornis marchei,0.65,1.08,8.75
Apalopteron familiare,0.69,1.21,9.56
Rukia ruki,0.66,1.08,8.64
Rukia longirostra,0.66,1.08,8.63
Megazosterops palauensis,0.66,1.3,10.16
Chlorocharis emiliae,0.65,1.03,7.32
Sterrhoptilus dennistouni,0.63,1.05,7.79
Sterrhoptilus nigrocapitatus,0.63,1.03,7.54
Sterrhoptilus capitalis,0.64,1.04,7.53
Dasycrotapha speciosa,0.64,1.06,7.72
Dasycrotapha pygmaea,0.6,0.94,6.86
Dasycrotapha plateni,0.61,0.94,6.8
Zosterops mouroniensis,0.44,1.06,8.3
Zosterops olivaceus,0.42,1.04,8.37
Zosterops borbonicus,0.41,1.02,8.2
Zosterops chloronothos,0.41,1.02,8.17
Zosterops mauritianus,0.34,0.91,9.07
Zosterops nigrorum,0.44,0.89,7.22
Zosterops montanus,0.48,0.96,7.49
Zosterops atricapilla,0.48,0.96,6.78
Zosterops erythropleurus,0.39,0.97,8.47
Zosterops japonicus,0.42,1.02,8.85
Zosterops meyeni,0.46,0.95,7.69
Zosterops palpebrosus,0.45,0.94,7.63
Zosterops ceylonensis,0.46,1.11,8.58
Zosterops rotensis,0.47,0.98,7.11
Zosterops conspicillatus,0.34,0.91,9.07
Zosterops saypani,0.34,0.91,9.07
Zosterops semperi,0.48,0.99,7.06
Zosterops hypolais,0.47,0.96,7.65
Zosterops salvadorii,0.45,0.89,7
Zosterops everetti,0.45,1.06,8.19
Zosterops abyssinicus,0.48,0.98,6.93
Zosterops flavilateralis,0.34,0.91,9.07
Zosterops senegalensis,0.47,1.06,8.09
Zosterops vaughani,0.52,0.98,7.34
Zosterops pallidus,0.44,1.02,8.74
Zosterops virens,0.34,0.54,9.07
Zosterops modestus,0.56,1.1,8.23
Zosterops maderaspatanus,0.5,1.01,7.22
Zosterops kirki,0.34,0.91,9.07
Zosterops mayottensis,0.46,0.95,7.62
Zosterops semiflavus,0.34,0.91,9.07
Zosterops ficedulinus,0.45,0.91,7.05
Zosterops feae,0.34,0.91,9.07
Zosterops griseovirescens,0.54,1.09,7.22
Zosterops leucophaeus,0.57,1.14,8.36
Zosterops lugubris,0.49,1.12,8.57
Zosterops poliogastrus,0.47,1.06,8.38
Zosterops kaffensis,0.34,0.91,9.07
Zosterops kulalensis,0.34,0.91,9.07
Zosterops kikuyuensis,0.34,0.91,9.07
Zosterops silvanus,0.34,0.91,9.07
Zosterops eurycricotus,0.34,0.91,9.07
Zosterops mbuluensis,0.34,0.91,9.07
Zosterops winifredae,0.34,0.91,9.07
Zosterops brunneus,0.51,1.04,8.16
Zosterops melanocephalus,0.48,0.97,7.59
Zosterops flavus,0.46,0.91,6.45
Zosterops natalis,0.48,1.08,8.47
Zosterops chloris,0.47,0.93,7.34
Zosterops citrinella,0.51,1.01,7.84
Zosterops luteus,0.49,0.99,7.08
Zosterops consobrinorum,0.49,0.98,7.72
Zosterops grayi,0.51,1.04,8.19
Zosterops uropygialis,0.5,1.01,7.99
Zosterops anomalus,0.49,0.98,7.73
Zosterops atriceps,0.5,0.98,7.66
Zosterops somadikartai,0.51,1.05,7.41
Zosterops nehrkorni,0.48,0.95,7.45
Zosterops atrifrons,0.48,0.95,7.39
Zosterops stalkeri,0.48,0.95,7.45
Zosterops chrysolaemus,0.34,0.91,9.07
Zosterops minor,0.34,0.91,9.07
Zosterops meeki,0.46,0.93,7.45
Zosterops hypoxanthus,0.53,1.06,7.96
Zosterops mysorensis,0.48,0.96,6.74
Zosterops fuscicapilla,0.49,0.97,7.63
Zosterops crookshanki,0.34,0.91,9.07
Zosterops buruensis,0.49,0.98,7.71
Zosterops kuehni,0.49,0.98,7.72
Zosterops novaeguineae,0.56,1.1,8.27
Zosterops metcalfii,0.5,1.04,7.44
Zosterops stresemanni,0.47,0.96,7.64
Zosterops hamlini,0.34,0.91,9.07
Zosterops rendovae,0.34,0.91,9.07
Zosterops vellalavella,0.48,0.96,7.61
Zosterops sanctaecrucis,0.49,1.01,8.09
Zosterops gibbsi,0.5,1.05,7.62
Zosterops samoensis,0.47,0.96,7.73
Zosterops superciliosus,0.54,1.19,8.59
Zosterops lacertosus,0.54,1.16,9.22
Zosterops explorator,0.46,0.99,7.24
Zosterops flavifrons,0.46,0.96,7.8
Zosterops minutus,0.46,0.96,7.87
Zosterops xanthochroa,0.45,0.96,7.84
Zosterops finschii,0.48,0.96,7.61
Zosterops ponapensis,0.34,0.91,9.07
Zosterops cinereus,0.34,0.91,9.07
Zosterops oleagineus,0.47,0.96,7.65
Zosterops luteirostris,0.48,0.96,7.62
Zosterops splendidus,0.48,0.96,7.62
Zosterops kulambangrae,0.48,0.96,7.62
Zosterops lateralis,0.48,1.02,8.63
Zosterops albogularis,0.57,1.15,9.42
Zosterops tenuirostris,0.52,1.2,10.1
Zosterops inornatus,0.46,0.96,7.87
Zosterops strenuus,0.34,0.91,9.07
Zosterops rennellianus,0.47,0.99,7.14
Zosterops griseotinctus,0.5,1.12,8.71
Zosterops murphyi,0.48,0.99,7.08
Tephrozosterops stalkeri,0.66,1.05,8.28
Spelaeornis caudatus,0.58,1,7.43
Spelaeornis badeigularis,0.55,0.87,6.68
Spelaeornis troglodytoides,0.55,0.91,6.84
Spelaeornis chocolatinus,0.6,1.05,7.7
Spelaeornis oatesi,0.61,1,7.49
Spelaeornis reptatus,0.6,1,7.53
Spelaeornis kinneari,0.61,1,7.48
Spelaeornis longicaudatus,0.6,1.05,7.69
Pomatorhinus ochraceiceps,0.63,1.2,8.81
Pomatorhinus ferruginosus,0.66,1.29,9.55
Pomatorhinus phayrei,0.59,1.14,9.97
Pomatorhinus superciliaris,0.62,1.15,8.58
Pomatorhinus horsfieldii,0.68,1.36,9.6
Pomatorhinus melanurus,0.71,1.28,9.19
Pomatorhinus schisticeps,0.67,1.3,9.42
Pomatorhinus montanus,0.68,1.3,8.51
Pomatorhinus ruficollis,0.62,1.18,8.84
Pomatorhinus musicus,0.67,1.28,9.22
Erythrogenys hypoleucos,0.74,1.57,11.01
Erythrogenys erythrogenys,0.7,1.42,10.43
Erythrogenys mcclellandi,0.7,1.36,10.18
Erythrogenys gravivox,0.69,1.36,10.3
Erythrogenys swinhoei,0.7,1.36,10.23
Erythrogenys erythrocnemis,0.66,1.33,9.84
Stachyris grammiceps,0.65,1.06,5.16
Stachyris nigricollis,0.69,1.33,6.02
Stachyris maculata,0.66,1.26,5.78
Stachyris nigriceps,0.58,1.03,5.19
Stachyris humei,0.63,1.2,6.26
Stachyris roberti,0.67,1.22,6.23
Stachyris poliocephala,0.65,1.2,5.56
Stachyris leucotis,0.65,1.21,5.61
Stachyris herberti,0.63,1.06,5.29
Stachyris nonggangensis,0.68,1.23,6.23
Stachyris strialata,0.6,1.07,5.32
Stachyris oglei,0.63,1.19,6.21
Stachyris thoracica,0.64,1.16,5.41
Dumetia hyperythra,0.59,1.03,7.44
Rhopocichla atriceps,0.67,1.21,8.2
Timalia pileata,0.58,1.03,7.56
Mixornis gularis,0.58,1.01,5.72
Mixornis bornensis,0.62,1.09,5.64
Mixornis flavicollis,0.59,1.14,4.08
Mixornis prillwitzi,0.59,1.14,4.08
Mixornis kelleyi,0.59,1.06,6.02
Macronus striaticeps,0.62,1.12,6.89
Macronus ptilosus,0.65,1.19,6.99
Cyanoderma chrysaeum,0.54,0.92,6.8
Cyanoderma erythropterum,0.59,1.14,9.97
Cyanoderma bicolor,0.59,1.14,9.97
Cyanoderma melanothorax,0.64,1.16,7.79
Cyanoderma pyrrhops,0.57,0.97,7.29
Cyanoderma ruficeps,0.55,0.95,7.13
Cyanoderma rufifrons,0.59,1.14,9.97
Malacopteron affine,0.67,1.22,5.4
Malacopteron albogulare,0.66,1.06,5.11
Malacopteron cinereum,0.67,1.23,5.54
Malacopteron magnum,0.7,1.34,5.9
Malacopteron palawanense,0.69,1.21,5.93
Malacopteron magnirostre,0.68,1.25,5.53
Gampsorhynchus rufulus,0.66,1.27,9.29
Gampsorhynchus torquatus,0.68,1.24,9.19
Schoeniparus brunneus,0.61,1.09,7.58
Schoeniparus dubius,0.61,1.07,7.32
Schoeniparus rufogularis,0.59,1.03,6.99
Schoeniparus cinereus,0.55,0.96,6.73
Schoeniparus castaneceps,0.56,0.98,6.78
Schoeniparus klossi,0.63,1.01,6.71
Schoeniparus variegaticeps,0.57,0.99,6.99
Laticilla burnesii,0.59,1.14,9.97
Laticilla cinerascens,0.59,1.14,9.97
Illadopsis fulvescens,0.7,1.34,8.48
Illadopsis rufipennis,0.68,1.29,8.15
Illadopsis distans,0.59,1.14,8.3
Illadopsis pyrrhoptera,0.69,1.31,8.32
Illadopsis cleaveri,0.7,1.37,8.72
Illadopsis albipectus,0.7,1.37,8.61
Illadopsis turdina,0.69,1.33,9.8
Illadopsis puveli,0.73,1.5,9.65
Illadopsis rufescens,0.7,1.24,8.84
Pellorneum ruficeps,0.65,1.23,7.51
Pellorneum nigrocapitatum,0.59,1.14,6.08
Pellorneum capistratum,0.59,1.14,6.08
Pellorneum fuscocapillus,0.7,1.36,7.79
Pellorneum palustre,0.63,1.15,7.36
Pellorneum albiventre,0.62,1.14,7.14
Trichastoma cinereiceps,0.69,1.3,8.36
Trichastoma malaccense,0.66,1.23,7.7
Trichastoma bicolor,0.7,1.34,8.3
Trichastoma rostratum,0.67,1.23,7.63
Trichastoma celebense,0.69,1.3,8.1
Trichastoma buettikoferi,0.66,1.07,7.36
Trichastoma pyrrogenys,0.68,1.14,7.81
Trichastoma tickelli,0.61,1.09,7.51
Leonardina woodi,0.66,1.11,8.03
Kenopia striata,0.68,1.26,8.2
Malacocincla abbotti,0.61,1.14,6.28
Malacocincla sepiaria,0.69,1.32,6.75
Malacocincla perspicillata,0.68,1.16,6.19
Turdinus macrodactylus,0.73,1.5,9.8
Turdinus rufipectus,0.71,1.24,8.78
Turdinus atrigularis,0.7,1.24,8.86
Turdinus marmoratus,0.71,1.27,8.98
Turdinus crispifrons,0.59,1.14,9.97
Turdinus calcicola,0.59,1.14,9.97
Turdinus brevicaudatus,0.61,1.12,8.05
Turdinus crassus,0.7,1.33,8.72
Ptilocichla leucogrammica,0.71,1.39,8.97
Ptilocichla mindanensis,0.74,1.47,9.52
Ptilocichla falcata,0.68,1.2,8.69
Napothera epilepidota,0.58,1.03,7.41
Rimator naungmungensis,0.59,1.14,9.97
Rimator danjoui,0.59,1.14,9.97
Rimator malacoptilus,0.59,1.07,8.06
Rimator pasquieri,0.64,1.1,8.22
Rimator albostriatus,0.67,1.1,7.77
Graminicola bengalensis,0.57,1.01,7.6
Graminicola striatus,0.59,1.14,9.97
Alcippe brunneicauda,0.63,0.99,6.08
Alcippe grotei,0.63,1.09,6.28
Alcippe poioicephala,0.68,1.22,7.07
Alcippe nipalensis,0.57,1.08,7.52
Alcippe morrisonia,0.64,1.11,6.63
Alcippe peracensis,0.67,1.18,6.53
Alcippe pyrrhoptera,0.67,1.16,6.33
Grammatoptila striata,0.76,1.7,12.16
Cutia nipalensis,0.69,1.3,9.75
Cutia legalleni,0.7,1.3,9.52
Argya malcolmi,0.74,2.91,11.46
Argya subrufa,0.71,2.73,10.52
Argya earlei,0.71,2.65,10.64
Argya caudata,0.71,2.51,11.17
Argya altirostris,0.69,2.47,10.17
Argya squamiceps,0.78,2.99,13.36
Argya fulva,0.7,2.53,11.39
Argya rubiginosa,0.74,2.78,9.94
Argya aylmeri,0.75,2.81,9.88
Acanthoptila nipalensis,0.69,1.4,10.38
Chatarrhaea longirostris,0.63,1.2,9
Chatarrhaea gularis,0.65,1.27,9.27
Kupeornis gilberti,0.72,1.33,9.51
Kupeornis rufocinctus,0.72,1.3,9.22
Kupeornis chapini,0.72,1.32,9.3
Phyllanthus atripennis,0.76,1.68,11.12
Phyllanthus rubiginosus,0.59,1.14,9.97
Phyllanthus bohndorffi,0.59,1.14,9.97
Turdoides striata,0.64,1.24,11.95
Turdoides somervillei,0.59,1.14,12.94
Turdoides rufescens,0.73,1.52,11.63
Turdoides affinis,0.7,1.38,12.41
Turdoides sharpei,0.7,1.47,11.34
Turdoides melanops,0.71,1.43,13.09
Turdoides tenebrosa,0.74,1.58,11.95
Turdoides reinwardtii,0.75,1.56,13.43
Turdoides leucocephala,0.68,1.32,11.5
Turdoides plebejus,0.71,1.46,11.42
Turdoides jardineii,0.7,1.47,11.75
Turdoides squamulata,0.7,1.31,12.2
Turdoides leucopygia,0.71,1.45,12.83
Turdoides hartlaubii,0.71,1.5,12.02
Turdoides hindei,0.74,1.51,12.6
Turdoides hypoleuca,0.72,1.48,12.59
Turdoides bicolor,0.7,1.47,12.19
Turdoides gymnogenys,0.75,1.64,12.94
Garrulax canorus,0.69,1.4,8.84
Garrulax taewanus,0.71,1.38,8.49
Garrulax merulinus,0.74,1.59,9.6
Garrulax annamensis,0.73,1.44,8.6
Garrulax cinereifrons,0.71,1.49,8.58
Garrulax rufifrons,0.74,1.4,9.14
Garrulax monileger,0.67,1.35,9.5
Garrulax leucolophus,0.71,1.54,9.58
Garrulax bicolor,0.77,1.57,9.1
Garrulax palliatus,0.74,1.44,8.39
Garrulax milleti,0.73,1.44,8.64
Garrulax maesi,0.72,1.44,8.9
Garrulax castanotis,0.72,1.44,8.75
Garrulax lunulatus,0.71,1.44,9.03
Garrulax bieti,0.71,1.4,9.63
Garrulax maximus,0.71,1.44,9.03
Garrulax ocellatus,0.78,1.74,11.87
Garrulax strepitans,0.72,1.44,8.75
Garrulax ferrarius,0.73,1.44,8.6
Garrulax sukatschewi,0.65,1.3,9.51
Garrulax cineraceus,0.71,1.45,8.82
Garrulax cinereiceps,0.59,1.14,8
Garrulax rufogularis,0.71,1.46,9.13
Garrulax konkakinhensis,0.73,1.43,8.63
Garrulax sannio,0.69,1.43,8.94
Garrulax perspicillatus,0.72,1.59,10.01
Garrulax davidi,0.64,1.29,8.63
Garrulax nuchalis,0.72,1.52,9.44
Garrulax chinensis,0.68,1.41,8.75
Garrulax monachus,0.59,1.14,8
Garrulax vassali,0.73,1.44,8.64
Garrulax mitratus,0.74,1.57,8.65
Garrulax treacheri,0.59,1.14,8
Garrulax pectoralis,0.72,1.59,10.06
Garrulax woodi,0.59,1.14,8
Garrulax lanceolatus,0.59,1.14,8
Garrulax waddelli,0.7,1.35,9.43
Garrulax koslowi,0.66,1.22,8.52
Garrulax albogularis,0.73,1.59,9.98
Garrulax ruficeps,0.73,1.5,9.23
Garrulax caerulatus,0.73,1.52,10.55
Garrulax berthemyi,0.62,1.26,9.72
Garrulax poecilorhynchus,0.62,1.26,9.62
Garrulax ruficollis,0.69,1.42,8.88
Garrulax galbanus,0.7,1.43,8.79
Garrulax courtoisi,0.67,1.35,8.42
Garrulax delesserti,0.73,1.57,9.23
Garrulax gularis,0.73,1.57,9.7
Garrulax lugubris,0.76,1.65,9.12
Garrulax calvus,0.74,1.44,8.43
Trochalopteron subunicolor,0.66,1.42,6.96
Trochalopteron austeni,0.69,1.36,7.41
Trochalopteron squamatum,0.75,1.58,8.39
Trochalopteron lineatum,0.68,1.34,6.69
Trochalopteron imbricatum,0.68,1.27,6.23
Trochalopteron fairbanki,0.59,1.14,4.25
Trochalopteron meridionale,0.59,1.14,4.25
Trochalopteron jerdoni,0.59,1.14,4.25
Trochalopteron cachinnans,0.59,1.14,4.25
Trochalopteron virgatum,0.71,1.44,6.86
Trochalopteron variegatum,0.67,1.48,8.43
Trochalopteron affine,0.67,1.57,8.71
Trochalopteron morrisonianum,0.71,1.38,7.43
Trochalopteron elliotii,0.67,1.29,6.45
Trochalopteron henrici,0.7,1.6,8.91
Trochalopteron milnei,0.74,1.59,7.54
Trochalopteron formosum,0.71,1.44,7.07
Trochalopteron erythrocephalum,0.73,1.56,7.55
Trochalopteron chrysopterum,0.71,1.41,6.9
Trochalopteron melanostigma,0.72,1.41,6.81
Trochalopteron ngoclinhense,0.73,1.43,6.81
Trochalopteron peninsulae,0.74,1.41,6.55
Trochalopteron yersini,0.73,1.44,6.79
Heterophasia auricularis,0.68,1.24,8.31
Heterophasia picaoides,0.61,1.14,7.61
Heterophasia pulchella,0.73,1.56,8.82
Heterophasia capistrata,0.69,1.31,8.71
Heterophasia melanoleuca,0.7,1.31,8.32
Heterophasia desgodinsi,0.66,1.2,7.32
Heterophasia gracilis,0.7,1.37,7.98
Leiothrix argentauris,0.73,1.2,9.07
Leiothrix laurinae,0.79,1.14,10.29
Leiothrix lutea,0.69,1.14,8.79
Leioptila annectens,0.67,1.26,7.51
Minla ignotincta,0.62,1.09,7.98
Liocichla phoenicea,0.7,1.36,11.08
Liocichla ripponi,0.59,1.14,9.97
Liocichla bugunorum,0.67,1.23,10.26
Liocichla omeiensis,0.67,1.26,10.49
Liocichla steerii,0.67,1.27,9.21
Sibia nipalensis,0.72,1.47,10.53
Sibia waldeni,0.73,1.46,11.56
Sibia souliei,0.68,1.26,9.48
Sibia morrisoniana,0.65,1.14,8.58
Siva cyanouroptera,0.58,1.07,8.69
Chrysominla strigula,0.63,1.16,8.42
Actinodura egertoni,0.65,1.26,9.29
Actinodura ramsayi,0.72,1.43,9.92
Actinodura radcliffei,0.59,1.14,9.97
Actinodura sodangorum,0.69,1.25,9.17
Laniellus langbianis,0.7,1.29,9.38
Laniellus albonotatus,0.73,1.48,9.77
Certhia tianquanensis,0.48,1,6.39
Certhia nipalensis,0.5,1.05,6.6
Certhia discolor,0.49,1.13,6.48
Certhia manipurensis,0.5,1.03,6.43
Certhia himalayana,0.44,1.01,6.06
Certhia brachydactyla,0.42,0.92,5.93
Certhia americana,0.41,0.96,6.1
Certhia hodgsoni,0.51,1,6.37
Certhia familiaris,0.49,1.05,6.72
Sitta europaea,0.53,0.94,8.38
Sitta arctica,0.56,1,9.02
Sitta nagaensis,0.68,1.21,8.77
Sitta cashmirensis,0.59,1.05,8.32
Sitta castanea,0.63,1.14,8.5
Sitta cinnamoventris,0.56,1,9.02
Sitta neglecta,0.56,1,9.02
Sitta himalayensis,0.59,1.03,7.9
Sitta victoriae,0.64,1.14,8.34
Sitta pygmaea,0.48,0.83,6.97
Sitta pusilla,0.59,1,7.75
Sitta insularis,0.56,1,9.02
Sitta whiteheadi,0.56,0.97,8.81
Sitta ledanti,0.71,1.27,10.59
Sitta krueperi,0.57,0.94,8.58
Sitta yunnanensis,0.55,0.93,7.42
Sitta canadensis,0.55,0.94,8.75
Sitta villosa,0.57,0.93,8.32
Sitta leucopsis,0.53,0.92,7.51
Sitta przewalskii,0.56,1,9.02
Sitta carolinensis,0.56,0.97,9.08
Sitta neumayer,0.55,1.01,9.38
Sitta tephronota,0.6,1.18,9.45
Sitta frontalis,0.64,1.14,8.17
Sitta solangiae,0.62,1.01,7.82
Sitta oenochlamys,0.63,1.03,7.87
Sitta azurea,0.68,1.23,8.18
Sitta magna,0.75,1.54,10.9
Sitta formosa,0.59,1.1,8.22
Tichodroma muraria,0.53,1,8
Salpornis salvadori,0.59,1.14,9.97
Salpornis spilonota,0.59,1.14,9.97
Microbates collaris,0.46,0.97,6.88
Microbates cinereiventris,0.51,1.14,7.37
Ramphocaenus melanurus,0.63,1.09,7.14
Polioptila caerulea,0.49,0.96,6.37
Polioptila lembeyei,0.47,0.86,5.59
Polioptila californica,0.48,0.89,5.92
Polioptila melanura,0.47,0.87,5.81
Polioptila nigriceps,0.5,0.92,6
Polioptila albiloris,0.55,1.01,6.2
Polioptila plumbea,0.55,1.01,5.82
Polioptila maior,0.46,0.94,6.1
Polioptila lactea,0.51,0.95,6.15
Polioptila guianensis,0.54,0.93,5.69
Polioptila schistaceigula,0.54,0.93,5.75
Polioptila dumicola,0.53,0.96,6.17
Salpinctes obsoletus,0.5,0.99,7.68
Microcerculus philomela,0.64,1.08,7.92
Microcerculus marginatus,0.65,1.19,7.93
Microcerculus ustulatus,0.67,1.11,7.96
Microcerculus bambla,0.71,1.35,8.55
Catherpes mexicanus,0.47,0.95,5.91
Hylorchilus sumichrasti,0.66,1.25,8.84
Hylorchilus navai,0.67,1.19,8.76
Odontorchilus branickii,0.62,0.96,6.9
Odontorchilus cinereus,0.62,0.98,7.14
Ferminia cerverai,0.69,1.33,9.31
Troglodytes pacificus,0.38,1,7.42
Troglodytes hiemalis,0.36,1,6.5
Troglodytes troglodytes,0.33,1,6.75
Troglodytes tanneri,0.48,0.98,8.06
Troglodytes aedon,0.41,0.94,7.06
Troglodytes beani,0.36,1,7.42
Troglodytes cobbi,0.59,1.28,10.76
Troglodytes rufociliatus,0.57,1.17,8.47
Troglodytes ochraceus,0.61,1.25,8.63
Troglodytes solstitialis,0.62,1.3,8.84
Troglodytes monticola,0.49,0.98,7.9
Troglodytes rufulus,0.53,1.07,8.5
Troglodytes sissonii,0.46,0.93,7.68
Thryorchilus browni,0.66,1.17,7.86
Cistothorus stellaris,0.38,1,9.97
Cistothorus platensis,0.38,1,9.97
Cistothorus meridae,0.51,0.94,6.96
Cistothorus apolinari,0.51,1.01,7.71
Cistothorus palustris,0.47,0.99,8.04
Thryothorus ludovicianus,0.49,1.01,8.53
Thryothorus albinucha,0.4,1,9.25
Thryomanes bewickii,0.44,0.95,7.21
Campylorhynchus nuchalis,0.52,1.3,6.64
Campylorhynchus fasciatus,0.56,1.42,7.06
Campylorhynchus zonatus,0.54,1.41,7.29
Campylorhynchus megalopterus,0.56,1.41,7.45
Campylorhynchus albobrunneus,0.57,1.41,7.2
Campylorhynchus turdinus,0.57,1.41,7.26
Campylorhynchus gularis,0.53,1.37,7.35
Campylorhynchus humilis,0.44,1.5,6.33
Campylorhynchus rufinucha,0.44,1.5,6.33
Campylorhynchus capistratus,0.44,1.5,6.33
Campylorhynchus griseus,0.56,1.46,7.43
Campylorhynchus chiapensis,0.61,1.64,8.36
Campylorhynchus brunneicapillus,0.55,1.44,7.93
Campylorhynchus yucatanicus,0.56,1.43,7.59
Campylorhynchus jocosus,0.55,1.4,7.29
Pheugopedius fasciatoventris,0.57,1.14,8.24
Pheugopedius euophrys,0.45,1.14,9.97
Pheugopedius schulenbergi,0.45,1.14,9.97
Pheugopedius eisenmanni,0.56,1.13,8.29
Pheugopedius mystacalis,0.59,1.19,8.47
Pheugopedius coraya,0.6,1.22,7.91
Pheugopedius genibarbis,0.55,1.09,7.94
Pheugopedius atrogularis,0.57,1.14,8.32
Pheugopedius spadix,0.6,1.25,8.23
Pheugopedius felix,0.44,0.91,6.9
Pheugopedius columbianus,0.45,1.14,9.97
Pheugopedius paucimaculatus,0.45,1.14,9.97
Pheugopedius sclateri,0.45,1.14,9.97
Pheugopedius rutilus,0.55,1.12,7.68
Pheugopedius maculipectus,0.52,1.06,7.6
Thryophilus pleurostictus,0.61,1.09,7.77
Thryophilus rufalbus,0.62,1.22,8.31
Thryophilus sernai,0.59,1.14,9.97
Thryophilus nicefori,0.66,1.09,7.86
Thryophilus sinaloa,0.53,0.94,7.15
Cinnycerthia unirufa,0.69,1.19,8.45
Cinnycerthia olivascens,0.68,1.15,8.14
Cinnycerthia peruana,0.66,1.1,7.95
Cinnycerthia fulva,0.64,1.06,7.81
Cantorchilus leucopogon,0.66,1.09,7.83
Cantorchilus thoracicus,0.65,1.18,8.09
Cantorchilus superciliaris,0.67,1.24,8.25
Cantorchilus leucotis,0.66,1.2,8.02
Cantorchilus longirostris,0.66,1.12,8.16
Cantorchilus guarayanus,0.62,1.02,7.54
Cantorchilus semibadius,0.67,1.22,8.15
Cantorchilus nigricapillus,0.65,1.21,8.17
Cantorchilus modestus,0.59,1.14,9.97
Cantorchilus zeledoni,0.59,1.14,9.97
Cantorchilus griseus,0.66,1.09,7.87
Uropsila leucogastra,0.54,0.92,6.74
Henicorhina leucosticta,0.66,1.18,7.73
Henicorhina leucoptera,0.64,1.02,7.35
Henicorhina leucophrys,0.67,1.21,7.94
Henicorhina anachoreta,0.59,1.14,9.97
Henicorhina negreti,0.65,1.06,7.57
Cyphorhinus dichrous,0.56,1.14,9.97
Cyphorhinus thoracicus,0.56,1.14,9.97
Cyphorhinus phaeocephalus,0.6,1.26,8.46
Cyphorhinus arada,0.61,1.27,8.31
Cinclus cinclus,0.53,1.02,9.61
Cinclus pallasii,0.57,1.06,9.76
Cinclus mexicanus,0.6,1.08,10.22
Cinclus leucocephalus,0.65,1.16,8.79
Cinclus schulzii,0.61,1.12,9.14
Buphagus erythrorynchus,0.68,1.35,9.16
Buphagus africanus,0.72,1.5,9.97
Sturnus vulgaris,0.66,1.18,13.34
Sturnus unicolor,0.73,1.33,13.36
Creatophora cinerea,0.7,1.45,10.17
Pastor roseus,0.63,1.09,10.82
Agropsar sturninus,0.58,1.19,9.78
Agropsar philippensis,0.49,1.08,10.03
Gracupica contra,0.59,1.14,6.42
Gracupica jalla,0.59,1.14,6.42
Gracupica nigricollis,0.72,1.62,11.78
Sturnornis albofrontatus,0.72,1.68,12.67
Leucopsar rothschildi,0.69,1.58,16.38
Fregilupus varius,0.59,1.14,9.97
Necropsar rodericanus,0.59,1.14,9.97
Sturnia sinensis,0.64,1.34,7.85
Sturnia pagodarum,0.63,1.26,8.19
Sturnia malabarica,0.65,1.21,7.8
Sturnia erythropygia,0.64,1.43,9.15
Spodiopsar sericeus,0.66,1.57,12.83
Spodiopsar cineraceus,0.68,1.48,11.71
Acridotheres tristis,0.69,1.13,10.21
Acridotheres ginginianus,0.6,0.91,8.55
Acridotheres burmannicus,0.66,1,9.79
Acridotheres leucocephalus,0.66,1,9.79
Acridotheres melanopterus,0.66,1,9.79
Acridotheres tricolor,0.66,1,9.79
Acridotheres tertius,0.66,1,9.79
Acridotheres fuscus,0.65,1.01,9.12
Acridotheres cinereus,0.71,1.07,8.28
Acridotheres javanicus,0.66,1,9.79
Acridotheres albocinctus,0.68,1.08,9.65
Acridotheres grandis,0.66,1,9.79
Acridotheres cristatellus,0.63,1,9.42
Onychognathus tenuirostris,0.7,1.67,12.78
Onychognathus nabouroup,0.67,1.56,13.15
Onychognathus neumanni,0.59,1.14,9.97
Onychognathus morio,0.59,1.14,9.97
Onychognathus fulgidus,0.64,1.31,11.91
Onychognathus walleri,0.77,1.67,12.02
Onychognathus albirostris,0.73,1.79,13.9
Onychognathus tristramii,0.7,1.68,13.67
Onychognathus salvadorii,0.75,1.79,13.78
Onychognathus frater,0.72,1.63,12.85
Onychognathus blythii,0.68,1.4,11.11
Saroglossa spilopterus,0.6,1.34,11.49
Neocichla gutturalis,0.75,1.6,10.64
Grafisia torquata,0.7,1.5,11.62
Speculipastor bicolor,0.62,1.37,10.78
Pholia sharpii,0.64,1.35,10.26
Poeoptera stuhlmanni,0.68,1.36,10.43
Poeoptera kenricki,0.68,1.41,10.92
Poeoptera lugubris,0.63,1.34,10.2
Poeoptera femoralis,0.71,1.26,9.86
Lamprotornis hildebrandti,0.68,1.37,13.31
Lamprotornis shelleyi,0.6,1.22,12.31
Lamprotornis australis,0.74,1.57,17.98
Lamprotornis caudatus,0.68,1.61,18.52
Lamprotornis purpuroptera,0.68,1.6,15.82
Lamprotornis benguelensis,0.59,1.14,17.2
Lamprotornis violacior,0.59,1.14,17.2
Lamprotornis mevesii,0.59,1.14,17.2
Lamprotornis unicolor,0.7,1.45,14.03
Lamprotornis ornatus,0.75,1.72,18.68
Lamprotornis splendidus,0.72,1.82,19.23
Lamprotornis regius,0.66,1.31,12.92
Lamprotornis superbus,0.63,1.43,14.39
Lamprotornis pulcher,0.67,1.37,14.06
Lamprotornis bicolor,0.71,1.46,17.75
Lamprotornis albicapillus,0.63,1.23,14.16
Lamprotornis fischeri,0.63,1.25,12.3
Lamprotornis acuticaudus,0.67,1.49,17.04
Lamprotornis chloropterus,0.67,1.52,16.75
Lamprotornis purpureus,0.7,1.65,18.59
Lamprotornis chalcurus,0.68,1.33,14.86
Lamprotornis nitens,0.75,1.58,17.97
Lamprotornis chalybaeus,0.7,1.41,15.28
Lamprotornis iris,0.67,1.5,16.82
Hartlaubius auratus,0.66,1.37,11
Cinnyricinclus leucogaster,0.61,1.37,10.44
Hylopsar purpureiceps,0.66,1.47,11.16
Hylopsar cupreocauda,0.66,1.45,11.23
Notopholia corusca,0.66,1.44,11.54
Rhabdornis mystacalis,0.67,1.13,9.07
Rhabdornis grandis,0.67,1.18,9.6
Rhabdornis rabori,0.59,1.14,9.97
Rhabdornis inornatus,0.59,1.14,9.97
Basilornis celebensis,0.73,1.61,12.34
Basilornis galeatus,0.69,1.57,12.53
Basilornis corythaix,0.74,1.71,13.11
Goodfellowia miranda,0.75,1.49,11.83
Streptocitta torquata,0.59,1.14,9.97
Streptocitta albicollis,0.59,1.14,9.97
Streptocitta albertinae,0.78,1.94,14.85
Sarcops calvus,0.76,1.57,8.49
Mino dumontii,0.79,2.11,15.62
Mino kreffti,0.59,1.14,9.97
Mino anais,0.75,1.89,14.15
Gracula ptilogenys,0.76,1.98,14.95
Gracula indica,0.59,1.14,9.97
Gracula religiosa,0.59,1.14,9.97
Gracula venerata,0.59,1.14,9.97
Gracula robusta,0.59,1.14,9.97
Ampeliceps coronatus,0.64,1.46,12.03
Enodes erythrophris,0.77,1.54,12.02
Scissirostrum dubium,0.75,1.56,11.26
Aplonis metallica,0.68,1.5,9.63
Aplonis mystacea,0.71,1.52,9.43
Aplonis cantoroides,0.73,1.45,9.03
Aplonis crassa,0.7,1.47,9.2
Aplonis feadensis,0.71,1.53,9.44
Aplonis insularis,0.67,1.5,9.94
Aplonis magna,0.71,1.52,9.31
Aplonis brunneicapillus,0.7,1.51,9.42
Aplonis grandis,0.74,1.73,10.76
Aplonis dichroa,0.71,1.58,9.91
Aplonis zelandica,0.69,1.52,9.66
Aplonis striata,0.67,1.45,9.38
Aplonis santovestris,0.72,1.36,8.84
Aplonis panayensis,0.64,1.39,9.01
Aplonis mysolensis,0.71,1.52,9.32
Aplonis minor,0.68,1.38,8.6
Aplonis opaca,0.75,1.57,9.94
Aplonis pelzelni,0.68,1.41,8.8
Aplonis tabuensis,0.68,1.53,10.19
Aplonis atrifusca,0.74,1.76,11.1
Aplonis corvina,0.59,1.14,7
Aplonis cinerascens,0.7,1.57,10.16
Aplonis ulietensis,0.59,1.14,7
Aplonis mavornata,0.59,1.14,7
Aplonis fusca,0.59,1.14,7
Melanotis caerulescens,0.74,1.57,10.94
Melanotis hypoleucus,0.73,1.54,10.62
Melanoptila glabrirostris,0.71,1.41,9.77
Dumetella carolinensis,0.58,1.07,12.62
Ramphocinclus brachyurus,0.73,1.51,10.26
Allenia fusca,0.69,1.55,12.26
Margarops fuscatus,0.74,1.67,12.14
Cinclocerthia ruficauda,0.72,1.48,10.21
Cinclocerthia gutturalis,0.73,1.55,10.63
Mimus thenca,0.58,1.18,15.19
Mimus patagonicus,0.49,1.12,13.98
Mimus saturninus,0.56,1.2,13.01
Mimus triurus,0.49,1.09,12.28
Mimus dorsalis,0.55,1.12,13.34
Mimus longicaudatus,0.58,1.12,14.25
Mimus polyglottos,0.53,1.07,14.05
Mimus gilvus,0.57,1.2,12.16
Mimus graysoni,0.6,1.23,14.61
Mimus gundlachii,0.64,1.33,15.76
Mimus trifasciatus,0.58,1.11,13.85
Mimus parvulus,0.56,1.14,12.77
Mimus macdonaldi,0.59,1.13,14.15
Mimus melanotis,0.53,1.1,11.25
Oreoscoptes montanus,0.6,1.06,9.77
Toxostoma curvirostre,0.67,0.85,8.62
Toxostoma ocellatum,0.74,1.02,8.54
Toxostoma rufum,0.63,0.82,8.81
Toxostoma longirostre,0.65,0.84,7.56
Toxostoma guttatum,0.67,0.82,7.32
Toxostoma bendirei,0.65,0.84,8.61
Toxostoma cinereum,0.7,0.91,8
Toxostoma redivivum,0.69,0.89,9.21
Toxostoma crissale,0.71,0.93,8.18
Toxostoma lecontei,0.67,0.85,7.87
Sialia mexicana,0.44,0.99,8.82
Sialia sialis,0.47,1.04,9.22
Sialia currucoides,0.43,0.97,9.28
Grandala coelicolor,0.73,1.45,11.77
Neocossyphus rufus,0.75,1.59,10.24
Neocossyphus poensis,0.72,1.33,9.36
Stizorhina fraseri,0.73,1.47,9.4
Stizorhina finschi,0.59,1.14,9.97
Myadestes townsendi,0.58,1.22,10.99
Myadestes myadestinus,0.66,1.14,9.97
Myadestes woahensis,0.66,1.14,9.97
Myadestes lanaiensis,0.66,1.33,9.97
Myadestes obscurus,0.72,1.54,11.76
Myadestes palmeri,0.63,1.45,11.67
Myadestes elisabeth,0.62,1.24,9.89
Myadestes genibarbis,0.57,1.11,9.46
Myadestes occidentalis,0.65,1.36,9.61
Myadestes unicolor,0.61,1.35,10.79
Myadestes melanops,0.62,1.3,9.83
Myadestes coloratus,0.63,1.28,10.05
Myadestes ralloides,0.66,1.33,9.68
Geomalia heinrichi,0.74,1.42,10.03
Zoothera dixoni,0.7,1.57,6.54
Zoothera mollissima,0.67,1.48,6.35
Zoothera griseiceps,0.59,1,4.78
Zoothera salimalii,0.59,1,4.78
Zoothera marginata,0.7,1.48,6.1
Zoothera monticola,0.72,1.67,6.96
Zoothera everetti,0.74,1.45,5.92
Zoothera andromedae,0.75,1.63,6.06
Zoothera aurea,0.59,1,4.78
Zoothera major,0.59,1,4.78
Zoothera dauma,0.59,1,4.78
Zoothera machiki,0.74,1.45,5.95
Zoothera turipavae,0.73,1.39,5.74
Zoothera margaretae,0.72,1.39,5.75
Zoothera lunulata,0.78,1.82,7.59
Zoothera heinei,0.76,1.67,6.59
Zoothera talaseae,0.76,1.66,6.23
Zoothera atrigena,0.59,1,4.78
Zoothera terrestris,0.59,1,4.78
Ixoreus naevius,0.56,1.14,9.78
Entomodestes coracinus,0.71,1.54,10
Entomodestes leucotis,0.69,1.49,11.72
Cichlopsis chubbi,0.59,1.14,9.97
Cichlopsis peruviana,0.59,1.14,9.97
Cichlopsis gularis,0.59,1.14,9.97
Cichlopsis leucogenys,0.59,1.14,9.97
Ridgwayia pinicola,0.76,1.69,11.78
Hylocichla mustelina,0.56,1.09,10.33
Catharus swainsoni,0.57,1,12.08
Catharus ustulatus,0.6,1,11
Catharus fuscescens,0.58,1.01,9.84
Catharus minimus,0.57,1.03,9.5
Catharus bicknelli,0.56,1.01,8.77
Catharus guttatus,0.57,1.02,9.04
Catharus occidentalis,0.64,1.05,9.09
Catharus frantzii,0.66,1.14,8.51
Catharus gracilirostris,0.65,1.05,8.51
Catharus aurantiirostris,0.64,1.12,9.38
Catharus mexicanus,0.65,1.15,9.54
Catharus dryas,0.65,1.02,8.29
Catharus fuscater,0.67,1.17,8.35
Chlamydochaera jefferyi,0.7,1.48,11.36
Cochoa purpurea,0.74,1.58,12.69
Cochoa viridis,0.75,1.63,12.88
Cochoa azurea,0.78,1.73,12.73
Cochoa beccarii,0.74,1.67,12.74
Geokichla sibirica,0.63,1.35,8.31
Geokichla wardii,0.66,1.39,7.47
Geokichla guttata,0.7,1.46,8.2
Geokichla spiloptera,0.74,1.52,8.2
Geokichla citrina,0.66,1.33,7.79
Geokichla cinerea,0.71,1.34,7.58
Geokichla erythronota,0.73,1.35,6.66
Geokichla mendeni,0.73,1.35,6.65
Geokichla schistacea,0.74,1.45,7.25
Geokichla peronii,0.74,1.45,7.27
Geokichla dohertyi,0.74,1.45,7.27
Geokichla interpres,0.74,1.6,7.54
Geokichla leucolaema,0.74,1.45,7.21
Geokichla dumasi,0.72,1.31,6.52
Geokichla joiceyi,0.72,1.31,6.51
Geokichla gurneyi,0.7,1.49,7.43
Geokichla oberlaenderi,0.71,1.28,6.32
Geokichla crossleyi,0.7,1.36,7.01
Geokichla piaggiae,0.74,1.49,7.77
Geokichla camaronensis,0.71,1.28,6.35
Geokichla princei,0.75,1.59,7.54
Otocichla mupinensis,0.71,1.43,11.85
Psophocichla simensis,0.59,1.14,9.97
Psophocichla litsitsirupa,0.59,1.14,9.97
Turdus viscivorus,0.69,1.1,15.33
Turdus philomelos,0.65,0.99,13.98
Turdus abyssinicus,0.52,1,14.26
Turdus helleri,0.73,1.14,11.37
Turdus roehli,0.7,1,14.26
Turdus iliacus,0.6,0.9,13.29
Turdus plebejus,0.75,1.17,13.54
Turdus merula,0.68,1.07,14.78
Turdus leucomelas,0.71,1.14,11.65
Turdus fumigatus,0.74,1.14,12.66
Turdus hauxwelli,0.76,0.96,12.2
Turdus flavipes,0.7,1.06,13.37
Turdus lawrencii,0.76,0.97,12.25
Turdus obsoletus,0.74,1.13,12.73
Turdus assimilis,0.73,1.14,12.05
Turdus albicollis,0.72,1.08,11.03
Turdus rufiventris,0.74,1.12,13.27
Turdus maculirostris,0.77,0.96,12.02
Turdus grayi,0.7,1.18,14.18
Turdus haplochrous,0.76,1,12.91
Turdus sanchezorum,0.7,1,14.26
Turdus nudigenis,0.73,1.1,12.33
Turdus mandarinus,0.7,1,14.26
Turdus ludoviciae,0.68,1.12,13.23
Turdus tephronotus,0.71,1.06,10.54
Turdus bewsheri,0.75,1.14,12.98
Turdus libonyana,0.73,1.09,12.69
Turdus menachensis,0.75,1.2,12.54
Turdus olivaceus,0.52,1,5.8
Turdus smithi,0.7,1,14.26
Turdus lherminieri,0.76,1.21,14.13
Turdus leucops,0.74,1.05,12.87
Turdus jamaicensis,0.73,1.08,12.78
Turdus swalesi,0.74,1.13,13.41
Turdus infuscatus,0.75,0.97,12.59
Turdus nigrescens,0.77,1.24,13.94
Turdus migratorius,0.68,1.06,14.49
Turdus confinis,0.7,1,14.26
Turdus rufitorques,0.74,1.12,13.13
Turdus rufopalliatus,0.75,1,11.9
Turdus falcklandii,0.73,1.18,15.38
Turdus reevei,0.76,0.94,11.78
Turdus fulviventris,0.72,1.07,13.21
Turdus olivater,0.75,1.17,13.15
Turdus chiguanco,0.71,0.98,13.11
Turdus anthracinus,0.7,1,14.26
Turdus fuscater,0.79,1.34,14.7
Turdus nigriceps,0.65,1.05,13.01
Turdus subalaris,0.7,1,14.26
Turdus serranus,0.7,1.24,14.16
Turdus eremita,0.75,1.2,13.65
Turdus amaurochalinus,0.63,1.06,13.46
Turdus ignobilis,0.75,1.14,12.7
Turdus debilis,0.7,1,14.26
Turdus arthuri,0.7,1,14.26
Turdus maranonicus,0.76,0.96,12.2
Turdus xanthorhynchus,0.7,1,14.26
Turdus olivaceofuscus,0.76,1.24,12.08
Turdus aurantius,0.73,1.11,13.25
Turdus ravidus,0.7,1,14.26
Turdus plumbeus,0.69,1.01,12.71
Turdus rubripes,0.7,1,14.26
Turdus ardosiaceus,0.7,1,14.58
Turdus pelios,0.74,1.1,12.35
Turdus niveiceps,0.7,1,14.26
Turdus boulboul,0.69,1.13,12.5
Turdus simillimus,0.7,1,14.26
Turdus cardis,0.65,0.96,12.54
Turdus hortulorum,0.62,0.97,12.18
Turdus dissimilis,0.68,1.05,12.97
Turdus unicolor,0.67,1.02,12.97
Turdus obscurus,0.55,0.93,13.95
Turdus feae,0.64,0.96,12.88
Turdus celaenops,0.71,1.07,13.65
Turdus chrysolaus,0.66,1.04,12.4
Turdus pallidus,0.63,0.98,12.09
Turdus poliocephalus,0.7,1,14.26
Turdus kessleri,0.71,0.98,13.29
Turdus maximus,0.7,1,14.26
Turdus pilaris,0.61,0.98,13.02
Turdus albocinctus,0.7,1.11,13.96
Turdus rubrocanus,0.71,1.14,14.29
Turdus torquatus,0.66,1.04,14.72
Turdus naumanni,0.65,1.02,13.12
Turdus eunomus,0.7,1,14.26
Turdus atrogularis,0.7,1,14.26
Turdus ruficollis,0.7,1,14.26
Cataponera turdoides,0.75,1.43,11.22
Alethe diademata,0.71,1.38,9.12
Alethe castanea,0.59,1.14,9.97
Tychaedon coryphoeus,0.64,1.17,8.65
Tychaedon signata,0.7,1.38,9.97
Tychaedon leucosticta,0.68,1.16,8.21
Tychaedon quadrivirgata,0.67,1.28,8.84
Tychaedon barbata,0.67,1.25,8.53
Cercotrichas paena,0.63,1.07,7.77
Cercotrichas galactotes,0.58,1.04,7.78
Cercotrichas podobe,0.64,1.11,7.86
Cercotrichas hartlaubi,0.65,1.11,7.34
Cercotrichas leucophrys,0.62,1.03,7.15
Copsychus mindanensis,0.59,1.14,8
Copsychus pica,0.59,1.14,8
Copsychus albospecularis,0.59,1.14,8
Copsychus sechellarum,0.79,1.71,12.16
Copsychus saularis,0.59,1.14,8
Saxicoloides fulicatus,0.63,1.06,6.47
Trichixos pyrropygus,0.71,1.27,8.95
Kittacincla luzoniensis,0.59,1.14,6.42
Kittacincla superciliaris,0.59,1.14,6.42
Kittacincla malabarica,0.59,1.14,6.42
Kittacincla albiventris,0.59,1.14,6.42
Kittacincla nigra,0.68,1.18,8.56
Kittacincla cebuensis,0.7,1.39,9.45
Muscicapa griseisticta,0.51,0.98,8.37
Muscicapa sibirica,0.52,0.98,8.23
Muscicapa ferruginea,0.56,1.04,7.89
Muscicapa muttui,0.47,0.89,7.01
Muscicapa dauurica,0.53,0.96,7.98
Muscicapa randi,0.62,1.06,8.2
Muscicapa segregata,0.63,1.05,8.02
Muscicapa epulata,0.6,1.04,7.08
Muscicapa adusta,0.58,1.01,7.18
Muscicapa sethsmithi,0.6,1.03,6.93
Muscicapa gambagae,0.62,1.1,7.67
Muscicapa striata,0.54,1.02,8.65
Muscicapa aquatica,0.59,1.03,7.23
Muscicapa cassini,0.64,1.17,7.84
Bradornis boehmi,0.6,1.09,7.75
Bradornis fuliginosus,0.65,1.18,7.76
Bradornis ussheri,0.65,1.08,7.78
Bradornis comitatus,0.68,1.22,7.84
Bradornis microrhynchus,0.66,1.21,7.96
Bradornis mariquensis,0.65,1.22,8.77
Agricola pallidus,0.67,1.25,6.24
Agricola infuscatus,0.69,1.33,7.21
Fraseria cinerascens,0.71,1.35,9.13
Fraseria ocreata,0.69,1.36,9.34
Fraseria plumbea,0.65,1.15,7.95
Fraseria griseigularis,0.65,1.15,7.84
Fraseria caerulescens,0.65,1.18,8.41
Fraseria tessmanni,0.6,1,8.09
Fraseria olivascens,0.65,1.05,8.13
Fraseria lendu,0.67,1.23,8.41
Humblotia flavirostris,0.66,1.13,8.27
Melaenornis silens,0.65,1.22,8.35
Melaenornis herero,0.7,1.34,8.63
Melaenornis semipartitus,0.69,1.29,7.87
Melaenornis chocolatinus,0.65,1.2,7.63
Melaenornis brunneus,0.67,1.17,7.98
Melaenornis fischeri,0.67,1.25,7.66
Melaenornis ardesiacus,0.7,1.35,8.17
Melaenornis annamarulae,0.7,1.26,8.48
Melaenornis edolioides,0.68,1.32,8.23
Melaenornis pammelaina,0.66,1.26,8.17
Niltava sundara,0.6,1.09,5.2
Niltava macgrigoriae,0.56,0.97,4.58
Niltava sumatrana,0.68,1.12,5.27
Niltava oatesi,0.59,1.14,4
Niltava vivida,0.59,1.14,4
Niltava davidi,0.65,1.12,5.61
Niltava grandis,0.63,1.15,5.89
Cyanoptila cumatilis,0.59,1.14,9.97
Cyanoptila cyanomelana,0.59,1.14,9.97
Eumyias albicaudatus,0.62,1.12,7.75
Eumyias ruficrissa,0.59,1.14,9.97
Eumyias indigo,0.59,1.14,9.97
Eumyias sordidus,0.68,1.15,8.3
Eumyias thalassinus,0.58,1.1,7.88
Eumyias panayensis,0.67,1.1,7.88
Eumyias additus,0.67,1.24,8.21
Anthipes monileger,0.52,0.96,7.08
Anthipes solitaris,0.65,1.18,7.92
Cyornis oscillans,0.59,1.14,5.24
Cyornis stresemanni,0.59,1.14,5.24
Cyornis nicobaricus,0.59,1.14,5.24
Cyornis brunneatus,0.59,1.14,5.24
Cyornis olivaceus,0.64,1.16,5.82
Cyornis umbratilis,0.65,1.19,5.99
Cyornis ruficauda,0.65,1.18,6.1
Cyornis colonus,0.67,1.25,6.29
Cyornis unicolor,0.6,1.09,6.03
Cyornis ruckii,0.7,1.24,6.62
Cyornis herioti,0.65,1.1,6.07
Cyornis camarinensis,0.59,1.14,5.24
Cyornis pallidipes,0.59,1.07,5.85
Cyornis poliogenys,0.63,1.22,6.94
Cyornis magnirostris,0.58,1.04,5.9
Cyornis banyumas,0.55,0.97,5.51
Cyornis lemprieri,0.66,1.12,6.07
Cyornis tickelliae,0.6,1.08,5.98
Cyornis sumatrensis,0.59,1.14,5.24
Cyornis caerulatus,0.68,1.13,5.97
Cyornis superbus,0.69,1.17,6.2
Cyornis glaucicomans,0.59,1.14,5.24
Cyornis hainanus,0.66,1.17,6.47
Cyornis rubeculoides,0.59,1.14,5.24
Cyornis turcosus,0.67,1.12,5.92
Cyornis rufigastra,0.67,1.24,6.23
Cyornis omissus,0.66,1.08,5.76
Cyornis djampeanus,0.59,1.14,5.24
Cyornis hyacinthinus,0.69,1.21,6.53
Cyornis hoevelli,0.69,1.17,6.23
Cyornis sanfordi,0.68,1.15,6.11
Cyornis concretus,0.73,1.48,7.61
Xenocopsychus ansorgei,0.71,1.41,9.51
Dessonornis caffer,0.68,1.3,9.19
Dessonornis mbuluensis,0.72,1.14,10.1
Dessonornis macclounii,0.72,1.14,10.1
Dessonornis anomalus,0.72,1.14,10.1
Dessonornis archeri,0.69,1.29,8.41
Dessonornis humeralis,0.65,1.2,8.64
Erithacus rubecula,0.5,0.99,12.41
Pogonocichla stellata,0.71,1.19,8.79
Oreocossypha isabellae,0.69,1.31,8.62
Cossyphicula roberti,0.7,1.22,8.65
Swynnertonia swynnertoni,0.66,1.21,8.14
Chamaetylas poliophrys,0.78,1.41,8.25
Chamaetylas poliocephala,0.78,1.38,8.14
Chamaetylas fuelleborni,0.8,1.52,9.14
Chamaetylas choloensis,0.79,1.27,8.51
Cossypha cyanocampter,0.76,1.33,8
Cossypha semirufa,0.74,1.29,7.92
Cossypha heuglini,0.77,1.4,8.57
Cossypha natalensis,0.74,1.29,8.14
Cossypha dichroa,0.75,1.37,9.26
Cossypha heinrichi,0.8,1.37,8.92
Cossypha niveicapilla,0.76,1.37,8.4
Cossypha albicapillus,0.8,1.56,9.53
Stiphrornis erythrothorax,0.66,1.2,7.92
Stiphrornis xanthogaster,0.59,1.14,9.97
Stiphrornis pyrrholaemus,0.59,1.14,9.97
Cichladusa arquata,0.69,1.35,9.16
Cichladusa ruficauda,0.68,1.3,8.74
Cichladusa guttata,0.67,1.25,8.19
Sheppardia montana,0.67,1.12,8.03
Sheppardia lowei,0.65,1.09,7.85
Sheppardia aurantiithorax,0.65,1.07,7.71
Sheppardia gabela,0.62,0.98,7.17
Sheppardia aequatorialis,0.67,1.22,7.88
Sheppardia cyornithopsis,0.67,1.24,8.07
Sheppardia gunningi,0.65,1.07,7.79
Sheppardia sharpei,0.66,1.19,7.9
Sheppardia polioptera,0.66,1.09,7.74
Sheppardia poensis,0.59,1.14,9.97
Sheppardia bocagei,0.59,1.14,9.97
Heinrichia simplex,0.59,1.14,9.97
Heinrichia calligyna,0.59,1.14,9.97
Vauriella gularis,0.67,1.27,8.37
Vauriella albigularis,0.69,1.36,9.22
Vauriella insignis,0.68,1.3,9.05
Vauriella goodfellowi,0.69,1.33,8.9
Heteroxenicus stellatus,0.61,1.1,9.26
Brachypteryx hyperythra,0.71,1.43,10.8
Brachypteryx leucophris,0.62,1.11,8
Brachypteryx cruralis,0.59,1.14,9.97
Brachypteryx sinensis,0.59,1.14,9.97
Brachypteryx goodfellowi,0.59,1.14,9.97
Brachypteryx poliogyna,0.59,1.14,9.97
Brachypteryx erythrogyna,0.59,1.14,9.97
Brachypteryx saturata,0.59,1.14,9.97
Brachypteryx montana,0.59,1.14,9.97
Brachypteryx floris,0.59,1.14,9.97
Larvivora ruficeps,0.56,1.06,8.14
Larvivora brunnea,0.58,1.09,8.22
Larvivora cyane,0.54,1.04,8.46
Larvivora sibilans,0.55,1.07,8.72
Larvivora akahige,0.59,1.14,9.97
Larvivora tanensis,0.59,1.14,9.97
Larvivora komadori,0.59,1.14,9.97
Larvivora namiyei,0.59,1.14,9.97
Irania gutturalis,0.55,1.02,8.32
Hodgsonius phaenicuroides,0.61,1.18,8.77
Cyanecula svecica,0.55,1.01,9.94
Luscinia luscinia,0.51,1.03,9.76
Luscinia megarhynchos,0.5,0.99,8.95
Calliope pectardens,0.55,1.02,8.44
Calliope obscura,0.56,1.09,8.27
Calliope calliope,0.51,0.99,8.49
Calliope pectoralis,0.59,1,9.97
Calliope tschebaiewi,0.59,1,9.97
Myiomela leucura,0.59,1.14,9.97
Myiomela cambodiana,0.59,1.14,9.97
Myiomela diana,0.69,1.16,8.22
Myiomela major,0.67,1.25,9.1
Myiomela albiventris,0.7,1.25,9.06
Tarsiger hyperythrus,0.57,0.98,7.61
Tarsiger cyanurus,0.45,0.95,7.57
Tarsiger rufilatus,0.59,1,9.97
Tarsiger indicus,0.6,1.18,7.86
Tarsiger johnstoniae,0.6,0.96,7.34
Tarsiger chrysaeus,0.56,1.16,7.78
Enicurus scouleri,0.63,1.14,8.41
Enicurus schistaceus,0.67,1.27,9.16
Enicurus velatus,0.66,1.17,8.6
Enicurus ruficapillus,0.7,1.35,8.73
Enicurus immaculatus,0.65,1.22,8.85
Enicurus leschenaulti,0.67,1.29,9.18
Enicurus maculatus,0.66,1.29,9.48
Cinclidium frontale,0.66,1.16,8.64
Myophonus blighi,0.75,1.83,13.65
Myophonus melanurus,0.7,1.3,10.57
Myophonus glaucinus,0.77,1.66,12.23
Myophonus castaneus,0.71,1.38,11.17
Myophonus borneensis,0.71,1.38,11.23
Myophonus robinsoni,0.78,1.79,11.56
Myophonus horsfieldii,0.76,1.72,11.98
Myophonus insularis,0.74,1.61,11.63
Myophonus caeruleus,0.72,1.68,12.39
Ficedula zanthopygia,0.51,1.09,9.49
Ficedula elisae,0.47,1.13,10.91
Ficedula narcissina,0.47,1.13,10.91
Ficedula owstoni,0.47,1.13,10.91
Ficedula mugimaki,0.45,1.04,9.15
Ficedula erithacus,0.51,1.11,9.64
Ficedula tricolor,0.54,1.18,8.9
Ficedula hyperythra,0.59,1.22,8.81
Ficedula hodgsoni,0.58,1.07,8.69
Ficedula strophiata,0.57,1.29,9.7
Ficedula sapphira,0.51,1.12,8.53
Ficedula superciliaris,0.51,1.13,8.68
Ficedula westermanni,0.63,1.31,9.03
Ficedula ruficauda,0.57,1.3,10.03
Ficedula parva,0.46,1.06,9.32
Ficedula albicilla,0.48,1.06,9.66
Ficedula subrubra,0.51,1.14,9.03
Ficedula semitorquata,0.48,1.13,9.36
Ficedula hypoleuca,0.46,1.07,9.63
Ficedula albicollis,0.45,1.06,9.23
Ficedula henrici,0.62,1.17,9.28
Ficedula rufigula,0.63,1.36,9.09
Ficedula buruensis,0.65,1.46,9.78
Ficedula harterti,0.64,1.39,9.58
Ficedula timorensis,0.62,1.3,8.9
Ficedula basilanica,0.66,1.46,9.86
Ficedula luzoniensis,0.47,1.13,10.91
Ficedula crypta,0.59,1.08,8.56
Ficedula bonthaina,0.63,1.36,9.22
Ficedula nigrorufa,0.58,1.04,8.3
Ficedula dumetoria,0.64,1.36,8.96
Ficedula riedeli,0.47,1.13,10.91
Ficedula disposita,0.58,1.08,8.73
Ficedula platenae,0.59,1.09,8.69
Phoenicurus alaschanicus,0.55,0.96,9.04
Phoenicurus erythronotus,0.54,0.98,9.45
Phoenicurus frontalis,0.59,1.06,9.27
Phoenicurus coeruleocephala,0.54,0.94,8.9
Phoenicurus schisticeps,0.65,1.13,9.75
Phoenicurus leucocephalus,0.61,1.16,10.22
Phoenicurus fuliginosus,0.61,1.07,9.42
Phoenicurus bicolor,0.66,1.19,9.67
Phoenicurus ochruros,0.59,1.05,9.9
Phoenicurus phoenicurus,0.47,0.86,8.69
Phoenicurus moussieri,0.57,0.97,8.73
Phoenicurus auroreus,0.59,1.07,9.82
Phoenicurus erythrogastrus,0.59,1.11,10.24
Phoenicurus hodgsoni,0.56,0.94,9.62
Monticola cinclorhyncha,0.63,1.02,9.51
Monticola rufiventris,0.65,1.1,10.08
Monticola gularis,0.6,0.97,9.77
Monticola brevipes,0.69,1.08,9.57
Monticola explorator,0.71,1.15,10.36
Monticola imerina,0.71,1.07,10.43
Monticola erythronotus,0.67,0.91,9.26
Monticola sharpei,0.65,0.88,9.19
Monticola saxatilis,0.65,1.09,10.56
Monticola solitarius,0.62,1,10.72
Monticola rufocinereus,0.65,0.98,8.26
Monticola semirufus,0.69,1.12,9.41
Monticola angolensis,0.67,1.06,9.17
Monticola rupestris,0.73,1.2,12.02
Saxicola jerdoni,0.59,1.12,7.22
Saxicola ferreus,0.52,0.99,6.7
Saxicola gutturalis,0.6,1.03,7.07
Saxicola rubetra,0.47,0.97,7.44
Saxicola macrorhynchus,0.57,1.03,7.39
Saxicola insignis,0.51,1.03,7.49
Saxicola caprata,0.53,1.07,7.04
Saxicola leucurus,0.57,1.07,7.05
Saxicola dacotiae,0.55,1.03,6.84
Saxicola torquatus,0.48,0.98,7.05
Saxicola tectes,0.57,0.99,7.03
Campicoloides bifasciatus,0.65,1.21,8.94
Emarginata schlegelii,0.65,1.2,8.79
Emarginata sinuata,0.65,1.19,8.7
Emarginata tractrac,0.66,1.22,8.8
Pinarochroa sordida,0.64,1.18,8
Thamnolaea cinnamomeiventris,0.64,1.35,10.44
Myrmecocichla nigra,0.66,1.29,8.78
Myrmecocichla aethiops,0.71,1.35,9.83
Myrmecocichla tholloni,0.72,1.44,9.52
Myrmecocichla formicivora,0.66,1.3,9.54
Myrmecocichla monticola,0.67,1.29,9.41
Myrmecocichla melaena,0.7,1.25,9.09
Myrmecocichla arnotti,0.68,1.33,9.26
Oenanthe oenanthe,0.53,1.03,9.08
Oenanthe seebohmi,0.46,1,8.03
Oenanthe pileata,0.59,1.11,7.91
Oenanthe frenata,0.46,1,8.03
Oenanthe bottae,0.46,1,8.03
Oenanthe heuglinii,0.46,1,8.03
Oenanthe isabellina,0.54,1.06,8.82
Oenanthe monacha,0.59,1.1,8.14
Oenanthe deserti,0.49,0.96,7.7
Oenanthe hispanica,0.47,0.91,7.27
Oenanthe cypriaca,0.45,0.9,7.14
Oenanthe pleschanka,0.46,0.92,7.64
Oenanthe albifrons,0.61,1.13,7.7
Oenanthe phillipsi,0.58,1.09,7.53
Oenanthe moesta,0.55,1.05,8.14
Oenanthe melanura,0.55,0.99,7.14
Oenanthe familiaris,0.59,1.08,7.46
Oenanthe scotocerca,0.56,0.92,6.85
Oenanthe dubia,0.57,0.94,6.96
Oenanthe fusca,0.52,0.88,6.84
Oenanthe picata,0.51,0.98,7.73
Oenanthe leucura,0.65,1.27,9.83
Oenanthe leucopyga,0.57,1.07,8.01
Oenanthe albonigra,0.54,1.01,7.8
Oenanthe finschii,0.49,0.99,7.97
Oenanthe lugens,0.53,1,7.57
Oenanthe chrysopygia,0.47,0.95,7.82
Oenanthe xanthoprymna,0.48,0.95,7.65
Pinarornis plumosus,0.73,1.53,10.65
Regulus calendula,0.33,1.01,6.78
Regulus satrapa,0.31,0.97,6.48
Regulus goodfellowi,0.43,0.92,6
Regulus regulus,0.36,0.85,5.9
Regulus madeirensis,0.47,0.98,6.52
Regulus ignicapilla,0.33,0.99,6.46
Dulus dominicus,0.65,1.4,11.37
Hypocolius ampelinus,0.58,1.32,11.49
Hylocitrea bonensis,0.68,1.14,8.97
Hylocitrea bonthaina,0.59,1.14,9.97
Bombycilla garrulus,0.57,1.04,12.17
Bombycilla japonica,0.55,1.11,11.36
Bombycilla cedrorum,0.49,1.01,10.63
Phainoptila melanoxantha,0.7,1.56,11.88
Phainopepla nitens,0.57,1.06,10.18
Ptiliogonys cinereus,0.72,1.37,10.64
Ptiliogonys caudatus,0.72,1.39,10.34
Moho braccatus,0.59,1.14,9.97
Moho apicalis,0.59,1.14,9.97
Moho bishopi,0.59,1.14,9.97
Moho nobilis,0.59,1.14,9.97
Chaetoptila angustipluma,0.59,1.14,9.97
Elachura formosa,0.52,0.85,6.31
Promerops cafer,0.71,1.69,11.56
Promerops gurneyi,0.75,1.83,11.91
Arcanator orostruthus,0.69,1.21,8.78
Modulatrix stictigula,0.71,1.34,9.93
Kakamega poliothorax,0.71,1.42,9.18
Irena puella,0.69,1.54,13.54
Irena tweeddalii,0.59,1.14,16.1
Irena cyanogastra,0.71,1.56,14.22
Chloropsis media,0.67,1.31,10.07
Chloropsis sonnerati,0.69,1.4,10.76
Chloropsis cyanopogon,0.65,1.22,9.37
Chloropsis palawanensis,0.68,1.2,8.66
Chloropsis flavipennis,0.66,1.34,10.45
Chloropsis aurifrons,0.64,1.34,10.83
Chloropsis venusta,0.69,1.16,9.1
Chloropsis jerdoni,0.58,1.19,10.01
Chloropsis hardwickii,0.64,1.34,10.97
Chloropsis lazulina,0.59,1.14,9.97
Chloropsis kinabaluensis,0.65,1.24,9.61
Chloropsis moluccensis,0.59,1.14,9.97
Chloropsis cochinchinensis,0.59,1.14,9.97
Prionochilus olivaceus,0.57,1.03,8.21
Prionochilus maculatus,0.57,1.06,7.9
Prionochilus thoracicus,0.62,0.92,7.22
Prionochilus xanthopygius,0.58,0.99,7.69
Prionochilus percussus,0.6,1.08,7.86
Prionochilus plateni,0.57,1.01,8.01
Dicaeum melanozanthum,0.55,0.98,5.43
Dicaeum chrysorrheum,0.56,1.04,6.19
Dicaeum vincens,0.58,1.07,6.16
Dicaeum annae,0.58,1.05,5.96
Dicaeum agile,0.54,1.03,6.27
Dicaeum everetti,0.61,0.91,5.2
Dicaeum proprium,0.59,1.05,5.96
Dicaeum anthonyi,0.58,1.08,6.26
Dicaeum kampalili,0.59,1.14,6.73
Dicaeum bicolor,0.57,1.03,5.9
Dicaeum aureolimbatum,0.58,1.01,5.63
Dicaeum trigonostigma,0.54,1,5.78
Dicaeum australe,0.57,1.02,5.85
Dicaeum haematostictum,0.68,1.14,6.28
Dicaeum retrocinctum,0.55,0.96,5.55
Dicaeum quadricolor,0.57,1.01,5.79
Dicaeum hypoleucum,0.56,1,5.76
Dicaeum nigrilore,0.59,1.07,6.05
Dicaeum erythrorhynchos,0.56,1.01,6.12
Dicaeum concolor,0.53,0.97,5.79
Dicaeum minullum,0.59,1.14,6.73
Dicaeum pygmaeum,0.53,0.92,5.27
Dicaeum nehrkorni,0.58,1.01,5.67
Dicaeum schistaceiceps,0.59,1.14,6.73
Dicaeum erythrothorax,0.59,1.14,6.73
Dicaeum vulneratum,0.58,1.02,5.75
Dicaeum pectorale,0.58,0.99,5.56
Dicaeum sanguinolentum,0.57,1.01,5.76
Dicaeum wilhelminae,0.59,1.14,6.73
Dicaeum hanieli,0.59,1.14,6.73
Dicaeum cruentatum,0.5,0.91,5.6
Dicaeum trochileum,0.61,0.91,5.22
Dicaeum igniferum,0.57,1.01,5.77
Dicaeum maugei,0.58,1.07,6.22
Dicaeum celebicum,0.51,0.94,5.46
Dicaeum monticolum,0.58,1.01,5.68
Dicaeum ignipectus,0.53,0.95,5.96
Dicaeum cambodianum,0.59,1.14,6.73
Dicaeum beccarii,0.59,1.14,6.73
Dicaeum luzoniense,0.59,1.14,6.73
Dicaeum aeneum,0.61,0.93,5.36
Dicaeum eximium,0.57,1,5.65
Dicaeum tristrami,0.59,1.08,6.17
Dicaeum nitidum,0.57,1.01,5.81
Dicaeum keiense,0.59,1.14,6.73
Dicaeum ignicolle,0.59,1.14,6.73
Dicaeum hirundinaceum,0.59,1.14,9.7
Dicaeum geelvinkianum,0.6,0.96,5.42
Arachnothera crassirostris,0.65,1.03,6.01
Arachnothera robusta,0.7,1.29,6.91
Arachnothera longirostra,0.64,1.08,6.12
Arachnothera dilutior,0.59,1.14,5.25
Arachnothera flammifera,0.59,1.14,5.25
Arachnothera hypogrammica,0.63,1.06,5.92
Arachnothera juliae,0.65,1.25,7.21
Arachnothera clarae,0.68,1.16,6.95
Arachnothera chrysogenys,0.64,1.31,7.17
Arachnothera magna,0.69,1.29,7.53
Arachnothera flavigaster,0.68,1.36,7.75
Arachnothera affinis,0.72,1.4,6.6
Arachnothera modesta,0.59,1.14,5.25
Chalcoparia singalensis,0.62,1.06,7.14
Deleornis fraseri,0.59,1.14,9.97
Deleornis axillaris,0.59,1.14,9.97
Anthreptes reichenowi,0.59,0.99,8.49
Anthreptes anchietae,0.64,1.09,8.84
Anthreptes simplex,0.63,1.07,8.46
Anthreptes malacensis,0.64,1.13,8.95
Anthreptes griseigularis,0.59,1.14,11.75
Anthreptes rhodolaemus,0.69,1.25,9.69
Anthreptes gabonicus,0.71,1.24,9.87
Anthreptes longuemarei,0.66,1.17,9.15
Anthreptes orientalis,0.66,1.15,8.97
Anthreptes neglectus,0.58,0.93,9.81
Anthreptes aurantius,0.61,1.14,10.16
Anthreptes seimundi,0.56,1.02,9.24
Anthreptes rectirostris,0.65,1.09,9.77
Anthreptes tephrolaemus,0.59,1.14,11.75
Anthreptes rubritorques,0.59,1.12,10.33
Hedydipna collaris,0.67,0.98,6.58
Hedydipna platura,0.71,1.04,7.74
Hedydipna metallica,0.7,1.01,7.75
Hedydipna pallidigaster,0.65,0.94,6.41
Anabathmis reichenbachii,0.69,1.2,8.43
Anabathmis hartlaubii,0.64,1.11,7.22
Anabathmis newtonii,0.62,0.99,7.16
Dreptes thomensis,0.65,1.34,9.91
Anthobaphes violacea,0.61,1.04,7.27
Cyanomitra verticalis,0.64,1.16,8.4
Cyanomitra bannermani,0.64,1.15,8.63
Cyanomitra cyanolaema,0.65,1.19,8.62
Cyanomitra oritis,0.62,1.1,8.13
Cyanomitra alinae,0.64,1.19,7.69
Cyanomitra olivacea,0.58,1.14,8.47
Cyanomitra verreauxii,0.64,1.15,8.83
Chalcomitra adelberti,0.55,0.92,7.16
Chalcomitra fuliginosa,0.65,1.12,8.09
Chalcomitra rubescens,0.58,1.11,8.33
Chalcomitra amethystina,0.64,1.1,8.48
Chalcomitra senegalensis,0.65,1.12,8.2
Chalcomitra hunteri,0.61,1.19,8.85
Chalcomitra balfouri,0.6,1.02,7.87
Leptocoma zeylonica,0.56,1.04,6.75
Leptocoma minima,0.6,0.94,5.73
Leptocoma brasiliana,0.59,1.14,4.5
Leptocoma sperata,0.59,1.14,4.5
Leptocoma juliae,0.59,1.14,4.5
Leptocoma aspasia,0.56,1.06,6.51
Leptocoma calcostetha,0.63,1.05,6.12
Nectarinia bocagii,0.61,1.2,8.86
Nectarinia purpureiventris,0.67,1.15,7.93
Nectarinia tacazze,0.69,1.21,8.5
Nectarinia kilimensis,0.69,1.22,8.5
Nectarinia famosa,0.67,1.16,8.6
Nectarinia johnstoni,0.69,1.22,8.39
Drepanorhynchus reichenowi,0.67,1.28,8.09
Cinnyris chloropygius,0.66,0.98,10.51
Cinnyris minullus,0.68,1,10.64
Cinnyris gertrudis,0.62,1.14,10.69
Cinnyris manoensis,0.62,1.14,10.69
Cinnyris chalybeus,0.68,1.02,12.28
Cinnyris neergaardi,0.66,0.98,11.42
Cinnyris afer,0.62,1.14,10.69
Cinnyris stuhlmanni,0.62,1.14,10.69
Cinnyris prigoginei,0.62,1.14,10.69
Cinnyris ludovicensis,0.62,1.14,10.69
Cinnyris reichenowi,0.69,1.04,11.05
Cinnyris regius,0.71,1.07,11.25
Cinnyris rockefelleri,0.67,0.83,10.42
Cinnyris mediocris,0.35,1.14,6.1
Cinnyris usambaricus,0.62,1.14,10.69
Cinnyris fuelleborni,0.69,0.9,11.56
Cinnyris moreaui,0.69,0.91,11.45
Cinnyris loveridgei,0.68,1.04,12.92
Cinnyris pulchellus,0.62,1.14,5.67
Cinnyris melanogastrus,0.62,1.14,10.69
Cinnyris mariquensis,0.65,1.14,13.21
Cinnyris shelleyi,0.71,1.1,12.13
Cinnyris congensis,0.67,0.9,11.62
Cinnyris erythrocercus,0.68,1.05,11.24
Cinnyris nectarinioides,0.67,0.97,10.25
Cinnyris bifasciatus,0.76,1.14,10.69
Cinnyris tsavoensis,0.62,1.14,10.69
Cinnyris chalcomelas,0.7,0.9,11.24
Cinnyris pembae,0.64,1.1,12.28
Cinnyris bouvieri,0.68,1.05,11.22
Cinnyris osea,0.62,1.04,12.14
Cinnyris habessinicus,0.62,1.14,10.69
Cinnyris hellmayri,0.62,1.14,10.69
Cinnyris coccinigastrus,0.73,1.2,12.96
Cinnyris johannae,0.68,1.21,13.18
Cinnyris superbus,0.74,1.24,13.06
Cinnyris rufipennis,0.64,1.02,12.7
Cinnyris oustaleti,0.7,0.96,11.09
Cinnyris talatala,0.69,1.1,11.09
Cinnyris venustus,0.67,0.99,10.61
Cinnyris fuscus,0.66,0.99,11.77
Cinnyris ursulae,0.69,1.03,11.07
Cinnyris batesi,0.63,1.05,11.46
Cinnyris cupreus,0.63,1.08,11.88
Cinnyris asiaticus,0.63,1.06,12.67
Cinnyris jugularis,0.62,1.14,9
Cinnyris idenburgi,0.62,1.14,10.69
Cinnyris buettikoferi,0.7,0.93,11.88
Cinnyris solaris,0.7,0.93,11.85
Cinnyris sovimanga,0.67,1.01,11.6
Cinnyris humbloti,0.7,1.07,11.6
Cinnyris comorensis,0.71,1.13,11.03
Cinnyris coquerellii,0.69,0.92,10.72
Cinnyris dussumieri,0.73,1.18,12.49
Cinnyris moebii,0.62,1.14,10.69
Cinnyris voeltzkowi,0.62,1.14,10.69
Cinnyris notatus,0.62,1.14,10.69
Cinnyris lotenius,0.66,1.01,11.43
Aethopyga duyvenbodei,0.59,0.85,5.03
Aethopyga ignicauda,0.61,1,6.11
Aethopyga saturata,0.54,0.98,5.95
Aethopyga nipalensis,0.6,0.96,5.84
Aethopyga gouldiae,0.58,0.9,5.53
Aethopyga temminckii,0.59,1.14,4
Aethopyga mystacalis,0.59,1.14,4
Aethopyga shelleyi,0.54,0.83,4.85
Aethopyga vigorsii,0.59,1.14,4
Aethopyga siparaja,0.59,1.14,4
Aethopyga magnifica,0.59,1.14,4
Aethopyga pulcherrima,0.57,0.91,5.32
Aethopyga flagrans,0.58,0.87,5.3
Aethopyga guimarasensis,0.59,1.14,4
Aethopyga bella,0.55,0.79,4.76
Aethopyga eximia,0.58,0.85,5.08
Aethopyga latouchii,0.59,1.14,4
Aethopyga christinae,0.59,1.14,4
Aethopyga linaraborae,0.59,0.88,5.26
Aethopyga primigenia,0.59,0.88,5.23
Aethopyga boltoni,0.59,0.88,5.24
Prunella himalayana,0.54,1.05,10.8
Prunella collaris,0.6,1.18,11.72
Prunella immaculata,0.57,0.99,10.56
Prunella rubeculoides,0.53,0.96,11.09
Prunella strophiata,0.55,0.98,9.43
Prunella fulvescens,0.55,0.99,10.08
Prunella koslowi,0.54,0.97,10.04
Prunella rubida,0.54,1,9.86
Prunella montanella,0.47,0.9,9.92
Prunella modularis,0.5,0.91,10.96
Prunella atrogularis,0.55,1.02,10.47
Prunella ocularis,0.6,1.04,11.17
Peucedramus taeniatus,0.58,1,7.32
Urocynchramus pylzowi,0.55,1.06,10.05
Bubalornis albirostris,0.72,1.34,15.66
Bubalornis niger,0.65,1.27,16.53
Dinemellia dinemelli,0.6,1.18,10.84
Plocepasser mahali,0.65,1.19,10.05
Plocepasser superciliosus,0.6,1.11,9.93
Plocepasser donaldsoni,0.7,1.23,9.63
Plocepasser rufoscapulatus,0.61,1.15,10.36
Histurgops ruficauda,0.73,1.36,10.7
Sporopipes squamifrons,0.5,0.88,8.29
Sporopipes frontalis,0.48,0.96,8.62
Pseudonigrita arnaudi,0.67,1.07,8.42
Pseudonigrita cabanisi,0.57,0.99,8.71
Philetairus socius,0.66,1.14,9.51
Amblyospiza albifrons,0.66,1.19,9.81
Quelea cardinalis,0.46,1.59,8.51
Quelea erythrops,0.44,1.66,9.19
Quelea quelea,0.48,1.71,9.24
Euplectes afer,0.46,0.89,8.16
Euplectes aureus,0.62,1.08,8.71
Euplectes gierowii,0.61,1.1,9.01
Euplectes franciscanus,0.58,1.04,9
Euplectes ardens,0.57,1.02,8.56
Euplectes laticauda,0.57,1.14,9.97
Euplectes diadematus,0.47,0.88,8.05
Euplectes hordeaceus,0.54,0.98,8.58
Euplectes nigroventris,0.5,0.9,8.02
Euplectes orix,0.61,1.1,9.08
Euplectes capensis,0.55,1.07,9.62
Euplectes macroura,0.5,0.96,8.77
Euplectes axillaris,0.5,0.99,9.18
Euplectes albonotatus,0.48,0.95,9
Euplectes hartlaubi,0.61,1.15,9.58
Euplectes jacksoni,0.58,1.11,9.7
Euplectes psammacromius,0.61,1.15,9.58
Euplectes progne,0.54,1.1,10.19
Foudia madagascariensis,0.56,1,9.13
Foudia aldabrana,0.59,1.14,9.97
Foudia consobrina,0.59,1.14,9.97
Foudia eminentissima,0.59,1.14,9.97
Foudia omissa,0.64,1.06,8.72
Foudia delloni,0.59,1.14,9.97
Foudia rubra,0.59,1.14,9.97
Foudia sechellarum,0.69,1.27,8.24
Foudia flavicans,0.63,1.05,7.8
Brachycope anomala,0.54,0.99,9.03
Ploceus baglafecht,0.66,1.58,7.66
Ploceus bannermani,0.7,1.6,8.23
Ploceus batesi,0.69,1.6,7.38
Ploceus nigrimentus,0.69,1.55,8.01
Ploceus bertrandi,0.57,1.47,8.94
Ploceus pelzelni,0.6,1.3,7.92
Ploceus subpersonatus,0.56,1.37,8.13
Ploceus luteolus,0.6,1.34,7.26
Ploceus ocularis,0.64,1.52,7.45
Ploceus brachypterus,0.48,1.5,11
Ploceus nigricollis,0.48,1.5,11
Ploceus alienus,0.69,1.54,7.11
Ploceus melanogaster,0.69,1.54,7.09
Ploceus capensis,0.64,1.64,9.35
Ploceus temporalis,0.65,1.62,9.63
Ploceus subaureus,0.55,1.4,8.53
Ploceus xanthops,0.66,1.62,8.83
Ploceus aurantius,0.64,1.46,8.89
Ploceus heuglini,0.68,1.55,7.28
Ploceus bojeri,0.64,1.44,7.64
Ploceus castaneiceps,0.53,1.27,7.62
Ploceus princeps,0.7,1.6,8.16
Ploceus castanops,0.55,1.31,7.76
Ploceus xanthopterus,0.62,1.44,7.95
Ploceus burnieri,0.52,1.27,7.67
Ploceus galbula,0.53,1.31,8.04
Ploceus taeniopterus,0.52,1.26,7.66
Ploceus intermedius,0.63,1.46,7.17
Ploceus velatus,0.63,1.53,8.6
Ploceus upembae,0.59,1.5,11
Ploceus katangae,0.59,1.5,11
Ploceus ruweti,0.64,1.49,8.08
Ploceus reichardi,0.55,1.37,8.24
Ploceus vitellinus,0.67,1.47,7.63
Ploceus spekei,0.62,1.5,8.6
Ploceus spekeoides,0.56,1.37,8.12
Ploceus cucullatus,0.66,1.59,10.13
Ploceus grandis,0.74,1.84,9.3
Ploceus castaneofuscus,0.59,1.5,11
Ploceus nigerrimus,0.59,1.5,11
Ploceus weynsi,0.66,1.56,7.45
Ploceus golandi,0.69,1.56,7.21
Ploceus dichrocephalus,0.53,1.27,7.62
Ploceus melanocephalus,0.64,1.45,7.79
Ploceus jacksoni,0.55,1.33,7.93
Ploceus badius,0.61,1.47,10.86
Ploceus rubiginosus,0.56,1.4,8.39
Ploceus aureonucha,0.7,1.6,7.34
Ploceus tricolor,0.67,1.63,7.84
Ploceus albinucha,0.65,1.54,7.41
Ploceus nelicourvi,0.62,1.49,9.13
Ploceus sakalava,0.56,1.33,10.46
Ploceus hypoxanthus,0.57,1.32,9.96
Ploceus superciliosus,0.59,1.37,7.82
Ploceus benghalensis,0.55,1.29,10.35
Ploceus manyar,0.59,1.36,10.45
Ploceus philippinus,0.57,1.38,10.79
Ploceus megarhynchus,0.61,1.49,11.89
Ploceus bicolor,0.7,1.68,7.89
Ploceus preussi,0.7,1.65,7.62
Ploceus dorsomaculatus,0.66,1.53,7.35
Ploceus olivaceiceps,0.57,1.36,7.98
Ploceus nicolli,0.7,1.63,7.62
Ploceus insignis,0.7,1.61,7.37
Ploceus angolensis,0.67,1.65,9.63
Ploceus sanctithomae,0.68,1.5,7.61
Ploceus flavipes,0.73,1.78,8.15
Malimbus coronatus,0.72,1.3,9.17
Malimbus cassini,0.67,1.19,8.79
Malimbus racheliae,0.65,1.13,8.36
Malimbus ballmanni,0.73,1.38,9.86
Malimbus scutatus,0.69,1.19,8.57
Malimbus ibadanensis,0.7,1.25,9.01
Malimbus nitens,0.7,1.21,9.53
Malimbus rubricollis,0.67,1.22,9.02
Malimbus erythrogaster,0.72,1.3,9.17
Malimbus malimbicus,0.7,1.24,8.77
Anaplectes leuconotos,0.59,1.14,9.97
Anaplectes rubriceps,0.59,1.14,9.97
Anaplectes jubaensis,0.59,1.14,9.97
Lagonosticta rara,0.66,1.07,6.11
Lagonosticta rufopicta,0.59,0.93,6.84
Lagonosticta nitidula,0.56,0.89,6.77
Lagonosticta senegala,0.61,0.97,6.8
Lagonosticta sanguinodorsalis,0.63,1.01,7.1
Lagonosticta umbrinodorsalis,0.5,1,5.83
Lagonosticta rhodopareia,0.5,1,5.83
Lagonosticta virata,0.59,0.93,6.97
Lagonosticta rubricata,0.6,0.95,6.85
Lagonosticta vinacea,0.59,1,5.83
Lagonosticta nigricollis,0.59,1,5.83
Lagonosticta larvata,0.59,1,5.83
Clytospiza monteiri,0.54,0.92,7.23
Pytilia lineata,0.52,1.14,9.97
Pytilia phoenicoptera,0.52,1.14,9.97
Pytilia afra,0.57,1,8.91
Pytilia hypogrammica,0.56,0.98,8.56
Pytilia melba,0.52,0.92,8.07
Hypargos margaritatus,0.55,0.95,8.85
Hypargos niveoguttatus,0.51,0.91,8.21
Euschistospiza dybowskii,0.53,0.91,7.2
Euschistospiza cinereovinacea,0.56,0.98,8.47
Granatina granatina,0.59,0.99,8.03
Granatina ianthinogaster,0.55,0.92,8.13
Uraeginthus angolensis,0.49,0.84,7.76
Uraeginthus bengalus,0.49,0.84,7.46
Uraeginthus cyanocephalus,0.52,0.86,7.57
Spermophaga poliogenys,0.57,0.98,8.61
Spermophaga haematina,0.59,1.05,8.08
Spermophaga ruficapilla,0.61,1.12,9.34
Pyrenestes ostrinus,0.56,1.02,8.76
Pyrenestes sanguineus,0.57,1.03,8.99
Pyrenestes minor,0.51,0.94,8.87
Estrilda coerulescens,0.62,0.85,7.68
Estrilda perreini,0.45,0.68,6.48
Estrilda thomensis,0.6,0.82,7.45
Estrilda poliopareia,0.57,0.78,7.26
Estrilda paludicola,0.52,0.77,6.79
Estrilda melpoda,0.52,0.77,6.81
Estrilda rhodopyga,0.62,0.82,7.28
Estrilda rufibarba,0.57,0.8,7.62
Estrilda troglodytes,0.54,0.8,7.22
Estrilda astrild,0.52,0.78,7.17
Estrilda nigriloris,0.57,0.78,7.33
Estrilda nonnula,0.62,0.82,7.24
Estrilda atricapilla,0.69,1.05,6.79
Estrilda kandti,0.65,1.14,9.97
Estrilda charmosyna,0.56,0.82,7.15
Estrilda erythronotos,0.55,0.83,7.5
Mandingoa nitidula,0.48,0.95,7.36
Cryptospiza reichenovii,0.53,0.9,6.12
Cryptospiza salvadorii,0.52,0.91,7.87
Cryptospiza jacksoni,0.54,0.91,6.11
Cryptospiza shelleyi,0.56,0.96,6.47
Coccopygia bocagei,0.59,1.14,9.97
Coccopygia melanotis,0.59,1.14,9.97
Coccopygia quartinia,0.59,1.14,9.97
Nesocharis shelleyi,0.6,0.89,7.1
Nesocharis ansorgei,0.54,0.91,7.68
Nesocharis capistrata,0.48,0.85,7.91
Nigrita fusconotus,0.52,0.89,6.13
Nigrita bicolor,0.65,1.09,7.9
Nigrita luteifrons,0.65,1.02,7.22
Nigrita canicapillus,0.55,0.97,7.49
Parmoptila woodhousei,0.57,0.97,6.52
Parmoptila rubrifrons,0.62,0.96,6.89
Parmoptila jamesoni,0.58,0.92,6.8
Amadina erythrocephala,0.57,1,8.52
Amadina fasciata,0.56,0.96,8.51
Ortygospiza atricollis,0.46,0.82,7.46
Amandava amandava,0.43,0.76,7.33
Amandava formosa,0.43,0.75,7.25
Amandava subflava,0.44,0.76,6.87
Paludipasser locustella,0.45,0.82,7.52
Spermestes cucullata,0.45,0.79,7.05
Spermestes bicolor,0.59,1.14,9.97
Spermestes fringilloides,0.5,0.9,7.98
Odontospiza griseicapilla,0.51,0.9,7.89
Lepidopygia nana,0.42,0.75,7.17
Euodice cantans,0.5,0.87,8.72
Euodice malabarica,0.47,0.84,8.84
Lonchura striata,0.47,0.84,7.18
Lonchura leucogastroides,0.47,0.83,6.78
Lonchura fuscans,0.48,0.83,6.54
Lonchura molucca,0.5,0.87,6.92
Lonchura punctulata,0.39,0.74,6.57
Lonchura kelaarti,0.48,0.87,7.2
Lonchura leucogastra,0.47,0.83,6.65
Lonchura tristissima,0.51,0.84,6.32
Lonchura leucosticta,0.49,0.87,6.89
Lonchura quinticolor,0.53,0.91,6.92
Lonchura malacca,0.45,0.81,6.98
Lonchura atricapilla,0.48,0.86,6.9
Lonchura ferruginosa,0.49,0.87,6.86
Lonchura maja,0.48,0.85,6.7
Lonchura pallida,0.5,0.89,7.09
Lonchura grandis,0.46,0.84,6.83
Lonchura vana,0.5,0.87,6.77
Lonchura caniceps,0.45,0.79,6.28
Lonchura nevermanni,0.49,0.86,6.92
Lonchura spectabilis,0.52,0.9,7.08
Lonchura forbesi,0.54,0.91,6.83
Lonchura hunsteini,0.54,0.91,6.8
Lonchura flaviprymna,0.45,0.8,6.83
Lonchura castaneothorax,0.46,0.83,7.15
Lonchura stygia,0.49,0.86,6.93
Lonchura teerinki,0.54,0.91,6.83
Lonchura monticola,0.54,0.91,6.91
Lonchura montana,0.49,0.87,6.83
Lonchura melaena,0.5,0.89,7.09
Lonchura fuscata,0.55,0.98,8.21
Lonchura oryzivora,0.52,0.97,7.87
Heteromunia pectoralis,0.49,0.88,8.14
Stagonopleura bella,0.51,0.9,9.37
Stagonopleura oculata,0.48,0.85,8.85
Stagonopleura guttata,0.48,0.87,9.09
Oreostruthus fuliginosus,0.56,0.97,8.58
Emblema pictum,0.53,0.92,8.25
Neochmia temporalis,0.47,0.83,7.64
Neochmia phaeton,0.44,0.78,6.91
Neochmia evangelinae,0.59,1.14,7.25
Neochmia ruficauda,0.47,0.83,7.27
Neochmia modesta,0.48,0.85,7.68
Poephila personata,0.5,0.89,7.98
Poephila acuticauda,0.46,0.83,7.68
Poephila cincta,0.53,0.95,8.48
Taeniopygia guttata,0.54,0.27,7.08
Taeniopygia castanotis,0.59,0.16,6
Taeniopygia bichenovii,0.44,0.23,6.31
Erythrura hyperythra,0.51,0.89,7.67
Erythrura prasina,0.48,0.86,7.64
Erythrura viridifacies,0.57,1.01,8.94
Erythrura tricolor,0.54,0.92,8.13
Erythrura coloria,0.63,1.09,9.03
Erythrura trichroa,0.51,0.9,7.98
Erythrura papuana,0.66,1.07,8.38
Erythrura psittacea,0.57,0.95,7.81
Erythrura cyaneovirens,0.61,1.04,8.18
Erythrura pealii,0.6,1.02,8.18
Erythrura kleinschmidti,0.65,1.11,8.16
Chloebia gouldiae,0.46,0.95,7.01
Vidua macroura,0.51,0.9,8.29
Vidua paradisaea,0.56,0.99,8.89
Vidua obtusa,0.56,0.99,8.92
Vidua orientalis,0.54,1.14,9.97
Vidua interjecta,0.54,1.14,9.97
Vidua hypocherina,0.54,0.89,7.83
Vidua regia,0.47,0.89,8.55
Vidua fischeri,0.54,0.9,7.91
Vidua togoensis,0.55,0.94,8.41
Vidua wilsoni,0.49,0.87,8.12
Vidua larvaticola,0.53,0.91,8.13
Vidua maryae,0.53,0.9,8.12
Vidua camerunensis,0.53,0.89,7.96
Vidua nigeriae,0.53,0.89,8.03
Vidua raricola,0.48,0.86,7.96
Vidua codringtoni,0.52,0.9,8.24
Vidua funerea,0.53,0.92,8.44
Vidua chalybeata,0.54,0.9,7.91
Vidua purpurascens,0.52,0.91,8.31
Anomalospiza imberbis,0.52,0.95,8.89
Passer ammodendri,0.61,1.17,11.59
Passer domesticus,0.52,1.05,11.97
Passer italiae,0.48,1,12.56
Passer hispaniolensis,0.46,0.99,11.08
Passer pyrrhonotus,0.46,0.98,10.91
Passer castanopterus,0.62,1.08,11.19
Passer cinnamomeus,0.46,0.97,10.5
Passer flaveolus,0.62,1.21,11.94
Passer moabiticus,0.45,0.95,10.33
Passer iagoensis,0.55,1.09,11.31
Passer motitensis,0.54,1.09,11.41
Passer insularis,0.55,1.06,10.91
Passer hemileucus,0.56,1.09,11.11
Passer cordofanicus,0.54,1.02,10.49
Passer shelleyi,0.55,1.02,10.27
Passer rufocinctus,0.57,1.07,10.63
Passer melanurus,0.53,1.08,11.5
Passer swainsonii,0.57,1.1,11.12
Passer gongonensis,0.59,1.15,11.41
Passer suahelicus,0.55,1.02,10.24
Passer griseus,0.56,1.07,10.78
Passer diffusus,0.62,1.13,10.65
Passer simplex,0.59,1.12,10.18
Passer zarudnyi,0.48,1,12.56
Passer montanus,0.5,1,11.48
Passer luteus,0.48,0.92,9.24
Passer euchlorus,0.5,0.94,9.7
Passer eminibey,0.52,0.93,9.28
Carpospiza brachydactyla,0.51,1,9.65
Petronia petronia,0.56,1.01,8.32
Gymnoris superciliaris,0.66,1.07,9.04
Gymnoris dentata,0.55,0.93,8.73
Gymnoris pyrgita,0.67,1.07,8.84
Gymnoris xanthocollis,0.62,1.02,8.86
Montifringilla henrici,0.59,1,9.97
Montifringilla nivalis,0.59,1,9.97
Montifringilla adamsi,0.59,1.17,11.12
Onychostruthus taczanowskii,0.64,1.23,10.87
Pyrgilauda ruficollis,0.53,1.01,9.61
Pyrgilauda davidiana,0.46,0.96,9.79
Pyrgilauda blanfordi,0.57,1.11,10.47
Pyrgilauda theresae,0.54,1.02,9.75
Hypocryptadius cinnamomeus,0.68,1.19,8.59
Dendronanthus indicus,0.53,1,7.88
Anthus sokokensis,0.58,0.91,5.32
Anthus brachyurus,0.59,1.03,5.72
Anthus caffer,0.6,1.05,6.03
Anthus gustavi,0.47,0.89,6.54
Anthus trivialis,0.48,0.92,6.51
Anthus hodgsoni,0.54,1.01,6.8
Anthus cervinus,0.56,1.03,7.55
Anthus roseatus,0.54,1.01,6.32
Anthus rubescens,0.53,0.98,7.16
Anthus pratensis,0.55,1,7.13
Anthus spinoletta,0.54,1.01,6.92
Anthus petrosus,0.54,1,7.25
Anthus furcatus,0.53,0.96,6.01
Anthus lutescens,0.56,0.95,5.54
Anthus peruvianus,0.48,1,6.86
Anthus chacoensis,0.53,0.98,6.11
Anthus spragueii,0.51,0.97,6.65
Anthus hellmayri,0.52,0.95,5.92
Anthus bogotensis,0.56,0.94,6.36
Anthus nattereri,0.54,0.96,5.91
Anthus correndera,0.56,1.05,6.54
Anthus antarcticus,0.65,1.19,8.18
Anthus sylvanus,0.57,1.05,6.49
Anthus nilghiriensis,0.6,1.06,6.02
Anthus hoeschi,0.56,1.06,6.56
Anthus crenatus,0.6,1.09,6.74
Anthus lineiventris,0.65,1.21,6.92
Anthus richardi,0.57,1.1,7.27
Anthus rufulus,0.57,1.01,5.96
Anthus novaeseelandiae,0.58,1.04,6.37
Anthus nyassae,0.48,1,6.86
Anthus godlewskii,0.53,1.01,6.78
Anthus leucophrys,0.63,1.13,6.13
Anthus berthelotii,0.55,0.96,5.9
Anthus campestris,0.56,1.04,7.08
Anthus cinnamomeus,0.48,1,6.86
Anthus vaalensis,0.63,1.15,6.64
Anthus similis,0.63,1.05,6.12
Anthus melindae,0.62,1.11,5.98
Anthus pallidiventris,0.61,0.98,5.69
Anthus gutturalis,0.64,1.08,6.29
Madanga ruficollis,0.65,1.04,7.45
Macronyx flavicollis,0.69,1.37,9.33
Macronyx fuelleborni,0.72,1.48,10.06
Macronyx capensis,0.73,1.47,10.98
Macronyx croceus,0.69,1.38,9.18
Macronyx aurantiigula,0.68,1.33,8.85
Macronyx ameliae,0.67,1.29,8.95
Macronyx grimwoodi,0.7,1.29,9.35
Macronyx sharpei,0.71,1.42,9.29
Hemimacronyx chloris,0.65,1.22,9.02
Tmetothylacus tenellus,0.61,1.17,7.76
Motacilla flaviventris,0.74,1.36,11.06
Motacilla clara,0.66,1.14,8.89
Motacilla capensis,0.72,1.28,10.64
Motacilla flava,0.52,0.93,9.34
Motacilla aguimp,0.64,1.14,9.05
Motacilla cinerea,0.52,0.93,9.2
Motacilla citreola,0.61,1.08,10.66
Motacilla tschutschensis,0.57,1,10.18
Motacilla maderaspatensis,0.63,1.12,9.68
Motacilla samveasnae,0.63,1.02,8.95
Motacilla grandis,0.53,1,9.45
Motacilla alba,0.52,0.95,9.58
Amaurocichla bocagii,0.61,0.9,6.4
Fringilla coelebs,0.57,1,14.5
Fringilla teydea,0.68,1.18,18.49
Fringilla polatzeki,0.59,1,21.88
Fringilla montifringilla,0.51,0.87,15.01
Chlorophonia flavirostris,0.63,1.07,8.26
Chlorophonia cyanea,0.61,1.1,8.76
Chlorophonia pyrrhophrys,0.66,1.16,8.9
Chlorophonia occipitalis,0.61,1.14,9.42
Chlorophonia callophrys,0.65,1.24,9.71
Euphonia jamaica,0.58,1.09,8.97
Euphonia plumbea,0.57,1.02,7.96
Euphonia affinis,0.57,1.03,8.36
Euphonia luteicapilla,0.59,1.08,8.52
Euphonia chlorotica,0.53,0.97,7.91
Euphonia trinitatis,0.61,0.98,7.56
Euphonia concinna,0.53,1.01,8.18
Euphonia saturata,0.6,1.11,8.5
Euphonia finschi,0.53,1.01,8.22
Euphonia violacea,0.55,1.03,8.26
Euphonia laniirostris,0.55,1.03,8.17
Euphonia hirundinacea,0.5,0.94,7.98
Euphonia chalybea,0.59,1.18,9.7
Euphonia elegantissima,0.6,1.11,9.08
Euphonia cyanocephala,0.61,1.14,9.1
Euphonia musica,0.55,1.02,8.53
Euphonia sclateri,0.58,1.14,9.97
Euphonia flavifrons,0.58,1.14,9.97
Euphonia fulvicrissa,0.58,1.07,8.32
Euphonia imitans,0.59,1.1,8.61
Euphonia gouldi,0.59,1.1,8.83
Euphonia chrysopasta,0.63,1,7.92
Euphonia mesochrysa,0.59,1.1,8.65
Euphonia minuta,0.62,1.02,6.82
Euphonia anneae,0.59,1.13,8.88
Euphonia xanthogaster,0.54,1,7.92
Euphonia rufiventris,0.6,1.12,8.7
Euphonia pectoralis,0.59,1.1,9.1
Euphonia cayennensis,0.61,0.99,7.54
Mycerobas icterioides,0.58,0.92,11.77
Mycerobas affinis,0.59,0.95,12.17
Mycerobas melanozanthos,0.66,1.05,12.81
Mycerobas carnipes,0.65,1.13,12.94
Hesperiphona vespertina,0.64,1.08,13.84
Hesperiphona abeillei,0.63,1.01,12.12
Coccothraustes coccothraustes,0.57,1.05,12.47
Eophona migratoria,0.63,1.27,11.03
Eophona personata,0.66,1.4,12.26
Melamprosops phaeosoma,0.59,1.16,9.25
Paroreomyza maculata,0.87,1.68,8
Paroreomyza flammea,0.87,2,8
Paroreomyza montana,0.77,1.73,7.78
Oreomystis bairdi,0.62,1.03,7.74
Telespiza cantans,0.57,1.76,11.04
Telespiza ultima,0.73,1.98,11.32
Rhodacanthis palmeri,0.59,1.14,9.97
Rhodacanthis flaviceps,0.59,1.14,9.97
Chloridops kona,0.59,1.14,9.97
Loxioides bailleui,0.61,1.41,12.95
Psittirostra psittacea,0.59,1.28,9.97
Dysmorodrepanis munroi,0.59,1.14,9.97
Akialoa stejnegeri,0.59,1.14,9.97
Akialoa ellisiana,0.59,1.14,9.97
Akialoa lanaiensis,0.59,1.14,9.97
Akialoa obscura,0.59,1.14,9.97
Hemignathus hanapepe,0.71,1,13
Hemignathus lucidus,0.71,1,13
Hemignathus affinis,0.71,1,13
Hemignathus wilsoni,0.69,1.03,10.51
Pseudonestor xanthophrys,0.65,1.12,6.59
Viridonia sagittirostris,0.59,1.14,9.97
Magumma parva,0.59,0.98,8.48
Manucerthia mana,0.68,1.04,8.19
Loxops caeruleirostris,0.6,0.98,7.35
Loxops wolstenholmei,0.74,1,10
Loxops ochraceus,0.76,1,10
Loxops coccineus,0.78,1,10
Chlorodrepanis stejnegeri,0.63,1.04,10.05
Chlorodrepanis flava,0.58,1.1,10.41
Chlorodrepanis virens,0.62,1.03,8.95
Drepanis funerea,0.55,1.14,8.75
Drepanis pacifica,0.55,1.14,8.75
Drepanis coccinea,0.58,1.18,9.14
Himatione sanguinea,0.66,1.13,7.77
Himatione fraithii,0.72,1.14,6.42
Palmeria dolei,0.63,2.5,9.71
Ciridops anna,0.59,1.14,9.97
Carpodacus erythrinus,0.49,0.93,9.72
Carpodacus sipahi,0.57,1.11,10.2
Carpodacus ferreorostris,0.59,1,8.92
Carpodacus rhodochlamys,0.51,1.03,9.98
Carpodacus waltoni,0.52,0.99,9.28
Carpodacus pulcherrimus,0.49,0.93,8.76
Carpodacus edwardsii,0.52,0.99,9.18
Carpodacus rodochroa,0.59,1,8.32
Carpodacus verreauxii,0.59,1,8.92
Carpodacus rodopeplus,0.59,1,8.92
Carpodacus vinaceus,0.51,0.96,8.88
Carpodacus formosanus,0.59,1,8.92
Carpodacus synoicus,0.53,0.94,8.82
Carpodacus stoliczkae,0.59,1,8.92
Carpodacus roborowskii,0.54,0.99,9.35
Carpodacus sillemi,0.55,1.01,9.49
Carpodacus rubicilloides,0.54,1.08,10.11
Carpodacus rubicilla,0.55,1.09,10.4
Carpodacus sibiricus,0.46,0.91,8.95
Carpodacus puniceus,0.55,1.1,10.36
Carpodacus subhimachalus,0.56,1.1,10.2
Carpodacus roseus,0.48,1,10.05
Carpodacus trifasciatus,0.52,0.99,9.27
Carpodacus thura,0.53,1.02,9.49
Carpodacus dubius,0.59,1,8.92
Pinicola enucleator,0.56,1.08,11.76
Pyrrhula nipalensis,0.62,1.22,13.39
Pyrrhula waterstradti,0.43,1,17.5
Pyrrhula leucogenis,0.6,1.02,12.07
Pyrrhula aurantiaca,0.47,0.94,13.06
Pyrrhula erythrocephala,0.49,0.97,13.27
Pyrrhula erythaca,0.47,0.94,12.92
Pyrrhula murina,0.53,1.03,14.35
Pyrrhula pyrrhula,0.48,1,13.13
Rhodopechys alienus,0.59,1,9.97
Rhodopechys sanguineus,0.55,1.03,10.94
Bucanetes githagineus,0.51,0.98,9.01
Bucanetes mongolicus,0.51,0.99,9.65
Agraphospiza rubescens,0.52,1.04,9.83
Callacanthis burtoni,0.58,1.14,10.78
Pyrrhoplectes epauletta,0.5,0.97,9.15
Procarduelis nipalensis,0.6,1.09,9.19
Leucosticte nemoricola,0.55,1.01,7.83
Leucosticte brandti,0.47,0.95,7.28
Leucosticte arctoa,0.49,0.99,7.65
Leucosticte tephrocotis,0.54,1.04,8.98
Leucosticte atrata,0.57,1.01,7.26
Leucosticte australis,0.52,0.97,7.69
Haemorhous mexicanus,0.52,0.98,9.96
Haemorhous cassinii,0.51,1.02,10.54
Haemorhous purpureus,0.5,1,10.58
Rhodospiza obsoleta,0.53,0.99,9.9
Rhynchostruthus socotranus,0.58,1.05,9.5
Rhynchostruthus louisae,0.58,1.05,9.45
Rhynchostruthus percivali,0.57,1.05,9.6
Chloris chloris,0.48,0.99,11.38
Chloris sinica,0.53,1.04,10.98
Chloris spinoides,0.51,1,10.31
Chloris monguilloti,0.53,0.91,9.42
Chloris ambigua,0.52,1.01,10.08
Linurgus olivaceus,0.57,0.99,8.69
Crithagra citrinelloides,0.51,0.87,8.11
Crithagra frontalis,0.52,0.86,7.88
Crithagra hyposticta,0.56,0.91,8.13
Crithagra capistrata,0.52,0.9,8.36
Crithagra koliensis,0.52,0.88,8.02
Crithagra scotops,0.53,0.92,8.72
Crithagra leucopygia,0.54,0.87,7.91
Crithagra atrogularis,0.53,0.88,8.19
Crithagra reichenowi,0.59,1.14,9.97
Crithagra xanthopygia,0.56,0.94,8.47
Crithagra rothschildi,0.54,0.92,8.45
Crithagra flavigula,0.57,0.94,8.4
Crithagra xantholaema,0.55,0.89,7.92
Crithagra citrinipectus,0.48,0.85,8.18
Crithagra mozambica,0.56,0.89,7.88
Crithagra donaldsoni,0.6,1.02,9.04
Crithagra buchanani,0.57,0.94,8.27
Crithagra flaviventris,0.54,0.95,8.86
Crithagra dorsostriata,0.58,0.93,8.18
Crithagra sulphurata,0.6,1.05,9.53
Crithagra albogularis,0.57,1.04,9.81
Crithagra striatipectus,0.59,1.14,9.97
Crithagra reichardi,0.59,1.14,9.97
Crithagra canicapilla,0.59,1.14,9.97
Crithagra gularis,0.59,1.14,9.97
Crithagra mennelli,0.56,0.94,8.52
Crithagra tristriata,0.56,0.94,8.43
Crithagra ankoberensis,0.56,0.93,8.37
Crithagra menachensis,0.55,0.94,8.55
Crithagra striolata,0.65,1.05,8.68
Crithagra burtoni,0.62,1.07,9.35
Crithagra melanochroa,0.57,0.94,8.37
Crithagra rufobrunnea,0.61,1.03,9.06
Crithagra concolor,0.72,1.22,9.55
Crithagra leucoptera,0.55,1,9.56
Crithagra totta,0.52,0.91,8.7
Crithagra symonsi,0.54,0.94,8.89
Linaria flavirostris,0.43,0.96,7.98
Linaria cannabina,0.44,1,8.59
Linaria yemenensis,0.49,0.96,7.34
Linaria johannis,0.5,0.95,7.15
Acanthis flammea,0.43,0.95,10.57
Loxia pytyopsittacus,0.57,1.09,9.38
Loxia scotica,0.56,1.04,8.88
Loxia curvirostra,0.55,1.02,8.52
Loxia leucoptera,0.51,0.93,8.02
Loxia megaplaga,0.53,0.95,6.31
Chrysocorythus estherae,0.59,1.14,9.97
Chrysocorythus mindanensis,0.59,1.14,9.97
Carduelis carduelis,0.47,0.99,8.78
Carduelis caniceps,0.48,1,7.7
Carduelis citrinella,0.47,0.97,8.37
Carduelis corsicana,0.52,0.99,7.44
Serinus serinus,0.55,0.96,10.54
Serinus canaria,0.63,1.11,11.61
Serinus syriacus,0.53,0.93,9.88
Serinus pusillus,0.53,0.93,10.03
Serinus alario,0.58,0.96,10.06
Serinus canicollis,0.6,1,10.48
Serinus flavivertex,0.64,0.99,9.57
Serinus nigriceps,0.63,1,9.97
Spinus thibetanus,0.45,0.95,9.09
Spinus spinus,0.45,1.01,10.33
Spinus pinus,0.47,1.04,10.3
Spinus tristis,0.41,0.92,9.32
Spinus psaltria,0.48,0.96,8.88
Spinus lawrencei,0.42,0.93,8.96
Spinus atriceps,0.52,1,9.16
Spinus spinescens,0.52,0.97,8.63
Spinus yarrellii,0.64,1.12,8.99
Spinus cucullatus,0.51,0.94,8.46
Spinus crassirostris,0.5,1.07,9.94
Spinus magellanicus,0.51,1,9.31
Spinus dominicensis,0.55,1.12,9.62
Spinus siemiradzkii,0.55,1.03,9.09
Spinus olivaceus,0.54,1.03,9.27
Spinus notatus,0.56,1.13,9.66
Spinus xanthogastrus,0.55,1.12,9.05
Spinus atratus,0.52,1.03,9.61
Spinus uropygialis,0.47,1.01,9.62
Spinus barbatus,0.46,1.03,10.09
Calcarius lapponicus,0.67,1.01,6.71
Calcarius ornatus,0.56,0.85,5.81
Calcarius pictus,0.67,1.03,6.43
Rhynchophanes mccownii,0.56,1.09,11.04
Plectrophenax nivalis,0.61,1.01,10.54
Plectrophenax hyperboreus,0.63,1.06,10.8
Rhodinocichla rosea,0.72,1.41,10.8
Emberiza affinis,0.59,0.92,7.03
Emberiza lathami,0.54,1.01,7.82
Emberiza melanocephala,0.55,1.06,8.67
Emberiza bruniceps,0.52,1,8.39
Emberiza calandra,0.57,1.14,9.4
Emberiza fucata,0.53,0.99,8.26
Emberiza koslowi,0.59,0.99,8.02
Emberiza jankowskii,0.55,0.98,8.26
Emberiza cia,0.54,1.03,8.39
Emberiza cioides,0.54,0.97,8.1
Emberiza godlewskii,0.56,0.98,8.11
Emberiza buchanani,0.51,0.97,8.09
Emberiza cineracea,0.55,1.01,7.42
Emberiza hortulana,0.55,1.03,7.09
Emberiza caesia,0.56,1.01,7.33
Emberiza cirlus,0.6,1.08,8.83
Emberiza stewarti,0.51,0.95,7.75
Emberiza citrinella,0.56,1.07,9.35
Emberiza leucocephalos,0.53,1.02,9.04
Emberiza cabanisi,0.64,1.17,8.1
Emberiza flaviventris,0.62,1.1,7.75
Emberiza poliopleura,0.61,1.07,7.36
Emberiza capensis,0.61,1.08,8.23
Emberiza impetuani,0.56,0.98,7.52
Emberiza socotrana,0.58,0.91,7
Emberiza sahari,0.54,1,8.54
Emberiza striolata,0.54,1,8.54
Emberiza goslingi,0.54,1,8.54
Emberiza tahapisi,0.54,1,8.54
Emberiza elegans,0.5,0.89,7.45
Emberiza siemsseni,0.63,1.04,7.48
Emberiza yessoensis,0.57,1.01,8.44
Emberiza schoeniclus,0.5,0.94,8.27
Emberiza pallasi,0.5,0.93,8.25
Emberiza aureola,0.53,0.99,8.71
Emberiza rustica,0.49,0.92,8.42
Emberiza pusilla,0.46,0.86,7.92
Emberiza spodocephala,0.54,1.01,6.99
Emberiza personata,0.54,1,8.54
Emberiza sulphurata,0.51,0.94,7.63
Emberiza rutila,0.56,1.04,7.18
Emberiza chrysophrys,0.52,0.97,8.58
Emberiza tristrami,0.5,0.94,8.01
Emberiza variabilis,0.54,1.03,8.63
Spizella passerina,0.46,0.98,8.82
Spizella pallida,0.46,0.96,8.83
Spizella atrogularis,0.58,1.1,8
Spizella pusilla,0.44,0.95,8.38
Spizella breweri,0.53,1.05,8.24
Spizella wortheni,0.52,1.02,8.34
Amphispiza bilineata,0.58,1.02,6.4
Amphispiza quinquestriata,0.6,1.07,6
Chondestes grammacus,0.51,1.04,9.24
Calamospiza melanocorys,0.52,1.01,7.18
Rhynchospiza stolzmanni,0.61,1.13,7.83
Rhynchospiza strigiceps,0.62,1.14,8.49
Peucaea sumichrasti,0.62,1.1,5.58
Peucaea carpalis,0.51,0.9,5.99
Peucaea ruficauda,0.63,1.19,5.8
Peucaea humeralis,0.6,1.1,5.5
Peucaea mystacalis,0.59,1.09,5.4
Peucaea botterii,0.59,1.06,5.38
Peucaea cassinii,0.56,1.01,5.38
Peucaea aestivalis,0.56,1.02,5.43
Arremonops rufivirgatus,0.6,1.13,8.13
Arremonops tocuyensis,0.66,1.28,8.67
Arremonops chloronotus,0.64,1.22,8.54
Arremonops conirostris,0.69,1.39,9.12
Ammodramus savannarum,0.46,1,8.49
Ammodramus humeralis,0.46,0.99,9.4
Ammodramus aurifrons,0.55,1.09,9.65
Oreothraupis arremonops,0.74,1.38,10.83
Chlorospingus flavopectus,0.66,1.21,7.96
Chlorospingus tacarcunae,0.66,1.09,7.9
Chlorospingus inornatus,0.68,1.15,9.13
Chlorospingus semifuscus,0.63,1.18,9.14
Chlorospingus pileatus,0.69,1.25,9.31
Chlorospingus parvirostris,0.63,1.1,8.21
Chlorospingus hypophaeus,0.59,1.14,9.97
Chlorospingus flavigularis,0.59,1.14,9.97
Chlorospingus canigularis,0.66,1.05,8.27
Arremon crassirostris,0.65,1.17,9.75
Arremon castaneiceps,0.7,1.21,9.56
Arremon brunneinucha,0.73,1.44,10.55
Arremon virenticeps,0.68,1.23,10.15
Arremon costaricensis,0.59,1.14,9.97
Arremon assimilis,0.59,1.14,9.97
Arremon basilicus,0.59,1.14,9.97
Arremon perijanus,0.59,1.14,9.97
Arremon torquatus,0.59,1.14,9.97
Arremon atricapillus,0.59,1.14,9.97
Arremon phaeopleurus,0.59,1.14,9.97
Arremon phygas,0.59,1.14,9.97
Arremon flavirostris,0.66,1.13,9.3
Arremon axillaris,0.59,1.14,9.97
Arremon taciturnus,0.59,1.14,9.97
Arremon semitorquatus,0.66,1.15,9.49
Arremon franciscanus,0.66,1.12,9.09
Arremon abeillei,0.68,1.13,8.91
Arremon nigriceps,0.59,1.14,9.97
Arremon aurantiirostris,0.72,1.38,10.11
Arremon schlegeli,0.67,1.14,9.16
Pipilo ocai,0.63,1.25,10.33
Pipilo chlorurus,0.55,1.08,9.71
Pipilo maculatus,0.59,1.19,10.63
Pipilo socorroensis,0.55,1.17,10.33
Pipilo erythrophthalmus,0.59,1.19,10.56
Pipilo naufragus,0.55,1.17,10.33
Pselliophorus tibialis,0.71,1.34,9.97
Pselliophorus luteoviridis,0.68,1.16,9.27
Atlapetes pileatus,0.65,1.11,9.17
Atlapetes meridae,0.59,1.14,9.97
Atlapetes albofrenatus,0.59,1.14,9.97
Atlapetes semirufus,0.68,1.17,9.32
Atlapetes personatus,0.69,1.18,9.34
Atlapetes albinucha,0.7,1.32,10.01
Atlapetes melanocephalus,0.67,1.12,9.01
Atlapetes pallidinucha,0.7,1.19,9.39
Atlapetes flaviceps,0.69,1.19,9.37
Atlapetes fuscoolivaceus,0.69,1.18,9.25
Atlapetes crassus,0.59,1.14,9.97
Atlapetes tricolor,0.59,1.14,9.97
Atlapetes leucopis,0.7,1.18,9.2
Atlapetes nigrifrons,0.59,1.14,9.97
Atlapetes latinuchus,0.59,1.14,9.97
Atlapetes blancae,0.59,1.14,9.97
Atlapetes rufigenis,0.68,1.18,9.4
Atlapetes forbesi,0.68,1.18,9.52
Atlapetes melanopsis,0.68,1.18,9.48
Atlapetes schistaceus,0.68,1.15,9.07
Atlapetes taczanowskii,0.59,1.14,9.97
Atlapetes leucopterus,0.67,1.08,8.54
Atlapetes paynteri,0.59,1.14,9.97
Atlapetes albiceps,0.69,1.18,9.31
Atlapetes pallidiceps,0.69,1.18,9.27
Atlapetes seebohmi,0.69,1.18,9.34
Atlapetes nationi,0.69,1.24,10
Atlapetes canigenis,0.68,1.18,9.49
Atlapetes terborghi,0.68,1.16,9.39
Atlapetes melanolaemus,0.66,1.13,9.15
Atlapetes rufinucha,0.65,1.09,8.89
Atlapetes fulviceps,0.66,1.15,9.44
Atlapetes citrinellus,0.65,1.15,9.56
Pezopetes capitalis,0.76,1.57,11.54
Torreornis inexpectata,0.72,1.35,10.41
Melozone kieneri,0.62,1.03,10.11
Melozone fusca,0.58,1,11.49
Melozone albicollis,0.61,1.03,10.08
Melozone crissalis,0.59,1.04,12.12
Melozone aberti,0.62,1.08,10.07
Melozone biarcuata,0.63,1.02,9.73
Melozone cabanisi,0.58,1,11.4
Melozone occipitalis,0.58,1,11.4
Melozone leucotis,0.58,1,11.4
Aimophila rufescens,0.66,1.31,7.55
Aimophila ruficeps,0.57,1.01,7.02
Aimophila notosticta,0.62,1.12,6.64
Junco vulcani,0.64,1.23,9.51
Junco hyemalis,0.49,0.98,9.44
Junco insularis,0.46,1,8.68
Junco phaeonotus,0.55,1.03,8.69
Junco bairdi,0.46,1,8.68
Zonotrichia capensis,0.52,1.01,9.21
Zonotrichia querula,0.51,1.04,11.55
Zonotrichia albicollis,0.48,0.97,10.31
Zonotrichia leucophrys,0.49,1,10.79
Zonotrichia atricapilla,0.5,1.02,11.18
Passerella iliaca,0.58,1.12,11.31
Passerella unalaschcensis,0.51,1,10.47
Passerella schistacea,0.51,1,10.47
Passerella megarhyncha,0.51,1,10.33
Passerella arborea,0.49,0.91,9.56
Ammospiza leconteii,0.51,0.84,8.63
Ammospiza maritima,0.65,1.06,8.14
Ammospiza nelsoni,0.63,1,8.99
Ammospiza caudacuta,0.58,0.98,7.55
Artemisiospiza nevadensis,0.59,1,7
Artemisiospiza belli,0.59,1,9.25
Pooecetes gramineus,0.55,1.03,9.07
Oriturus superciliosus,0.67,1.27,10.31
Passerculus sandwichensis,0.56,1.02,7.29
Passerculus guttatus,0.58,1,6
Passerculus sanctorum,0.58,1,6
Passerculus rostratus,0.58,1,6
Passerculus bairdii,0.56,1,7
Passerculus henslowii,0.55,0.99,5.96
Xenospiza baileyi,0.63,1.05,8.64
Melospiza melodia,0.56,1.14,10.17
Melospiza lincolnii,0.46,0.95,8.72
Melospiza georgiana,0.45,0.94,8.59
Zeledonia coronata,0.68,1.27,8.5
Teretistris fernandinae,0.61,1.05,7.53
Teretistris fornsi,0.61,1.05,7.46
Icteria virens,0.56,1.04,8.87
Xanthocephalus xanthocephalus,0.66,1.11,11.37
Dolichonyx oryzivorus,0.61,1.03,9
Sturnella neglecta,0.62,1.08,12.36
Sturnella magna,0.58,1.04,10.34
Leistes militaris,0.7,1.36,9.99
Leistes superciliaris,0.63,1.24,10.16
Leistes bellicosus,0.67,1.31,10.17
Leistes defilippii,0.64,1.27,10.87
Leistes loyca,0.68,1.49,13.01
Amblycercus holosericeus,0.75,1.61,10.71
Cassiculus melanicterus,0.72,1.54,10.93
Psarocolius wagleri,0.79,1.85,13.79
Psarocolius atrovirens,0.76,1.63,11.88
Psarocolius angustifrons,0.83,2.15,15.39
Psarocolius oleagineus,0.59,1.14,9.97
Psarocolius decumanus,0.77,2.01,15.16
Psarocolius viridis,0.81,1.84,12.96
Psarocolius yuracares,0.59,1.14,9.97
Psarocolius bifasciatus,0.59,1.14,9.97
Psarocolius montezuma,0.82,2.12,16.07
Psarocolius guatimozinus,0.81,1.92,15.12
Psarocolius cassini,0.81,1.9,14.96
Cacicus solitarius,0.64,1.65,11.12
Cacicus chrysopterus,0.55,1.28,10.43
Cacicus sclateri,0.61,1.28,10
Cacicus koepckeae,0.62,1.38,10
Cacicus microrhynchus,0.65,1.14,9.97
Cacicus pacificus,0.65,1.14,9.97
Cacicus uropygialis,0.65,1.14,9.97
Cacicus flavicrissus,0.65,1.14,9.97
Cacicus cela,0.75,1.14,9.97
Cacicus leucoramphus,0.65,1.14,9.97
Cacicus chrysonotus,0.65,1.14,9.97
Cacicus haemorrhous,0.67,1.67,11.08
Cacicus oseryi,0.67,1.6,11.42
Cacicus latirostris,0.65,1.49,10.63
Icterus parisorum,0.65,1.38,9.6
Icterus graduacauda,0.65,1.31,9.14
Icterus chrysater,0.72,1.55,9.89
Icterus leucopteryx,0.65,1.26,9.57
Icterus auratus,0.67,1.18,9.77
Icterus gularis,0.68,1.44,9.75
Icterus nigrogularis,0.64,1.42,10.39
Icterus galbula,0.58,1.2,9.18
Icterus abeillei,0.64,1.22,9.17
Icterus bullockiorum,0.59,1.24,9.24
Icterus pustulatus,0.66,1.33,9.03
Icterus mesomelas,0.7,1.46,9.36
Icterus pectoralis,0.69,1.45,9.51
Icterus graceannae,0.73,1.49,10.27
Icterus jamacaii,0.72,1.38,11.15
Icterus icterus,0.72,1.5,10.73
Icterus croconotus,0.66,1.38,10.88
Icterus maculialatus,0.68,1.22,9.94
Icterus wagleri,0.64,1.43,11.03
Icterus cucullatus,0.59,1.16,9.23
Icterus prosthemelas,0.59,1.27,9.79
Icterus spurius,0.58,1.11,9.07
Icterus fuertesi,0.64,1.3,9.9
Icterus northropi,0.64,1.3,9.9
Icterus melanopsis,0.64,1.3,9.9
Icterus bonana,0.67,1.29,9.5
Icterus portoricensis,0.64,1.3,9.9
Icterus oberi,0.72,1.48,9.62
Icterus dominicensis,0.63,1.39,10.63
Icterus laudabilis,0.73,1.47,10.47
Icterus auricapillus,0.68,1.18,9.5
Icterus chrysocephalus,0.64,1.3,9.9
Icterus cayanensis,0.64,1.3,9.9
Icterus pyrrhopterus,0.64,1.3,9.9
Nesopsar nigerrimus,0.72,1.41,10.84
Agelaius humeralis,0.6,1.29,13.12
Agelaius xanthomus,0.67,1.46,11.48
Agelaius tricolor,0.65,1.46,12.66
Agelaius phoeniceus,0.69,1.51,14.67
Agelaius assimilis,0.66,1.47,14.62
Molothrus rufoaxillaris,0.49,0.96,9.74
Molothrus oryzivorus,0.67,1.51,12.73
Molothrus bonariensis,0.64,1.3,8.93
Molothrus ater,0.51,1.03,10.46
Molothrus aeneus,0.58,1.13,9.25
Molothrus armenti,0.46,1,9.97
Dives dives,0.71,1.51,10.75
Dives warczewiczi,0.71,1.54,11.92
Ptiloxena atroviolacea,0.66,1.5,12.43
Euphagus carolinus,0.51,1.02,10.55
Euphagus cyanocephalus,0.55,1.08,10.98
Quiscalus quiscula,0.59,0.99,14.07
Quiscalus lugubris,0.7,1.12,12.06
Quiscalus nicaraguensis,0.67,1.04,12.5
Quiscalus niger,0.7,1.08,13.86
Quiscalus major,0.74,1.25,16.64
Quiscalus mexicanus,0.68,1.18,13.88
Quiscalus palustris,0.5,1,16.17
Lampropsar tanagrinus,0.76,1.51,11.93
Hypopyrrhus pyrohypogaster,0.82,2.04,14.84
Gymnomystax mexicanus,0.69,1.61,12.19
Macroagelaius subalaris,0.76,1.51,11.93
Macroagelaius imthurni,0.74,1.4,11
Amblyramphus holosericeus,0.66,1.35,11.12
Curaeus curaeus,0.69,1.51,12.26
Anumara forbesi,0.71,1.64,12.75
Gnorimopsar chopi,0.66,1.29,10.52
Agelaioides badius,0.63,1.22,9.27
Agelaioides fringillarius,0.59,1.14,9.97
Oreopsar bolivianus,0.72,1.48,11.63
Agelasticus thilius,0.7,1.37,11.55
Agelasticus cyanopus,0.61,1.22,10.98
Agelasticus xanthophthalmus,0.66,1.24,9.38
Chrysomus icterocephalus,0.65,1.22,10.24
Chrysomus ruficapillus,0.6,1.19,10.68
Xanthopsar flavus,0.64,1.25,9.47
Pseudoleistes guirahuro,0.71,1.47,11.93
Pseudoleistes virescens,0.68,1.45,12.22
Seiurus aurocapilla,0.55,1.01,9.4
Helmitheros vermivorum,0.54,0.99,7.82
Parkesia motacilla,0.54,1,8.12
Parkesia noveboracensis,0.55,1,8.58
Vermivora bachmanii,0.57,1.09,8.46
Vermivora chrysoptera,0.53,1.01,8.03
Vermivora cyanoptera,0.48,0.94,7.54
Mniotilta varia,0.52,0.98,9.24
Protonotaria citrea,0.5,0.98,7.71
Limnothlypis swainsonii,0.57,1.04,9.16
Oreothlypis superciliosa,0.54,1.04,7.32
Oreothlypis gutturalis,0.56,1.09,7.3
Leiothlypis peregrina,0.39,0.91,7.07
Leiothlypis celata,0.45,1.03,7.72
Leiothlypis crissalis,0.48,1.07,7.11
Leiothlypis luciae,0.43,0.96,6.68
Leiothlypis ruficapilla,0.45,1,7.33
Leiothlypis virginiae,0.47,1.05,7.27
Leucopeza semperi,0.65,1.07,8.68
Oporornis agilis,0.51,0.99,6.18
Geothlypis poliocephala,0.61,1.13,8.64
Geothlypis chiriquensis,0.51,1,9.31
Geothlypis auricularis,0.51,1,9.31
Geothlypis aequinoctialis,0.51,1,9.31
Geothlypis tolmiei,0.49,0.94,8.4
Geothlypis philadelphia,0.52,1,8.9
Geothlypis formosa,0.51,1,8.51
Geothlypis bairdi,0.51,1,9.31
Geothlypis semiflava,0.51,1,9.31
Geothlypis speciosa,0.53,0.94,8.01
Geothlypis beldingi,0.61,1.14,9.06
Geothlypis rostrata,0.66,1.22,10.47
Geothlypis flavovelata,0.53,0.94,8.08
Geothlypis trichas,0.57,1.05,9.25
Geothlypis nelsoni,0.58,0.98,8.05
Catharopeza bishopi,0.64,1.05,7.65
Setophaga plumbea,0.6,1.15,7.8
Setophaga angelae,0.6,1.14,7.66
Setophaga pharetra,0.57,1.1,7.63
Setophaga citrina,0.5,1.03,7.84
Setophaga ruticilla,0.48,0.99,7.82
Setophaga kirtlandii,0.5,1.05,8.35
Setophaga tigrina,0.39,0.84,7.26
Setophaga cerulea,0.49,1,7.74
Setophaga americana,0.46,0.94,7.32
Setophaga pitiayumi,0.49,1,8.19
Setophaga graysoni,0.49,1,8.19
Setophaga magnolia,0.48,0.98,7.93
Setophaga castanea,0.49,1.02,8.31
Setophaga fusca,0.5,1.02,8.05
Setophaga petechia,0.48,0.99,8.03
Setophaga pensylvanica,0.49,1.01,7.99
Setophaga striata,0.49,1.02,8.52
Setophaga caerulescens,0.5,1.03,8.05
Setophaga palmarum,0.48,0.99,8.12
Setophaga pityophila,0.6,1.14,7.87
Setophaga pinus,0.51,1.06,8.09
Setophaga auduboni,0.44,1,10
Setophaga coronata,0.47,1,10
Setophaga dominica,0.5,1.02,7.69
Setophaga flavescens,0.49,1,5.1
Setophaga vitellina,0.59,1.1,7.49
Setophaga discolor,0.48,0.97,7.35
Setophaga adelaidae,0.57,1.07,7.32
Setophaga subita,0.58,1.09,7.43
Setophaga delicata,0.58,1.08,7.29
Setophaga graciae,0.53,1.06,7.65
Setophaga nigrescens,0.49,1,7.67
Setophaga townsendi,0.49,1,8.15
Setophaga occidentalis,0.5,1.03,8
Setophaga chrysoparia,0.5,1.02,7.59
Setophaga virens,0.49,1,7.93
Myiothlypis luteoviridis,0.59,1.14,9.97
Myiothlypis striaticeps,0.59,1.14,9.97
Myiothlypis euophrys,0.59,1.14,9.97
Myiothlypis basilica,0.63,1.02,7.4
Myiothlypis leucophrys,0.6,1.04,8
Myiothlypis flaveola,0.61,1.07,7.48
Myiothlypis leucoblephara,0.54,1,7.93
Myiothlypis signata,0.61,0.99,7.31
Myiothlypis nigrocristata,0.65,1.03,7.28
Myiothlypis fulvicauda,0.66,1.19,7.78
Myiothlypis mesoleuca,0.59,1.14,9.97
Myiothlypis rivularis,0.59,1.14,9.97
Myiothlypis roraimae,0.59,1.14,9.97
Myiothlypis bivittata,0.59,1.14,9.97
Myiothlypis chlorophrys,0.59,1.14,9.97
Myiothlypis chrysogaster,0.59,1.14,9.97
Myiothlypis conspicillata,0.59,1.03,7.2
Myiothlypis cinereicollis,0.63,1.02,7.33
Myiothlypis fraseri,0.63,0.99,7.08
Myiothlypis coronata,0.65,1.06,7.58
Basileuterus lachrymosus,0.66,1.16,8.6
Basileuterus rufifrons,0.62,1.07,7.47
Basileuterus melanogenys,0.65,1.14,7.61
Basileuterus ignotus,0.62,0.98,7.1
Basileuterus belli,0.61,0.98,7.27
Basileuterus culicivorus,0.59,1.03,7.27
Basileuterus cabanisi,0.59,1.14,9.97
Basileuterus auricapilla,0.59,1.14,9.97
Basileuterus hypoleucus,0.61,0.99,7.34
Basileuterus trifasciatus,0.62,0.96,6.9
Basileuterus tristriatus,0.65,1.14,7.44
Basileuterus griseiceps,0.63,1.02,7.39
Cardellina canadensis,0.51,1.04,6.78
Cardellina pusilla,0.44,0.89,6.15
Cardellina rubrifrons,0.52,1.03,6.19
Cardellina rubra,0.52,1.03,5.97
Cardellina versicolor,0.59,1.12,6.27
Myioborus pictus,0.47,0.96,6.63
Myioborus miniatus,0.63,1.19,7.2
Myioborus brunniceps,0.59,0.98,6.84
Myioborus flavivertex,0.67,1.36,8.27
Myioborus albifrons,0.66,1.14,7.61
Myioborus chrysops,0.59,1,6.6
Myioborus ornatus,0.59,1,6.6
Myioborus melanocephalus,0.64,1.24,7.5
Myioborus torquatus,0.62,1.18,7.22
Myioborus pariae,0.65,1.12,7.51
Myioborus albifacies,0.65,1.08,7.19
Myioborus cardonai,0.66,1.12,7.42
Myioborus castaneocapilla,0.63,1.01,6.73
Phaenicophilus palmarum,0.68,1.32,9.23
Phaenicophilus poliocephalus,0.67,1.27,9
Xenoligea montana,0.65,1.14,8.42
Microligea palustris,0.65,1.16,8.06
Spindalis zena,0.63,1.28,10.42
Spindalis dominicensis,0.62,1.27,10.32
Spindalis portoricensis,0.62,1.29,10.47
Spindalis nigricephala,0.66,1.43,11.48
Nesospingus speculiferus,0.69,1.35,6.63
Calyptophilus tertius,0.59,1.14,9.97
Calyptophilus frugivorus,0.59,1.14,9.97
Lamprospiza melanoleuca,0.72,1.37,10.04
Mitrospingus cassinii,0.73,1.42,10.4
Mitrospingus oleagineus,0.7,1.24,9.77
Orthogonys chloricterus,0.68,1.26,9.45
Pheucticus chrysopeplus,0.64,1.13,12.72
Pheucticus tibialis,0.72,1.26,12.54
Pheucticus chrysogaster,0.64,1.06,11.57
Pheucticus aureoventris,0.59,1.03,11.58
Pheucticus ludovicianus,0.59,1,12.1
Pheucticus melanocephalus,0.61,1.09,11.23
Granatellus venustus,0.61,0.98,7.29
Granatellus francescae,0.59,1.14,9.97
Granatellus sallaei,0.6,0.96,7.16
Granatellus pelzelni,0.59,0.95,7.05
Granatellus paraensis,0.59,1.14,9.97
Spiza americana,0.54,1.02,7.05
Passerina cyanea,0.51,1.04,10.74
Passerina caerulea,0.61,1.24,11.05
Passerina amoena,0.54,1.07,10.01
Passerina rositae,0.55,1.08,10.4
Passerina leclancherii,0.53,1.01,9.77
Passerina versicolor,0.55,1.09,8.48
Passerina ciris,0.52,1.05,10.57
Cyanocompsa parellina,0.62,1.21,10.11
Amaurospiza relicta,0.59,1.14,9.97
Amaurospiza moesta,0.61,1.08,9.32
Cyanoloxia cyanoides,0.6,1.14,9.97
Cyanoloxia rothschildii,0.61,1.14,9.97
Cyanoloxia brissonii,0.62,1.27,10.24
Cyanoloxia glaucocaerulea,0.58,1.05,8.9
Habia fuscicauda,0.68,1.31,9.24
Habia gutturalis,0.71,1.39,9.22
Habia atrimaxillaris,0.71,1.31,9.45
Habia cristata,0.7,1.24,8.9
Habia rubica,0.69,1.33,8.93
Habia carmioli,0.69,1.14,9.97
Habia frenata,0.69,1.14,9.97
Habia olivacea,0.66,1.2,8.97
Habia stolzmanni,0.7,1.5,11.05
Piranga roseogularis,0.63,0.98,8.02
Piranga erythrocephala,0.61,0.94,8.54
Piranga rubriceps,0.68,1.06,8.26
Piranga leucoptera,0.62,0.88,7.7
Piranga olivacea,0.58,1.03,8.89
Piranga rubra,0.59,1.04,8.67
Piranga bidentata,0.63,1.18,10.5
Piranga ludoviciana,0.56,0.99,8.89
Piranga hepatica,0.57,1,8.65
Piranga flava,0.57,1,8.65
Cardinalis cardinalis,0.77,1.02,11.46
Cardinalis phoeniceus,0.82,1.03,10.49
Cardinalis sinuatus,0.77,1.06,11.36
Caryothraustes poliogaster,0.64,1.36,10.91
Caryothraustes canadensis,0.67,1.33,10.2
Caryothraustes celaeno,0.71,1.48,11.67
Caryothraustes erythromelas,0.72,1.27,9.95
Catamblyrhynchus diadema,0.64,1.03,7.39
Charitospiza eucosma,0.58,0.86,7.03
Orchesticus abeillei,0.71,1.38,9.68
Parkerthraustes humeralis,0.67,1.35,10.52
Nemosia pileata,0.66,1.21,8.08
Nemosia rourei,0.63,1.06,6.94
Cyanicterus cyanicterus,0.7,1.22,8.71
Sericossypha albocristata,0.76,1.54,10.9
Compsothraupis loricata,0.73,1.41,10.24
Coryphaspiza melanotis,0.63,1.02,8.42
Embernagra platensis,0.64,1.21,10.57
Embernagra longicauda,0.69,1.24,10.08
Emberizoides ypiranganus,0.58,1.03,9.03
Emberizoides herbicola,0.71,1.32,9.99
Emberizoides duidae,0.67,1.11,8.73
Incaspiza pulchra,0.67,1.14,9.17
Incaspiza personata,0.68,1.18,9.47
Incaspiza ortizi,0.69,1.18,9.36
Incaspiza laeta,0.66,1.09,8.73
Incaspiza watkinsi,0.66,1.08,8.55
Rhopospina fruticeti,0.54,1.12,10.62
Porphyrospiza caerulescens,0.6,0.93,7.57
Corydospiza alaudina,0.56,1.02,9.41
Corydospiza carbonaria,0.48,0.96,9.29
Chlorophanes spiza,0.63,1.26,9.44
Iridophanes pulcherrimus,0.62,1.2,9.15
Chrysothlypis salmoni,0.64,1.01,7.22
Chrysothlypis chrysomelas,0.63,0.99,7.92
Heterospingus rubrifrons,0.69,1.22,9.71
Heterospingus xanthopygius,0.7,1.25,8.95
Hemithraupis flavicollis,0.64,1.01,7.25
Hemithraupis guira,0.6,1,7.25
Hemithraupis ruficapilla,0.6,0.98,7.35
Tersina viridis,0.58,1.26,9.94
Cyanerpes caeruleus,0.55,1.08,13.02
Cyanerpes cyaneus,0.61,1.18,11.6
Cyanerpes nitidus,0.56,0.92,11.28
Cyanerpes lucidus,0.6,1.14,11.58
Dacnis berlepschi,0.61,1.1,8.44
Dacnis venusta,0.62,1.22,9.23
Dacnis cayana,0.61,1.09,8.19
Dacnis flaviventer,0.61,1.1,8.58
Dacnis hartlaubi,0.54,0.92,7.18
Dacnis egregia,0.59,1.14,9.97
Dacnis lineata,0.59,1.14,9.97
Dacnis viguieri,0.6,1.1,8.6
Dacnis nigripes,0.61,1,8.35
Dacnis albiventris,0.59,0.92,7.55
Saltator multicolor,0.64,1.1,9.16
Saltator atricollis,0.71,1.34,9.76
Saltator orenocensis,0.66,1.32,10.36
Saltator similis,0.69,1.28,9.52
Saltator grandis,0.59,1.14,9.97
Saltator olivascens,0.59,1.14,9.97
Saltator coerulescens,0.59,1.14,9.97
Saltator striatipectus,0.72,1.44,9.41
Saltator albicollis,0.7,1.4,9.65
Saltator maximus,0.73,1.49,9.76
Saltator atripennis,0.72,1.34,9.52
Saltator atriceps,0.76,1.67,11.42
Saltator nigriceps,0.72,1.32,9.42
Saltator fuliginosus,0.69,1.32,9.86
Saltator grossus,0.71,1.29,9.13
Saltator cinctus,0.72,1.31,9.33
Saltator maxillosus,0.66,1.32,9.95
Saltator aurantiirostris,0.68,1.27,9.62
Coereba flaveola,0.58,1.05,8.38
Tiaris olivaceus,0.54,0.91,8.11
Euneornis campestris,0.57,1.12,9.15
Pyrrhulagra portoricensis,0.66,1.25,11.94
Pyrrhulagra violacea,0.62,1.12,10.88
Pyrrhulagra nigra,0.64,1.14,15.58
Pyrrhulagra taylori,0.64,1.14,15.58
Loxipasser anoxanthus,0.59,0.98,7.89
Phonipara canora,0.56,0.94,8.45
Loxigilla barbadensis,0.59,0.99,8.39
Loxigilla noctis,0.61,1.06,8.41
Melanospiza richardsoni,0.69,1.25,7.05
Melanospiza bicolor,0.55,0.94,6.19
Asemospiza fuliginosa,0.52,0.91,7.14
Asemospiza obscura,0.53,0.88,6.75
Certhidea fusca,0.59,1.14,9.97
Certhidea olivacea,0.59,1.14,9.97
Platyspiza crassirostris,0.66,1.23,9.2
Pinaroloxias inornata,0.66,1.14,8.37
Geospiza difficilis,0.68,0.89,7.48
Geospiza psittacula,0.7,0.96,8.12
Geospiza pauper,0.69,0.93,7.91
Geospiza parvula,0.68,0.9,7.6
Geospiza heliobates,0.7,0.96,8.05
Geospiza pallida,0.72,1,8.46
Geospiza septentrionalis,0.76,1,9.97
Geospiza fuliginosa,0.66,0.92,7.73
Geospiza fortis,0.72,1.01,8.53
Geospiza acutirostris,0.76,1,9.97
Geospiza magnirostris,0.74,1.09,9.14
Geospiza conirostris,0.73,1.04,8.79
Geospiza scandens,0.71,1,8.44
Geospiza propinqua,0.76,1,9.97
Volatinia jacarina,0.59,1.04,7.79
Conothraupis speculigera,0.68,1.15,8.26
Conothraupis mesoleuca,0.67,1.15,8.43
Creurgops dentatus,0.65,1.09,8.02
Creurgops verticalis,0.68,1.14,8.15
Eucometis penicillata,0.7,1.34,8.81
Trichothraupis melanops,0.65,1.19,8.54
Islerothraupis cristata,0.66,1.06,8.4
Islerothraupis luctuosa,0.62,1.07,7.21
Islerothraupis rufiventer,0.66,1.06,8.49
Coryphospingus pileatus,0.64,1.02,8.17
Coryphospingus cucullatus,0.62,1.01,8.35
Maschalethraupis surinama,0.66,1.06,8.35
Rhodospingus cruentus,0.63,0.97,7.63
Chrysocorypha delatrii,0.68,1.21,8.95
Lanio versicolor,0.65,1.07,7.72
Lanio fulvus,0.68,1.14,8.1
Lanio aurantius,0.68,1.23,9.07
Lanio leucothorax,0.72,1.44,9.75
Tachyphonus phoenicius,0.66,1.32,7.18
Tachyphonus rufus,0.65,1.35,7.66
Tachyphonus coronatus,0.62,1.26,7.62
Ramphocelus sanguinolentus,0.69,1.32,9.99
Ramphocelus nigrogularis,0.69,1.17,9.27
Ramphocelus dimidiatus,0.71,1.32,9.51
Ramphocelus melanogaster,0.64,1.25,9.79
Ramphocelus carbo,0.7,1.3,9.35
Ramphocelus bresilius,0.7,1.31,9.93
Ramphocelus passerinii,0.71,1.36,10.02
Ramphocelus costaricensis,0.66,1.39,10.32
Ramphocelus flammigerus,0.66,1.4,10.27
Ramphocelus icteronotus,0.59,1.14,9
Sporophila bouvronides,0.43,0.81,9.18
Sporophila lineola,0.47,0.86,9.52
Sporophila torqueola,0.56,0.96,9.7
Sporophila morelleti,0.59,1.14,11.67
Sporophila corvina,0.51,0.87,9.62
Sporophila ophthalmica,0.59,1.14,11.68
Sporophila intermedia,0.53,0.89,9.67
Sporophila americana,0.54,0.89,9.54
Sporophila fringilloides,0.54,0.9,9.61
Sporophila murallae,0.53,0.87,9.36
Sporophila luctuosa,0.54,0.9,9.67
Sporophila caerulescens,0.46,0.86,9.71
Sporophila nigricollis,0.57,0.99,9.53
Sporophila ardesiaca,0.46,0.84,9.77
Sporophila funerea,0.61,1.07,10.38
Sporophila angolensis,0.53,0.91,9.83
Sporophila nuttingi,0.65,1.21,11.77
Sporophila maximiliani,0.52,0.98,11.21
Sporophila crassirostris,0.53,0.95,10.59
Sporophila atrirostris,0.54,0.99,11.13
Sporophila schistacea,0.54,0.9,9.66
Sporophila falcirostris,0.5,0.87,9.81
Sporophila frontalis,0.5,0.87,9.82
Sporophila plumbea,0.51,0.86,9.39
Sporophila beltoni,0.59,1.14,11.68
Sporophila collaris,0.47,0.88,10.26
Sporophila albogularis,0.51,0.86,9.31
Sporophila leucoptera,0.46,0.9,10.37
Sporophila peruviana,0.49,0.86,9.71
Sporophila telasco,0.47,0.82,9.24
Sporophila simplex,0.59,1.05,11.34
Sporophila castaneiventris,0.43,0.79,8.82
Sporophila minuta,0.56,0.93,9.01
Sporophila bouvreuil,0.47,0.84,9.2
Sporophila nigrorufa,0.51,0.87,9.69
Sporophila hypoxantha,0.41,0.82,9.64
Sporophila ruficollis,0.4,0.8,9.53
Sporophila iberaensis,0.59,1.14,11.68
Sporophila pileata,0.59,1.14,11.68
Sporophila hypochroma,0.45,0.86,9.79
Sporophila cinnamomea,0.4,0.81,9.69
Sporophila palustris,0.44,0.83,9.55
Sporophila melanogaster,0.4,0.82,9.69
Piezorina cinerea,0.69,1.18,9.33
Xenospingus concolor,0.6,1.04,8.84
Cnemoscopus rubrirostris,0.66,1.08,7.7
Cnemoscopus chrysogaster,0.59,1.14,9.97
Pseudospingus verticalis,0.65,1.03,7.33
Pseudospingus xanthophthalmus,0.63,1,7.28
Poospiza boliviana,0.66,1.15,9.43
Poospiza ornata,0.55,0.97,8.29
Poospiza whitii,0.59,1.14,9.97
Poospiza nigrorufa,0.59,1.14,9.97
Poospiza hispaniolensis,0.65,1.03,8.26
Poospiza rubecula,0.68,1.18,9.42
Poospiza baeri,0.62,1.13,9.83
Poospiza garleppi,0.69,1.26,10.29
Poospiza goeringi,0.65,1.07,7.73
Poospiza rufosuperciliaris,0.68,1.19,8.55
Kleinothraupis reyi,0.65,1.07,7.75
Kleinothraupis atropileus,0.59,1.14,9.97
Kleinothraupis auricularis,0.59,1.14,9.97
Kleinothraupis calophrys,0.65,1.1,8.08
Kleinothraupis parodii,0.66,1.12,8.19
Sphenopsis frontalis,0.66,1.07,7.59
Sphenopsis ochracea,0.59,1.14,9.97
Sphenopsis piurae,0.59,1.14,9.97
Sphenopsis melanotis,0.59,1.14,9.97
Thlypopsis fulviceps,0.63,1,7.25
Thlypopsis inornata,0.65,1.04,7.51
Thlypopsis sordida,0.66,1.15,8.82
Thlypopsis pyrrhocoma,0.62,1.05,7.95
Thlypopsis ruficeps,0.61,0.98,7.3
Thlypopsis superciliaris,0.64,1.03,7.36
Thlypopsis ornata,0.63,1,7.2
Thlypopsis pectoralis,0.64,1.04,7.59
Castanozoster thoracicus,0.57,0.97,8.11
Donacospiza albifrons,0.54,0.99,8.71
Cypsnagra hirundinacea,0.65,1.23,8.64
Poospizopsis hypocondria,0.61,1.09,9.03
Poospizopsis caesar,0.7,1.29,10.38
Urothraupis stolzmanni,0.67,1.1,8.66
Nephelornis oneilli,0.6,1.02,7.67
Microspingus lateralis,0.63,1.07,8.81
Microspingus cabanisi,0.62,1.07,8.98
Microspingus erythrophrys,0.61,1,8.33
Microspingus alticola,0.68,1.15,9.2
Microspingus torquatus,0.59,1.14,9.97
Microspingus pectoralis,0.59,1.14,9.97
Microspingus trifasciatus,0.63,1.03,7.56
Microspingus melanoleucus,0.61,0.99,8.28
Microspingus cinereus,0.61,0.97,7.9
Conirostrum margaritae,0.62,0.97,6.93
Conirostrum bicolor,0.63,0.95,7.45
Conirostrum speciosum,0.6,0.94,6.89
Conirostrum leucogenys,0.56,0.98,7.7
Conirostrum albifrons,0.65,1.04,7.45
Conirostrum binghami,0.67,1.15,8.41
Conirostrum sitticolor,0.63,0.97,7.68
Conirostrum ferrugineiventre,0.62,0.99,7.28
Conirostrum tamarugense,0.57,0.97,7.3
Conirostrum rufum,0.63,0.98,7.09
Conirostrum fraseri,0.59,1.14,9.97
Conirostrum cinereum,0.59,1.14,9.97
Sicalis citrina,0.49,0.89,8.02
Sicalis taczanowskii,0.51,0.83,7.35
Sicalis uropigyalis,0.56,1.01,9.23
Sicalis flaveola,0.61,1.09,9.58
Sicalis columbiana,0.49,0.87,8.11
Sicalis luteola,0.51,0.96,8.97
Sicalis luteocephala,0.53,0.95,8.7
Sicalis lebruni,0.49,1.03,10.12
Sicalis mendozae,0.59,1.14,9.97
Sicalis olivascens,0.59,1.14,9.97
Sicalis auriventris,0.57,1.2,11.26
Sicalis raimondii,0.54,0.94,8.51
Sicalis lutea,0.53,0.93,8.51
Phrygilus gayi,0.5,1.03,10
Phrygilus patagonicus,0.48,1.01,9.91
Phrygilus atriceps,0.56,1.02,9.43
Phrygilus punensis,0.6,1.11,10
Nesospiza acunhae,0.64,1.15,9.88
Nesospiza questi,0.64,1.15,9.88
Nesospiza wilkinsi,0.66,1.25,10.69
Rowettia goughensis,0.66,2.16,10.9
Melanodera xanthogramma,0.51,1.1,10.79
Melanodera melanodera,0.52,1.06,10.48
Haplospiza unicolor,0.52,0.93,8.71
Geospizopsis plebejus,0.5,0.93,8.51
Geospizopsis unicolor,0.51,1,9.31
Spodiornis rusticus,0.55,0.94,8.29
Acanthidops bairdi,0.64,1.03,8.25
Xenodacnis petersi,0.59,1.14,9.97
Xenodacnis parina,0.59,1.14,9.97
Idiopsar brachyurus,0.69,1.24,10.19
Chionodacryon speculiferum,0.6,1.12,10.13
Ephippiospingus erythronotus,0.55,0.99,9.09
Ephippiospingus dorsalis,0.58,1.11,10.32
Catamenia analis,0.48,0.89,8.26
Catamenia inornata,0.49,0.91,8.31
Catamenia homochroa,0.54,0.9,7.91
Diglossa glauca,0.62,0.97,7.8
Diglossa caerulescens,0.65,1.04,7.4
Diglossa cyanea,0.66,1.07,7.63
Diglossa indigotica,0.64,1,7.89
Diglossa sittoides,0.64,1.06,7.85
Diglossa plumbea,0.64,1.08,8.06
Diglossa baritula,0.64,1.06,8.17
Diglossa mystacalis,0.67,1.19,8.95
Diglossa lafresnayii,0.65,1.03,8.09
Diglossa gloriosissima,0.61,1.12,8.7
Diglossa duidae,0.65,1.01,8
Diglossa major,0.67,1.13,8.07
Diglossa venezuelensis,0.62,0.98,7.89
Diglossa albilatera,0.64,1.07,7.8
Diglossa carbonaria,0.61,0.96,7.84
Diglossa brunneiventris,0.62,0.97,7.86
Diglossa gloriosa,0.62,0.96,7.67
Diglossa humeralis,0.66,1.14,8.26
Calochaetes coccineus,0.71,1.26,10.02
Iridosornis porphyrocephalus,0.64,1.23,9.56
Iridosornis analis,0.67,1.13,9
Iridosornis jelskii,0.65,1.07,8.67
Iridosornis reinhardti,0.67,1.11,8.91
Iridosornis rufivertex,0.67,1.1,8.66
Pipraeidea melanonota,0.65,1.08,8.87
Pipraeidea darwinii,0.59,1.14,9.97
Pipraeidea bonariensis,0.59,1.14,9.97
Pseudosaltator rufiventris,0.71,1.35,9.99
Dubusia castaneoventris,0.67,1.15,9.26
Dubusia carrikeri,0.59,1.14,9.97
Dubusia taeniata,0.59,1.14,9.97
Dubusia stictocephala,0.59,1.14,9.97
Buthraupis montana,0.72,1.59,12.22
Sporathraupis cyanocephala,0.67,1.43,10.63
Tephrophilus wetmorei,0.73,1.34,10.42
Chlorornis riefferii,0.77,1.62,11.51
Cnemathraupis eximia,0.73,1.34,10.44
Cnemathraupis aureodorsalis,0.74,1.42,11.29
Anisognathus somptuosus,0.71,1.25,9.79
Anisognathus flavinucha,0.59,1.14,9.97
Anisognathus notabilis,0.68,1.36,10.48
Anisognathus melanogenys,0.67,1.37,10.81
Anisognathus lunulatus,0.59,1.14,9.97
Anisognathus igniventris,0.59,1.14,9.97
Anisognathus lacrymosus,0.67,1.3,9.97
Chlorochrysa phoenicotis,0.67,1.12,7.98
Chlorochrysa nitidissima,0.66,1.09,7.8
Chlorochrysa calliparaea,0.62,1.16,9.01
Chlorochrysa fulgentissima,0.59,1.14,9.97
Wetmorethraupis sterrhopteron,0.71,1.28,10.12
Bangsia flavovirens,0.68,1.12,8.8
Bangsia arcaei,0.67,1.35,10.57
Bangsia aureocincta,0.7,1.24,9.79
Bangsia edwardsi,0.7,1.21,9.48
Bangsia rothschildi,0.68,1.37,10.6
Bangsia melanochlamys,0.67,1.35,10.48
Lophospingus griseocristatus,0.63,1.05,8.64
Lophospingus pusillus,0.58,1.01,8.41
Neothraupis fasciata,0.68,1.28,8.9
Diuca diuca,0.53,1.11,10.68
Gubernatrix cristata,0.58,1.16,11.05
Stephanophorus diadematus,0.61,1.18,9.96
Cissopis leverianus,0.71,1.55,12.11
Schistochlamys melanopis,0.69,1.36,10.07
Schistochlamys ruficapillus,0.71,1.35,10.25
Paroaria coronata,0.67,1.25,9.45
Paroaria dominicana,0.69,1.22,8.79
Paroaria nigrogenis,0.59,1.14,9.97
Paroaria baeri,0.68,1.19,8.71
Paroaria capitata,0.6,1.08,8.51
Paroaria gularis,0.67,1.14,8.17
Tangara varia,0.67,0.94,6.88
Tangara rufigula,0.68,1.19,8.55
Tangara punctata,0.67,1.13,8.1
Tangara guttata,0.67,1.25,8.69
Tangara xanthogastra,0.69,1.02,7.47
Tangara ruficervix,0.72,1.22,8.16
Tangara fulvicervix,0.71,1.14,8.5
Tangara cabanisi,0.69,1.07,8.13
Tangara palmeri,0.71,1.31,9.44
Tangara episcopus,0.75,1.38,9.12
Tangara sayaca,0.69,1.26,9.15
Tangara glaucocolpa,0.7,1.31,9.55
Tangara cyanoptera,0.7,1.4,10.37
Tangara abbas,0.75,1.39,9.95
Tangara ornata,0.67,1.3,9.76
Tangara palmarum,0.69,1.45,10.11
Tangara argentea,0.71,1.14,8.5
Tangara whitelyi,0.71,1.14,8.5
Tangara viridicollis,0.71,1.08,8.06
Tangara phillipsi,0.67,1.2,8.77
Tangara argyrofenges,0.7,1.06,7.97
Tangara heinei,0.68,1.2,8.69
Tangara larvata,0.68,1.27,9.02
Tangara cyanicollis,0.67,1.23,8.64
Tangara nigrocincta,0.67,1.23,8.55
Tangara peruviana,0.63,1.22,9.32
Tangara preciosa,0.63,1.23,9.42
Tangara meyerdeschauenseei,0.68,1.26,9.32
Tangara vitriolina,0.73,1.29,7.81
Tangara cayana,0.67,1.24,8.64
Tangara flava,0.71,1.14,8.5
Tangara versicolor,0.71,1.14,8.5
Tangara cucullata,0.71,1.14,8.5
Tangara vassorii,0.68,1.17,8.4
Tangara atrocoerulea,0.71,1.14,8.5
Tangara nigroviridis,0.7,1.07,7.11
Tangara dowii,0.72,1.24,8.48
Tangara fucosa,0.68,1.21,8.8
Tangara cyanotis,0.66,1.13,8.27
Tangara rufigenis,0.66,1.15,8.46
Tangara labradorides,0.7,1.04,6.94
Tangara gyrola,0.68,1.28,8.82
Tangara lavinia,0.65,1.22,8.76
Tangara chrysotis,0.69,1.24,9.04
Tangara xanthocephala,0.67,1.26,8.7
Tangara lunigera,0.71,1.14,8.5
Tangara parzudakii,0.71,1.14,8.5
Tangara johannae,0.71,1.07,7.9
Tangara schrankii,0.67,1.26,8.73
Tangara arthus,0.7,1.34,9.38
Tangara aurulenta,0.71,1.14,8.5
Tangara florida,0.67,1.26,8.77
Tangara icterocephala,0.68,1.29,8.99
Tangara fastuosa,0.68,1.2,8.74
Tangara seledon,0.63,1.16,8.86
Tangara cyanocephala,0.63,1.15,8.79
Tangara desmaresti,0.64,1.18,8.98
Tangara cyanoventris,0.68,1.03,7.92
Tangara inornata,0.67,1.24,8.71
Tangara mexicana,0.71,1.19,8.15
Tangara brasiliensis,0.71,1.14,8.5
Tangara chilensis,0.67,1.27,8.77
Tangara callophrys,0.69,1.23,8.89
Tangara velia,0.69,1.21,8.69
Tangara cyanomelas,0.71,1.14,8.5